,shots,val_acc,val_conf,test_acc,test_conf,val_acc_me1,val_conf_me1,test_acc_me1,test_conf_me1,val_acc_me2,val_conf_me2,test_acc_me2,test_conf_me2,val_acc_me3,val_conf_me3,test_acc_me3,test_conf_me3,val_acc_me4,val_conf_me4,test_acc_me4,test_conf_me4,val_acc_me5,val_conf_me5,test_acc_me5,test_conf_me5,val_acc_me6,val_conf_me6,test_acc_me6,test_conf_me6,val_acc_me7,val_conf_me7,test_acc_me7,test_conf_me7,val_acc_me8,val_conf_me8,test_acc_me8,test_conf_me8,val_acc_me9,val_conf_me9,test_acc_me9,test_conf_me9,val_acc_med,val_conf_med,test_acc_med,test_conf_med,val_acc_maj,val_conf_maj,test_acc_maj,test_conf_maj,val_acc_lin,val_conf_lin,test_acc_lin,test_conf_lin,val_nld,val_conf_nld,test_nld,test_conf_nld,val_mse,val_conf_mse,test_mse,test_conf_mse,val_svm,val_conf_svm,test_svm,test_conf_svm,val_mvm,val_conf_mvm,test_mvm,test_conf_mvm
0,5,0.5584267,0.00540835826058883,0.563,0.005529748156066772,0.55894667,0.005413960153609176,0.56370676,0.005557884149788306,0.55870664,0.0054420975326806564,0.564,0.005568162060344162,0.5593066,0.005441953456295945,0.5646267,0.005563408463216901,0.55872005,0.005450456733690712,0.56545335,0.005555484723843707,0.55816,0.005465497015256338,0.5651067,0.00553690995302103,0.55781335,0.005483238729034445,0.56582665,0.005543185587852939,0.55748,0.005474015993282788,0.5656267,0.00552452538712267,0.5564533,0.005492589840538908,0.5653067,0.005566786869723894,0.5553066,0.005520822808750214,0.5645867,0.005607413177715848,0.55402666,0.005502540808529632,0.56357336,0.005610125692727119,0.5581333,0.00542037339985979,0.5623067,0.005361960585111292,0.5493467,0.005357083230063786,0.5544134,0.005378532601830521,9.156403,0.018111783207707788,9.251554,0.021115001879143946,0.19335128,0.0011465101119981225,0.19021335,0.0012615680350833713,,,,,,,,
