,shots,val_acc,val_conf,test_acc,test_conf,val_acc_me1,val_conf_me1,test_acc_me1,test_conf_me1,val_acc_me2,val_conf_me2,test_acc_me2,test_conf_me2,val_acc_me3,val_conf_me3,test_acc_me3,test_conf_me3,val_acc_me4,val_conf_me4,test_acc_me4,test_conf_me4,val_acc_me5,val_conf_me5,test_acc_me5,test_conf_me5,val_acc_me6,val_conf_me6,test_acc_me6,test_conf_me6,val_acc_me7,val_conf_me7,test_acc_me7,test_conf_me7,val_acc_me8,val_conf_me8,test_acc_me8,test_conf_me8,val_acc_me9,val_conf_me9,test_acc_me9,test_conf_me9,val_acc_med,val_conf_med,test_acc_med,test_conf_med,val_acc_maj,val_conf_maj,test_acc_maj,test_conf_maj,val_acc_lin,val_conf_lin,test_acc_lin,test_conf_lin,val_nld,val_conf_nld,test_nld,test_conf_nld,val_mse,val_conf_mse,test_mse,test_conf_mse,val_svm,val_conf_svm,test_svm,test_conf_svm,val_mvm,val_conf_mvm,test_mvm,test_conf_mvm
0,5,0.37245336,0.0051608678183512335,0.37240002,0.005328583351114358,0.37312007,0.005183080056103406,0.37332004,0.005342158394319285,0.3737067,0.005184100597161456,0.37329337,0.005356215077489568,0.37378672,0.005196062169571414,0.3729334,0.005348814538577384,0.37369338,0.0051726853143765905,0.37297338,0.005345693807142948,0.37306672,0.005186235421284158,0.37281334,0.005365045297449578,0.3724267,0.005188856041421885,0.3728667,0.0053676123507263585,0.3720267,0.005173750648413189,0.37222672,0.005383403030128742,0.3715334,0.005216409726422067,0.37168005,0.005388639190787969,0.37052003,0.005264136414191489,0.37081334,0.00537076355985755,0.36936006,0.005311499216733018,0.36981335,0.005361401827337464,0.3734934,0.005139378733222122,0.37304005,0.005342703298594598,0.3629067,0.004797366794113134,0.3660267,0.005149068793657285,9.816582,0.010089970300640516,9.749572,0.008750636228814557,0.23726681,0.0009345681510367354,0.23681866,0.0010656849918895817,,,,,,,,
