,shots,val_acc,val_conf,test_acc,test_conf,val_acc_me1,val_conf_me1,test_acc_me1,test_conf_me1,val_acc_me2,val_conf_me2,test_acc_me2,test_conf_me2,val_acc_me3,val_conf_me3,test_acc_me3,test_conf_me3,val_acc_me4,val_conf_me4,test_acc_me4,test_conf_me4,val_acc_me5,val_conf_me5,test_acc_me5,test_conf_me5,val_acc_me6,val_conf_me6,test_acc_me6,test_conf_me6,val_acc_me7,val_conf_me7,test_acc_me7,test_conf_me7,val_acc_me8,val_conf_me8,test_acc_me8,test_conf_me8,val_acc_me9,val_conf_me9,test_acc_me9,test_conf_me9,val_acc_med,val_conf_med,test_acc_med,test_conf_med,val_acc_maj,val_conf_maj,test_acc_maj,test_conf_maj,val_acc_lin,val_conf_lin,test_acc_lin,test_conf_lin,val_nld,val_conf_nld,test_nld,test_conf_nld,val_mse,val_conf_mse,test_mse,test_conf_mse,val_svm,val_conf_svm,test_svm,test_conf_svm,val_mvm,val_conf_mvm,test_mvm,test_conf_mvm
0,5,0.49001336,0.006145628522172042,0.5196533,0.006122242431311542,0.49029335,0.006153466831637644,0.5200934,0.006154295732632709,0.49044,0.006155904123811506,0.52041334,0.0061743181940513425,0.49025336,0.006178059100436395,0.52072,0.006174708400926376,0.49028003,0.006171578433826264,0.52088,0.0061831470286614065,0.49057338,0.00619907531948255,0.52112,0.006180565198319665,0.49029338,0.00620920499760419,0.52152,0.006199232787582387,0.49057338,0.0062309734616202705,0.5214534,0.006201003264693972,0.49064,0.006231798668349053,0.52125335,0.00619372556013531,0.49050668,0.006224656728076039,0.52110666,0.006209540252268497,0.49045333,0.006234658492227985,0.5205467,0.006211918436182073,0.49197337,0.006170527876854792,0.52021337,0.006042014974218524,0.48352003,0.005897533143832123,0.5126667,0.00601001062192541,4.887291,0.01157215610786011,4.7676573,0.010069722950762916,0.21342736,0.0009317476364598953,0.20679127,0.0009874100699678867,,,,,,,,
