,shots,val_acc,val_conf,test_acc,test_conf,val_acc_me1,val_conf_me1,test_acc_me1,test_conf_me1,val_acc_me2,val_conf_me2,test_acc_me2,test_conf_me2,val_acc_me3,val_conf_me3,test_acc_me3,test_conf_me3,val_acc_me4,val_conf_me4,test_acc_me4,test_conf_me4,val_acc_me5,val_conf_me5,test_acc_me5,test_conf_me5,val_acc_me6,val_conf_me6,test_acc_me6,test_conf_me6,val_acc_me7,val_conf_me7,test_acc_me7,test_conf_me7,val_acc_me8,val_conf_me8,test_acc_me8,test_conf_me8,val_acc_me9,val_conf_me9,test_acc_me9,test_conf_me9,val_acc_med,val_conf_med,test_acc_med,test_conf_med,val_acc_maj,val_conf_maj,test_acc_maj,test_conf_maj,val_acc_lin,val_conf_lin,test_acc_lin,test_conf_lin,val_nld,val_conf_nld,test_nld,test_conf_nld,val_mse,val_conf_mse,test_mse,test_conf_mse,val_svm,val_conf_svm,test_svm,test_conf_svm,val_mvm,val_conf_mvm,test_mvm,test_conf_mvm
0,5,0.37282673,0.005083253131080101,0.3982134,0.005671198840975777,0.3734267,0.0050801855047233335,0.3981467,0.005675515129332953,0.37349337,0.00509261116933396,0.39802673,0.005689254567387059,0.37324005,0.005107428871356567,0.3984134,0.0056853326419545325,0.3728667,0.005103735066866455,0.39809337,0.005720079063389061,0.37282673,0.005118099297704015,0.3975334,0.00571614744050758,0.37220004,0.005161803853068303,0.3968267,0.005712952361964396,0.37170672,0.005163216909917889,0.39606673,0.0057114335567426955,0.3709467,0.005171408945379152,0.39625338,0.00573687458321781,0.37053338,0.005175567303853157,0.39500007,0.005741063881171848,0.36980006,0.005204733536081696,0.39452004,0.005725187771861873,0.37352005,0.005050146502087682,0.40104005,0.005576868060600759,0.37708008,0.004941514755185061,0.4101867,0.0054379955117672685,8.110234,0.014815756067873664,8.022934,0.013253599555067552,0.23374414,0.001015452552574403,0.22678308,0.0011416141701734717,,,,,,,,
