,shots,val_acc,val_conf,test_acc,test_conf,val_acc_me1,val_conf_me1,test_acc_me1,test_conf_me1,val_acc_me2,val_conf_me2,test_acc_me2,test_conf_me2,val_acc_me3,val_conf_me3,test_acc_me3,test_conf_me3,val_acc_me4,val_conf_me4,test_acc_me4,test_conf_me4,val_acc_me5,val_conf_me5,test_acc_me5,test_conf_me5,val_acc_me6,val_conf_me6,test_acc_me6,test_conf_me6,val_acc_me7,val_conf_me7,test_acc_me7,test_conf_me7,val_acc_me8,val_conf_me8,test_acc_me8,test_conf_me8,val_acc_me9,val_conf_me9,test_acc_me9,test_conf_me9,val_acc_med,val_conf_med,test_acc_med,test_conf_med,val_acc_maj,val_conf_maj,test_acc_maj,test_conf_maj,val_acc_lin,val_conf_lin,test_acc_lin,test_conf_lin,val_nld,val_conf_nld,test_nld,test_conf_nld,val_mse,val_conf_mse,test_mse,test_conf_mse,val_svm,val_conf_svm,test_svm,test_conf_svm,val_mvm,val_conf_mvm,test_mvm,test_conf_mvm
0,5,0.55718666,0.005753440134971033,0.59116006,0.005948956406791384,0.5568933,0.005752265820079372,0.5909601,0.005925980841270495,0.55612,0.005747367223000843,0.5906134,0.005936817971383568,0.5557467,0.005728121481066273,0.59002674,0.005967260572609545,0.55552,0.005727277803006081,0.5890934,0.0059957401330945626,0.5549867,0.005747147875940883,0.58864003,0.005969986479335998,0.5545867,0.005768787964203881,0.58826673,0.0059808263801487405,0.55408007,0.005780962880491236,0.58758664,0.005999465338847987,0.55341333,0.005772862739903517,0.58701336,0.00599439680552083,0.5529067,0.005765694477983252,0.58646667,0.005986377477007809,0.55233335,0.005791094405745989,0.5859867,0.005995598365626242,0.5589733,0.005829022052225241,0.5923334,0.005871864458197984,0.56068003,0.005655165725349187,0.5899601,0.005808281517799774,4.962679,0.012673320833039625,4.82987,0.011146753957945066,0.19849078,0.0009691989534814927,0.18962228,0.0010353606071843158,,,,,,,,
