,shots,val_acc,val_conf,test_acc,test_conf,val_acc_me1,val_conf_me1,test_acc_me1,test_conf_me1,val_acc_me2,val_conf_me2,test_acc_me2,test_conf_me2,val_acc_me3,val_conf_me3,test_acc_me3,test_conf_me3,val_acc_me4,val_conf_me4,test_acc_me4,test_conf_me4,val_acc_me5,val_conf_me5,test_acc_me5,test_conf_me5,val_acc_me6,val_conf_me6,test_acc_me6,test_conf_me6,val_acc_me7,val_conf_me7,test_acc_me7,test_conf_me7,val_acc_me8,val_conf_me8,test_acc_me8,test_conf_me8,val_acc_me9,val_conf_me9,test_acc_me9,test_conf_me9,val_acc_med,val_conf_med,test_acc_med,test_conf_med,val_acc_maj,val_conf_maj,test_acc_maj,test_conf_maj,val_acc_lin,val_conf_lin,test_acc_lin,test_conf_lin,val_nld,val_conf_nld,test_nld,test_conf_nld,val_mse,val_conf_mse,test_mse,test_conf_mse,val_svm,val_conf_svm,test_svm,test_conf_svm,val_mvm,val_conf_mvm,test_mvm,test_conf_mvm
0,5,0.50913334,0.007352948450501051,0.56534666,0.007366297219896678,0.5092534,0.007349209853032335,0.5657067,0.00737597111791688,0.50985336,0.007344069281512877,0.56600004,0.007410860692169452,0.5102134,0.007353714087186214,0.5666534,0.007401099517108545,0.5105067,0.007378021435698656,0.56682664,0.007424517009232412,0.511,0.007389515683425052,0.5671334,0.007437071049596011,0.51104003,0.007383270526289842,0.56725335,0.007438784265580312,0.51116,0.007416574798527864,0.56724,0.007448889930971259,0.51108,0.007441144439945702,0.56754667,0.007500084149421493,0.51116,0.007437928119371495,0.56776,0.0075062623479804635,0.5110133,0.007453549324308528,0.56766677,0.007525322453034833,0.5088934,0.00726880922720774,0.5642933,0.0072372915944961536,0.4963067,0.0070506452559983,0.5517067,0.00701486628714032,4.2000437,0.008114753257972396,4.2529335,0.009926464846079952,0.21198425,0.0011045177336057865,0.20375739,0.0010807470927153562,,,,,,,,
