,shots,val_acc,val_conf,test_acc,test_conf,val_acc_me1,val_conf_me1,test_acc_me1,test_conf_me1,val_acc_me2,val_conf_me2,test_acc_me2,test_conf_me2,val_acc_me3,val_conf_me3,test_acc_me3,test_conf_me3,val_acc_me4,val_conf_me4,test_acc_me4,test_conf_me4,val_acc_me5,val_conf_me5,test_acc_me5,test_conf_me5,val_acc_me6,val_conf_me6,test_acc_me6,test_conf_me6,val_acc_me7,val_conf_me7,test_acc_me7,test_conf_me7,val_acc_me8,val_conf_me8,test_acc_me8,test_conf_me8,val_acc_me9,val_conf_me9,test_acc_me9,test_conf_me9,val_acc_med,val_conf_med,test_acc_med,test_conf_med,val_acc_maj,val_conf_maj,test_acc_maj,test_conf_maj,val_acc_lin,val_conf_lin,test_acc_lin,test_conf_lin,val_nld,val_conf_nld,test_nld,test_conf_nld,val_mse,val_conf_mse,test_mse,test_conf_mse,val_svm,val_conf_svm,test_svm,test_conf_svm,val_mvm,val_conf_mvm,test_mvm,test_conf_mvm
0,5,0.7953201,0.004612501553742376,0.7959202,0.00459442643243313,0.7950668,0.004636102373829942,0.7956668,0.004597327355024272,0.79498684,0.004639752308908118,0.7958001,0.0046272966283840145,0.7950267,0.004619615325235027,0.7957335,0.004631713585497188,0.7949468,0.004624014734583404,0.7953335,0.004637164013600259,0.7946534,0.004643550014637232,0.7951734,0.0046324039515069915,0.79433346,0.0046445931830760845,0.79481345,0.0046259597657763996,0.7940401,0.004661548941704452,0.79432005,0.004638418678783451,0.79381347,0.004671035817494618,0.7938801,0.004648855904572313,0.79338676,0.004666296997432373,0.7933601,0.004651918913096242,0.79341346,0.004674346341858815,0.7928001,0.004667645866405445,0.7948668,0.00463135755058508,0.79597354,0.004581943044911996,0.7869868,0.004533241994412962,0.7878801,0.004525642888688619,4.8305526,0.013138530549183791,4.8277307,0.015195123965756174,0.14652902,0.0010255234687731596,0.14672378,0.000979646569394338,,,,,,,,
