,shots,val_acc,val_conf,test_acc,test_conf,val_acc_me1,val_conf_me1,test_acc_me1,test_conf_me1,val_acc_me2,val_conf_me2,test_acc_me2,test_conf_me2,val_acc_me3,val_conf_me3,test_acc_me3,test_conf_me3,val_acc_me4,val_conf_me4,test_acc_me4,test_conf_me4,val_acc_me5,val_conf_me5,test_acc_me5,test_conf_me5,val_acc_me6,val_conf_me6,test_acc_me6,test_conf_me6,val_acc_me7,val_conf_me7,test_acc_me7,test_conf_me7,val_acc_me8,val_conf_me8,test_acc_me8,test_conf_me8,val_acc_me9,val_conf_me9,test_acc_me9,test_conf_me9,val_acc_med,val_conf_med,test_acc_med,test_conf_med,val_acc_maj,val_conf_maj,test_acc_maj,test_conf_maj,val_acc_lin,val_conf_lin,test_acc_lin,test_conf_lin,val_nld,val_conf_nld,test_nld,test_conf_nld,val_mse,val_conf_mse,test_mse,test_conf_mse,val_svm,val_conf_svm,test_svm,test_conf_svm,val_mvm,val_conf_mvm,test_mvm,test_conf_mvm
0,5,0.7120535,0.005813504286743765,0.7024535,0.005801695564600862,0.7129201,0.005834647496193113,0.7035201,0.005810182679580778,0.7140401,0.005852905021899502,0.7042667,0.005807669654948278,0.7147335,0.005865376403055289,0.70509344,0.00581499122891882,0.7151734,0.005893396950955809,0.70602673,0.005830583341509099,0.7159601,0.005898048955760515,0.7066,0.00582397152844627,0.7168401,0.005887122701473624,0.70721346,0.005851043573480985,0.7174801,0.0058829671136994,0.70766675,0.005854433986353436,0.71820015,0.005896981774590859,0.70833343,0.0058559514062251905,0.7186935,0.005880474869314645,0.70877343,0.005865613297880046,0.7188268,0.005879304248689321,0.70894676,0.005891935868644671,0.71265346,0.005749334881574697,0.7035601,0.0057040514891618654,0.69054675,0.00575503467265126,0.6856134,0.005798726298083645,5.1209373,0.013053377711582215,5.0552425,0.01204264770120922,0.16770923,0.0011769568692736876,0.16979277,0.0011419730912310966,,,,,,,,
