,shots,val_acc,val_conf,test_acc,test_conf,val_acc_me1,val_conf_me1,test_acc_me1,test_conf_me1,val_acc_me2,val_conf_me2,test_acc_me2,test_conf_me2,val_acc_me3,val_conf_me3,test_acc_me3,test_conf_me3,val_acc_me4,val_conf_me4,test_acc_me4,test_conf_me4,val_acc_me5,val_conf_me5,test_acc_me5,test_conf_me5,val_acc_me6,val_conf_me6,test_acc_me6,test_conf_me6,val_acc_me7,val_conf_me7,test_acc_me7,test_conf_me7,val_acc_me8,val_conf_me8,test_acc_me8,test_conf_me8,val_acc_me9,val_conf_me9,test_acc_me9,test_conf_me9,val_acc_med,val_conf_med,test_acc_med,test_conf_med,val_acc_maj,val_conf_maj,test_acc_maj,test_conf_maj,val_acc_lin,val_conf_lin,test_acc_lin,test_conf_lin,val_nld,val_conf_nld,test_nld,test_conf_nld,val_mse,val_conf_mse,test_mse,test_conf_mse,val_svm,val_conf_svm,test_svm,test_conf_svm,val_mvm,val_conf_mvm,test_mvm,test_conf_mvm
0,5,0.6022134,0.00788231279474938,0.6063867,0.007493149549843037,0.6031868,0.007892515434629988,0.6074801,0.0074957369215843395,0.60381335,0.00789746575143635,0.6078534,0.007527943073172616,0.6042667,0.007909980078437462,0.60833335,0.007562114574418244,0.60480005,0.007952421656519548,0.60861343,0.007582711032459111,0.6046267,0.007974234451730844,0.6086,0.007584797369337037,0.60509336,0.00798552043519607,0.6090267,0.007583251318901585,0.60505337,0.00801164166844881,0.6095734,0.007612753729360988,0.6048934,0.008036814398835745,0.6097467,0.007641531601847551,0.6047067,0.008059497193754539,0.61004007,0.007649550006794015,0.60466677,0.008094076449640109,0.6101067,0.007687856777349511,0.6021067,0.007778536237296518,0.6086001,0.007323333364920193,0.57326674,0.0074987773027273,0.57797337,0.007194973312551034,23.376223,0.028169794410818128,23.298265,0.027957695501260815,0.18882796,0.0016732517580840267,0.18727304,0.0015445116580719287,,,,,,,,
