,shots,val_acc,val_conf,test_acc,test_conf,val_acc_me1,val_conf_me1,test_acc_me1,test_conf_me1,val_acc_me2,val_conf_me2,test_acc_me2,test_conf_me2,val_acc_me3,val_conf_me3,test_acc_me3,test_conf_me3,val_acc_me4,val_conf_me4,test_acc_me4,test_conf_me4,val_acc_me5,val_conf_me5,test_acc_me5,test_conf_me5,val_acc_me6,val_conf_me6,test_acc_me6,test_conf_me6,val_acc_me7,val_conf_me7,test_acc_me7,test_conf_me7,val_acc_me8,val_conf_me8,test_acc_me8,test_conf_me8,val_acc_me9,val_conf_me9,test_acc_me9,test_conf_me9,val_acc_med,val_conf_med,test_acc_med,test_conf_med,val_acc_maj,val_conf_maj,test_acc_maj,test_conf_maj,val_acc_lin,val_conf_lin,test_acc_lin,test_conf_lin,val_nld,val_conf_nld,test_nld,test_conf_nld,val_mse,val_conf_mse,test_mse,test_conf_mse,val_svm,val_conf_svm,test_svm,test_conf_svm,val_mvm,val_conf_mvm,test_mvm,test_conf_mvm
0,5,0.3869467,0.0058163128526781405,0.4260667,0.006370866551511756,0.38701338,0.00586154960497931,0.42632002,0.00637924976525267,0.3870934,0.0058799271943396625,0.42664,0.006377035052621771,0.3869067,0.005893323065630285,0.4267467,0.006382497948873578,0.38676006,0.005924402466005174,0.42680004,0.006400249360100585,0.3871067,0.005933681539317448,0.42704004,0.006410351793008473,0.38708,0.00593795026399635,0.42734668,0.006427135306471876,0.3872934,0.005972774265022629,0.42754668,0.006441863422537386,0.38773337,0.0059521833483812125,0.42721334,0.006448634089049943,0.38790673,0.005962553615593946,0.42728004,0.006462430326447999,0.38808006,0.005978721110156238,0.42728004,0.00646401701381244,0.38861337,0.005850539306134717,0.4253067,0.006389650048378881,0.38338673,0.005665014639234078,0.41664004,0.006158934807505567,5.01159,0.013840891841616632,4.8888984,0.012027422706329283,0.23071784,0.0008705974281257023,0.22388522,0.000989588417165177,,,,,,,,
