,shots,val_acc,val_conf,test_acc,test_conf,val_acc_me1,val_conf_me1,test_acc_me1,test_conf_me1,val_acc_me2,val_conf_me2,test_acc_me2,test_conf_me2,val_acc_me3,val_conf_me3,test_acc_me3,test_conf_me3,val_acc_me4,val_conf_me4,test_acc_me4,test_conf_me4,val_acc_me5,val_conf_me5,test_acc_me5,test_conf_me5,val_acc_me6,val_conf_me6,test_acc_me6,test_conf_me6,val_acc_me7,val_conf_me7,test_acc_me7,test_conf_me7,val_acc_me8,val_conf_me8,test_acc_me8,test_conf_me8,val_acc_me9,val_conf_me9,test_acc_me9,test_conf_me9,val_acc_med,val_conf_med,test_acc_med,test_conf_med,val_acc_maj,val_conf_maj,test_acc_maj,test_conf_maj,val_acc_lin,val_conf_lin,test_acc_lin,test_conf_lin,val_nld,val_conf_nld,test_nld,test_conf_nld,val_mse,val_conf_mse,test_mse,test_conf_mse,val_svm,val_conf_svm,test_svm,test_conf_svm,val_mvm,val_conf_mvm,test_mvm,test_conf_mvm
0,5,0.55732006,0.00711229840405192,0.53988,0.0072103968742425195,0.5578667,0.00714709423629778,0.5404267,0.007216322939128328,0.55848,0.007133719607038236,0.5408667,0.007233675831381126,0.5590001,0.007167008178644574,0.54128003,0.00726060657073091,0.5595067,0.00718435876198098,0.5415867,0.007252931732547929,0.56045336,0.007192499539497743,0.5420133,0.007276426804263547,0.56128,0.007212902510342456,0.542,0.007284703807849069,0.56189334,0.007247085556170263,0.54178673,0.007301507639776994,0.56237334,0.007248994568267109,0.54192007,0.0073146606130601866,0.56270665,0.007252458404681694,0.5418267,0.007358081633487945,0.5630534,0.007269535612313804,0.54189336,0.007373978984828944,0.5602001,0.006996992965126347,0.54249334,0.0070895994467182755,0.5421334,0.0067963527459847795,0.52592003,0.006891169322374768,4.397175,0.010323127451520975,4.3491426,0.010701121082349552,0.20448923,0.0010710658061626188,0.2075549,0.0010638556374093222,,,,,,,,
