,shots,val_acc,val_conf,test_acc,test_conf,val_acc_me1,val_conf_me1,test_acc_me1,test_conf_me1,val_acc_me2,val_conf_me2,test_acc_me2,test_conf_me2,val_acc_me3,val_conf_me3,test_acc_me3,test_conf_me3,val_acc_me4,val_conf_me4,test_acc_me4,test_conf_me4,val_acc_me5,val_conf_me5,test_acc_me5,test_conf_me5,val_acc_me6,val_conf_me6,test_acc_me6,test_conf_me6,val_acc_me7,val_conf_me7,test_acc_me7,test_conf_me7,val_acc_me8,val_conf_me8,test_acc_me8,test_conf_me8,val_acc_me9,val_conf_me9,test_acc_me9,test_conf_me9,val_acc_med,val_conf_med,test_acc_med,test_conf_med,val_acc_maj,val_conf_maj,test_acc_maj,test_conf_maj,val_acc_lin,val_conf_lin,test_acc_lin,test_conf_lin,val_nld,val_conf_nld,test_nld,test_conf_nld,val_mse,val_conf_mse,test_mse,test_conf_mse,val_svm,val_conf_svm,test_svm,test_conf_svm,val_mvm,val_conf_mvm,test_mvm,test_conf_mvm
0,5,0.26834667,0.005307181081242673,0.2884667,0.005828594440904111,0.26838672,0.005325969195942637,0.2893867,0.005908655656014783,0.26981336,0.0053640787850358085,0.29117334,0.005959193218634973,0.27026665,0.005410066396957014,0.2923067,0.005977023594803621,0.27138665,0.00550088808615562,0.2937467,0.00604361551508148,0.27304,0.00553673770785601,0.29554668,0.0061017253999955945,0.27362671,0.005592266685994884,0.29657337,0.006134102411399001,0.27409336,0.005626222072663611,0.29778668,0.006182417872855728,0.27436006,0.005658771329232037,0.29856,0.006233945498837212,0.2745067,0.005718746818614229,0.29949337,0.006322589879850904,0.2744267,0.005756100930254471,0.29912,0.006363601776885108,0.27525336,0.005384110943903342,0.29800004,0.005897371057899392,0.30070668,0.005722029174198118,0.33254668,0.006656875261049022,8.861535,0.0309219211921814,8.736562,0.02968229906134212,0.24564208,0.0009438626940889983,0.23983908,0.0010921998953920264,,,,,,,,
