,shots,val_acc,val_conf,test_acc,test_conf,val_acc_me1,val_conf_me1,test_acc_me1,test_conf_me1,val_acc_me2,val_conf_me2,test_acc_me2,test_conf_me2,val_acc_me3,val_conf_me3,test_acc_me3,test_conf_me3,val_acc_me4,val_conf_me4,test_acc_me4,test_conf_me4,val_acc_me5,val_conf_me5,test_acc_me5,test_conf_me5,val_acc_me6,val_conf_me6,test_acc_me6,test_conf_me6,val_acc_me7,val_conf_me7,test_acc_me7,test_conf_me7,val_acc_me8,val_conf_me8,test_acc_me8,test_conf_me8,val_acc_me9,val_conf_me9,test_acc_me9,test_conf_me9,val_acc_med,val_conf_med,test_acc_med,test_conf_med,val_acc_maj,val_conf_maj,test_acc_maj,test_conf_maj,val_acc_lin,val_conf_lin,test_acc_lin,test_conf_lin,val_nld,val_conf_nld,test_nld,test_conf_nld,val_mse,val_conf_mse,test_mse,test_conf_mse,val_svm,val_conf_svm,test_svm,test_conf_svm,val_mvm,val_conf_mvm,test_mvm,test_conf_mvm
0,5,0.6854134,0.006685037576417807,0.7513201,0.006440035684298628,0.6860001,0.006711488061152071,0.7519734,0.006428688745439781,0.6859201,0.006699936090515113,0.7526401,0.006431118187297913,0.68632007,0.006704651359629832,0.75288016,0.006420136057233572,0.68680006,0.006702233462353879,0.75354683,0.006413685406536973,0.6871601,0.006696861999192394,0.7538268,0.006416396074415021,0.6876401,0.006711853331729856,0.7540535,0.006435994618778751,0.68798673,0.006720684013473144,0.75426674,0.006432914062490025,0.6880267,0.006730208293709294,0.75414675,0.006432126721990561,0.6878534,0.006755882058959606,0.7540534,0.006453496205249043,0.68809336,0.006764197852341058,0.7542668,0.006446289615316236,0.68569344,0.006655701869723973,0.7511868,0.006335309700413516,0.67016006,0.006685968069735426,0.7373068,0.006457843894869586,4.6666603,0.010887221593005592,4.751054,0.013079165537303261,0.17368512,0.0013352714179375447,0.1599714,0.00130592970806101,,,,,,,,
