,shots,val_acc,val_conf,test_acc,test_conf,val_acc_me1,val_conf_me1,test_acc_me1,test_conf_me1,val_acc_me2,val_conf_me2,test_acc_me2,test_conf_me2,val_acc_me3,val_conf_me3,test_acc_me3,test_conf_me3,val_acc_me4,val_conf_me4,test_acc_me4,test_conf_me4,val_acc_me5,val_conf_me5,test_acc_me5,test_conf_me5,val_acc_me6,val_conf_me6,test_acc_me6,test_conf_me6,val_acc_me7,val_conf_me7,test_acc_me7,test_conf_me7,val_acc_me8,val_conf_me8,test_acc_me8,test_conf_me8,val_acc_me9,val_conf_me9,test_acc_me9,test_conf_me9,val_acc_med,val_conf_med,test_acc_med,test_conf_med,val_acc_maj,val_conf_maj,test_acc_maj,test_conf_maj,val_acc_lin,val_conf_lin,test_acc_lin,test_conf_lin,val_nld,val_conf_nld,test_nld,test_conf_nld,val_mse,val_conf_mse,test_mse,test_conf_mse,val_svm,val_conf_svm,test_svm,test_conf_svm,val_mvm,val_conf_mvm,test_mvm,test_conf_mvm
0,5,0.75080013,0.005921456288652149,0.8113468,0.005148744160008545,0.75072014,0.005906642280895769,0.8109201,0.005155208664203714,0.7505868,0.005909996674672069,0.81062675,0.005137911185944977,0.75065345,0.005901201550241653,0.81016016,0.005136285708784771,0.7502001,0.0059134198741576105,0.80973345,0.005147170402576062,0.75000006,0.005917968901290038,0.8092668,0.005160227786719429,0.7497201,0.005925302943409316,0.8086134,0.005159612229601596,0.74920005,0.005921109489405718,0.80812013,0.00516354847031586,0.7488268,0.005922832864622252,0.8077334,0.005187158064285935,0.74828017,0.005937507875610093,0.80742675,0.005190527235127251,0.74790674,0.005944641503784043,0.80712014,0.0051885577294202845,0.75262684,0.005890742620638378,0.8128001,0.005138217810045753,0.74118674,0.005712875705939147,0.80789346,0.005158741306327652,4.436878,0.00996912253873905,4.5551786,0.010534787666956369,0.15968353,0.0012240191663430156,0.14572254,0.0010728753039616623,,,,,,,,
