,shots,val_acc,val_conf,test_acc,test_conf,val_acc_me1,val_conf_me1,test_acc_me1,test_conf_me1,val_acc_me2,val_conf_me2,test_acc_me2,test_conf_me2,val_acc_me3,val_conf_me3,test_acc_me3,test_conf_me3,val_acc_me4,val_conf_me4,test_acc_me4,test_conf_me4,val_acc_me5,val_conf_me5,test_acc_me5,test_conf_me5,val_acc_me6,val_conf_me6,test_acc_me6,test_conf_me6,val_acc_me7,val_conf_me7,test_acc_me7,test_conf_me7,val_acc_me8,val_conf_me8,test_acc_me8,test_conf_me8,val_acc_me9,val_conf_me9,test_acc_me9,test_conf_me9,val_acc_med,val_conf_med,test_acc_med,test_conf_med,val_acc_maj,val_conf_maj,test_acc_maj,test_conf_maj,val_acc_lin,val_conf_lin,test_acc_lin,test_conf_lin,val_nld,val_conf_nld,test_nld,test_conf_nld,val_mse,val_conf_mse,test_mse,test_conf_mse,val_svm,val_conf_svm,test_svm,test_conf_svm,val_mvm,val_conf_mvm,test_mvm,test_conf_mvm
0,5,0.55329335,0.005677219571434855,0.6038667,0.005806862919550793,0.5533067,0.005695493259556206,0.60370666,0.005800550803839344,0.55337334,0.005672400862864468,0.60372,0.005798926250245695,0.55358666,0.00566984858665287,0.6037467,0.00578256942453681,0.5531467,0.005676245208705244,0.6032934,0.005784930060685589,0.55338675,0.005671436659367091,0.6034134,0.005807013922684678,0.5536134,0.005667069574848638,0.6032267,0.005789150759902939,0.55288,0.005659059482001294,0.60304004,0.005774878885722146,0.55233335,0.005629235670376098,0.60266674,0.005774167739464597,0.5520666,0.005644432034691782,0.6022667,0.005780858517469012,0.5515067,0.005653644611211095,0.60165334,0.005806670355921306,0.556,0.005569881279511191,0.6057734,0.005735293437252764,0.5560267,0.005587599442341662,0.59917337,0.005805347808595429,25.436783,0.03316037317816267,25.226692,0.035320063407194624,0.19260843,0.001287422819381101,0.17932627,0.001381620837061892,,,,,,,,
