,shots,val_acc,val_conf,test_acc,test_conf,val_acc_me1,val_conf_me1,test_acc_me1,test_conf_me1,val_acc_me2,val_conf_me2,test_acc_me2,test_conf_me2,val_acc_me3,val_conf_me3,test_acc_me3,test_conf_me3,val_acc_me4,val_conf_me4,test_acc_me4,test_conf_me4,val_acc_me5,val_conf_me5,test_acc_me5,test_conf_me5,val_acc_me6,val_conf_me6,test_acc_me6,test_conf_me6,val_acc_me7,val_conf_me7,test_acc_me7,test_conf_me7,val_acc_me8,val_conf_me8,test_acc_me8,test_conf_me8,val_acc_me9,val_conf_me9,test_acc_me9,test_conf_me9,val_acc_med,val_conf_med,test_acc_med,test_conf_med,val_acc_maj,val_conf_maj,test_acc_maj,test_conf_maj,val_acc_lin,val_conf_lin,test_acc_lin,test_conf_lin,val_nld,val_conf_nld,test_nld,test_conf_nld,val_mse,val_conf_mse,test_mse,test_conf_mse,val_svm,val_conf_svm,test_svm,test_conf_svm,val_mvm,val_conf_mvm,test_mvm,test_conf_mvm
0,5,0.29624003,0.004745790680886819,0.32581335,0.0056298152083977815,0.29824,0.004818843411093621,0.32696003,0.005674782741044271,0.30077338,0.004932278627718278,0.32880005,0.005695277606762528,0.30316004,0.004999949273747972,0.33082673,0.005714465625786591,0.30576003,0.005130826968582469,0.33308005,0.0057088392582522185,0.30912003,0.005239513205912649,0.33537334,0.005762292520528678,0.3120267,0.005340967917012662,0.33781335,0.005834065187471704,0.3161867,0.005422126790989856,0.3413467,0.00592675848432106,0.31960005,0.005564300166738645,0.3438267,0.005997949304326011,0.32124004,0.005643546334352767,0.3462667,0.005960188361612384,0.32261333,0.005724919475773804,0.34764,0.005950809081327502,0.30450672,0.004911939844750024,0.33229336,0.00573364948876115,0.33397338,0.005467669705608413,0.36460003,0.0061444592868964976,10.805815,0.01851100963394181,10.754314,0.019830448234753106,0.23899227,0.0007456756409217058,0.23348364,0.0009403361705935531,,,,,,,,
