,shots,val_acc,val_conf,test_acc,test_conf,val_acc_me1,val_conf_me1,test_acc_me1,test_conf_me1,val_acc_me2,val_conf_me2,test_acc_me2,test_conf_me2,val_acc_me3,val_conf_me3,test_acc_me3,test_conf_me3,val_acc_me4,val_conf_me4,test_acc_me4,test_conf_me4,val_acc_me5,val_conf_me5,test_acc_me5,test_conf_me5,val_acc_me6,val_conf_me6,test_acc_me6,test_conf_me6,val_acc_me7,val_conf_me7,test_acc_me7,test_conf_me7,val_acc_me8,val_conf_me8,test_acc_me8,test_conf_me8,val_acc_me9,val_conf_me9,test_acc_me9,test_conf_me9,val_acc_med,val_conf_med,test_acc_med,test_conf_med,val_acc_maj,val_conf_maj,test_acc_maj,test_conf_maj,val_acc_lin,val_conf_lin,test_acc_lin,test_conf_lin,val_nld,val_conf_nld,test_nld,test_conf_nld,val_mse,val_conf_mse,test_mse,test_conf_mse,val_svm,val_conf_svm,test_svm,test_conf_svm,val_mvm,val_conf_mvm,test_mvm,test_conf_mvm
0,5,0.3394667,0.0077852727318460935,0.37124002,0.008499573892874368,0.34017333,0.007871090537377334,0.3712267,0.008537398561681175,0.34125337,0.007931107587255126,0.37097335,0.008589790645970652,0.34193334,0.007934631917279944,0.37070668,0.00861357433223886,0.34237334,0.008027282268283864,0.37024003,0.008616668280242823,0.3432,0.008056019042058105,0.3704,0.008613868026407567,0.34281334,0.008085625815539732,0.37044004,0.008625459710406957,0.34265336,0.00815167929650823,0.37024006,0.008651900497692322,0.34209338,0.008168641520102604,0.36940002,0.008654499414015637,0.34186667,0.008201007910490499,0.36868003,0.008656601451525192,0.34145337,0.008207911570588922,0.36745337,0.008671802433673714,0.34200004,0.007737494786132171,0.375,0.008475128932943221,0.35458666,0.007666384778201918,0.39008,0.008383041957546022,7.6314344,0.02251149733301716,7.7943296,0.021877703469752596,0.23711078,0.001445733789224496,0.23005967,0.0015686822032864312,,,,,,,,
