,shots,val_acc,val_conf,test_acc,test_conf,val_acc_me1,val_conf_me1,test_acc_me1,test_conf_me1,val_acc_me2,val_conf_me2,test_acc_me2,test_conf_me2,val_acc_me3,val_conf_me3,test_acc_me3,test_conf_me3,val_acc_me4,val_conf_me4,test_acc_me4,test_conf_me4,val_acc_me5,val_conf_me5,test_acc_me5,test_conf_me5,val_acc_me6,val_conf_me6,test_acc_me6,test_conf_me6,val_acc_me7,val_conf_me7,test_acc_me7,test_conf_me7,val_acc_me8,val_conf_me8,test_acc_me8,test_conf_me8,val_acc_me9,val_conf_me9,test_acc_me9,test_conf_me9,val_acc_med,val_conf_med,test_acc_med,test_conf_med,val_acc_maj,val_conf_maj,test_acc_maj,test_conf_maj,val_acc_lin,val_conf_lin,test_acc_lin,test_conf_lin,val_nld,val_conf_nld,test_nld,test_conf_nld,val_mse,val_conf_mse,test_mse,test_conf_mse,val_svm,val_conf_svm,test_svm,test_conf_svm,val_mvm,val_conf_mvm,test_mvm,test_conf_mvm
0,5,0.48970667,0.006069349312158745,0.5526267,0.0062049750627211075,0.49029338,0.0060916100371556925,0.55312,0.006213042416695735,0.4912667,0.006101754954125738,0.55306673,0.0062234782571347624,0.4908667,0.006179117969507042,0.5536533,0.0062255553583470125,0.49073333,0.006189740832176216,0.55377334,0.006211345824909675,0.49061334,0.0062030572767419745,0.5532667,0.006211954917061502,0.49065334,0.006225400660946845,0.55352,0.006218654468948315,0.49020004,0.006224586537016796,0.55282664,0.006211216063806813,0.4900534,0.006228303430671156,0.55208004,0.006215870839311299,0.48948005,0.006227424657081371,0.5516134,0.00623783787013954,0.48834667,0.006244889762672179,0.55035996,0.006240517598537609,0.49025336,0.005957695655444406,0.55292004,0.006108477133393464,0.49677336,0.005806365578953754,0.5571067,0.006052876578845567,9.336127,0.017156139325303243,9.485366,0.018076127996769387,0.20681521,0.0011691071306718093,0.19017273,0.0013777222316852522,,,,,,,,
