,shots,val_acc,val_conf,test_acc,test_conf,val_acc_me1,val_conf_me1,test_acc_me1,test_conf_me1,val_acc_me2,val_conf_me2,test_acc_me2,test_conf_me2,val_acc_me3,val_conf_me3,test_acc_me3,test_conf_me3,val_acc_me4,val_conf_me4,test_acc_me4,test_conf_me4,val_acc_me5,val_conf_me5,test_acc_me5,test_conf_me5,val_acc_me6,val_conf_me6,test_acc_me6,test_conf_me6,val_acc_me7,val_conf_me7,test_acc_me7,test_conf_me7,val_acc_me8,val_conf_me8,test_acc_me8,test_conf_me8,val_acc_me9,val_conf_me9,test_acc_me9,test_conf_me9,val_acc_med,val_conf_med,test_acc_med,test_conf_med,val_acc_maj,val_conf_maj,test_acc_maj,test_conf_maj,val_acc_lin,val_conf_lin,test_acc_lin,test_conf_lin,val_nld,val_conf_nld,test_nld,test_conf_nld,val_mse,val_conf_mse,test_mse,test_conf_mse,val_svm,val_conf_svm,test_svm,test_conf_svm,val_mvm,val_conf_mvm,test_mvm,test_conf_mvm
0,5,0.66530675,0.006728683947088254,0.7548534,0.0058146929169172745,0.66600007,0.006720241625086887,0.7552268,0.005827073326766019,0.6664934,0.006709824255979213,0.75564015,0.005818164603647702,0.6669334,0.006716074954513762,0.75586677,0.005822852165765391,0.6673334,0.006718410654365181,0.75605345,0.005808657871176348,0.66764015,0.006725843056323955,0.7562935,0.005798076107219496,0.66750675,0.006733022862826399,0.7563734,0.005803102618267775,0.66768,0.006738158354729684,0.75644004,0.0057957764264643385,0.6676001,0.006733940426212004,0.7564934,0.005805211582526559,0.66746676,0.0067381671286120826,0.75657344,0.005805748174702807,0.6673734,0.006746977030107626,0.7565068,0.005815419763806617,0.6654801,0.006618953617752554,0.7539334,0.0058608878695330935,0.65310675,0.0065955513644770924,0.7394667,0.0059764135790851824,4.282342,0.008844242471217179,4.368946,0.01014979986650566,0.18319258,0.001211791260423839,0.16669148,0.001149171253619019,,,,,,,,
