,shots,val_acc,val_conf,test_acc,test_conf,val_acc_me1,val_conf_me1,test_acc_me1,test_conf_me1,val_acc_me2,val_conf_me2,test_acc_me2,test_conf_me2,val_acc_me3,val_conf_me3,test_acc_me3,test_conf_me3,val_acc_me4,val_conf_me4,test_acc_me4,test_conf_me4,val_acc_me5,val_conf_me5,test_acc_me5,test_conf_me5,val_acc_me6,val_conf_me6,test_acc_me6,test_conf_me6,val_acc_me7,val_conf_me7,test_acc_me7,test_conf_me7,val_acc_me8,val_conf_me8,test_acc_me8,test_conf_me8,val_acc_me9,val_conf_me9,test_acc_me9,test_conf_me9,val_acc_med,val_conf_med,test_acc_med,test_conf_med,val_acc_maj,val_conf_maj,test_acc_maj,test_conf_maj,val_acc_lin,val_conf_lin,test_acc_lin,test_conf_lin,val_nld,val_conf_nld,test_nld,test_conf_nld,val_mse,val_conf_mse,test_mse,test_conf_mse,val_svm,val_conf_svm,test_svm,test_conf_svm,val_mvm,val_conf_mvm,test_mvm,test_conf_mvm
0,5,0.49170667,0.005806699448268171,0.5270133,0.00622379273155127,0.49149334,0.005802097316058075,0.5268667,0.006222059658885781,0.49188003,0.005814582088929043,0.5272267,0.006221206283376635,0.49182665,0.005832607337643569,0.5269733,0.006208514169811052,0.49205333,0.005834983212640699,0.52696,0.006216110043052447,0.4924267,0.005851747331206081,0.52701336,0.006212689152483297,0.49254668,0.005854675499011086,0.52765334,0.0062073610969505255,0.49245337,0.005862967279661735,0.5274401,0.006209679710820315,0.49264002,0.005867143185900536,0.5273334,0.006231486041065715,0.49224,0.005864577979756924,0.5268533,0.00625733897823022,0.49204004,0.00586681024015262,0.52653337,0.006260839295524345,0.49182668,0.005710131789664619,0.52676,0.00614412403223219,0.48629338,0.005714140530354572,0.51621336,0.00606559362870851,4.8677177,0.011907587173386247,4.775376,0.010174118297817003,0.21362948,0.0008864489474757764,0.20589165,0.001015573886132326,,,,,,,,
