,shots,val_acc,val_conf,test_acc,test_conf,val_acc_me1,val_conf_me1,test_acc_me1,test_conf_me1,val_acc_me2,val_conf_me2,test_acc_me2,test_conf_me2,val_acc_me3,val_conf_me3,test_acc_me3,test_conf_me3,val_acc_me4,val_conf_me4,test_acc_me4,test_conf_me4,val_acc_me5,val_conf_me5,test_acc_me5,test_conf_me5,val_acc_me6,val_conf_me6,test_acc_me6,test_conf_me6,val_acc_me7,val_conf_me7,test_acc_me7,test_conf_me7,val_acc_me8,val_conf_me8,test_acc_me8,test_conf_me8,val_acc_me9,val_conf_me9,test_acc_me9,test_conf_me9,val_acc_med,val_conf_med,test_acc_med,test_conf_med,val_acc_maj,val_conf_maj,test_acc_maj,test_conf_maj,val_acc_lin,val_conf_lin,test_acc_lin,test_conf_lin,val_nld,val_conf_nld,test_nld,test_conf_nld,val_mse,val_conf_mse,test_mse,test_conf_mse,val_svm,val_conf_svm,test_svm,test_conf_svm,val_mvm,val_conf_mvm,test_mvm,test_conf_mvm
0,5,0.47453335,0.005776055971313587,0.5060533,0.005880677592176475,0.47505334,0.005771761386770713,0.5061867,0.005872931177584362,0.47533336,0.005793049596171218,0.5059067,0.005890426760871925,0.47605336,0.005805007936098228,0.5062,0.005899473095408947,0.47628003,0.005833247831058763,0.5065333,0.005896350516841342,0.47640002,0.005840505678936125,0.5066267,0.005897341503769193,0.4763867,0.005856428890141097,0.50703996,0.0059045374726864885,0.47609332,0.0058807510157186105,0.50708,0.005894967475905233,0.47596002,0.005883310218679549,0.50710666,0.005908627949017697,0.47552,0.005871325095322011,0.5069467,0.005923802147735802,0.47544003,0.005876674392885917,0.50702673,0.005928169694037533,0.47505337,0.005728367149773428,0.5056133,0.005959939460422281,0.46692005,0.00562390669127677,0.49768007,0.0059120871675995,4.7658,0.01207779864480063,4.639342,0.010248581775956112,0.21643324,0.0008562114934737575,0.20968692,0.0009670474474376134,,,,,,,,
