,shots,val_acc,val_conf,test_acc,test_conf,val_acc_me1,val_conf_me1,test_acc_me1,test_conf_me1,val_acc_me2,val_conf_me2,test_acc_me2,test_conf_me2,val_acc_me3,val_conf_me3,test_acc_me3,test_conf_me3,val_acc_me4,val_conf_me4,test_acc_me4,test_conf_me4,val_acc_me5,val_conf_me5,test_acc_me5,test_conf_me5,val_acc_me6,val_conf_me6,test_acc_me6,test_conf_me6,val_acc_me7,val_conf_me7,test_acc_me7,test_conf_me7,val_acc_me8,val_conf_me8,test_acc_me8,test_conf_me8,val_acc_me9,val_conf_me9,test_acc_me9,test_conf_me9,val_acc_med,val_conf_med,test_acc_med,test_conf_med,val_acc_maj,val_conf_maj,test_acc_maj,test_conf_maj,val_acc_lin,val_conf_lin,test_acc_lin,test_conf_lin,val_nld,val_conf_nld,test_nld,test_conf_nld,val_mse,val_conf_mse,test_mse,test_conf_mse,val_svm,val_conf_svm,test_svm,test_conf_svm,val_mvm,val_conf_mvm,test_mvm,test_conf_mvm
0,5,0.54881334,0.0057496724451554515,0.5968534,0.005876398708265285,0.54865336,0.005757853397817869,0.5964134,0.005880023707045989,0.54888,0.005739400537782213,0.59626675,0.005920976495819907,0.54852,0.005732323247168991,0.59590673,0.005917578694414893,0.5477467,0.005730817833662583,0.59568006,0.005912740129163319,0.5476934,0.005728469665662539,0.59529334,0.005901246343220201,0.54771996,0.0057264211950138755,0.5948667,0.005907520592702276,0.54734665,0.005719113474541793,0.5946533,0.005914426561717145,0.54709333,0.005708619449408925,0.59448004,0.005933144485357977,0.5466267,0.005717475067449573,0.5940934,0.0059160760516082656,0.54632,0.005730154712866531,0.59380007,0.0059155002078528085,0.5526801,0.005775564172115888,0.59748,0.005801880277914506,0.55197334,0.00581754858474659,0.59302676,0.005770582915829547,5.2862816,0.01397117383601465,5.171973,0.013395161067965233,0.20039715,0.0009629241844932024,0.18888031,0.0010107890031875177,,,,,,,,
