,shots,val_acc,val_conf,test_acc,test_conf,val_acc_me1,val_conf_me1,test_acc_me1,test_conf_me1,val_acc_me2,val_conf_me2,test_acc_me2,test_conf_me2,val_acc_me3,val_conf_me3,test_acc_me3,test_conf_me3,val_acc_me4,val_conf_me4,test_acc_me4,test_conf_me4,val_acc_me5,val_conf_me5,test_acc_me5,test_conf_me5,val_acc_me6,val_conf_me6,test_acc_me6,test_conf_me6,val_acc_me7,val_conf_me7,test_acc_me7,test_conf_me7,val_acc_me8,val_conf_me8,test_acc_me8,test_conf_me8,val_acc_me9,val_conf_me9,test_acc_me9,test_conf_me9,val_acc_med,val_conf_med,test_acc_med,test_conf_med,val_acc_maj,val_conf_maj,test_acc_maj,test_conf_maj,val_acc_lin,val_conf_lin,test_acc_lin,test_conf_lin,val_nld,val_conf_nld,test_nld,test_conf_nld,val_mse,val_conf_mse,test_mse,test_conf_mse,val_svm,val_conf_svm,test_svm,test_conf_svm,val_mvm,val_conf_mvm,test_mvm,test_conf_mvm
0,5,0.3605067,0.00591629678401806,0.3815467,0.006348485301077622,0.36230674,0.00592360127200714,0.38468006,0.006432791689919726,0.36400005,0.006004690878491703,0.38745338,0.006469811470462272,0.36649334,0.006038286074198762,0.39117336,0.006472993157290219,0.36906672,0.0060875454206884005,0.39440003,0.0064612513937234994,0.37097338,0.006145443808858342,0.3972934,0.006485339395175926,0.37336004,0.006172765678649883,0.40057337,0.006541874137307724,0.37488005,0.006186734161212903,0.40384004,0.006545943833391188,0.37617338,0.006230725945779947,0.40608004,0.006619107853369444,0.37748,0.006265772064565911,0.40894672,0.0066869595184465,0.37816003,0.006335141149514778,0.41008005,0.006739387621832127,0.37061337,0.005912240941433167,0.39626673,0.00631940172805695,0.42837337,0.006578682882889375,0.47317338,0.007007590429714883,8.577142,0.03323604652850598,8.625177,0.03278098680894814,0.22316654,0.0010080079133585607,0.21618968,0.001043769449897508,,,,,,,,
