,shots,val_acc,val_conf,test_acc,test_conf,val_acc_me1,val_conf_me1,test_acc_me1,test_conf_me1,val_acc_me2,val_conf_me2,test_acc_me2,test_conf_me2,val_acc_me3,val_conf_me3,test_acc_me3,test_conf_me3,val_acc_me4,val_conf_me4,test_acc_me4,test_conf_me4,val_acc_me5,val_conf_me5,test_acc_me5,test_conf_me5,val_acc_me6,val_conf_me6,test_acc_me6,test_conf_me6,val_acc_me7,val_conf_me7,test_acc_me7,test_conf_me7,val_acc_me8,val_conf_me8,test_acc_me8,test_conf_me8,val_acc_me9,val_conf_me9,test_acc_me9,test_conf_me9,val_acc_med,val_conf_med,test_acc_med,test_conf_med,val_acc_maj,val_conf_maj,test_acc_maj,test_conf_maj,val_acc_lin,val_conf_lin,test_acc_lin,test_conf_lin,val_nld,val_conf_nld,test_nld,test_conf_nld,val_mse,val_conf_mse,test_mse,test_conf_mse,val_svm,val_conf_svm,test_svm,test_conf_svm,val_mvm,val_conf_mvm,test_mvm,test_conf_mvm
0,5,0.7650135,0.004682723090633778,0.76194686,0.005106206531003354,0.7651468,0.00469790883393395,0.76192015,0.005113068630606232,0.76476014,0.004713492634424998,0.76178676,0.005120468707735193,0.7643201,0.004724464143473717,0.76156014,0.005124556875149899,0.7639334,0.004754677700190779,0.76132005,0.005151027678348741,0.76365346,0.004748127766088017,0.7610001,0.005151835337312782,0.7631201,0.004774282247737238,0.7608535,0.005161282961523739,0.7627068,0.004776754635440694,0.76038677,0.0051650072437106065,0.76228017,0.004772743585834349,0.7600268,0.005155325495374563,0.7621201,0.004781469904555413,0.7594934,0.00516939926452642,0.7617868,0.004786351877435702,0.75910676,0.005211803899945688,0.76337343,0.004681727947656422,0.76005346,0.005061787135115181,0.75869346,0.004749961045726225,0.7558268,0.0050446766790867015,26.960304,0.04269379302904852,27.026808,0.05046698735731425,0.13054223,0.0012676695776171754,0.13037916,0.0013842246021097404,,,,,,,,
