,shots,val_acc,val_conf,test_acc,test_conf,val_acc_me1,val_conf_me1,test_acc_me1,test_conf_me1,val_acc_me2,val_conf_me2,test_acc_me2,test_conf_me2,val_acc_me3,val_conf_me3,test_acc_me3,test_conf_me3,val_acc_me4,val_conf_me4,test_acc_me4,test_conf_me4,val_acc_me5,val_conf_me5,test_acc_me5,test_conf_me5,val_acc_me6,val_conf_me6,test_acc_me6,test_conf_me6,val_acc_me7,val_conf_me7,test_acc_me7,test_conf_me7,val_acc_me8,val_conf_me8,test_acc_me8,test_conf_me8,val_acc_me9,val_conf_me9,test_acc_me9,test_conf_me9,val_acc_med,val_conf_med,test_acc_med,test_conf_med,val_acc_maj,val_conf_maj,test_acc_maj,test_conf_maj,val_acc_lin,val_conf_lin,test_acc_lin,test_conf_lin,val_nld,val_conf_nld,test_nld,test_conf_nld,val_mse,val_conf_mse,test_mse,test_conf_mse,val_svm,val_conf_svm,test_svm,test_conf_svm,val_mvm,val_conf_mvm,test_mvm,test_conf_mvm
0,5,0.25086668,0.004829909585715608,0.25037336,0.004987415090065561,0.25106668,0.004844912001051915,0.25085333,0.005005385848352528,0.25177336,0.004839562241704731,0.25017333,0.005014761434371184,0.25141335,0.00486365393742344,0.24964002,0.0050373020000383795,0.25164002,0.0048931932905456055,0.24856001,0.005010056786271977,0.2515867,0.004925843215869974,0.24794668,0.005002064702972764,0.25160003,0.004971791576212026,0.24757333,0.004972360493218142,0.25145334,0.0049875799466980175,0.24684003,0.004982006222458035,0.25072002,0.004992133129880005,0.24646668,0.0049655094764141094,0.2503067,0.005011395957796094,0.24620001,0.004956207775720978,0.25054666,0.005025552386155763,0.24577335,0.00494299938844367,0.25337335,0.004893062144092908,0.25,0.004994180676962001,0.25222668,0.0048585101334210345,0.25076002,0.004876461496810092,9.491584,0.011879009253060957,9.4903965,0.011442210291692234,0.25903088,0.00102476949211594,0.25983375,0.001041770851843593,,,,,,,,
