,shots,val_acc,val_conf,test_acc,test_conf,val_acc_me1,val_conf_me1,test_acc_me1,test_conf_me1,val_acc_me2,val_conf_me2,test_acc_me2,test_conf_me2,val_acc_me3,val_conf_me3,test_acc_me3,test_conf_me3,val_acc_me4,val_conf_me4,test_acc_me4,test_conf_me4,val_acc_me5,val_conf_me5,test_acc_me5,test_conf_me5,val_acc_me6,val_conf_me6,test_acc_me6,test_conf_me6,val_acc_me7,val_conf_me7,test_acc_me7,test_conf_me7,val_acc_me8,val_conf_me8,test_acc_me8,test_conf_me8,val_acc_me9,val_conf_me9,test_acc_me9,test_conf_me9,val_acc_med,val_conf_med,test_acc_med,test_conf_med,val_acc_maj,val_conf_maj,test_acc_maj,test_conf_maj,val_acc_lin,val_conf_lin,test_acc_lin,test_conf_lin,val_nld,val_conf_nld,test_nld,test_conf_nld,val_mse,val_conf_mse,test_mse,test_conf_mse,val_svm,val_conf_svm,test_svm,test_conf_svm,val_mvm,val_conf_mvm,test_mvm,test_conf_mvm
0,5,0.3866667,0.007645527874388824,0.39216003,0.007568615097709619,0.3864,0.0076618551459674555,0.39234668,0.00760323175804134,0.3865467,0.007671722069400422,0.39196002,0.007635121588079941,0.38672003,0.007698721614459614,0.3922267,0.007644325852500133,0.38696003,0.007699056407340643,0.39217335,0.007648408016732222,0.38697338,0.007730290043332422,0.39237335,0.007661553139699573,0.3873067,0.007736266904379507,0.39182672,0.007688647812115312,0.38701338,0.0077508172338806025,0.39192003,0.007697779576559871,0.3869467,0.007783260280293691,0.3920934,0.007694874497919113,0.38673335,0.007796530084747733,0.39172003,0.007707834445789541,0.3865867,0.007818287465964968,0.39156002,0.007733465726977695,0.38884002,0.007577649887664517,0.39556006,0.007382701147500448,0.37977338,0.007035622522197471,0.38804004,0.00703711269685553,4.6802473,0.012195013095822382,4.6432853,0.013117834345953483,0.23121245,0.001183466512784892,0.2303948,0.0011472159477479982,,,,,,,,
