,shots,val_acc,val_conf,test_acc,test_conf,val_acc_me1,val_conf_me1,test_acc_me1,test_conf_me1,val_acc_me2,val_conf_me2,test_acc_me2,test_conf_me2,val_acc_me3,val_conf_me3,test_acc_me3,test_conf_me3,val_acc_me4,val_conf_me4,test_acc_me4,test_conf_me4,val_acc_me5,val_conf_me5,test_acc_me5,test_conf_me5,val_acc_me6,val_conf_me6,test_acc_me6,test_conf_me6,val_acc_me7,val_conf_me7,test_acc_me7,test_conf_me7,val_acc_me8,val_conf_me8,test_acc_me8,test_conf_me8,val_acc_me9,val_conf_me9,test_acc_me9,test_conf_me9,val_acc_med,val_conf_med,test_acc_med,test_conf_med,val_acc_maj,val_conf_maj,test_acc_maj,test_conf_maj,val_acc_lin,val_conf_lin,test_acc_lin,test_conf_lin,val_nld,val_conf_nld,test_nld,test_conf_nld,val_mse,val_conf_mse,test_mse,test_conf_mse,val_svm,val_conf_svm,test_svm,test_conf_svm,val_mvm,val_conf_mvm,test_mvm,test_conf_mvm
0,5,0.37329337,0.007466620100167187,0.42466667,0.00844402228735458,0.3729867,0.007474047422509844,0.42441338,0.008462498236554428,0.37280005,0.007478486083437319,0.4244267,0.008509758061423567,0.37273335,0.00747906054184283,0.42445338,0.008525355253629907,0.3729067,0.007493761874477867,0.42401338,0.008543816425764683,0.37290674,0.007496498402219887,0.42413336,0.00856613164118919,0.37270668,0.007509973700235428,0.4240934,0.008570273837248232,0.3724267,0.007526639920744649,0.42406672,0.008570720843467328,0.37233338,0.00751273054644197,0.42357337,0.008588617716428826,0.37194672,0.007533984583879438,0.42353335,0.008599418827445693,0.37170672,0.007561695736979568,0.42313337,0.008599936024723975,0.3761467,0.00744468262346909,0.42796,0.008315704719047523,0.3630267,0.0069497770096692,0.40829337,0.007882949132114958,22.737837,0.02609418198790081,22.87299,0.027168280671229894,0.23619479,0.0015017379423627464,0.22606193,0.0017006569797583526,,,,,,,,
