,shots,val_acc,val_conf,test_acc,test_conf,val_acc_me1,val_conf_me1,test_acc_me1,test_conf_me1,val_acc_me2,val_conf_me2,test_acc_me2,test_conf_me2,val_acc_me3,val_conf_me3,test_acc_me3,test_conf_me3,val_acc_me4,val_conf_me4,test_acc_me4,test_conf_me4,val_acc_me5,val_conf_me5,test_acc_me5,test_conf_me5,val_acc_me6,val_conf_me6,test_acc_me6,test_conf_me6,val_acc_me7,val_conf_me7,test_acc_me7,test_conf_me7,val_acc_me8,val_conf_me8,test_acc_me8,test_conf_me8,val_acc_me9,val_conf_me9,test_acc_me9,test_conf_me9,val_acc_med,val_conf_med,test_acc_med,test_conf_med,val_acc_maj,val_conf_maj,test_acc_maj,test_conf_maj,val_acc_lin,val_conf_lin,test_acc_lin,test_conf_lin,val_nld,val_conf_nld,test_nld,test_conf_nld,val_mse,val_conf_mse,test_mse,test_conf_mse,val_svm,val_conf_svm,test_svm,test_conf_svm,val_mvm,val_conf_mvm,test_mvm,test_conf_mvm
0,5,0.2940667,0.0051754398516666855,0.38482672,0.0067435704548202136,0.29553336,0.005239097600956921,0.38624007,0.006776840555095198,0.29689336,0.005254597818673545,0.38713336,0.006836937493481132,0.29725337,0.005254458360121728,0.3874667,0.00686271654532028,0.29797333,0.005291880815688044,0.38789338,0.00693096719115488,0.2976667,0.005313312177906648,0.3880534,0.007023732987979814,0.29692003,0.00527789386179367,0.38845336,0.0070859836836031365,0.29720002,0.005329788605486052,0.3873067,0.007139405082833006,0.2962667,0.005346673711271954,0.38789338,0.007163104262760234,0.2957467,0.00534760928420569,0.38706672,0.007219833415654631,0.29529336,0.005296560989273169,0.3862134,0.007237505400156774,0.29665333,0.005187908923906026,0.38813335,0.006760323952370084,0.30093336,0.005001402967526547,0.39324006,0.006948620242542336,9.21792,0.02137447790652125,9.38121,0.022296252755729995,0.24877445,0.0009532940404391732,0.2288574,0.001314844434362028,,,,,,,,
