,shots,val_acc,val_conf,test_acc,test_conf,val_acc_me1,val_conf_me1,test_acc_me1,test_conf_me1,val_acc_me2,val_conf_me2,test_acc_me2,test_conf_me2,val_acc_me3,val_conf_me3,test_acc_me3,test_conf_me3,val_acc_me4,val_conf_me4,test_acc_me4,test_conf_me4,val_acc_me5,val_conf_me5,test_acc_me5,test_conf_me5,val_acc_me6,val_conf_me6,test_acc_me6,test_conf_me6,val_acc_me7,val_conf_me7,test_acc_me7,test_conf_me7,val_acc_me8,val_conf_me8,test_acc_me8,test_conf_me8,val_acc_me9,val_conf_me9,test_acc_me9,test_conf_me9,val_acc_med,val_conf_med,test_acc_med,test_conf_med,val_acc_maj,val_conf_maj,test_acc_maj,test_conf_maj,val_acc_lin,val_conf_lin,test_acc_lin,test_conf_lin,val_nld,val_conf_nld,test_nld,test_conf_nld,val_mse,val_conf_mse,test_mse,test_conf_mse,val_svm,val_conf_svm,test_svm,test_conf_svm,val_mvm,val_conf_mvm,test_mvm,test_conf_mvm
0,5,0.34729338,0.007434313279822913,0.37709337,0.007986649957109182,0.3473067,0.007458132985187271,0.37698668,0.008018959086369848,0.34694672,0.007480869346966956,0.37709337,0.00804600296262431,0.34701335,0.007474047422509844,0.37700006,0.008021449945404713,0.3463867,0.007499761362905866,0.3763467,0.008047126943138028,0.34577334,0.007480684633653312,0.37621334,0.008066489516243502,0.34561336,0.0075060573162023525,0.37522668,0.00806379824326331,0.34396002,0.0074760811160933804,0.3739734,0.008059552607748599,0.34296003,0.007475117374379281,0.37325335,0.008079557059619102,0.3422134,0.007482782976896585,0.37308004,0.008108975425520804,0.34116003,0.007496838274717033,0.37193334,0.008125874846588499,0.35245338,0.0073948922262027095,0.38285336,0.008012616954744978,0.36334667,0.007593401315487802,0.39337337,0.008020879181265428,7.035719,0.019104122237004084,7.060784,0.020218150397347756,0.23542689,0.001497373051314893,0.22935702,0.0015841094592441984,,,,,,,,
