,shots,val_acc,val_conf,test_acc,test_conf,val_acc_me1,val_conf_me1,test_acc_me1,test_conf_me1,val_acc_me2,val_conf_me2,test_acc_me2,test_conf_me2,val_acc_me3,val_conf_me3,test_acc_me3,test_conf_me3,val_acc_me4,val_conf_me4,test_acc_me4,test_conf_me4,val_acc_me5,val_conf_me5,test_acc_me5,test_conf_me5,val_acc_me6,val_conf_me6,test_acc_me6,test_conf_me6,val_acc_me7,val_conf_me7,test_acc_me7,test_conf_me7,val_acc_me8,val_conf_me8,test_acc_me8,test_conf_me8,val_acc_me9,val_conf_me9,test_acc_me9,test_conf_me9,val_acc_med,val_conf_med,test_acc_med,test_conf_med,val_acc_maj,val_conf_maj,test_acc_maj,test_conf_maj,val_acc_lin,val_conf_lin,test_acc_lin,test_conf_lin,val_nld,val_conf_nld,test_nld,test_conf_nld,val_mse,val_conf_mse,test_mse,test_conf_mse,val_svm,val_conf_svm,test_svm,test_conf_svm,val_mvm,val_conf_mvm,test_mvm,test_conf_mvm
0,5,0.51672006,0.006640936810995757,0.57361335,0.006587765698305881,0.5169733,0.00663393294392467,0.574,0.006596110584034198,0.51712,0.006638664837237518,0.5745334,0.006596235727304167,0.5168934,0.006638734566513427,0.5748667,0.0065702687296684825,0.51698667,0.006629884489872229,0.5748268,0.006570356006709188,0.51658666,0.006646543321848886,0.57464004,0.00655999220446235,0.5158934,0.006635564424267604,0.57422674,0.00653870538041168,0.5152667,0.006625142437327036,0.5735467,0.006566000004989525,0.51414675,0.006645505233026094,0.5728401,0.006579618455823111,0.51314676,0.006622811355308511,0.57188004,0.006596816188892407,0.51176006,0.006639011174700671,0.57148,0.006624868599839573,0.51712,0.0065770056860012804,0.57358664,0.006506115948697544,0.5123467,0.006407221364125082,0.56669337,0.006376176597496452,9.500794,0.014969806971475208,9.518004,0.013593594886575744,0.1993601,0.0014234958070542536,0.18505229,0.001541066408434516,,,,,,,,
