,shots,val_acc,val_conf,test_acc,test_conf,val_acc_me1,val_conf_me1,test_acc_me1,test_conf_me1,val_acc_me2,val_conf_me2,test_acc_me2,test_conf_me2,val_acc_me3,val_conf_me3,test_acc_me3,test_conf_me3,val_acc_me4,val_conf_me4,test_acc_me4,test_conf_me4,val_acc_me5,val_conf_me5,test_acc_me5,test_conf_me5,val_acc_me6,val_conf_me6,test_acc_me6,test_conf_me6,val_acc_me7,val_conf_me7,test_acc_me7,test_conf_me7,val_acc_me8,val_conf_me8,test_acc_me8,test_conf_me8,val_acc_me9,val_conf_me9,test_acc_me9,test_conf_me9,val_acc_med,val_conf_med,test_acc_med,test_conf_med,val_acc_maj,val_conf_maj,test_acc_maj,test_conf_maj,val_acc_lin,val_conf_lin,test_acc_lin,test_conf_lin,val_nld,val_conf_nld,test_nld,test_conf_nld,val_mse,val_conf_mse,test_mse,test_conf_mse,val_svm,val_conf_svm,test_svm,test_conf_svm,val_mvm,val_conf_mvm,test_mvm,test_conf_mvm
0,5,0.48969337,0.006138810291981156,0.50858665,0.006528385909360224,0.4930267,0.006125432430238609,0.5119467,0.006488257865531977,0.4966267,0.006127971776518248,0.51602674,0.0065107670299358045,0.4993067,0.00613428851006248,0.5196801,0.006494062943197321,0.50196004,0.006138916963919772,0.5230133,0.006500454485633633,0.50484,0.006184506518650101,0.52652,0.006483446083710875,0.50733334,0.006238722646912054,0.52929336,0.006485096958951719,0.50901335,0.006263739294548931,0.53164,0.00647748584686203,0.5105867,0.006320372858303558,0.5343467,0.006498524693289043,0.51236,0.0063520442648487,0.5359867,0.006486583439343496,0.51305336,0.006460825629535427,0.53776,0.00650281281286591,0.49961334,0.0061249124622606566,0.5200533,0.006402923085315981,0.5678267,0.006639441094938303,0.60289335,0.006724635493035813,8.833353,0.02909999218712933,8.993472,0.030323169291653684,0.19436271,0.0012526411869711318,0.18840936,0.0012683134189611367,,,,,,,,
