,shots,val_acc,val_conf,test_acc,test_conf,val_acc_me1,val_conf_me1,test_acc_me1,test_conf_me1,val_acc_me2,val_conf_me2,test_acc_me2,test_conf_me2,val_acc_me3,val_conf_me3,test_acc_me3,test_conf_me3,val_acc_me4,val_conf_me4,test_acc_me4,test_conf_me4,val_acc_me5,val_conf_me5,test_acc_me5,test_conf_me5,val_acc_me6,val_conf_me6,test_acc_me6,test_conf_me6,val_acc_me7,val_conf_me7,test_acc_me7,test_conf_me7,val_acc_me8,val_conf_me8,test_acc_me8,test_conf_me8,val_acc_me9,val_conf_me9,test_acc_me9,test_conf_me9,val_acc_med,val_conf_med,test_acc_med,test_conf_med,val_acc_maj,val_conf_maj,test_acc_maj,test_conf_maj,val_acc_lin,val_conf_lin,test_acc_lin,test_conf_lin,val_nld,val_conf_nld,test_nld,test_conf_nld,val_mse,val_conf_mse,test_mse,test_conf_mse,val_svm,val_conf_svm,test_svm,test_conf_svm,val_mvm,val_conf_mvm,test_mvm,test_conf_mvm
0,5,0.24532,0.0041492036203944205,0.26422668,0.00515781173657659,0.24494669,0.004143561552228364,0.26509336,0.005155595176812522,0.24465334,0.004116568472135151,0.26557335,0.005173280091246624,0.24462667,0.00415848454083978,0.2661067,0.005180078002972988,0.24428001,0.004157775241715289,0.26656002,0.0051782105513717425,0.24405336,0.004167597833952985,0.2661067,0.005182057667912243,0.24338669,0.00420303323604751,0.2663467,0.0051731577186763245,0.24330668,0.004212862755034491,0.26624,0.005169823181581268,0.24262668,0.004236140326823207,0.2660933,0.005185414370604935,0.24173334,0.004238311170042114,0.26589334,0.00519762669133822,0.24108002,0.004238257603181167,0.26596,0.00523220456187401,0.24717334,0.004153217902483741,0.26510668,0.005099818221050101,0.24564001,0.004124272402665052,0.2666,0.005122799327970384,8.130899,0.0189220946549149,7.8918204,0.017844405144769482,0.26035723,0.0008416911798861393,0.25702196,0.0010783760664427877,,,,,,,,
