,shots,val_acc,val_conf,test_acc,test_conf,val_acc_me1,val_conf_me1,test_acc_me1,test_conf_me1,val_acc_me2,val_conf_me2,test_acc_me2,test_conf_me2,val_acc_me3,val_conf_me3,test_acc_me3,test_conf_me3,val_acc_me4,val_conf_me4,test_acc_me4,test_conf_me4,val_acc_me5,val_conf_me5,test_acc_me5,test_conf_me5,val_acc_me6,val_conf_me6,test_acc_me6,test_conf_me6,val_acc_me7,val_conf_me7,test_acc_me7,test_conf_me7,val_acc_me8,val_conf_me8,test_acc_me8,test_conf_me8,val_acc_me9,val_conf_me9,test_acc_me9,test_conf_me9,val_acc_med,val_conf_med,test_acc_med,test_conf_med,val_acc_maj,val_conf_maj,test_acc_maj,test_conf_maj,val_acc_lin,val_conf_lin,test_acc_lin,test_conf_lin,val_nld,val_conf_nld,test_nld,test_conf_nld,val_mse,val_conf_mse,test_mse,test_conf_mse,val_svm,val_conf_svm,test_svm,test_conf_svm,val_mvm,val_conf_mvm,test_mvm,test_conf_mvm
0,5,0.35293335,0.005708028366805229,0.38618672,0.0061030844282009,0.35432002,0.005737738117959246,0.38853338,0.006086242730043712,0.3556667,0.005845318846107117,0.39069337,0.00612734790730135,0.35693336,0.0059019828875584435,0.39258674,0.0061723708539419,0.35840005,0.00596457391746219,0.3945467,0.006216231492056246,0.35961336,0.005975484471117454,0.39678672,0.00627158683968021,0.36060002,0.006007477740611722,0.3977334,0.006302802004340691,0.3614667,0.006050051850496285,0.3984267,0.006326455005939424,0.36245337,0.0060597756211112075,0.39929336,0.0063970598229567965,0.3627734,0.006113829663440373,0.40016004,0.0064325293970143305,0.36241338,0.006188374877221625,0.40042672,0.006482661052127747,0.36072004,0.005814227439366826,0.39381337,0.006132918399058385,0.40352002,0.006275148574151068,0.44657338,0.006652788478984095,8.944375,0.027730549845175645,8.819418,0.02854358950802549,0.22802682,0.0010374334369011584,0.21874489,0.0011452322422049743,,,,,,,,
