,shots,val_acc,val_conf,test_acc,test_conf,val_acc_me1,val_conf_me1,test_acc_me1,test_conf_me1,val_acc_me2,val_conf_me2,test_acc_me2,test_conf_me2,val_acc_me3,val_conf_me3,test_acc_me3,test_conf_me3,val_acc_me4,val_conf_me4,test_acc_me4,test_conf_me4,val_acc_me5,val_conf_me5,test_acc_me5,test_conf_me5,val_acc_me6,val_conf_me6,test_acc_me6,test_conf_me6,val_acc_me7,val_conf_me7,test_acc_me7,test_conf_me7,val_acc_me8,val_conf_me8,test_acc_me8,test_conf_me8,val_acc_me9,val_conf_me9,test_acc_me9,test_conf_me9,val_acc_med,val_conf_med,test_acc_med,test_conf_med,val_acc_maj,val_conf_maj,test_acc_maj,test_conf_maj,val_acc_lin,val_conf_lin,test_acc_lin,test_conf_lin,val_nld,val_conf_nld,test_nld,test_conf_nld,val_mse,val_conf_mse,test_mse,test_conf_mse,val_svm,val_conf_svm,test_svm,test_conf_svm,val_mvm,val_conf_mvm,test_mvm,test_conf_mvm
0,5,0.5731067,0.007521975909574485,0.5784268,0.00753883238479669,0.57301337,0.007557730865701662,0.5792001,0.007566091913844941,0.5737867,0.007571170144620942,0.58004004,0.007577268454671771,0.5740934,0.0075937499618673465,0.5808534,0.007614523744689294,0.5745867,0.007608472998316684,0.58168006,0.007651163939372152,0.57505333,0.007639192669513184,0.58189344,0.007665077007941168,0.5749467,0.007639819309429807,0.58245337,0.007702280116447469,0.57522666,0.00767381210054463,0.58257335,0.00772649880256937,0.57505333,0.007692431202562577,0.5829067,0.00774318995937584,0.57546675,0.0077225888835021905,0.5833867,0.007768531240661569,0.57556003,0.007742070596695072,0.58324003,0.007787930756429806,0.5746134,0.007439736462712343,0.5795734,0.007422450067252506,0.5565334,0.007135511326180843,0.5651733,0.007198134680914459,4.7675467,0.01197013571922767,4.725994,0.013086755407361927,0.19927216,0.0012319804256080147,0.19816364,0.001220709911882778,,,,,,,,
