,shots,val_acc,val_conf,test_acc,test_conf,val_acc_me1,val_conf_me1,test_acc_me1,test_conf_me1,val_acc_me2,val_conf_me2,test_acc_me2,test_conf_me2,val_acc_me3,val_conf_me3,test_acc_me3,test_conf_me3,val_acc_me4,val_conf_me4,test_acc_me4,test_conf_me4,val_acc_me5,val_conf_me5,test_acc_me5,test_conf_me5,val_acc_me6,val_conf_me6,test_acc_me6,test_conf_me6,val_acc_me7,val_conf_me7,test_acc_me7,test_conf_me7,val_acc_me8,val_conf_me8,test_acc_me8,test_conf_me8,val_acc_me9,val_conf_me9,test_acc_me9,test_conf_me9,val_acc_med,val_conf_med,test_acc_med,test_conf_med,val_acc_maj,val_conf_maj,test_acc_maj,test_conf_maj,val_acc_lin,val_conf_lin,test_acc_lin,test_conf_lin,val_nld,val_conf_nld,test_nld,test_conf_nld,val_mse,val_conf_mse,test_mse,test_conf_mse,val_svm,val_conf_svm,test_svm,test_conf_svm,val_mvm,val_conf_mvm,test_mvm,test_conf_mvm
0,5,0.36252004,0.005044828605787144,0.43365338,0.0062095033096057906,0.36249337,0.005055979286750112,0.43436003,0.006237219542322037,0.36332008,0.005122934630472642,0.43533337,0.006208186303679308,0.36360005,0.00512880943741395,0.43589333,0.0062012249206703784,0.3631067,0.005150861898149728,0.43656003,0.006202123089158074,0.3627067,0.005156107294474688,0.43678668,0.006208594520102528,0.3624267,0.005171667544018266,0.4368667,0.0062179936570686545,0.36140004,0.005190475977182751,0.43604004,0.006225191473119063,0.36054668,0.0051968822966841355,0.4360934,0.006219388242586832,0.35997337,0.005205995589797341,0.4354667,0.00619930990539086,0.3593067,0.005199116865996278,0.43492004,0.006209525475203426,0.3659867,0.005110536672859101,0.43625337,0.00616312549080944,0.3890267,0.005383756294341124,0.45004004,0.006229758048016287,8.20224,0.021971438087907913,8.174529,0.01896690425767744,0.23063816,0.0010618870552688842,0.2158964,0.0013399599036217624,,,,,,,,
