,shots,val_acc,val_conf,test_acc,test_conf,val_acc_me1,val_conf_me1,test_acc_me1,test_conf_me1,val_acc_me2,val_conf_me2,test_acc_me2,test_conf_me2,val_acc_me3,val_conf_me3,test_acc_me3,test_conf_me3,val_acc_me4,val_conf_me4,test_acc_me4,test_conf_me4,val_acc_me5,val_conf_me5,test_acc_me5,test_conf_me5,val_acc_me6,val_conf_me6,test_acc_me6,test_conf_me6,val_acc_me7,val_conf_me7,test_acc_me7,test_conf_me7,val_acc_me8,val_conf_me8,test_acc_me8,test_conf_me8,val_acc_me9,val_conf_me9,test_acc_me9,test_conf_me9,val_acc_med,val_conf_med,test_acc_med,test_conf_med,val_acc_maj,val_conf_maj,test_acc_maj,test_conf_maj,val_acc_lin,val_conf_lin,test_acc_lin,test_conf_lin,val_nld,val_conf_nld,test_nld,test_conf_nld,val_mse,val_conf_mse,test_mse,test_conf_mse,val_svm,val_conf_svm,test_svm,test_conf_svm,val_mvm,val_conf_mvm,test_mvm,test_conf_mvm
0,5,0.23444001,0.004482567743940652,0.26548,0.006236836723979455,0.23424003,0.004476025660153732,0.26592004,0.006309185234677828,0.23446667,0.0044813223144232195,0.26705334,0.006306004009633159,0.23545334,0.004474448208454995,0.26696002,0.006350905969053244,0.23542668,0.004516163863214295,0.26749334,0.006386041673796361,0.23497336,0.004518850980144901,0.26704004,0.006386312278800876,0.23462668,0.004523970771416558,0.2671467,0.006393987578767135,0.23470667,0.004519949562577952,0.2674933,0.006424569638544986,0.23508002,0.00454750140044502,0.26809335,0.006440266114157378,0.23532,0.0045264791782162195,0.26765338,0.006425865864223668,0.23514667,0.004517840136535861,0.26801336,0.006430559891307308,0.23530667,0.004413174184477703,0.26809335,0.006140763173489938,0.23918667,0.0045998473064060574,0.27201337,0.005935541140602796,9.348489,0.02002879154383841,9.347935,0.019522154325704477,0.26215324,0.0009560617962757756,0.25594962,0.001197451504100333,,,,,,,,
