,shots,val_acc,val_conf,test_acc,test_conf,val_acc_me1,val_conf_me1,test_acc_me1,test_conf_me1,val_acc_me2,val_conf_me2,test_acc_me2,test_conf_me2,val_acc_me3,val_conf_me3,test_acc_me3,test_conf_me3,val_acc_me4,val_conf_me4,test_acc_me4,test_conf_me4,val_acc_me5,val_conf_me5,test_acc_me5,test_conf_me5,val_acc_me6,val_conf_me6,test_acc_me6,test_conf_me6,val_acc_me7,val_conf_me7,test_acc_me7,test_conf_me7,val_acc_me8,val_conf_me8,test_acc_me8,test_conf_me8,val_acc_me9,val_conf_me9,test_acc_me9,test_conf_me9,val_acc_med,val_conf_med,test_acc_med,test_conf_med,val_acc_maj,val_conf_maj,test_acc_maj,test_conf_maj,val_acc_lin,val_conf_lin,test_acc_lin,test_conf_lin,val_nld,val_conf_nld,test_nld,test_conf_nld,val_mse,val_conf_mse,test_mse,test_conf_mse,val_svm,val_conf_svm,test_svm,test_conf_svm,val_mvm,val_conf_mvm,test_mvm,test_conf_mvm
0,5,0.6166934,0.005751539434973418,0.6322667,0.00553192546425163,0.6169334,0.005777783502579625,0.63232005,0.005556500647068918,0.6173067,0.0057731725964871305,0.63257337,0.005552348291777531,0.6171867,0.005757419321530843,0.6329734,0.005589561559516176,0.6173067,0.0057673675188217866,0.6336134,0.005596423659119054,0.61744004,0.005779323549832349,0.63354677,0.005602539055151401,0.6172401,0.005799869211711939,0.63358676,0.005600336348885904,0.6168934,0.00578786746415616,0.63330674,0.005630184173241792,0.61645335,0.005819877357848724,0.63272005,0.005648360425090315,0.6159334,0.005807161693335616,0.63184005,0.005673693856060202,0.6151334,0.0057789467346724965,0.6315601,0.0056769974536751144,0.6158401,0.005662429576409278,0.6303067,0.005512295518624644,0.60908,0.005531902836870661,0.6267201,0.005466937317319731,7.047711,0.02123267903701631,7.2381682,0.02761081498098772,0.17569742,0.0012908031884670823,0.16948059,0.0013217782258197475,,,,,,,,
