,shots,val_acc,val_conf,test_acc,test_conf,val_acc_me1,val_conf_me1,test_acc_me1,test_conf_me1,val_acc_me2,val_conf_me2,test_acc_me2,test_conf_me2,val_acc_me3,val_conf_me3,test_acc_me3,test_conf_me3,val_acc_me4,val_conf_me4,test_acc_me4,test_conf_me4,val_acc_me5,val_conf_me5,test_acc_me5,test_conf_me5,val_acc_me6,val_conf_me6,test_acc_me6,test_conf_me6,val_acc_me7,val_conf_me7,test_acc_me7,test_conf_me7,val_acc_me8,val_conf_me8,test_acc_me8,test_conf_me8,val_acc_me9,val_conf_me9,test_acc_me9,test_conf_me9,val_acc_med,val_conf_med,test_acc_med,test_conf_med,val_acc_maj,val_conf_maj,test_acc_maj,test_conf_maj,val_acc_lin,val_conf_lin,test_acc_lin,test_conf_lin,val_nld,val_conf_nld,test_nld,test_conf_nld,val_mse,val_conf_mse,test_mse,test_conf_mse,val_svm,val_conf_svm,test_svm,test_conf_svm,val_mvm,val_conf_mvm,test_mvm,test_conf_mvm
0,5,0.23761334,0.004229257446972584,0.27260002,0.0054682497054133195,0.23736002,0.004213860668711572,0.27282667,0.005493294060047338,0.2372,0.004207943377708162,0.27280003,0.005517993462568038,0.23690668,0.004229679055111013,0.27328002,0.005520940101704341,0.23637334,0.004243220849919488,0.27321336,0.00552848379343468,0.23620003,0.004247871007591136,0.2728667,0.005538419984360277,0.23576,0.004240550818970373,0.27194667,0.0055742474404630316,0.23540002,0.004229339644397145,0.27168003,0.005619771421966957,0.23472002,0.004242186917146201,0.27094668,0.005583974905344236,0.23428,0.004234749897354562,0.26980004,0.0055642188928806124,0.23397335,0.004262484139618883,0.26933333,0.005573439319715767,0.23976001,0.004218472036587373,0.27372003,0.005535234141482714,0.24062668,0.004187333527952114,0.27410668,0.005386863634060324,8.107061,0.01527207460866542,8.05722,0.014082700040543017,0.2644911,0.0009353123725220902,0.25745526,0.0012236583981522497,,,,,,,,
