,shots,val_acc,val_conf,test_acc,test_conf,val_acc_me1,val_conf_me1,test_acc_me1,test_conf_me1,val_acc_me2,val_conf_me2,test_acc_me2,test_conf_me2,val_acc_me3,val_conf_me3,test_acc_me3,test_conf_me3,val_acc_me4,val_conf_me4,test_acc_me4,test_conf_me4,val_acc_me5,val_conf_me5,test_acc_me5,test_conf_me5,val_acc_me6,val_conf_me6,test_acc_me6,test_conf_me6,val_acc_me7,val_conf_me7,test_acc_me7,test_conf_me7,val_acc_me8,val_conf_me8,test_acc_me8,test_conf_me8,val_acc_me9,val_conf_me9,test_acc_me9,test_conf_me9,val_acc_med,val_conf_med,test_acc_med,test_conf_med,val_acc_maj,val_conf_maj,test_acc_maj,test_conf_maj,val_acc_lin,val_conf_lin,test_acc_lin,test_conf_lin,val_nld,val_conf_nld,test_nld,test_conf_nld,val_mse,val_conf_mse,test_mse,test_conf_mse,val_svm,val_conf_svm,test_svm,test_conf_svm,val_mvm,val_conf_mvm,test_mvm,test_conf_mvm
0,5,0.66097337,0.006699007444330718,0.72676015,0.006065289775307514,0.66120005,0.006707330626244623,0.72696006,0.006061319362630213,0.6610001,0.006719980717531326,0.72721344,0.006070493149353595,0.6610534,0.006695898719261573,0.7278135,0.006073773657804371,0.66126674,0.006695653974120974,0.72828007,0.00606345280140308,0.66178674,0.006691215313193499,0.7288002,0.006051662088808252,0.66178674,0.006693054134231047,0.7292134,0.006066392975573431,0.66154677,0.006692773369994298,0.72946674,0.006048583379652639,0.6614134,0.006705539830668572,0.7296534,0.0060327354391229715,0.6616001,0.006720348297025613,0.73010683,0.006016373533798025,0.66160005,0.006711798379519074,0.73000014,0.006033623910161712,0.66009337,0.006671053855006326,0.7257601,0.006050587519105921,0.6498401,0.006457957493557487,0.7147601,0.006149607246948463,4.253479,0.007943632073488693,4.319376,0.008800692613252892,0.18379082,0.0011830046140549055,0.17321002,0.0010970219518912083,,,,,,,,
