,shots,val_acc,val_conf,test_acc,test_conf,val_acc_me1,val_conf_me1,test_acc_me1,test_conf_me1,val_acc_me2,val_conf_me2,test_acc_me2,test_conf_me2,val_acc_me3,val_conf_me3,test_acc_me3,test_conf_me3,val_acc_me4,val_conf_me4,test_acc_me4,test_conf_me4,val_acc_me5,val_conf_me5,test_acc_me5,test_conf_me5,val_acc_me6,val_conf_me6,test_acc_me6,test_conf_me6,val_acc_me7,val_conf_me7,test_acc_me7,test_conf_me7,val_acc_me8,val_conf_me8,test_acc_me8,test_conf_me8,val_acc_me9,val_conf_me9,test_acc_me9,test_conf_me9,val_acc_med,val_conf_med,test_acc_med,test_conf_med,val_acc_maj,val_conf_maj,test_acc_maj,test_conf_maj,val_acc_lin,val_conf_lin,test_acc_lin,test_conf_lin,val_nld,val_conf_nld,test_nld,test_conf_nld,val_mse,val_conf_mse,test_mse,test_conf_mse,val_svm,val_conf_svm,test_svm,test_conf_svm,val_mvm,val_conf_mvm,test_mvm,test_conf_mvm
0,5,0.49433336,0.005884598594042334,0.52888,0.006341692007184152,0.49476,0.005895402937542205,0.5293867,0.006365467381353129,0.49477336,0.0058884868092951015,0.5295333,0.006365649323967104,0.49485332,0.0059155131377848225,0.53017336,0.006354312544340601,0.49513337,0.00592312240274151,0.53049326,0.006346928167843324,0.49522668,0.005916717006806627,0.5307734,0.006338602677012917,0.49509335,0.005918030318466827,0.5309333,0.006337225639259536,0.4948667,0.005938049547402402,0.53084004,0.006321912443773003,0.49480003,0.005940243479785612,0.5309333,0.0063354990315600546,0.49464002,0.005939696728377131,0.53047997,0.006339414953809852,0.49429336,0.005933041969468866,0.53036,0.006327599766700942,0.49630666,0.0058231671019651765,0.52980006,0.006305278548093707,0.4912,0.005880126222935156,0.5222134,0.006054036116672212,4.94354,0.013088913782432599,4.7873898,0.010749422690308208,0.21266818,0.0009252239085585368,0.20494501,0.0010037327237136517,,,,,,,,
