,shots,val_acc,val_conf,test_acc,test_conf,val_acc_me1,val_conf_me1,test_acc_me1,test_conf_me1,val_acc_me2,val_conf_me2,test_acc_me2,test_conf_me2,val_acc_me3,val_conf_me3,test_acc_me3,test_conf_me3,val_acc_me4,val_conf_me4,test_acc_me4,test_conf_me4,val_acc_me5,val_conf_me5,test_acc_me5,test_conf_me5,val_acc_me6,val_conf_me6,test_acc_me6,test_conf_me6,val_acc_me7,val_conf_me7,test_acc_me7,test_conf_me7,val_acc_me8,val_conf_me8,test_acc_me8,test_conf_me8,val_acc_me9,val_conf_me9,test_acc_me9,test_conf_me9,val_acc_med,val_conf_med,test_acc_med,test_conf_med,val_acc_maj,val_conf_maj,test_acc_maj,test_conf_maj,val_acc_lin,val_conf_lin,test_acc_lin,test_conf_lin,val_nld,val_conf_nld,test_nld,test_conf_nld,val_mse,val_conf_mse,test_mse,test_conf_mse,val_svm,val_conf_svm,test_svm,test_conf_svm,val_mvm,val_conf_mvm,test_mvm,test_conf_mvm
0,5,0.26356,0.005283076917375229,0.30948004,0.006878838785120689,0.26364002,0.005265888419971665,0.30937335,0.006908653361080208,0.26424003,0.005278038861744883,0.30888003,0.006923018053701102,0.26426667,0.00530817760956992,0.30905333,0.006945520753138978,0.26417333,0.005352578995909962,0.30845338,0.006964151399739049,0.26392004,0.0053723091485096686,0.30853337,0.006968192465258871,0.26362666,0.005397853614440451,0.3078267,0.0069531184735134866,0.26342666,0.005414919739273716,0.30746672,0.006942736661718685,0.26325336,0.005416592780112306,0.30692002,0.006943142569225458,0.26334667,0.005418393273137312,0.30617335,0.006969822098468692,0.26296002,0.0054249321244412285,0.30622667,0.006976502255457595,0.26684004,0.0053056807473523815,0.31094667,0.006963362212106361,0.26848003,0.0051506490160557195,0.30812,0.006609654225975814,7.6935606,0.017787847775257326,7.841334,0.020668970946357668,0.25895035,0.0011329454589171228,0.24877633,0.0014049193045442276,,,,,,,,
