,shots,val_acc,val_conf,test_acc,test_conf,val_acc_me1,val_conf_me1,test_acc_me1,test_conf_me1,val_acc_me2,val_conf_me2,test_acc_me2,test_conf_me2,val_acc_me3,val_conf_me3,test_acc_me3,test_conf_me3,val_acc_me4,val_conf_me4,test_acc_me4,test_conf_me4,val_acc_me5,val_conf_me5,test_acc_me5,test_conf_me5,val_acc_me6,val_conf_me6,test_acc_me6,test_conf_me6,val_acc_me7,val_conf_me7,test_acc_me7,test_conf_me7,val_acc_me8,val_conf_me8,test_acc_me8,test_conf_me8,val_acc_me9,val_conf_me9,test_acc_me9,test_conf_me9,val_acc_med,val_conf_med,test_acc_med,test_conf_med,val_acc_maj,val_conf_maj,test_acc_maj,test_conf_maj,val_acc_lin,val_conf_lin,test_acc_lin,test_conf_lin,val_nld,val_conf_nld,test_nld,test_conf_nld,val_mse,val_conf_mse,test_mse,test_conf_mse,val_svm,val_conf_svm,test_svm,test_conf_svm,val_mvm,val_conf_mvm,test_mvm,test_conf_mvm
0,5,0.23209335,0.004166102117895559,0.24065335,0.004398317692659193,0.2323867,0.004180157877499285,0.24093334,0.004338263238335416,0.23200001,0.004164514045181283,0.24096002,0.004335876280539497,0.23174667,0.004168766607445251,0.24070668,0.004323353641439237,0.23174667,0.00415595627735893,0.24078669,0.004303807278586647,0.23224002,0.004177893754056972,0.24085335,0.0042876060738445965,0.23242669,0.004163641736557477,0.24084003,0.004311069282513569,0.23173334,0.004178410951335254,0.24105334,0.004271380856371798,0.23201333,0.0041871220312079405,0.24073334,0.004292391995801809,0.23180002,0.004148789400788527,0.24086669,0.004299298426599929,0.23233335,0.004143315421737903,0.24108002,0.004324005679436471,0.23240003,0.004101087649316437,0.24056001,0.004374913130467312,0.23384002,0.004033814136911146,0.24618667,0.004565344706545571,8.707684,0.02194011440417576,8.421753,0.02162642686636751,0.25999632,0.000763202567749699,0.25884625,0.0009643481509728491,,,,,,,,
