,shots,val_acc,val_conf,test_acc,test_conf,val_acc_me1,val_conf_me1,test_acc_me1,test_conf_me1,val_acc_me2,val_conf_me2,test_acc_me2,test_conf_me2,val_acc_me3,val_conf_me3,test_acc_me3,test_conf_me3,val_acc_me4,val_conf_me4,test_acc_me4,test_conf_me4,val_acc_me5,val_conf_me5,test_acc_me5,test_conf_me5,val_acc_me6,val_conf_me6,test_acc_me6,test_conf_me6,val_acc_me7,val_conf_me7,test_acc_me7,test_conf_me7,val_acc_me8,val_conf_me8,test_acc_me8,test_conf_me8,val_acc_me9,val_conf_me9,test_acc_me9,test_conf_me9,val_acc_med,val_conf_med,test_acc_med,test_conf_med,val_acc_maj,val_conf_maj,test_acc_maj,test_conf_maj,val_acc_lin,val_conf_lin,test_acc_lin,test_conf_lin,val_nld,val_conf_nld,test_nld,test_conf_nld,val_mse,val_conf_mse,test_mse,test_conf_mse,val_svm,val_conf_svm,test_svm,test_conf_svm,val_mvm,val_conf_mvm,test_mvm,test_conf_mvm
0,5,0.82052016,0.004480537282840147,0.81216013,0.004343394112405918,0.8204934,0.0044759693225930874,0.8124801,0.004321433546543574,0.82052016,0.0044693852165272885,0.81254673,0.004322035711946226,0.8201201,0.0044820200689655865,0.81264013,0.004328656298891453,0.8201868,0.004467497908244855,0.81230676,0.004349120225129677,0.81996006,0.004473017603840557,0.81204015,0.004375644595189465,0.8192801,0.004468819532004176,0.81201345,0.004363724121491774,0.8193735,0.00444048404790387,0.8120668,0.004344316293624417,0.8192134,0.004433298700002086,0.8121068,0.004334041153768231,0.8192001,0.00442835207746195,0.8117335,0.0043239396444269,0.8185468,0.004451272690772057,0.81164014,0.00432814879906207,0.8189868,0.00443851546576346,0.8126534,0.004344349542020898,0.80889344,0.004527107203482705,0.80420005,0.004451246369124862,4.9481306,0.013969249123285898,4.9508,0.01583131079000033,0.13904592,0.001075874470946564,0.14111948,0.0009954476389206213,,,,,,,,
