,shots,val_acc,val_conf,test_acc,test_conf,val_acc_me1,val_conf_me1,test_acc_me1,test_conf_me1,val_acc_me2,val_conf_me2,test_acc_me2,test_conf_me2,val_acc_me3,val_conf_me3,test_acc_me3,test_conf_me3,val_acc_me4,val_conf_me4,test_acc_me4,test_conf_me4,val_acc_me5,val_conf_me5,test_acc_me5,test_conf_me5,val_acc_me6,val_conf_me6,test_acc_me6,test_conf_me6,val_acc_me7,val_conf_me7,test_acc_me7,test_conf_me7,val_acc_me8,val_conf_me8,test_acc_me8,test_conf_me8,val_acc_me9,val_conf_me9,test_acc_me9,test_conf_me9,val_acc_med,val_conf_med,test_acc_med,test_conf_med,val_acc_maj,val_conf_maj,test_acc_maj,test_conf_maj,val_acc_lin,val_conf_lin,test_acc_lin,test_conf_lin,val_nld,val_conf_nld,test_nld,test_conf_nld,val_mse,val_conf_mse,test_mse,test_conf_mse,val_svm,val_conf_svm,test_svm,test_conf_svm,val_mvm,val_conf_mvm,test_mvm,test_conf_mvm
0,5,0.6760801,0.006745425438272723,0.74418676,0.0063003236134544505,0.6766401,0.0067451691485500564,0.74453336,0.006289735384531592,0.6771601,0.006751405531802868,0.7451334,0.006294156497694381,0.6776267,0.0067556913424632326,0.74558675,0.006303959695034056,0.67792004,0.0067736464001185714,0.7459334,0.006322342364010525,0.67852014,0.006778439248825041,0.7463201,0.0063076932128866,0.6786001,0.006785258402582484,0.7464534,0.006320707651184532,0.6786934,0.006788100216913229,0.7465735,0.006317852445138494,0.6788268,0.006785272256080943,0.74676013,0.006319041998878561,0.6791334,0.0067969756916351765,0.7468534,0.006315409149781903,0.6793734,0.00682778310165566,0.74682677,0.0063209302307275506,0.6758401,0.006617795465275855,0.7438268,0.0061838106112408475,0.66124004,0.006549821889411667,0.7296134,0.00624779253239649,4.4783387,0.009649647932813643,4.5662813,0.01083035482869299,0.17773075,0.0012232208584904702,0.16500062,0.0012130522751271078,,,,,,,,
