,shots,val_acc,val_conf,test_acc,test_conf,val_acc_me1,val_conf_me1,test_acc_me1,test_conf_me1,val_acc_me2,val_conf_me2,test_acc_me2,test_conf_me2,val_acc_me3,val_conf_me3,test_acc_me3,test_conf_me3,val_acc_me4,val_conf_me4,test_acc_me4,test_conf_me4,val_acc_me5,val_conf_me5,test_acc_me5,test_conf_me5,val_acc_me6,val_conf_me6,test_acc_me6,test_conf_me6,val_acc_me7,val_conf_me7,test_acc_me7,test_conf_me7,val_acc_me8,val_conf_me8,test_acc_me8,test_conf_me8,val_acc_me9,val_conf_me9,test_acc_me9,test_conf_me9,val_acc_med,val_conf_med,test_acc_med,test_conf_med,val_acc_maj,val_conf_maj,test_acc_maj,test_conf_maj,val_acc_lin,val_conf_lin,test_acc_lin,test_conf_lin,val_nld,val_conf_nld,test_nld,test_conf_nld,val_mse,val_conf_mse,test_mse,test_conf_mse,val_svm,val_conf_svm,test_svm,test_conf_svm,val_mvm,val_conf_mvm,test_mvm,test_conf_mvm
0,5,0.3737067,0.0072724813278834954,0.3867467,0.007777962702457619,0.37393335,0.0073081023668583045,0.3865067,0.007761592485033553,0.37356004,0.007329479700432628,0.38714674,0.007760397389894147,0.3735467,0.0073558752329561106,0.38712004,0.007769207291389635,0.37344003,0.0073813042530658235,0.38689336,0.007770961144302924,0.37345338,0.007393379424163737,0.3863067,0.007781578465572703,0.3734667,0.007432893296224097,0.38580006,0.0077757128942971265,0.3734667,0.0074816617670825925,0.38576004,0.0077872473171692325,0.37334672,0.007495495870709967,0.38537335,0.007793662410553015,0.3731067,0.007501044658652589,0.38480005,0.007792733302585231,0.37306672,0.007513741851834288,0.38449335,0.007812360015729325,0.37489337,0.0072891046025472805,0.38998672,0.007674398565315488,0.36696002,0.006972954836268586,0.38156003,0.007386321066665091,4.67391,0.013013924794915255,4.6762495,0.014195072232046968,0.23344061,0.0011590707327735206,0.23080872,0.001201782569522608,,,,,,,,
