,shots,val_acc,val_conf,test_acc,test_conf,val_acc_me1,val_conf_me1,test_acc_me1,test_conf_me1,val_acc_me2,val_conf_me2,test_acc_me2,test_conf_me2,val_acc_me3,val_conf_me3,test_acc_me3,test_conf_me3,val_acc_me4,val_conf_me4,test_acc_me4,test_conf_me4,val_acc_me5,val_conf_me5,test_acc_me5,test_conf_me5,val_acc_me6,val_conf_me6,test_acc_me6,test_conf_me6,val_acc_me7,val_conf_me7,test_acc_me7,test_conf_me7,val_acc_me8,val_conf_me8,test_acc_me8,test_conf_me8,val_acc_me9,val_conf_me9,test_acc_me9,test_conf_me9,val_acc_med,val_conf_med,test_acc_med,test_conf_med,val_acc_maj,val_conf_maj,test_acc_maj,test_conf_maj,val_acc_lin,val_conf_lin,test_acc_lin,test_conf_lin,val_nld,val_conf_nld,test_nld,test_conf_nld,val_mse,val_conf_mse,test_mse,test_conf_mse,val_svm,val_conf_svm,test_svm,test_conf_svm,val_mvm,val_conf_mvm,test_mvm,test_conf_mvm
0,5,0.48896003,0.005987727269547494,0.52170664,0.006491966908870439,0.4893467,0.005974193786838167,0.52168006,0.006479767979852391,0.48960003,0.005957463840235766,0.52212,0.006480168345959769,0.4897067,0.005964024857137318,0.52235997,0.0064795329321607475,0.48990667,0.005958343999175386,0.52245337,0.006460010120255655,0.4904134,0.005965687738743675,0.52244,0.006463467491704233,0.49078667,0.005983050328445372,0.52324003,0.006456612780633919,0.49106672,0.005993471853602661,0.5232534,0.006454522287706488,0.4914267,0.006002900082915652,0.52320004,0.006471653523982823,0.49182668,0.006000945816057035,0.5233334,0.006461986552711907,0.49210668,0.005988362221563237,0.52381337,0.006476606611488855,0.4901067,0.005862838442125429,0.5207467,0.006429287216576096,0.4865467,0.005915103997795046,0.51457334,0.0063171159008003075,5.0080967,0.012971838789961332,4.8541427,0.010775199433230576,0.21305095,0.0009356628660348032,0.20627417,0.0010315534348979416,,,,,,,,
