,shots,val_acc,val_conf,test_acc,test_conf,val_acc_me1,val_conf_me1,test_acc_me1,test_conf_me1,val_acc_me2,val_conf_me2,test_acc_me2,test_conf_me2,val_acc_me3,val_conf_me3,test_acc_me3,test_conf_me3,val_acc_me4,val_conf_me4,test_acc_me4,test_conf_me4,val_acc_me5,val_conf_me5,test_acc_me5,test_conf_me5,val_acc_me6,val_conf_me6,test_acc_me6,test_conf_me6,val_acc_me7,val_conf_me7,test_acc_me7,test_conf_me7,val_acc_me8,val_conf_me8,test_acc_me8,test_conf_me8,val_acc_me9,val_conf_me9,test_acc_me9,test_conf_me9,val_acc_med,val_conf_med,test_acc_med,test_conf_med,val_acc_maj,val_conf_maj,test_acc_maj,test_conf_maj,val_acc_lin,val_conf_lin,test_acc_lin,test_conf_lin,val_nld,val_conf_nld,test_nld,test_conf_nld,val_mse,val_conf_mse,test_mse,test_conf_mse,val_svm,val_conf_svm,test_svm,test_conf_svm,val_mvm,val_conf_mvm,test_mvm,test_conf_mvm
0,5,0.35108003,0.00491650872856364,0.3454134,0.00495402723505306,0.3515867,0.004902821472020702,0.3454667,0.00496455404679913,0.35206673,0.004961046802755831,0.34506673,0.004957230163912141,0.35261336,0.0049484992273582384,0.34436005,0.004976874424820976,0.35344005,0.004963455002582828,0.34394673,0.005014322278467931,0.35292006,0.004965045384213496,0.34356004,0.005005748348230643,0.35310668,0.00493817052064105,0.34313336,0.0050020642411894856,0.3525334,0.004930737195115664,0.34320003,0.005043007332514338,0.35214671,0.0049510538124862835,0.34228003,0.005058326069400321,0.35100004,0.004959007105989621,0.34190673,0.005044982841404033,0.35053337,0.004951593637145479,0.34116003,0.00501214404671646,0.3527067,0.004877725859442128,0.3483467,0.00482363210375053,0.3615867,0.004798817717192039,0.3593734,0.004929100635156558,9.079525,0.013709729688278216,8.977451,0.012668618955640198,0.23677674,0.0009691713619302544,0.23648682,0.0009494176583830782,,,,,,,,
