,shots,val_acc,val_conf,test_acc,test_conf,val_acc_me1,val_conf_me1,test_acc_me1,test_conf_me1,val_acc_me2,val_conf_me2,test_acc_me2,test_conf_me2,val_acc_me3,val_conf_me3,test_acc_me3,test_conf_me3,val_acc_me4,val_conf_me4,test_acc_me4,test_conf_me4,val_acc_me5,val_conf_me5,test_acc_me5,test_conf_me5,val_acc_me6,val_conf_me6,test_acc_me6,test_conf_me6,val_acc_me7,val_conf_me7,test_acc_me7,test_conf_me7,val_acc_me8,val_conf_me8,test_acc_me8,test_conf_me8,val_acc_me9,val_conf_me9,test_acc_me9,test_conf_me9,val_acc_med,val_conf_med,test_acc_med,test_conf_med,val_acc_maj,val_conf_maj,test_acc_maj,test_conf_maj,val_acc_lin,val_conf_lin,test_acc_lin,test_conf_lin,val_nld,val_conf_nld,test_nld,test_conf_nld,val_mse,val_conf_mse,test_mse,test_conf_mse,val_svm,val_conf_svm,test_svm,test_conf_svm,val_mvm,val_conf_mvm,test_mvm,test_conf_mvm
0,5,0.7662401,0.005667759017291885,0.83364016,0.005153168505654171,0.7661735,0.005677258823013953,0.8334801,0.005164326575149758,0.76553345,0.005691698324526873,0.8331468,0.005173315186776217,0.7654535,0.0056925960312312895,0.8328268,0.005193411071736986,0.76514673,0.005690991334318829,0.8328001,0.005207729124246163,0.7647734,0.0057014816651854705,0.83266675,0.005206619459014239,0.7642801,0.005715620083997064,0.8323868,0.005200146642719949,0.7641601,0.005698053847867035,0.83186674,0.005217008197558326,0.76396006,0.005716746373427117,0.83153343,0.005238836693401305,0.76317346,0.005722756021087405,0.83112013,0.00522830018420628,0.7628268,0.0057159253227478946,0.8306934,0.005245684477722445,0.7671467,0.005582796434402959,0.83490676,0.005078107941727805,0.74974674,0.005583955972229604,0.8270668,0.005177231109026015,23.60294,0.028903032380760862,23.921429,0.029323554404928842,0.13772592,0.0014995060283045092,0.11693013,0.0013738414049650344,,,,,,,,
