,shots,val_acc,val_conf,test_acc,test_conf,val_acc_me1,val_conf_me1,test_acc_me1,test_conf_me1,val_acc_me2,val_conf_me2,test_acc_me2,test_conf_me2,val_acc_me3,val_conf_me3,test_acc_me3,test_conf_me3,val_acc_me4,val_conf_me4,test_acc_me4,test_conf_me4,val_acc_me5,val_conf_me5,test_acc_me5,test_conf_me5,val_acc_me6,val_conf_me6,test_acc_me6,test_conf_me6,val_acc_me7,val_conf_me7,test_acc_me7,test_conf_me7,val_acc_me8,val_conf_me8,test_acc_me8,test_conf_me8,val_acc_me9,val_conf_me9,test_acc_me9,test_conf_me9,val_acc_med,val_conf_med,test_acc_med,test_conf_med,val_acc_maj,val_conf_maj,test_acc_maj,test_conf_maj,val_acc_lin,val_conf_lin,test_acc_lin,test_conf_lin,val_nld,val_conf_nld,test_nld,test_conf_nld,val_mse,val_conf_mse,test_mse,test_conf_mse,val_svm,val_conf_svm,test_svm,test_conf_svm,val_mvm,val_conf_mvm,test_mvm,test_conf_mvm
0,5,0.4886534,0.006877910600719517,0.5133333,0.007004182007294357,0.49373335,0.0069027780923556215,0.5178267,0.006969370936200092,0.4986134,0.006925522304451204,0.52304006,0.006995784016488371,0.50360006,0.006936564928125666,0.5281466,0.006981975772724969,0.50780004,0.006985211026413918,0.5321067,0.006943875419297418,0.51112,0.007046143792544202,0.5347867,0.006972346667683316,0.514,0.007160429613978225,0.53757334,0.0070198230689126895,0.5168267,0.00725705499549234,0.5394267,0.006988654082580648,0.51773334,0.0073529636893493455,0.5416,0.006987355086202296,0.5188533,0.0074377983582686324,0.54146665,0.007048445320432473,0.51864004,0.0075422555842823424,0.5406267,0.007059390969617274,0.49505335,0.006777010953127105,0.52036,0.006685605569857311,0.4931467,0.006594779262825923,0.51252,0.006605989513832622,10.884426,0.021297049779697375,10.886947,0.020002263017730115,0.21264166,0.0010106146799977178,0.207962,0.0010193525433009054,,,,,,,,
