,shots,val_acc,val_conf,test_acc,test_conf,val_acc_me1,val_conf_me1,test_acc_me1,test_conf_me1,val_acc_me2,val_conf_me2,test_acc_me2,test_conf_me2,val_acc_me3,val_conf_me3,test_acc_me3,test_conf_me3,val_acc_me4,val_conf_me4,test_acc_me4,test_conf_me4,val_acc_me5,val_conf_me5,test_acc_me5,test_conf_me5,val_acc_me6,val_conf_me6,test_acc_me6,test_conf_me6,val_acc_me7,val_conf_me7,test_acc_me7,test_conf_me7,val_acc_me8,val_conf_me8,test_acc_me8,test_conf_me8,val_acc_me9,val_conf_me9,test_acc_me9,test_conf_me9,val_acc_med,val_conf_med,test_acc_med,test_conf_med,val_acc_maj,val_conf_maj,test_acc_maj,test_conf_maj,val_acc_lin,val_conf_lin,test_acc_lin,test_conf_lin,val_nld,val_conf_nld,test_nld,test_conf_nld,val_mse,val_conf_mse,test_mse,test_conf_mse,val_svm,val_conf_svm,test_svm,test_conf_svm,val_mvm,val_conf_mvm,test_mvm,test_conf_mvm
0,5,0.3924267,0.007927236919767155,0.3901867,0.007417721406422495,0.39250672,0.007944498378929632,0.38989338,0.007441328229692845,0.3926667,0.00796020178129131,0.39016002,0.007472311117361352,0.39241338,0.007968773402612206,0.39012003,0.007468035927716443,0.39234668,0.008012630808243493,0.3904267,0.0074790374526786385,0.39232004,0.008043952644842589,0.39017335,0.007511295785778027,0.39260003,0.008077484576239746,0.38968006,0.007533065173360665,0.39212003,0.008112645679063446,0.38933337,0.00757952472779827,0.39197335,0.008116768480224579,0.38955998,0.007602934369606296,0.3918667,0.008127217712378898,0.38880005,0.007621276863437054,0.3914134,0.008155068785814124,0.38848004,0.007629574185487098,0.39584002,0.007717907786350564,0.39472002,0.007450405965493179,0.38605338,0.007304776603645646,0.38500005,0.007124628017739387,4.9497743,0.013555947542549518,4.910042,0.01412441292460187,0.23022571,0.0012293371780894014,0.23014756,0.001211002419128665,,,,,,,,
