,shots,val_acc,val_conf,test_acc,test_conf,val_acc_me1,val_conf_me1,test_acc_me1,test_conf_me1,val_acc_me2,val_conf_me2,test_acc_me2,test_conf_me2,val_acc_me3,val_conf_me3,test_acc_me3,test_conf_me3,val_acc_me4,val_conf_me4,test_acc_me4,test_conf_me4,val_acc_me5,val_conf_me5,test_acc_me5,test_conf_me5,val_acc_me6,val_conf_me6,test_acc_me6,test_conf_me6,val_acc_me7,val_conf_me7,test_acc_me7,test_conf_me7,val_acc_me8,val_conf_me8,test_acc_me8,test_conf_me8,val_acc_me9,val_conf_me9,test_acc_me9,test_conf_me9,val_acc_med,val_conf_med,test_acc_med,test_conf_med,val_acc_maj,val_conf_maj,test_acc_maj,test_conf_maj,val_acc_lin,val_conf_lin,test_acc_lin,test_conf_lin,val_nld,val_conf_nld,test_nld,test_conf_nld,val_mse,val_conf_mse,test_mse,test_conf_mse,val_svm,val_conf_svm,test_svm,test_conf_svm,val_mvm,val_conf_mvm,test_mvm,test_conf_mvm
0,5,0.22408001,0.003884792976841328,0.23966669,0.004425570294958103,0.22474669,0.003908205851132329,0.23990668,0.00440517840691218,0.22508001,0.003923705607065675,0.24005334,0.004412391000027743,0.22554669,0.0038539266894520863,0.24084002,0.0044050292509114075,0.2258267,0.0038967993422298897,0.24056001,0.004365840936066401,0.22560002,0.0038912311593893023,0.24042666,0.0044442679001343854,0.22576001,0.0038852339798777225,0.24070668,0.0044232387511563,0.22586669,0.003878984666692953,0.24076001,0.004415160776166216,0.22516003,0.0038637839154360976,0.24134669,0.004398954953591355,0.22537336,0.0038187016296435117,0.24161334,0.004403269856598696,0.22517334,0.0038367278019245943,0.24149334,0.004403199665539509,0.22533335,0.0038296424301038634,0.24233334,0.004372579739532367,0.22804001,0.0037316748754743223,0.24761334,0.004592833280102737,8.997482,0.023712449731641883,8.847561,0.021041907126656767,0.26057085,0.0006897293838626917,0.2568719,0.0008445599508161705,,,,,,,,
