,shots,val_acc,val_conf,test_acc,test_conf,val_acc_me1,val_conf_me1,test_acc_me1,test_conf_me1,val_acc_me2,val_conf_me2,test_acc_me2,test_conf_me2,val_acc_me3,val_conf_me3,test_acc_me3,test_conf_me3,val_acc_me4,val_conf_me4,test_acc_me4,test_conf_me4,val_acc_me5,val_conf_me5,test_acc_me5,test_conf_me5,val_acc_me6,val_conf_me6,test_acc_me6,test_conf_me6,val_acc_me7,val_conf_me7,test_acc_me7,test_conf_me7,val_acc_me8,val_conf_me8,test_acc_me8,test_conf_me8,val_acc_me9,val_conf_me9,test_acc_me9,test_conf_me9,val_acc_med,val_conf_med,test_acc_med,test_conf_med,val_acc_maj,val_conf_maj,test_acc_maj,test_conf_maj,val_acc_lin,val_conf_lin,test_acc_lin,test_conf_lin,val_nld,val_conf_nld,test_nld,test_conf_nld,val_mse,val_conf_mse,test_mse,test_conf_mse,val_svm,val_conf_svm,test_svm,test_conf_svm,val_mvm,val_conf_mvm,test_mvm,test_conf_mvm
0,5,0.50992006,0.006000731086829858,0.51174664,0.005992829974837632,0.5119067,0.006009842994593284,0.5149867,0.006032553958292275,0.51313335,0.0060137783117409915,0.5173733,0.006018460794242508,0.5135067,0.006018781271841744,0.51989335,0.006006507995714894,0.51441336,0.006034072763513976,0.52269334,0.0060112440450774685,0.51495993,0.006008964682786777,0.52428,0.006008443791242213,0.51529336,0.006070496381836654,0.52618665,0.006041164369409047,0.51572,0.006065402450428858,0.5267467,0.006062923135976117,0.51571995,0.0060861051186250625,0.52742666,0.006090080149135257,0.51528,0.00607602900736437,0.52844006,0.006116824328038284,0.51516,0.006066601239834601,0.52856,0.006166994772947576,0.51214665,0.005864624619868586,0.5132267,0.005942662300628121,0.50457335,0.00575557080304423,0.51328003,0.006016858406246439,8.994683,0.018500695242506637,9.116666,0.02214411917632475,0.20434679,0.0011469195983253577,0.19990757,0.001315052236839892,,,,,,,,
