,shots,val_acc,val_conf,test_acc,test_conf,val_acc_me1,val_conf_me1,test_acc_me1,test_conf_me1,val_acc_me2,val_conf_me2,test_acc_me2,test_conf_me2,val_acc_me3,val_conf_me3,test_acc_me3,test_conf_me3,val_acc_me4,val_conf_me4,test_acc_me4,test_conf_me4,val_acc_me5,val_conf_me5,test_acc_me5,test_conf_me5,val_acc_me6,val_conf_me6,test_acc_me6,test_conf_me6,val_acc_me7,val_conf_me7,test_acc_me7,test_conf_me7,val_acc_me8,val_conf_me8,test_acc_me8,test_conf_me8,val_acc_me9,val_conf_me9,test_acc_me9,test_conf_me9,val_acc_med,val_conf_med,test_acc_med,test_conf_med,val_acc_maj,val_conf_maj,test_acc_maj,test_conf_maj,val_acc_lin,val_conf_lin,test_acc_lin,test_conf_lin,val_nld,val_conf_nld,test_nld,test_conf_nld,val_mse,val_conf_mse,test_mse,test_conf_mse,val_svm,val_conf_svm,test_svm,test_conf_svm,val_mvm,val_conf_mvm,test_mvm,test_conf_mvm
0,5,0.56116,0.007532362339202181,0.61801344,0.0076287803800215714,0.5614667,0.007572120494619861,0.6185601,0.007617594603529065,0.5618534,0.0075842884841578195,0.6191467,0.0076640093649881225,0.56233335,0.007586032177838931,0.61938673,0.007653654798407072,0.5625734,0.0075906888004765305,0.6193601,0.007704478204880183,0.56326663,0.0075954253116222725,0.6194934,0.007724808675749317,0.5635067,0.007605088126843684,0.6198134,0.0077374195154568115,0.56380004,0.0076067930307288645,0.61981344,0.007769600730747728,0.56404006,0.0076130552738455926,0.6197467,0.0077679216867264644,0.56413335,0.007644897540205919,0.6197334,0.0077883980811134235,0.56426674,0.007654177998868028,0.62013334,0.007815574027387195,0.56044006,0.0074254401140174675,0.61830676,0.007493072432034564,0.54593337,0.007228864049560024,0.60313344,0.007371472886945729,4.474286,0.010882019142526289,4.580105,0.012609833943564297,0.20203418,0.0012101841391490842,0.19299258,0.0012658887103817462,,,,,,,,
