,shots,val_acc,val_conf,test_acc,test_conf,val_acc_me1,val_conf_me1,test_acc_me1,test_conf_me1,val_acc_me2,val_conf_me2,test_acc_me2,test_conf_me2,val_acc_me3,val_conf_me3,test_acc_me3,test_conf_me3,val_acc_me4,val_conf_me4,test_acc_me4,test_conf_me4,val_acc_me5,val_conf_me5,test_acc_me5,test_conf_me5,val_acc_me6,val_conf_me6,test_acc_me6,test_conf_me6,val_acc_me7,val_conf_me7,test_acc_me7,test_conf_me7,val_acc_me8,val_conf_me8,test_acc_me8,test_conf_me8,val_acc_me9,val_conf_me9,test_acc_me9,test_conf_me9,val_acc_med,val_conf_med,test_acc_med,test_conf_med,val_acc_maj,val_conf_maj,test_acc_maj,test_conf_maj,val_acc_lin,val_conf_lin,test_acc_lin,test_conf_lin,val_nld,val_conf_nld,test_nld,test_conf_nld,val_mse,val_conf_mse,test_mse,test_conf_mse,val_svm,val_conf_svm,test_svm,test_conf_svm,val_mvm,val_conf_mvm,test_mvm,test_conf_mvm
0,5,0.27954668,0.004948896822765891,0.30206668,0.005552301189882591,0.27940002,0.00496999523923658,0.30185336,0.00557593341123358,0.27993336,0.004970545684911343,0.3017467,0.005575820736112236,0.27976,0.004986658689046075,0.30152002,0.0055928466857997905,0.2799334,0.00498098706674982,0.30146667,0.005596444901150077,0.2800667,0.00498235902488714,0.30118668,0.0056236296213062476,0.28005335,0.0049932557250438325,0.30149335,0.005633186688155545,0.27988002,0.005005762663512436,0.30108002,0.005633550111600216,0.27992,0.0050340228769374384,0.3011467,0.005622445608965632,0.28004003,0.005057936324308454,0.3009867,0.005636405317646254,0.28024006,0.005063521131347282,0.30096003,0.0056427266690233235,0.2795067,0.0049659121514379345,0.30104,0.0054745558179420395,0.27592003,0.0048103087324354865,0.29764003,0.005378992076198297,5.0560255,0.015421625895944757,4.894998,0.01286630837959546,0.25007433,0.0008207293935446058,0.24669464,0.0009102877591235237,,,,,,,,
