,shots,val_acc,val_conf,test_acc,test_conf,val_acc_me1,val_conf_me1,test_acc_me1,test_conf_me1,val_acc_me2,val_conf_me2,test_acc_me2,test_conf_me2,val_acc_me3,val_conf_me3,test_acc_me3,test_conf_me3,val_acc_me4,val_conf_me4,test_acc_me4,test_conf_me4,val_acc_me5,val_conf_me5,test_acc_me5,test_conf_me5,val_acc_me6,val_conf_me6,test_acc_me6,test_conf_me6,val_acc_me7,val_conf_me7,test_acc_me7,test_conf_me7,val_acc_me8,val_conf_me8,test_acc_me8,test_conf_me8,val_acc_me9,val_conf_me9,test_acc_me9,test_conf_me9,val_acc_med,val_conf_med,test_acc_med,test_conf_med,val_acc_maj,val_conf_maj,test_acc_maj,test_conf_maj,val_acc_lin,val_conf_lin,test_acc_lin,test_conf_lin,val_nld,val_conf_nld,test_nld,test_conf_nld,val_mse,val_conf_mse,test_mse,test_conf_mse,val_svm,val_conf_svm,test_svm,test_conf_svm,val_mvm,val_conf_mvm,test_mvm,test_conf_mvm
0,5,0.49112004,0.006976233959369471,0.5303334,0.007016389248411525,0.4914667,0.0069978551145178924,0.53076,0.0070144100452556035,0.4920667,0.007021044947482624,0.5313334,0.0070152754271300966,0.49241337,0.007021252749960516,0.53125334,0.007014016144114232,0.4924267,0.007022282064900964,0.53165334,0.006984053335720497,0.49267998,0.007032652793896976,0.53190666,0.00699439312523642,0.49272004,0.007028729021331337,0.532,0.0070106201898423315,0.49278668,0.007036186359587471,0.53214675,0.007016131573339024,0.49284002,0.007066255378136599,0.5327067,0.007011049186513407,0.49301335,0.007082479672042785,0.5324267,0.007019847081643493,0.49267998,0.007103258072697571,0.5323334,0.007034536869696351,0.49133337,0.006907846625682779,0.5306267,0.006975025934298107,0.47992003,0.006800151837063728,0.5161867,0.0067831535943732035,4.347253,0.00816918919507792,4.4049363,0.009508440145912012,0.2138569,0.0010982454467026448,0.20765825,0.0010890789330659234,,,,,,,,
