,shots,val_acc,val_conf,test_acc,test_conf,val_acc_me1,val_conf_me1,test_acc_me1,test_conf_me1,val_acc_me2,val_conf_me2,test_acc_me2,test_conf_me2,val_acc_me3,val_conf_me3,test_acc_me3,test_conf_me3,val_acc_me4,val_conf_me4,test_acc_me4,test_conf_me4,val_acc_me5,val_conf_me5,test_acc_me5,test_conf_me5,val_acc_me6,val_conf_me6,test_acc_me6,test_conf_me6,val_acc_me7,val_conf_me7,test_acc_me7,test_conf_me7,val_acc_me8,val_conf_me8,test_acc_me8,test_conf_me8,val_acc_me9,val_conf_me9,test_acc_me9,test_conf_me9,val_acc_med,val_conf_med,test_acc_med,test_conf_med,val_acc_maj,val_conf_maj,test_acc_maj,test_conf_maj,val_acc_lin,val_conf_lin,test_acc_lin,test_conf_lin,val_nld,val_conf_nld,test_nld,test_conf_nld,val_mse,val_conf_mse,test_mse,test_conf_mse,val_svm,val_conf_svm,test_svm,test_conf_svm,val_mvm,val_conf_mvm,test_mvm,test_conf_mvm
0,5,0.38001338,0.0082089893727742,0.41941336,0.008485555999499905,0.37937337,0.008212062078747084,0.41925335,0.008511248697864904,0.3792667,0.008231899365068684,0.41912,0.008520430796687462,0.37909338,0.008243533533130232,0.41868004,0.008538646300115027,0.37836003,0.008238701432844608,0.41840002,0.008551821900779133,0.37852,0.008268882664731803,0.4179067,0.008584285265656688,0.37828004,0.008311583765019503,0.41736004,0.008582909151469864,0.37784,0.00831579430500462,0.4165867,0.008573730746913588,0.37766668,0.008326376530744806,0.41618672,0.008571647180735387,0.37725335,0.008353106394366039,0.4153867,0.00859546411540002,0.37690666,0.008373239221989515,0.41452003,0.008587220360210923,0.3830267,0.008100196925288627,0.4251067,0.008457928429174255,0.37725335,0.007773461239003465,0.41574672,0.008093854793663757,4.713504,0.011503129666108336,4.8448987,0.014547095170973634,0.23145469,0.0013261591638367154,0.22520263,0.0013597031015992467,,,,,,,,
