,shots,val_acc,val_conf,test_acc,test_conf,val_acc_me1,val_conf_me1,test_acc_me1,test_conf_me1,val_acc_me2,val_conf_me2,test_acc_me2,test_conf_me2,val_acc_me3,val_conf_me3,test_acc_me3,test_conf_me3,val_acc_me4,val_conf_me4,test_acc_me4,test_conf_me4,val_acc_me5,val_conf_me5,test_acc_me5,test_conf_me5,val_acc_me6,val_conf_me6,test_acc_me6,test_conf_me6,val_acc_me7,val_conf_me7,test_acc_me7,test_conf_me7,val_acc_me8,val_conf_me8,test_acc_me8,test_conf_me8,val_acc_me9,val_conf_me9,test_acc_me9,test_conf_me9,val_acc_med,val_conf_med,test_acc_med,test_conf_med,val_acc_maj,val_conf_maj,test_acc_maj,test_conf_maj,val_acc_lin,val_conf_lin,test_acc_lin,test_conf_lin,val_nld,val_conf_nld,test_nld,test_conf_nld,val_mse,val_conf_mse,test_mse,test_conf_mse,val_svm,val_conf_svm,test_svm,test_conf_svm,val_mvm,val_conf_mvm,test_mvm,test_conf_mvm
0,5,0.53748,0.007600432427772641,0.59252,0.008120922682648968,0.53793335,0.007638459819441223,0.59281343,0.008146817642092463,0.5386,0.007649862172294131,0.5932267,0.008173601996141255,0.53918666,0.007680688053645968,0.5937333,0.008183596833543971,0.53902674,0.0076903120790714485,0.59364,0.008198051573905185,0.53892004,0.007712448584365039,0.5937334,0.008228249429990564,0.5390934,0.007752141628339593,0.5937334,0.008253715854546262,0.5394134,0.007783853210030611,0.5934,0.008276249955247561,0.5396668,0.007800492185325969,0.593,0.00828530552545026,0.53969336,0.00782246198685388,0.59276,0.008306268639418635,0.5396,0.007836677523473945,0.59289336,0.00832668500197864,0.5375067,0.0074993268248354505,0.5928267,0.008045495924578261,0.52112,0.007167368831389576,0.5749467,0.007745391742074892,5.039623,0.012116279969437649,5.149618,0.014803916868034506,0.20287684,0.0013622162416775385,0.19202511,0.0014910580494579828,,,,,,,,
