,shots,val_acc,val_conf,test_acc,test_conf,val_acc_me1,val_conf_me1,test_acc_me1,test_conf_me1,val_acc_me2,val_conf_me2,test_acc_me2,test_conf_me2,val_acc_me3,val_conf_me3,test_acc_me3,test_conf_me3,val_acc_me4,val_conf_me4,test_acc_me4,test_conf_me4,val_acc_me5,val_conf_me5,test_acc_me5,test_conf_me5,val_acc_me6,val_conf_me6,test_acc_me6,test_conf_me6,val_acc_me7,val_conf_me7,test_acc_me7,test_conf_me7,val_acc_me8,val_conf_me8,test_acc_me8,test_conf_me8,val_acc_me9,val_conf_me9,test_acc_me9,test_conf_me9,val_acc_med,val_conf_med,test_acc_med,test_conf_med,val_acc_maj,val_conf_maj,test_acc_maj,test_conf_maj,val_acc_lin,val_conf_lin,test_acc_lin,test_conf_lin,val_nld,val_conf_nld,test_nld,test_conf_nld,val_mse,val_conf_mse,test_mse,test_conf_mse,val_svm,val_conf_svm,test_svm,test_conf_svm,val_mvm,val_conf_mvm,test_mvm,test_conf_mvm
0,5,0.23304,0.004506933277146907,0.22930668,0.004223421429827151,0.23249334,0.0045248347679412715,0.22921334,0.004222913006431295,0.23132001,0.004606672463346173,0.22893335,0.004245079989421585,0.23134668,0.004620645101958781,0.22888,0.004247120147971073,0.23149335,0.0046114006623928505,0.22745335,0.00426823980647284,0.2311467,0.004613783002355931,0.22713336,0.004256552071550346,0.23018667,0.004610166315674263,0.22673336,0.004233782461374208,0.22936001,0.004611418210157647,0.22636002,0.004276316396113089,0.22889334,0.004592397818465738,0.22542669,0.004301967072199181,0.22856002,0.004572012857169072,0.22497335,0.004326094325230817,0.22693335,0.0045631650894442655,0.22332,0.004257694523395417,0.23414668,0.004510023530884616,0.22925334,0.004295129447110413,0.23377335,0.004368241747360835,0.23102668,0.004213477388585712,11.373796,0.010358392917366288,11.379223,0.011695660047212897,0.25717986,0.0007243655545381422,0.25832492,0.0007709439604485224,,,,,,,,
