,shots,val_acc,val_conf,test_acc,test_conf,val_acc_me1,val_conf_me1,test_acc_me1,test_conf_me1,val_acc_me2,val_conf_me2,test_acc_me2,test_conf_me2,val_acc_me3,val_conf_me3,test_acc_me3,test_conf_me3,val_acc_me4,val_conf_me4,test_acc_me4,test_conf_me4,val_acc_me5,val_conf_me5,test_acc_me5,test_conf_me5,val_acc_me6,val_conf_me6,test_acc_me6,test_conf_me6,val_acc_me7,val_conf_me7,test_acc_me7,test_conf_me7,val_acc_me8,val_conf_me8,test_acc_me8,test_conf_me8,val_acc_me9,val_conf_me9,test_acc_me9,test_conf_me9,val_acc_med,val_conf_med,test_acc_med,test_conf_med,val_acc_maj,val_conf_maj,test_acc_maj,test_conf_maj,val_acc_lin,val_conf_lin,test_acc_lin,test_conf_lin,val_nld,val_conf_nld,test_nld,test_conf_nld,val_mse,val_conf_mse,test_mse,test_conf_mse,val_svm,val_conf_svm,test_svm,test_conf_svm,val_mvm,val_conf_mvm,test_mvm,test_conf_mvm
0,5,0.27280003,0.005025898261835637,0.30425337,0.005737959312152319,0.27308002,0.005056493251545446,0.3047467,0.005750634801519661,0.27289337,0.005066843200293658,0.30468005,0.005772557501152631,0.27322668,0.005044060198402256,0.30509338,0.00579060537724807,0.27278668,0.005023987864389012,0.30529332,0.00577726861421779,0.27297336,0.005040489690048999,0.30482665,0.005784160729734145,0.27268,0.005048778699999978,0.30508003,0.0057915945170428085,0.27270666,0.005037133449139641,0.30524004,0.0057891572248688905,0.27277339,0.00503947053434084,0.30470666,0.005816244508752122,0.27254668,0.005063847612129191,0.30446666,0.005847096249967876,0.2724667,0.005054473873243703,0.30444,0.005863053171352606,0.27457336,0.0050271866371984775,0.30506667,0.005668761087018581,0.26816005,0.004835474074289914,0.29957336,0.005447207164720025,5.5435114,0.0165632188240874,5.364696,0.014520770753075674,0.25276276,0.0008773894521151848,0.24746737,0.0009826186066112796,,,,,,,,
