,shots,val_acc,val_conf,test_acc,test_conf,val_acc_me1,val_conf_me1,test_acc_me1,test_conf_me1,val_acc_me2,val_conf_me2,test_acc_me2,test_conf_me2,val_acc_me3,val_conf_me3,test_acc_me3,test_conf_me3,val_acc_me4,val_conf_me4,test_acc_me4,test_conf_me4,val_acc_me5,val_conf_me5,test_acc_me5,test_conf_me5,val_acc_me6,val_conf_me6,test_acc_me6,test_conf_me6,val_acc_me7,val_conf_me7,test_acc_me7,test_conf_me7,val_acc_me8,val_conf_me8,test_acc_me8,test_conf_me8,val_acc_me9,val_conf_me9,test_acc_me9,test_conf_me9,val_acc_med,val_conf_med,test_acc_med,test_conf_med,val_acc_maj,val_conf_maj,test_acc_maj,test_conf_maj,val_acc_lin,val_conf_lin,test_acc_lin,test_conf_lin,val_nld,val_conf_nld,test_nld,test_conf_nld,val_mse,val_conf_mse,test_mse,test_conf_mse,val_svm,val_conf_svm,test_svm,test_conf_svm,val_mvm,val_conf_mvm,test_mvm,test_conf_mvm
0,5,0.29754668,0.005329548016395014,0.3212,0.006015718263317815,0.29757336,0.005351355731990193,0.32105336,0.0060306347869632515,0.29738668,0.005374727507568899,0.3211067,0.006062818772953893,0.29761335,0.0053794552448322985,0.32082668,0.006072848244102924,0.29726672,0.005365204612682639,0.32076004,0.00607338806876212,0.29737335,0.005363497861664346,0.32072002,0.006074588705300976,0.29686666,0.0053604117639761695,0.32080004,0.006089723652439816,0.29653335,0.005370962126669765,0.3205867,0.006096772774272785,0.29625335,0.00537965057916151,0.32038668,0.006095656644074909,0.29605335,0.005375287188909339,0.3202267,0.006113828278090538,0.29636002,0.005381330084966052,0.32024005,0.006123267590202375,0.29869336,0.005368797748416809,0.32300007,0.005990007555404742,0.2914267,0.005050061533963424,0.30933338,0.005474810722314927,24.57657,0.03203850209052206,24.265833,0.028323880409946156,0.25841504,0.0012563563489381702,0.25255686,0.001371356433667037,,,,,,,,
