,shots,val_acc,val_conf,test_acc,test_conf,val_acc_me1,val_conf_me1,test_acc_me1,test_conf_me1,val_acc_me2,val_conf_me2,test_acc_me2,test_conf_me2,val_acc_me3,val_conf_me3,test_acc_me3,test_conf_me3,val_acc_me4,val_conf_me4,test_acc_me4,test_conf_me4,val_acc_me5,val_conf_me5,test_acc_me5,test_conf_me5,val_acc_me6,val_conf_me6,test_acc_me6,test_conf_me6,val_acc_me7,val_conf_me7,test_acc_me7,test_conf_me7,val_acc_me8,val_conf_me8,test_acc_me8,test_conf_me8,val_acc_me9,val_conf_me9,test_acc_me9,test_conf_me9,val_acc_med,val_conf_med,test_acc_med,test_conf_med,val_acc_maj,val_conf_maj,test_acc_maj,test_conf_maj,val_acc_lin,val_conf_lin,test_acc_lin,test_conf_lin,val_nld,val_conf_nld,test_nld,test_conf_nld,val_mse,val_conf_mse,test_mse,test_conf_mse,val_svm,val_conf_svm,test_svm,test_conf_svm,val_mvm,val_conf_mvm,test_mvm,test_conf_mvm
0,5,0.7130402,0.005712722393888869,0.71064013,0.006216092495287651,0.7137201,0.005714136836088235,0.7112401,0.006224672890491001,0.71420014,0.0057014784327024115,0.71178675,0.006239876181555859,0.7148134,0.005717277885987193,0.7125734,0.006238243315862979,0.71529347,0.005730815524746191,0.71332014,0.006251775875005805,0.7155467,0.005737018197819244,0.7137334,0.006239686850409321,0.71600014,0.005728405939569359,0.7140268,0.006229719720003746,0.7161201,0.005735699806542871,0.7143068,0.006229466200980749,0.71630675,0.005742367495383038,0.7146667,0.006218885822373621,0.7166267,0.00575097513580014,0.7147201,0.006211691238806161,0.7166801,0.00574776528019183,0.71450686,0.006226260039638665,0.7110401,0.005650813417895861,0.7088801,0.006238884271061451,0.6948801,0.005643557878934891,0.6943467,0.006232074814752964,4.494004,0.010194184628646852,4.4704337,0.011161128348014415,0.1737366,0.0010475461444871548,0.17440493,0.0011165443020130228,,,,,,,,
