,shots,val_acc,val_conf,test_acc,test_conf,val_acc_me1,val_conf_me1,test_acc_me1,test_conf_me1,val_acc_me2,val_conf_me2,test_acc_me2,test_conf_me2,val_acc_me3,val_conf_me3,test_acc_me3,test_conf_me3,val_acc_me4,val_conf_me4,test_acc_me4,test_conf_me4,val_acc_me5,val_conf_me5,test_acc_me5,test_conf_me5,val_acc_me6,val_conf_me6,test_acc_me6,test_conf_me6,val_acc_me7,val_conf_me7,test_acc_me7,test_conf_me7,val_acc_me8,val_conf_me8,test_acc_me8,test_conf_me8,val_acc_me9,val_conf_me9,test_acc_me9,test_conf_me9,val_acc_med,val_conf_med,test_acc_med,test_conf_med,val_acc_maj,val_conf_maj,test_acc_maj,test_conf_maj,val_acc_lin,val_conf_lin,test_acc_lin,test_conf_lin,val_nld,val_conf_nld,test_nld,test_conf_nld,val_mse,val_conf_mse,test_mse,test_conf_mse,val_svm,val_conf_svm,test_svm,test_conf_svm,val_mvm,val_conf_mvm,test_mvm,test_conf_mvm
0,5,0.25492,0.004917995670738695,0.28818667,0.006443314807399514,0.2546267,0.004906079814873843,0.28814667,0.006450349152167356,0.25490668,0.0049314077044442794,0.28828004,0.006459016824411357,0.25536,0.004957594972706647,0.2884267,0.00647652071979804,0.25558668,0.0049860255841635,0.28785333,0.006486619458439702,0.25498667,0.005008472869607261,0.2876267,0.0065010802019836444,0.25461337,0.005054542217169777,0.28664002,0.0065095488456321515,0.25421336,0.00507619338823162,0.28589335,0.006540280061410775,0.25372002,0.0051061709736904826,0.28581336,0.006521819351059277,0.25384,0.005133170056966396,0.28606668,0.006515321136684349,0.25361335,0.0051774592299684286,0.28561336,0.006513735834669798,0.25796002,0.004963224110940745,0.28993335,0.006296338423712078,0.26165336,0.004868666133189925,0.29353335,0.006231995388028155,8.416376,0.017152167989060274,8.565929,0.019269185748367335,0.25874543,0.000995984692880092,0.25133625,0.0012971098782249002,,,,,,,,
