,shots,val_acc,val_conf,test_acc,test_conf,val_acc_me1,val_conf_me1,test_acc_me1,test_conf_me1,val_acc_me2,val_conf_me2,test_acc_me2,test_conf_me2,val_acc_me3,val_conf_me3,test_acc_me3,test_conf_me3,val_acc_me4,val_conf_me4,test_acc_me4,test_conf_me4,val_acc_me5,val_conf_me5,test_acc_me5,test_conf_me5,val_acc_me6,val_conf_me6,test_acc_me6,test_conf_me6,val_acc_me7,val_conf_me7,test_acc_me7,test_conf_me7,val_acc_me8,val_conf_me8,test_acc_me8,test_conf_me8,val_acc_me9,val_conf_me9,test_acc_me9,test_conf_me9,val_acc_med,val_conf_med,test_acc_med,test_conf_med,val_acc_maj,val_conf_maj,test_acc_maj,test_conf_maj,val_acc_lin,val_conf_lin,test_acc_lin,test_conf_lin,val_nld,val_conf_nld,test_nld,test_conf_nld,val_mse,val_conf_mse,test_mse,test_conf_mse,val_svm,val_conf_svm,test_svm,test_conf_svm,val_mvm,val_conf_mvm,test_mvm,test_conf_mvm
0,5,0.3545067,0.0066629694150502905,0.37306672,0.007194246927445025,0.35432005,0.006656413477764855,0.37277338,0.007196082054216346,0.35434672,0.006686932735016027,0.3729067,0.0072082662061693226,0.35437337,0.006690391491814496,0.3728667,0.0072184448333191265,0.35466668,0.0067071320594324635,0.37289336,0.00722980654924299,0.35472003,0.006725411750736543,0.37288,0.007220578733875271,0.3546667,0.00676437240642247,0.3731067,0.007222370914801157,0.35461336,0.006779251525621921,0.37301338,0.007240177278239002,0.35461336,0.006786205520098287,0.37262672,0.007247951861611368,0.35442668,0.006785424644564775,0.37292004,0.0072686646890398054,0.35444003,0.006769681528840665,0.3728667,0.007305707558746544,0.35632002,0.006656890499897428,0.37570673,0.007128222538823392,0.34676,0.00631070634881592,0.36746672,0.006791925629639373,4.466245,0.011680556963120203,4.481633,0.012647713102798441,0.23688528,0.0010081273997833429,0.23344468,0.0010793949912593082,,,,,,,,
