,shots,val_acc,val_conf,test_acc,test_conf,val_acc_me1,val_conf_me1,test_acc_me1,test_conf_me1,val_acc_me2,val_conf_me2,test_acc_me2,test_conf_me2,val_acc_me3,val_conf_me3,test_acc_me3,test_conf_me3,val_acc_me4,val_conf_me4,test_acc_me4,test_conf_me4,val_acc_me5,val_conf_me5,test_acc_me5,test_conf_me5,val_acc_me6,val_conf_me6,test_acc_me6,test_conf_me6,val_acc_me7,val_conf_me7,test_acc_me7,test_conf_me7,val_acc_me8,val_conf_me8,test_acc_me8,test_conf_me8,val_acc_me9,val_conf_me9,test_acc_me9,test_conf_me9,val_acc_med,val_conf_med,test_acc_med,test_conf_med,val_acc_maj,val_conf_maj,test_acc_maj,test_conf_maj,val_acc_lin,val_conf_lin,test_acc_lin,test_conf_lin,val_nld,val_conf_nld,test_nld,test_conf_nld,val_mse,val_conf_mse,test_mse,test_conf_mse,val_svm,val_conf_svm,test_svm,test_conf_svm,val_mvm,val_conf_mvm,test_mvm,test_conf_mvm
0,5,0.48238665,0.005553838004652312,0.49077335,0.005720592104617783,0.48341337,0.0055906125782709815,0.49305335,0.005719959923301765,0.48466668,0.0056476118743866155,0.49524003,0.00579322969165208,0.4854267,0.005686445539669405,0.49752003,0.005787258833787723,0.48653334,0.005708316057791263,0.49828002,0.005776733869174766,0.487,0.005702173416545164,0.50017333,0.005764085625021176,0.48721337,0.0057259178512341635,0.5014267,0.005778224043832769,0.4875067,0.005678426211156384,0.5024267,0.005799028304351417,0.48729333,0.0056828644103006365,0.5029733,0.005843968130000876,0.48788,0.005688631159953383,0.5029333,0.005839481443611794,0.4876267,0.005706454609372746,0.5034,0.00586852207078703,0.48380002,0.005459416252970362,0.4924267,0.005709122331405414,0.47385332,0.005532844412987126,0.49174666,0.005716150672990583,8.738438,0.018600865272510703,8.943835,0.022834350345450005,0.21088736,0.0011015505451132945,0.2069356,0.001229887508318317,,,,,,,,
