,shots,val_acc,val_conf,test_acc,test_conf,val_acc_me1,val_conf_me1,test_acc_me1,test_conf_me1,val_acc_me2,val_conf_me2,test_acc_me2,test_conf_me2,val_acc_me3,val_conf_me3,test_acc_me3,test_conf_me3,val_acc_me4,val_conf_me4,test_acc_me4,test_conf_me4,val_acc_me5,val_conf_me5,test_acc_me5,test_conf_me5,val_acc_me6,val_conf_me6,test_acc_me6,test_conf_me6,val_acc_me7,val_conf_me7,test_acc_me7,test_conf_me7,val_acc_me8,val_conf_me8,test_acc_me8,test_conf_me8,val_acc_me9,val_conf_me9,test_acc_me9,test_conf_me9,val_acc_med,val_conf_med,test_acc_med,test_conf_med,val_acc_maj,val_conf_maj,test_acc_maj,test_conf_maj,val_acc_lin,val_conf_lin,test_acc_lin,test_conf_lin,val_nld,val_conf_nld,test_nld,test_conf_nld,val_mse,val_conf_mse,test_mse,test_conf_mse,val_svm,val_conf_svm,test_svm,test_conf_svm,val_mvm,val_conf_mvm,test_mvm,test_conf_mvm
0,5,0.35736004,0.00554286326312059,0.3524134,0.005634508311914865,0.35808006,0.005533510766266181,0.35302666,0.005636099617112145,0.3581067,0.0055939974497439815,0.35296002,0.005659686583701251,0.35856006,0.005631297994523277,0.35346672,0.0056476363489006975,0.35889336,0.005647648817049378,0.35308003,0.005682012881924603,0.35840005,0.005675992151465525,0.3526267,0.005690762289809859,0.35884002,0.005694619565582593,0.3521467,0.005689493771128262,0.3588667,0.005732090508393739,0.35156003,0.00574463161882538,0.3585067,0.005733979202026007,0.35109338,0.005750308782521085,0.35805336,0.005724268823126377,0.3508267,0.005755470596071566,0.35732004,0.0057117101649299395,0.35077336,0.0057579928563697425,0.35789338,0.005401589441209442,0.35381335,0.005551730425743362,0.35249338,0.005256310111091289,0.35250673,0.005483803489990946,8.218722,0.013611113097242722,8.157357,0.013229271888091532,0.23904043,0.001060615419550076,0.23935822,0.0011318372944809085,,,,,,,,
