,shots,val_acc,val_conf,test_acc,test_conf,val_acc_me1,val_conf_me1,test_acc_me1,test_conf_me1,val_acc_me2,val_conf_me2,test_acc_me2,test_conf_me2,val_acc_me3,val_conf_me3,test_acc_me3,test_conf_me3,val_acc_me4,val_conf_me4,test_acc_me4,test_conf_me4,val_acc_me5,val_conf_me5,test_acc_me5,test_conf_me5,val_acc_me6,val_conf_me6,test_acc_me6,test_conf_me6,val_acc_me7,val_conf_me7,test_acc_me7,test_conf_me7,val_acc_me8,val_conf_me8,test_acc_me8,test_conf_me8,val_acc_me9,val_conf_me9,test_acc_me9,test_conf_me9,val_acc_med,val_conf_med,test_acc_med,test_conf_med,val_acc_maj,val_conf_maj,test_acc_maj,test_conf_maj,val_acc_lin,val_conf_lin,test_acc_lin,test_conf_lin,val_nld,val_conf_nld,test_nld,test_conf_nld,val_mse,val_conf_mse,test_mse,test_conf_mse,val_svm,val_conf_svm,test_svm,test_conf_svm,val_mvm,val_conf_mvm,test_mvm,test_conf_mvm
0,5,0.3273467,0.004729986147985921,0.39580005,0.005263831175440659,0.32677335,0.0047412845995998265,0.39561337,0.005293551085826909,0.32729337,0.004715104719870078,0.39538673,0.00529326200949104,0.3276667,0.004737565858812409,0.39548004,0.0052869171071664445,0.32720003,0.004707748973936443,0.39452004,0.005303183885134843,0.3273867,0.0047163579997033245,0.39421338,0.005321172191186607,0.3271467,0.004692644966277637,0.3934267,0.005309616988066701,0.32697335,0.004669041837273513,0.39304003,0.005308044154200775,0.32660004,0.00470670164944792,0.39212006,0.005333111136215707,0.32552,0.004680677390684895,0.3915067,0.005308154058622394,0.32492006,0.0046665057234768215,0.3903467,0.005269675042901878,0.32932,0.004738289011435415,0.39668006,0.005269102431629535,0.32656002,0.004531018046116386,0.3869334,0.004944665040749696,9.417584,0.010423546844497977,9.422809,0.011318907689851443,0.24522397,0.0008779006462107386,0.23121247,0.0010120524422529975,,,,,,,,
