,shots,val_acc,val_conf,test_acc,test_conf,val_acc_me1,val_conf_me1,test_acc_me1,test_conf_me1,val_acc_me2,val_conf_me2,test_acc_me2,test_conf_me2,val_acc_me3,val_conf_me3,test_acc_me3,test_conf_me3,val_acc_me4,val_conf_me4,test_acc_me4,test_conf_me4,val_acc_me5,val_conf_me5,test_acc_me5,test_conf_me5,val_acc_me6,val_conf_me6,test_acc_me6,test_conf_me6,val_acc_me7,val_conf_me7,test_acc_me7,test_conf_me7,val_acc_me8,val_conf_me8,test_acc_me8,test_conf_me8,val_acc_me9,val_conf_me9,test_acc_me9,test_conf_me9,val_acc_med,val_conf_med,test_acc_med,test_conf_med,val_acc_maj,val_conf_maj,test_acc_maj,test_conf_maj,val_acc_lin,val_conf_lin,test_acc_lin,test_conf_lin,val_nld,val_conf_nld,test_nld,test_conf_nld,val_mse,val_conf_mse,test_mse,test_conf_mse,val_svm,val_conf_svm,test_svm,test_conf_svm,val_mvm,val_conf_mvm,test_mvm,test_conf_mvm
0,5,0.58252,0.007346321398589817,0.57221335,0.007228153365085643,0.5827601,0.007385896687826965,0.5726533,0.007252298627665299,0.5833068,0.007399182654695968,0.5732134,0.007268517380172201,0.58352,0.007429231816563853,0.5732534,0.0073026274642410405,0.5838533,0.007434850795565717,0.5738,0.0073271033636522764,0.58433336,0.00747720417304043,0.57453334,0.007324589877236498,0.58480006,0.0075008474771902645,0.5746534,0.007354548529580729,0.58532006,0.007520889333506808,0.5748267,0.007368489766929942,0.58578676,0.007524380876918424,0.57512,0.007395927082542553,0.58638674,0.007527601353542246,0.5752401,0.007435497753946807,0.58648,0.007564799844215764,0.57553333,0.007442813324734732,0.5812267,0.007337813965145434,0.57324,0.007057801049769941,0.56448007,0.00705587125742535,0.55810666,0.006839639387476892,4.563512,0.011102324864607382,4.5183396,0.011763313145477738,0.19859275,0.0011863909863235877,0.20040976,0.0011158373118049514,,,,,,,,
