,shots,val_acc,val_conf,test_acc,test_conf,val_acc_me1,val_conf_me1,test_acc_me1,test_conf_me1,val_acc_me2,val_conf_me2,test_acc_me2,test_conf_me2,val_acc_me3,val_conf_me3,test_acc_me3,test_conf_me3,val_acc_me4,val_conf_me4,test_acc_me4,test_conf_me4,val_acc_me5,val_conf_me5,test_acc_me5,test_conf_me5,val_acc_me6,val_conf_me6,test_acc_me6,test_conf_me6,val_acc_me7,val_conf_me7,test_acc_me7,test_conf_me7,val_acc_me8,val_conf_me8,test_acc_me8,test_conf_me8,val_acc_me9,val_conf_me9,test_acc_me9,test_conf_me9,val_acc_med,val_conf_med,test_acc_med,test_conf_med,val_acc_maj,val_conf_maj,test_acc_maj,test_conf_maj,val_acc_lin,val_conf_lin,test_acc_lin,test_conf_lin,val_nld,val_conf_nld,test_nld,test_conf_nld,val_mse,val_conf_mse,test_mse,test_conf_mse,val_svm,val_conf_svm,test_svm,test_conf_svm,val_mvm,val_conf_mvm,test_mvm,test_conf_mvm
0,5,0.36880004,0.007377064158950508,0.40700004,0.007991309350446563,0.36904004,0.007402684819123151,0.40657336,0.007993129700152757,0.36878672,0.007437803437884749,0.4062267,0.008009916446099108,0.36870673,0.007432833264397143,0.40606672,0.008026416886409315,0.3689867,0.007440606924202953,0.40592006,0.008061553052935655,0.36892006,0.007446563466785572,0.40558672,0.008106986063132593,0.36845338,0.007448426762337201,0.40522668,0.008133038028892647,0.3681867,0.0074344153339287455,0.40502673,0.008169625118497892,0.36792,0.007448661810028845,0.4046934,0.008192739219004042,0.36789337,0.007461149815382817,0.40433338,0.008197045809912262,0.36792004,0.007485830284788886,0.40402672,0.008197188962730362,0.37149337,0.00732734533809315,0.40848005,0.007964322735319329,0.36616004,0.00714327482675442,0.39929336,0.00769597769818503,4.481333,0.011009549832117216,4.5982018,0.013494679059971482,0.2335335,0.0011515161891360592,0.22782369,0.0012558642034030398,,,,,,,,
