,shots,val_acc,val_conf,test_acc,test_conf,val_acc_me1,val_conf_me1,test_acc_me1,test_conf_me1,val_acc_me2,val_conf_me2,test_acc_me2,test_conf_me2,val_acc_me3,val_conf_me3,test_acc_me3,test_conf_me3,val_acc_me4,val_conf_me4,test_acc_me4,test_conf_me4,val_acc_me5,val_conf_me5,test_acc_me5,test_conf_me5,val_acc_me6,val_conf_me6,test_acc_me6,test_conf_me6,val_acc_me7,val_conf_me7,test_acc_me7,test_conf_me7,val_acc_me8,val_conf_me8,test_acc_me8,test_conf_me8,val_acc_me9,val_conf_me9,test_acc_me9,test_conf_me9,val_acc_med,val_conf_med,test_acc_med,test_conf_med,val_acc_maj,val_conf_maj,test_acc_maj,test_conf_maj,val_acc_lin,val_conf_lin,test_acc_lin,test_conf_lin,val_nld,val_conf_nld,test_nld,test_conf_nld,val_mse,val_conf_mse,test_mse,test_conf_mse,val_svm,val_conf_svm,test_svm,test_conf_svm,val_mvm,val_conf_mvm,test_mvm,test_conf_mvm
0,5,0.38382673,0.005683335891033758,0.42617336,0.006446742162934671,0.38396004,0.005682984473954489,0.42636004,0.006459075470888476,0.38396004,0.005669616771444175,0.42720005,0.006454625265378877,0.3835334,0.005671785767529969,0.42728004,0.006443997784876809,0.38364005,0.005678151911885587,0.42776,0.006477718123853893,0.38365337,0.005669685115370249,0.4280267,0.006493125061347138,0.3834267,0.005654413480379261,0.4278667,0.006497245553591879,0.38329336,0.005688947943286338,0.4280667,0.0065194120747988915,0.38350672,0.0056885775930924365,0.42790672,0.006529804045825982,0.3834134,0.00566084889222751,0.4281867,0.0065241827579076705,0.38364005,0.005665858779077548,0.42812005,0.006496783308524379,0.38689336,0.0055803475976470285,0.42798668,0.006433025352261534,0.3732934,0.005373799323167727,0.40724006,0.005966095493383561,25.044325,0.03356257903014637,24.756742,0.03155659613795336,0.23908831,0.0013088126211041051,0.22935425,0.0014659979941923362,,,,,,,,
