,shots,val_acc,val_conf,test_acc,test_conf,val_acc_me1,val_conf_me1,test_acc_me1,test_conf_me1,val_acc_me2,val_conf_me2,test_acc_me2,test_conf_me2,val_acc_me3,val_conf_me3,test_acc_me3,test_conf_me3,val_acc_me4,val_conf_me4,test_acc_me4,test_conf_me4,val_acc_me5,val_conf_me5,test_acc_me5,test_conf_me5,val_acc_me6,val_conf_me6,test_acc_me6,test_conf_me6,val_acc_me7,val_conf_me7,test_acc_me7,test_conf_me7,val_acc_me8,val_conf_me8,test_acc_me8,test_conf_me8,val_acc_me9,val_conf_me9,test_acc_me9,test_conf_me9,val_acc_med,val_conf_med,test_acc_med,test_conf_med,val_acc_maj,val_conf_maj,test_acc_maj,test_conf_maj,val_acc_lin,val_conf_lin,test_acc_lin,test_conf_lin,val_nld,val_conf_nld,test_nld,test_conf_nld,val_mse,val_conf_mse,test_mse,test_conf_mse,val_svm,val_conf_svm,test_svm,test_conf_svm,val_mvm,val_conf_mvm,test_mvm,test_conf_mvm
0,5,0.22714669,0.004059167424562249,0.27521336,0.005805699225674643,0.22688001,0.00403899580714287,0.27532,0.00578338308668358,0.2265867,0.004056578205687861,0.27598667,0.005823468184666447,0.22566669,0.004028117578317558,0.27545336,0.005833808435965704,0.22540003,0.004035967432365256,0.27525333,0.005845546043482919,0.22498667,0.0040295384854829586,0.27412,0.005815839986595184,0.22472002,0.00402907716398207,0.27349335,0.0058143904488661136,0.22461335,0.0040263277063080916,0.27312002,0.005802025277865774,0.2236,0.004038433355102761,0.27265334,0.005809659017336488,0.22245334,0.004077436033067511,0.27220002,0.005796546219199006,0.22180001,0.0040472834317439865,0.27145335,0.005823569315205723,0.22641335,0.004093874594417624,0.27456,0.00573767854791557,0.22566669,0.003917125657049464,0.2757467,0.005651951713691317,9.082691,0.015613315831473074,8.860064,0.014165901381986146,0.2636212,0.0008222543751177369,0.2541984,0.001149859079820792,,,,,,,,
