,shots,val_acc,val_conf,test_acc,test_conf,val_acc_me1,val_conf_me1,test_acc_me1,test_conf_me1,val_acc_me2,val_conf_me2,test_acc_me2,test_conf_me2,val_acc_me3,val_conf_me3,test_acc_me3,test_conf_me3,val_acc_me4,val_conf_me4,test_acc_me4,test_conf_me4,val_acc_me5,val_conf_me5,test_acc_me5,test_conf_me5,val_acc_me6,val_conf_me6,test_acc_me6,test_conf_me6,val_acc_me7,val_conf_me7,test_acc_me7,test_conf_me7,val_acc_me8,val_conf_me8,test_acc_me8,test_conf_me8,val_acc_me9,val_conf_me9,test_acc_me9,test_conf_me9,val_acc_med,val_conf_med,test_acc_med,test_conf_med,val_acc_maj,val_conf_maj,test_acc_maj,test_conf_maj,val_acc_lin,val_conf_lin,test_acc_lin,test_conf_lin,val_nld,val_conf_nld,test_nld,test_conf_nld,val_mse,val_conf_mse,test_mse,test_conf_mse,val_svm,val_conf_svm,test_svm,test_conf_svm,val_mvm,val_conf_mvm,test_mvm,test_conf_mvm
0,5,0.36696005,0.007002499269006868,0.36910668,0.007012985443823894,0.36702672,0.007026753512441641,0.36904004,0.007018043356135484,0.3670667,0.0070338437329868775,0.3695067,0.007041203173186739,0.36740002,0.0070141782300469635,0.36950672,0.007050905239987304,0.36734667,0.007041434526612156,0.36965334,0.007081920452485679,0.3674134,0.007037718556524353,0.3694667,0.007096773711821214,0.3675067,0.007061920156664736,0.36958674,0.007097839969424369,0.36734667,0.00706537337206381,0.36982673,0.007118891284000062,0.36696002,0.007074662142824983,0.36957335,0.007119977860067739,0.36694673,0.007091071150044925,0.3698667,0.007139055512886905,0.36649334,0.007121387222651043,0.36996,0.0071603104738909296,0.36972004,0.006979423958296593,0.37156004,0.006975591157037941,0.3595467,0.006657661677981985,0.36164,0.006671357246624099,4.4781113,0.010866735039386732,4.4476523,0.011928554905187738,0.23475252,0.0010723743845441613,0.23441146,0.0010592070959791478,,,,,,,,
