,shots,val_acc,val_conf,test_acc,test_conf,val_acc_me1,val_conf_me1,test_acc_me1,test_conf_me1,val_acc_me2,val_conf_me2,test_acc_me2,test_conf_me2,val_acc_me3,val_conf_me3,test_acc_me3,test_conf_me3,val_acc_me4,val_conf_me4,test_acc_me4,test_conf_me4,val_acc_me5,val_conf_me5,test_acc_me5,test_conf_me5,val_acc_me6,val_conf_me6,test_acc_me6,test_conf_me6,val_acc_me7,val_conf_me7,test_acc_me7,test_conf_me7,val_acc_me8,val_conf_me8,test_acc_me8,test_conf_me8,val_acc_me9,val_conf_me9,test_acc_me9,test_conf_me9,val_acc_med,val_conf_med,test_acc_med,test_conf_med,val_acc_maj,val_conf_maj,test_acc_maj,test_conf_maj,val_acc_lin,val_conf_lin,test_acc_lin,test_conf_lin,val_nld,val_conf_nld,test_nld,test_conf_nld,val_mse,val_conf_mse,test_mse,test_conf_mse,val_svm,val_conf_svm,test_svm,test_conf_svm,val_mvm,val_conf_mvm,test_mvm,test_conf_mvm
0,5,0.30605334,0.004323961810024479,0.3929734,0.005317807176394851,0.30616003,0.004293871549444328,0.3929867,0.005326672953667733,0.30636004,0.004311817371433935,0.39405337,0.005352774330239174,0.3059867,0.004297042153473485,0.39337334,0.005374244482253654,0.30550668,0.004269513866553887,0.3933467,0.005417825279697752,0.3054267,0.004269107035480502,0.39282674,0.0054510695201088755,0.30493334,0.004245079989421585,0.3926267,0.005475634081910596,0.30481336,0.004272094773329127,0.3921867,0.005497899886523716,0.30389336,0.004268977736160973,0.39109337,0.0055835967048344926,0.3028667,0.004248031708174005,0.3910667,0.005629280463354702,0.30205333,0.0042388907080637694,0.39044005,0.005680404952529083,0.30844003,0.0042733448206794256,0.3945334,0.005305620715525428,0.31313336,0.00431857464623131,0.39270672,0.00511510878915572,9.844883,0.013821827580512647,9.951543,0.017533351618816084,0.24686965,0.0007916856493322133,0.22996478,0.0009819295105054637,,,,,,,,
