,shots,val_acc,val_conf,test_acc,test_conf,val_acc_me1,val_conf_me1,test_acc_me1,test_conf_me1,val_acc_me2,val_conf_me2,test_acc_me2,test_conf_me2,val_acc_me3,val_conf_me3,test_acc_me3,test_conf_me3,val_acc_me4,val_conf_me4,test_acc_me4,test_conf_me4,val_acc_me5,val_conf_me5,test_acc_me5,test_conf_me5,val_acc_me6,val_conf_me6,test_acc_me6,test_conf_me6,val_acc_me7,val_conf_me7,test_acc_me7,test_conf_me7,val_acc_me8,val_conf_me8,test_acc_me8,test_conf_me8,val_acc_me9,val_conf_me9,test_acc_me9,test_conf_me9,val_acc_med,val_conf_med,test_acc_med,test_conf_med,val_acc_maj,val_conf_maj,test_acc_maj,test_conf_maj,val_acc_lin,val_conf_lin,test_acc_lin,test_conf_lin,val_nld,val_conf_nld,test_nld,test_conf_nld,val_mse,val_conf_mse,test_mse,test_conf_mse,val_svm,val_conf_svm,test_svm,test_conf_svm,val_mvm,val_conf_mvm,test_mvm,test_conf_mvm
0,5,0.58088,0.007343592721163583,0.57224005,0.007400789198741653,0.58140004,0.007388664616832297,0.5724667,0.0074029826693414735,0.5819067,0.0074102174280545885,0.5734934,0.007426634285590428,0.58236,0.007415525626906283,0.5739467,0.007446032416008719,0.58252,0.00744999728728668,0.57448006,0.00745414040691228,0.58296007,0.007482794983261987,0.57445335,0.007478144825590283,0.58304006,0.0075078448792953445,0.57492006,0.007495579915267725,0.58326674,0.007506203239720177,0.57545334,0.007495529119106448,0.5833201,0.007510756884685388,0.5753867,0.007509859639764249,0.58346665,0.007528502292729722,0.57548004,0.00752762536627305,0.5834267,0.00754345021763847,0.57576007,0.0075506475719056,0.5801867,0.00725358977372792,0.57180005,0.00716292462906265,0.5620533,0.007077307237476793,0.5577867,0.006935547157767341,4.5612655,0.01171097832231549,4.4958096,0.012070343615460999,0.19946069,0.001149209927969047,0.2006252,0.0011299771159664074,,,,,,,,
