,shots,val_acc,val_conf,test_acc,test_conf,val_acc_me1,val_conf_me1,test_acc_me1,test_conf_me1,val_acc_me2,val_conf_me2,test_acc_me2,test_conf_me2,val_acc_me3,val_conf_me3,test_acc_me3,test_conf_me3,val_acc_me4,val_conf_me4,test_acc_me4,test_conf_me4,val_acc_me5,val_conf_me5,test_acc_me5,test_conf_me5,val_acc_me6,val_conf_me6,test_acc_me6,test_conf_me6,val_acc_me7,val_conf_me7,test_acc_me7,test_conf_me7,val_acc_me8,val_conf_me8,test_acc_me8,test_conf_me8,val_acc_me9,val_conf_me9,test_acc_me9,test_conf_me9,val_acc_med,val_conf_med,test_acc_med,test_conf_med,val_acc_maj,val_conf_maj,test_acc_maj,test_conf_maj,val_acc_lin,val_conf_lin,test_acc_lin,test_conf_lin,val_nld,val_conf_nld,test_nld,test_conf_nld,val_mse,val_conf_mse,test_mse,test_conf_mse,val_svm,val_conf_svm,test_svm,test_conf_svm,val_mvm,val_conf_mvm,test_mvm,test_conf_mvm
0,5,0.36376005,0.007219614530377949,0.39012006,0.007695255007345303,0.36393338,0.007227161916374514,0.39010668,0.007714841545343631,0.36424005,0.007238545797896012,0.39002666,0.007701319145433094,0.3642667,0.007242262229767038,0.38988003,0.007744710611730654,0.36412007,0.007243674363050068,0.3900667,0.007761157485179859,0.36433336,0.007241024650565475,0.39008,0.007784924547249827,0.3642267,0.007249569950239121,0.38994673,0.007793394576248169,0.36425334,0.007271353653103552,0.3897467,0.007792612315364822,0.36437336,0.007274605069207463,0.38976005,0.007788160724505333,0.36420006,0.0072821829329007826,0.38948005,0.007817085905859555,0.36404005,0.007263920789361444,0.38913336,0.007819809503669617,0.36445335,0.007095740240831205,0.3925067,0.007544909452816495,0.35856003,0.006830463291837008,0.38504004,0.007343568708432835,4.3688955,0.00959014346238174,4.4276376,0.011183232066694693,0.2349132,0.001083077712950603,0.23117508,0.0011300959097162722,,,,,,,,
