,shots,val_acc,val_conf,test_acc,test_conf,val_acc_me1,val_conf_me1,test_acc_me1,test_conf_me1,val_acc_me2,val_conf_me2,test_acc_me2,test_conf_me2,val_acc_me3,val_conf_me3,test_acc_me3,test_conf_me3,val_acc_me4,val_conf_me4,test_acc_me4,test_conf_me4,val_acc_me5,val_conf_me5,test_acc_me5,test_conf_me5,val_acc_me6,val_conf_me6,test_acc_me6,test_conf_me6,val_acc_me7,val_conf_me7,test_acc_me7,test_conf_me7,val_acc_me8,val_conf_me8,test_acc_me8,test_conf_me8,val_acc_me9,val_conf_me9,test_acc_me9,test_conf_me9,val_acc_med,val_conf_med,test_acc_med,test_conf_med,val_acc_maj,val_conf_maj,test_acc_maj,test_conf_maj,val_acc_lin,val_conf_lin,test_acc_lin,test_conf_lin,val_nld,val_conf_nld,test_nld,test_conf_nld,val_mse,val_conf_mse,test_mse,test_conf_mse,val_svm,val_conf_svm,test_svm,test_conf_svm,val_mvm,val_conf_mvm,test_mvm,test_conf_mvm
0,5,0.37140003,0.007089163061514692,0.3733067,0.007763096051406848,0.3711867,0.007097793329312652,0.37364,0.0077777207280166905,0.37134668,0.007091131181871824,0.3735467,0.007792704672021644,0.37133336,0.007103109378480077,0.37341335,0.007818549758870363,0.37141335,0.0070835334614973156,0.37344003,0.007828334946662074,0.37112007,0.007100074076953178,0.37317333,0.007823440043849827,0.37084,0.007119092621512002,0.37310672,0.007816396925199587,0.37061334,0.007131773652278739,0.37280005,0.007839612618028236,0.37056005,0.007129585261295035,0.37261334,0.007851753824135776,0.37009338,0.0071030345695880515,0.37245336,0.00786343601765882,0.3701067,0.0071173350743324315,0.37236005,0.00788305996010319,0.37285337,0.007055560939058347,0.37697336,0.0075868476871187585,0.36473337,0.006724791114002648,0.36800003,0.007284446132776512,4.657973,0.01270315942173017,4.675129,0.013465792668412746,0.2338034,0.0011247339131120748,0.23348007,0.0012225727456511293,,,,,,,,
