,shots,val_acc,val_conf,test_acc,test_conf,val_acc_me1,val_conf_me1,test_acc_me1,test_conf_me1,val_acc_me2,val_conf_me2,test_acc_me2,test_conf_me2,val_acc_me3,val_conf_me3,test_acc_me3,test_conf_me3,val_acc_me4,val_conf_me4,test_acc_me4,test_conf_me4,val_acc_me5,val_conf_me5,test_acc_me5,test_conf_me5,val_acc_me6,val_conf_me6,test_acc_me6,test_conf_me6,val_acc_me7,val_conf_me7,test_acc_me7,test_conf_me7,val_acc_me8,val_conf_me8,test_acc_me8,test_conf_me8,val_acc_me9,val_conf_me9,test_acc_me9,test_conf_me9,val_acc_med,val_conf_med,test_acc_med,test_conf_med,val_acc_maj,val_conf_maj,test_acc_maj,test_conf_maj,val_acc_lin,val_conf_lin,test_acc_lin,test_conf_lin,val_nld,val_conf_nld,test_nld,test_conf_nld,val_mse,val_conf_mse,test_mse,test_conf_mse,val_svm,val_conf_svm,test_svm,test_conf_svm,val_mvm,val_conf_mvm,test_mvm,test_conf_mvm
0,5,0.69865346,0.00587415905933697,0.6938668,0.005847600517314255,0.6994268,0.005890217573044199,0.69452006,0.005833009089100782,0.6998268,0.005887296793771868,0.6951868,0.0058346844388558194,0.7003601,0.005868539618551827,0.69588006,0.005826292451232451,0.70102674,0.005877083532875749,0.69628006,0.005832017178606375,0.7018268,0.005889816283370264,0.69698673,0.005839324899078457,0.7022268,0.005899029321672855,0.69730675,0.005851503971415317,0.7027201,0.005911431435336012,0.69774675,0.0058634221361966166,0.7028534,0.005909686356305066,0.69776005,0.005875321367863284,0.7031201,0.005917953662441633,0.6980134,0.005910125512208375,0.7031601,0.005911168218863949,0.69822675,0.005900315388119304,0.6990534,0.00582819499836329,0.69425344,0.005803233302937194,0.6835734,0.005898917108334789,0.6791734,0.005859731564189508,4.4051394,0.00940325237874351,4.381066,0.009791574254506052,0.17786716,0.0010517400602740312,0.17866959,0.0010493776924380138,,,,,,,,
