,shots,val_acc,val_conf,test_acc,test_conf,val_acc_me1,val_conf_me1,test_acc_me1,test_conf_me1,val_acc_me2,val_conf_me2,test_acc_me2,test_conf_me2,val_acc_me3,val_conf_me3,test_acc_me3,test_conf_me3,val_acc_me4,val_conf_me4,test_acc_me4,test_conf_me4,val_acc_me5,val_conf_me5,test_acc_me5,test_conf_me5,val_acc_me6,val_conf_me6,test_acc_me6,test_conf_me6,val_acc_me7,val_conf_me7,test_acc_me7,test_conf_me7,val_acc_me8,val_conf_me8,test_acc_me8,test_conf_me8,val_acc_me9,val_conf_me9,test_acc_me9,test_conf_me9,val_acc_med,val_conf_med,test_acc_med,test_conf_med,val_acc_maj,val_conf_maj,test_acc_maj,test_conf_maj,val_acc_lin,val_conf_lin,test_acc_lin,test_conf_lin,val_nld,val_conf_nld,test_nld,test_conf_nld,val_mse,val_conf_mse,test_mse,test_conf_mse,val_svm,val_conf_svm,test_svm,test_conf_svm,val_mvm,val_conf_mvm,test_mvm,test_conf_mvm
0,5,0.28301337,0.005085294674979479,0.31193334,0.005987416951180546,0.28270668,0.005106146037393122,0.31184003,0.005990754258975273,0.28277335,0.005091864465763429,0.31193334,0.005999506899343532,0.28276002,0.00510242036985642,0.3121467,0.006026741030311089,0.28233337,0.005111270446497618,0.31152,0.00603588895717061,0.28184003,0.005118793357980156,0.3114267,0.006050823028580843,0.28133336,0.005130202175799015,0.31125337,0.006057491640987678,0.28113335,0.005127254613096099,0.31121337,0.006066347720811549,0.28156,0.005138544290827607,0.31073338,0.006082735947783691,0.28169337,0.005152066690738144,0.3105867,0.006082150868362612,0.28154668,0.005139823430524826,0.31036,0.006080729037630683,0.28329334,0.005026958516256119,0.31174672,0.005912325447774147,0.27866668,0.004736240079003529,0.30632,0.005705286759447037,5.311839,0.01706975999129856,5.1237817,0.014495790124534835,0.24947675,0.0008189392329205902,0.2447573,0.0009912679229697186,,,,,,,,
