,shots,val_acc,val_conf,test_acc,test_conf,val_acc_me1,val_conf_me1,test_acc_me1,test_conf_me1,val_acc_me2,val_conf_me2,test_acc_me2,test_conf_me2,val_acc_me3,val_conf_me3,test_acc_me3,test_conf_me3,val_acc_me4,val_conf_me4,test_acc_me4,test_conf_me4,val_acc_me5,val_conf_me5,test_acc_me5,test_conf_me5,val_acc_me6,val_conf_me6,test_acc_me6,test_conf_me6,val_acc_me7,val_conf_me7,test_acc_me7,test_conf_me7,val_acc_me8,val_conf_me8,test_acc_me8,test_conf_me8,val_acc_me9,val_conf_me9,test_acc_me9,test_conf_me9,val_acc_med,val_conf_med,test_acc_med,test_conf_med,val_acc_maj,val_conf_maj,test_acc_maj,test_conf_maj,val_acc_lin,val_conf_lin,test_acc_lin,test_conf_lin,val_nld,val_conf_nld,test_nld,test_conf_nld,val_mse,val_conf_mse,test_mse,test_conf_mse,val_svm,val_conf_svm,test_svm,test_conf_svm,val_mvm,val_conf_mvm,test_mvm,test_conf_mvm
0,5,0.5100667,0.00696198794505265,0.55350673,0.006816913184929385,0.5142534,0.007005218248984035,0.5570134,0.0067612295093903985,0.5180667,0.007047770193271075,0.56061333,0.006741690535070344,0.52208,0.007061999121606322,0.5642934,0.00677115600286704,0.5253067,0.007125598686202772,0.5667867,0.006766287883485211,0.52713335,0.007174986870228661,0.5689867,0.0067514101496356504,0.5288001,0.007203020809844363,0.57064,0.006799912171539191,0.53057337,0.007269798367002478,0.57190675,0.006826318786861574,0.5317067,0.00731829715642307,0.57272005,0.00685431809273096,0.53217334,0.007326807822350401,0.5732134,0.00687349179647323,0.5317867,0.007381146784965931,0.57328004,0.00694005693332056,0.5133733,0.006873346334738684,0.55864,0.006686797894297047,0.52194667,0.006812742820090034,0.55626667,0.00661836068801569,9.8470335,0.017937964285277275,10.00544,0.016593661425313044,0.20477533,0.0012231669452920646,0.19398268,0.001292284012013617,,,,,,,,
