,shots,val_acc,val_conf,test_acc,test_conf,val_acc_me1,val_conf_me1,test_acc_me1,test_conf_me1,val_acc_me2,val_conf_me2,test_acc_me2,test_conf_me2,val_acc_me3,val_conf_me3,test_acc_me3,test_conf_me3,val_acc_me4,val_conf_me4,test_acc_me4,test_conf_me4,val_acc_me5,val_conf_me5,test_acc_me5,test_conf_me5,val_acc_me6,val_conf_me6,test_acc_me6,test_conf_me6,val_acc_me7,val_conf_me7,test_acc_me7,test_conf_me7,val_acc_me8,val_conf_me8,test_acc_me8,test_conf_me8,val_acc_me9,val_conf_me9,test_acc_me9,test_conf_me9,val_acc_med,val_conf_med,test_acc_med,test_conf_med,val_acc_maj,val_conf_maj,test_acc_maj,test_conf_maj,val_acc_lin,val_conf_lin,test_acc_lin,test_conf_lin,val_nld,val_conf_nld,test_nld,test_conf_nld,val_mse,val_conf_mse,test_mse,test_conf_mse,val_svm,val_conf_svm,test_svm,test_conf_svm,val_mvm,val_conf_mvm,test_mvm,test_conf_mvm
0,5,0.67558676,0.006463147014104997,0.74193347,0.006063093072224746,0.6761334,0.00646570944954894,0.74202675,0.006062863104149163,0.6765201,0.0064729469789618355,0.74213344,0.006083883479244823,0.6768134,0.006476589525507337,0.7422534,0.006090679543838129,0.6772001,0.006497982097930066,0.74253345,0.006088124035143472,0.67712003,0.006496900601478561,0.7424668,0.006085533430919221,0.6768934,0.0065099016480613114,0.7423335,0.006096061628015126,0.6772001,0.006496403722664801,0.74234676,0.00608886057948177,0.67700005,0.006496112799195819,0.7427468,0.00609180906575113,0.6770001,0.006503370185289903,0.74264014,0.006076147685668332,0.6768934,0.006503913242432047,0.7423734,0.006087698270955455,0.67364013,0.006475090115183657,0.7418801,0.006046673905772515,0.6516534,0.006503882764735347,0.72077346,0.0063343685860803856,22.365704,0.019451641865344982,22.49437,0.021012899747880454,0.16963923,0.0014325163971731503,0.15506156,0.0014002951221823434,,,,,,,,
