,shots,val_acc,val_conf,test_acc,test_conf,val_acc_me1,val_conf_me1,test_acc_me1,test_conf_me1,val_acc_me2,val_conf_me2,test_acc_me2,test_conf_me2,val_acc_me3,val_conf_me3,test_acc_me3,test_conf_me3,val_acc_me4,val_conf_me4,test_acc_me4,test_conf_me4,val_acc_me5,val_conf_me5,test_acc_me5,test_conf_me5,val_acc_me6,val_conf_me6,test_acc_me6,test_conf_me6,val_acc_me7,val_conf_me7,test_acc_me7,test_conf_me7,val_acc_me8,val_conf_me8,test_acc_me8,test_conf_me8,val_acc_me9,val_conf_me9,test_acc_me9,test_conf_me9,val_acc_med,val_conf_med,test_acc_med,test_conf_med,val_acc_maj,val_conf_maj,test_acc_maj,test_conf_maj,val_acc_lin,val_conf_lin,test_acc_lin,test_conf_lin,val_nld,val_conf_nld,test_nld,test_conf_nld,val_mse,val_conf_mse,test_mse,test_conf_mse,val_svm,val_conf_svm,test_svm,test_conf_svm,val_mvm,val_conf_mvm,test_mvm,test_conf_mvm
0,5,0.58638674,0.007453129101519962,0.5878401,0.007192472294283991,0.5865601,0.007477275749449563,0.58833337,0.007209422973296187,0.58682674,0.007472608044013063,0.58864003,0.007237564508417171,0.5873067,0.0074694896214950735,0.58881336,0.007252047879341972,0.58777344,0.007497917462252146,0.58929336,0.007270364051525591,0.58805335,0.007500427716184976,0.5896134,0.007303853498860535,0.58836013,0.007524890685664198,0.59008,0.007333384539883636,0.5888534,0.0075337994087825155,0.5903334,0.0073549285772235296,0.58881336,0.00753842416837347,0.5905601,0.007358894372068048,0.5891733,0.007542938099976304,0.5906668,0.007377879668230336,0.5891867,0.00757443910848965,0.5906533,0.007396646079116054,0.5863334,0.007338411974498471,0.5873867,0.007041904621995387,0.55774665,0.007042649478432805,0.55946666,0.00699296852380471,22.741598,0.026497723317145727,22.624735,0.024993929746493393,0.19320169,0.0014852526254551524,0.19272345,0.0014126605240743495,,,,,,,,
