,shots,val_acc,val_conf,test_acc,test_conf,val_acc_me1,val_conf_me1,test_acc_me1,test_conf_me1,val_acc_me2,val_conf_me2,test_acc_me2,test_conf_me2,val_acc_me3,val_conf_me3,test_acc_me3,test_conf_me3,val_acc_me4,val_conf_me4,test_acc_me4,test_conf_me4,val_acc_me5,val_conf_me5,test_acc_me5,test_conf_me5,val_acc_me6,val_conf_me6,test_acc_me6,test_conf_me6,val_acc_me7,val_conf_me7,test_acc_me7,test_conf_me7,val_acc_me8,val_conf_me8,test_acc_me8,test_conf_me8,val_acc_me9,val_conf_me9,test_acc_me9,test_conf_me9,val_acc_med,val_conf_med,test_acc_med,test_conf_med,val_acc_maj,val_conf_maj,test_acc_maj,test_conf_maj,val_acc_lin,val_conf_lin,test_acc_lin,test_conf_lin,val_nld,val_conf_nld,test_nld,test_conf_nld,val_mse,val_conf_mse,test_mse,test_conf_mse,val_svm,val_conf_svm,test_svm,test_conf_svm,val_mvm,val_conf_mvm,test_mvm,test_conf_mvm
0,5,0.25021335,0.00498347515508496,0.2868,0.006410281601949286,0.25092003,0.005031325138991294,0.28662667,0.006408367048453101,0.2508667,0.005014212374046312,0.28636006,0.00642261768060276,0.25077337,0.00503233690616689,0.28654668,0.006443045125961555,0.25062668,0.0050489269324341945,0.28582668,0.00643986713339989,0.2508,0.005038904849817727,0.28540003,0.006472529526872939,0.25044,0.005050424033841483,0.28432,0.006472743332533504,0.25018668,0.0050680165916187625,0.28324002,0.006501981141171065,0.24982668,0.0050646114016812405,0.28290668,0.006500115998486322,0.24950668,0.005124511158604794,0.28201336,0.006503571061018509,0.24960001,0.005155961832740197,0.28112003,0.0064879290758336206,0.2518267,0.004914894795985447,0.28861335,0.0063743908815365735,0.25436002,0.004990591235494113,0.28904,0.006088933079457348,9.148281,0.017068518717831438,9.2605295,0.0194191729590667,0.25974762,0.0010456330917866241,0.251133,0.0011744183311147571,,,,,,,,
