,shots,val_acc,val_conf,test_acc,test_conf,val_acc_me1,val_conf_me1,test_acc_me1,test_conf_me1,val_acc_me2,val_conf_me2,test_acc_me2,test_conf_me2,val_acc_me3,val_conf_me3,test_acc_me3,test_conf_me3,val_acc_me4,val_conf_me4,test_acc_me4,test_conf_me4,val_acc_me5,val_conf_me5,test_acc_me5,test_conf_me5,val_acc_me6,val_conf_me6,test_acc_me6,test_conf_me6,val_acc_me7,val_conf_me7,test_acc_me7,test_conf_me7,val_acc_me8,val_conf_me8,test_acc_me8,test_conf_me8,val_acc_me9,val_conf_me9,test_acc_me9,test_conf_me9,val_acc_med,val_conf_med,test_acc_med,test_conf_med,val_acc_maj,val_conf_maj,test_acc_maj,test_conf_maj,val_acc_lin,val_conf_lin,test_acc_lin,test_conf_lin,val_nld,val_conf_nld,test_nld,test_conf_nld,val_mse,val_conf_mse,test_mse,test_conf_mse,val_svm,val_conf_svm,test_svm,test_conf_svm,val_mvm,val_conf_mvm,test_mvm,test_conf_mvm
0,5,0.6600267,0.006811604524294523,0.7230134,0.0060917735084382585,0.66062677,0.0068344378605639244,0.7233068,0.0060961244305417495,0.66100013,0.006838067015394245,0.7239734,0.006115085252190067,0.6611467,0.006843674449814041,0.72412014,0.006116221239069186,0.66130674,0.006851750115887678,0.72440016,0.006120890329855411,0.66152006,0.006856767853053558,0.7246534,0.0061391852600078956,0.66137344,0.006884545964729871,0.7246268,0.006161492163333282,0.6614401,0.006898579558735962,0.72466683,0.006152216322504067,0.66137344,0.006916149489132217,0.72504014,0.006159745698952501,0.66104007,0.006922399725883599,0.72500014,0.006202175270669241,0.6610134,0.006919648882859675,0.7251467,0.006210140108754647,0.6590401,0.006796072443531309,0.7226001,0.006127915438957632,0.64681345,0.006648467572794026,0.71241343,0.006070544407298151,4.2441287,0.007724269312872956,4.3202252,0.008301099437336035,0.18469338,0.0011553053518743583,0.17406462,0.0011024709946444722,,,,,,,,
