,shots,val_acc,val_conf,test_acc,test_conf,val_acc_me1,val_conf_me1,test_acc_me1,test_conf_me1,val_acc_me2,val_conf_me2,test_acc_me2,test_conf_me2,val_acc_me3,val_conf_me3,test_acc_me3,test_conf_me3,val_acc_me4,val_conf_me4,test_acc_me4,test_conf_me4,val_acc_me5,val_conf_me5,test_acc_me5,test_conf_me5,val_acc_me6,val_conf_me6,test_acc_me6,test_conf_me6,val_acc_me7,val_conf_me7,test_acc_me7,test_conf_me7,val_acc_me8,val_conf_me8,test_acc_me8,test_conf_me8,val_acc_me9,val_conf_me9,test_acc_me9,test_conf_me9,val_acc_med,val_conf_med,test_acc_med,test_conf_med,val_acc_maj,val_conf_maj,test_acc_maj,test_conf_maj,val_acc_lin,val_conf_lin,test_acc_lin,test_conf_lin,val_nld,val_conf_nld,test_nld,test_conf_nld,val_mse,val_conf_mse,test_mse,test_conf_mse,val_svm,val_conf_svm,test_svm,test_conf_svm,val_mvm,val_conf_mvm,test_mvm,test_conf_mvm
0,5,0.8240001,0.004220118755778768,0.8137868,0.004504910666362161,0.8238534,0.004226470584852593,0.81365347,0.0044816769639854925,0.8238534,0.004208965765899353,0.81354684,0.004482921931719619,0.8236134,0.00421805781698148,0.81342673,0.004469574547673827,0.8238135,0.00422596308502321,0.81308013,0.00446557227194988,0.8236001,0.004232339388611117,0.81310683,0.004474753447205826,0.82329345,0.004229260679455615,0.81298673,0.004490660034212501,0.8229868,0.0042481970265897395,0.81293344,0.00449490336081082,0.8227468,0.004246083906281339,0.8126534,0.004488305401246562,0.8224801,0.0042370454220601594,0.81254673,0.0044699236558366495,0.82216,0.0042312615864259495,0.8121735,0.0044769469178056465,0.82408005,0.004231794946119138,0.81364006,0.0044672430038720234,0.8133734,0.004362297211143673,0.80506676,0.0045152744686089985,24.404879,0.035394048477851214,24.200106,0.036051550294924795,0.11961661,0.0012241552769660102,0.12381698,0.0011859565636989922,,,,,,,,
