,shots,val_acc,val_conf,test_acc,test_conf,val_acc_me1,val_conf_me1,test_acc_me1,test_conf_me1,val_acc_me2,val_conf_me2,test_acc_me2,test_conf_me2,val_acc_me3,val_conf_me3,test_acc_me3,test_conf_me3,val_acc_me4,val_conf_me4,test_acc_me4,test_conf_me4,val_acc_me5,val_conf_me5,test_acc_me5,test_conf_me5,val_acc_me6,val_conf_me6,test_acc_me6,test_conf_me6,val_acc_me7,val_conf_me7,test_acc_me7,test_conf_me7,val_acc_me8,val_conf_me8,test_acc_me8,test_conf_me8,val_acc_me9,val_conf_me9,test_acc_me9,test_conf_me9,val_acc_med,val_conf_med,test_acc_med,test_conf_med,val_acc_maj,val_conf_maj,test_acc_maj,test_conf_maj,val_acc_lin,val_conf_lin,test_acc_lin,test_conf_lin,val_nld,val_conf_nld,test_nld,test_conf_nld,val_mse,val_conf_mse,test_mse,test_conf_mse,val_svm,val_conf_svm,test_svm,test_conf_svm,val_mvm,val_conf_mvm,test_mvm,test_conf_mvm
0,5,0.5913734,0.0074643033334304,0.5828134,0.006929977589576919,0.59208006,0.007486743230341708,0.5833201,0.006976114357498897,0.5926134,0.007535068389247446,0.5838267,0.006996058315759113,0.5930667,0.007581580125196163,0.58434665,0.007031054100167133,0.5934667,0.007648741424263417,0.5851334,0.007047566085059409,0.59422666,0.007689282302347777,0.58546674,0.007063365538344191,0.59433335,0.007708677662066399,0.58564,0.007074736489933731,0.59476,0.0077308238648089445,0.586,0.007118874659801877,0.5950533,0.007778814230833597,0.5861867,0.007139357057371454,0.5954534,0.007823652464160502,0.58640003,0.007149064203788136,0.5952934,0.007864337418629574,0.58680004,0.007185608347548,0.5926934,0.007413728828147503,0.5838667,0.006814107851478068,0.57466674,0.007061530873356148,0.56659997,0.006518048428760692,4.7114244,0.012253458235401027,4.65033,0.013064149268468661,0.19623189,0.0012199838731142276,0.19756098,0.0011255729733394004,,,,,,,,
