,shots,val_acc,val_conf,test_acc,test_conf,val_acc_me1,val_conf_me1,test_acc_me1,test_conf_me1,val_acc_me2,val_conf_me2,test_acc_me2,test_conf_me2,val_acc_me3,val_conf_me3,test_acc_me3,test_conf_me3,val_acc_me4,val_conf_me4,test_acc_me4,test_conf_me4,val_acc_me5,val_conf_me5,test_acc_me5,test_conf_me5,val_acc_me6,val_conf_me6,test_acc_me6,test_conf_me6,val_acc_me7,val_conf_me7,test_acc_me7,test_conf_me7,val_acc_me8,val_conf_me8,test_acc_me8,test_conf_me8,val_acc_me9,val_conf_me9,test_acc_me9,test_conf_me9,val_acc_med,val_conf_med,test_acc_med,test_conf_med,val_acc_maj,val_conf_maj,test_acc_maj,test_conf_maj,val_acc_lin,val_conf_lin,test_acc_lin,test_conf_lin,val_nld,val_conf_nld,test_nld,test_conf_nld,val_mse,val_conf_mse,test_mse,test_conf_mse,val_svm,val_conf_svm,test_svm,test_conf_svm,val_mvm,val_conf_mvm,test_mvm,test_conf_mvm
0,5,0.29202667,0.005172957304730996,0.30933338,0.005972729010260747,0.29176003,0.005181914976877422,0.3095867,0.005981594787533628,0.29133338,0.005189127569992957,0.30956003,0.006012876910770293,0.29128003,0.005181401012082143,0.3093067,0.006014177754281813,0.2913867,0.005152319747977863,0.30920002,0.006031606840776471,0.29124004,0.005135685852298566,0.30912003,0.006038303160180281,0.2910667,0.0051442477761705074,0.30914667,0.0060450507375286455,0.29117337,0.005135512683567045,0.3091867,0.0060300972712205025,0.2908667,0.005119048262352988,0.30916002,0.006033992875005778,0.29028004,0.005134634833543816,0.30913335,0.0060502148599956285,0.29005334,0.005106795304690714,0.3091867,0.006069082863203734,0.29225335,0.004973945795232748,0.31082672,0.005875023517645017,0.28785336,0.004898723145373596,0.30541337,0.005627827231359406,5.2776747,0.016149789791164437,5.1139374,0.013643762099000867,0.24801505,0.0007986633679248345,0.24486844,0.0009554633828624259,,,,,,,,
