,shots,val_acc,val_conf,test_acc,test_conf,val_acc_me1,val_conf_me1,test_acc_me1,test_conf_me1,val_acc_me2,val_conf_me2,test_acc_me2,test_conf_me2,val_acc_me3,val_conf_me3,test_acc_me3,test_conf_me3,val_acc_me4,val_conf_me4,test_acc_me4,test_conf_me4,val_acc_me5,val_conf_me5,test_acc_me5,test_conf_me5,val_acc_me6,val_conf_me6,test_acc_me6,test_conf_me6,val_acc_me7,val_conf_me7,test_acc_me7,test_conf_me7,val_acc_me8,val_conf_me8,test_acc_me8,test_conf_me8,val_acc_me9,val_conf_me9,test_acc_me9,test_conf_me9,val_acc_med,val_conf_med,test_acc_med,test_conf_med,val_acc_maj,val_conf_maj,test_acc_maj,test_conf_maj,val_acc_lin,val_conf_lin,test_acc_lin,test_conf_lin,val_nld,val_conf_nld,test_nld,test_conf_nld,val_mse,val_conf_mse,test_mse,test_conf_mse,val_svm,val_conf_svm,test_svm,test_conf_svm,val_mvm,val_conf_mvm,test_mvm,test_conf_mvm
0,5,0.5366134,0.0077200693939037945,0.5890534,0.0076598634746627425,0.53689337,0.0077007511519935345,0.5893068,0.007658071293736857,0.5369734,0.0077227694407663305,0.5898401,0.007686607653565769,0.5371067,0.007730751364833366,0.5900801,0.0077015837472549364,0.5372134,0.007740446043101312,0.59064007,0.007733416316166308,0.53712004,0.0077492296229496604,0.59032,0.007735437079817831,0.53726673,0.007743521519773977,0.59040004,0.007754091277365371,0.5372267,0.007734456713905602,0.5902667,0.007745689130509881,0.53713334,0.007765728216126644,0.59025335,0.007769373533371926,0.53748006,0.007755266977606978,0.59040004,0.007794715276440933,0.5372134,0.007769535157521434,0.59076,0.007812198391579872,0.53745335,0.007605343954783184,0.5889867,0.0075735566406336385,0.5244,0.007384413439918136,0.57496,0.007327352726625769,4.3352246,0.00913618463417265,4.397688,0.010328054679162868,0.20638998,0.0011986722282120443,0.19834793,0.0012117201457980953,,,,,,,,
