,shots,val_acc,val_conf,test_acc,test_conf,val_acc_me1,val_conf_me1,test_acc_me1,test_conf_me1,val_acc_me2,val_conf_me2,test_acc_me2,test_conf_me2,val_acc_me3,val_conf_me3,test_acc_me3,test_conf_me3,val_acc_me4,val_conf_me4,test_acc_me4,test_conf_me4,val_acc_me5,val_conf_me5,test_acc_me5,test_conf_me5,val_acc_me6,val_conf_me6,test_acc_me6,test_conf_me6,val_acc_me7,val_conf_me7,test_acc_me7,test_conf_me7,val_acc_me8,val_conf_me8,test_acc_me8,test_conf_me8,val_acc_me9,val_conf_me9,test_acc_me9,test_conf_me9,val_acc_med,val_conf_med,test_acc_med,test_conf_med,val_acc_maj,val_conf_maj,test_acc_maj,test_conf_maj,val_acc_lin,val_conf_lin,test_acc_lin,test_conf_lin,val_nld,val_conf_nld,test_nld,test_conf_nld,val_mse,val_conf_mse,test_mse,test_conf_mse,val_svm,val_conf_svm,test_svm,test_conf_svm,val_mvm,val_conf_mvm,test_mvm,test_conf_mvm
0,5,0.66932005,0.006123251427787468,0.6696801,0.005876667466136687,0.67036,0.006123077335489335,0.6711734,0.005873341702923973,0.6713467,0.006113217800588822,0.6722001,0.005877822847913716,0.6720534,0.006126343066874984,0.6733601,0.005865435973098965,0.67269343,0.006139657664307574,0.67401344,0.005869944825085627,0.67344004,0.006114344090018986,0.6743468,0.00587546405889805,0.67418677,0.006124061395667901,0.67462677,0.005903458746934653,0.67449343,0.006095223029571106,0.6748001,0.00592883974158287,0.67473346,0.006109480588470051,0.67518675,0.00594856850883263,0.6750267,0.006094406596724666,0.6760801,0.005957461531319375,0.6753601,0.006097828410860373,0.6759468,0.005964343949386719,0.6688134,0.00609895931812332,0.6689334,0.005773048376783718,0.64828,0.005942053670259573,0.65210676,0.0058264688524470865,5.7557383,0.015647314163986792,5.7291465,0.016240958741392753,0.17333551,0.001233094131443624,0.17202716,0.0012247012202537266,,,,,,,,
