,shots,val_acc,val_conf,test_acc,test_conf,val_acc_me1,val_conf_me1,test_acc_me1,test_conf_me1,val_acc_me2,val_conf_me2,test_acc_me2,test_conf_me2,val_acc_me3,val_conf_me3,test_acc_me3,test_conf_me3,val_acc_me4,val_conf_me4,test_acc_me4,test_conf_me4,val_acc_me5,val_conf_me5,test_acc_me5,test_conf_me5,val_acc_me6,val_conf_me6,test_acc_me6,test_conf_me6,val_acc_me7,val_conf_me7,test_acc_me7,test_conf_me7,val_acc_me8,val_conf_me8,test_acc_me8,test_conf_me8,val_acc_me9,val_conf_me9,test_acc_me9,test_conf_me9,val_acc_med,val_conf_med,test_acc_med,test_conf_med,val_acc_maj,val_conf_maj,test_acc_maj,test_conf_maj,val_acc_lin,val_conf_lin,test_acc_lin,test_conf_lin,val_nld,val_conf_nld,test_nld,test_conf_nld,val_mse,val_conf_mse,test_mse,test_conf_mse,val_svm,val_conf_svm,test_svm,test_conf_svm,val_mvm,val_conf_mvm,test_mvm,test_conf_mvm
0,5,0.22916003,0.003914215498792589,0.2643067,0.005800725357920811,0.22878668,0.003935611303698322,0.26368,0.005841250535373488,0.22828001,0.003914593237519054,0.2636667,0.0058648753681919685,0.22780001,0.003918556723447125,0.26229334,0.005864994508279264,0.22752002,0.0039190914684902045,0.26149336,0.005885300966417595,0.22769335,0.003988182098118742,0.26089337,0.005896096536035067,0.22708002,0.003984320666296448,0.26117337,0.005907606946176425,0.22700003,0.003974385860720714,0.26064003,0.005924099074387512,0.22638668,0.00399122201747848,0.26020002,0.005943918351161037,0.22574668,0.003964385020135297,0.26044,0.00593108862617675,0.22505334,0.0039433023042962645,0.25929335,0.005911825336477383,0.22881335,0.0038795729785970068,0.26705334,0.005870105525668523,0.22928001,0.003837629895570238,0.26917335,0.005700331824807836,9.496017,0.011764920151307479,9.407946,0.013548975538524743,0.26335254,0.0008291629993864569,0.25585133,0.0011524930916737008,,,,,,,,
