,shots,val_acc,val_conf,test_acc,test_conf,val_acc_me1,val_conf_me1,test_acc_me1,test_conf_me1,val_acc_me2,val_conf_me2,test_acc_me2,test_conf_me2,val_acc_me3,val_conf_me3,test_acc_me3,test_conf_me3,val_acc_me4,val_conf_me4,test_acc_me4,test_conf_me4,val_acc_me5,val_conf_me5,test_acc_me5,test_conf_me5,val_acc_me6,val_conf_me6,test_acc_me6,test_conf_me6,val_acc_me7,val_conf_me7,test_acc_me7,test_conf_me7,val_acc_me8,val_conf_me8,test_acc_me8,test_conf_me8,val_acc_me9,val_conf_me9,test_acc_me9,test_conf_me9,val_acc_med,val_conf_med,test_acc_med,test_conf_med,val_acc_maj,val_conf_maj,test_acc_maj,test_conf_maj,val_acc_lin,val_conf_lin,test_acc_lin,test_conf_lin,val_nld,val_conf_nld,test_nld,test_conf_nld,val_mse,val_conf_mse,test_mse,test_conf_mse,val_svm,val_conf_svm,test_svm,test_conf_svm,val_mvm,val_conf_mvm,test_mvm,test_conf_mvm
0,5,0.4899067,0.005596264805669271,0.5367867,0.0055393541719441775,0.48961335,0.005577678952047749,0.5363867,0.005520975197233935,0.48945338,0.005602208418319876,0.5359467,0.005530317073072832,0.48884,0.005589204601037512,0.5356134,0.005534405702270928,0.48832005,0.005597832559919025,0.535,0.005501427449031482,0.48802668,0.00559483789532117,0.53532,0.005472986678342395,0.48745334,0.005589637753758037,0.53517336,0.005481109446311083,0.48685336,0.005608274865324114,0.53440005,0.0054937318306007565,0.48644,0.005603147685519894,0.5341067,0.005498771733364216,0.4854667,0.005619483730980923,0.5336667,0.005501489789774827,0.4848667,0.005615094942648113,0.5332534,0.005507052892999353,0.49280006,0.005470213669720947,0.5372667,0.005514372619836783,0.49968,0.0054200598490098395,0.53977334,0.005558068401318672,6.296193,0.018149712239535987,6.154116,0.01530544399234568,0.20766588,0.0009921872180427005,0.19573934,0.0010796061416659952,,,,,,,,
