,shots,val_acc,val_conf,test_acc,test_conf,val_acc_me1,val_conf_me1,test_acc_me1,test_conf_me1,val_acc_me2,val_conf_me2,test_acc_me2,test_conf_me2,val_acc_me3,val_conf_me3,test_acc_me3,test_conf_me3,val_acc_me4,val_conf_me4,test_acc_me4,test_conf_me4,val_acc_me5,val_conf_me5,test_acc_me5,test_conf_me5,val_acc_me6,val_conf_me6,test_acc_me6,test_conf_me6,val_acc_me7,val_conf_me7,test_acc_me7,test_conf_me7,val_acc_me8,val_conf_me8,test_acc_me8,test_conf_me8,val_acc_me9,val_conf_me9,test_acc_me9,test_conf_me9,val_acc_med,val_conf_med,test_acc_med,test_conf_med,val_acc_maj,val_conf_maj,test_acc_maj,test_conf_maj,val_acc_lin,val_conf_lin,test_acc_lin,test_conf_lin,val_nld,val_conf_nld,test_nld,test_conf_nld,val_mse,val_conf_mse,test_mse,test_conf_mse,val_svm,val_conf_svm,test_svm,test_conf_svm,val_mvm,val_conf_mvm,test_mvm,test_conf_mvm
0,5,0.4641867,0.007907897435825872,0.4953867,0.007988609765367194,0.46692005,0.007956557387612584,0.49850672,0.008043410511267002,0.4695067,0.007967674358395849,0.5011067,0.008103345363720149,0.47229338,0.008027947236213029,0.50281334,0.008164796712478606,0.47449338,0.008081522409276565,0.5039067,0.008221228476937958,0.47649336,0.008128728667284701,0.50482666,0.008295678101579385,0.47721338,0.008134507423302906,0.50512004,0.008324289270300378,0.4779867,0.0082170724273804,0.50577337,0.008372844859064865,0.47864005,0.008233752039604803,0.5054267,0.008416080704395701,0.47810668,0.008220466534519077,0.50402665,0.008409597267085789,0.47810668,0.008263265532863051,0.50232,0.008455196519265074,0.46838668,0.0077965023777507025,0.50169337,0.008015758928210492,0.4842,0.0076996890504399396,0.51476,0.007899730336661914,8.883051,0.023960892832793235,9.035805,0.02422096548417585,0.21134356,0.001406413173468568,0.20468086,0.0014761251325059455,,,,,,,,
