,shots,val_acc,val_conf,test_acc,test_conf,val_acc_me1,val_conf_me1,test_acc_me1,test_conf_me1,val_acc_me2,val_conf_me2,test_acc_me2,test_conf_me2,val_acc_me3,val_conf_me3,test_acc_me3,test_conf_me3,val_acc_me4,val_conf_me4,test_acc_me4,test_conf_me4,val_acc_me5,val_conf_me5,test_acc_me5,test_conf_me5,val_acc_me6,val_conf_me6,test_acc_me6,test_conf_me6,val_acc_me7,val_conf_me7,test_acc_me7,test_conf_me7,val_acc_me8,val_conf_me8,test_acc_me8,test_conf_me8,val_acc_me9,val_conf_me9,test_acc_me9,test_conf_me9,val_acc_med,val_conf_med,test_acc_med,test_conf_med,val_acc_maj,val_conf_maj,test_acc_maj,test_conf_maj,val_acc_lin,val_conf_lin,test_acc_lin,test_conf_lin,val_nld,val_conf_nld,test_nld,test_conf_nld,val_mse,val_conf_mse,test_mse,test_conf_mse,val_svm,val_conf_svm,test_svm,test_conf_svm,val_mvm,val_conf_mvm,test_mvm,test_conf_mvm
0,5,0.7587201,0.005862567837120913,0.8250134,0.005150723824947745,0.7585735,0.005857596740066806,0.8247468,0.005136013256647032,0.75868005,0.005858626055007199,0.8245601,0.005140787634022148,0.7584668,0.005854340706130001,0.82456005,0.0051340008050946295,0.7584534,0.005864885527424146,0.8243468,0.0051575609882532625,0.75810677,0.00588694907095888,0.8239468,0.005161314362787106,0.7578401,0.005888105838085744,0.82354677,0.00517512768616657,0.7572401,0.005906212360658247,0.8234134,0.0051810172701729496,0.75702673,0.005903498460297141,0.8230668,0.005165201192689928,0.75672007,0.005906173570862316,0.8227201,0.005178900455598323,0.75640017,0.005925910650211308,0.82229346,0.00517758252610534,0.7583201,0.005884062001866197,0.8257201,0.0050658346656010655,0.74197346,0.0059391042604235444,0.81786674,0.005034595949993115,4.5479784,0.011097973942503891,4.6538196,0.011379554612129361,0.1561171,0.0013006230100050808,0.14092432,0.001115470194094026,,,,,,,,
