,shots,val_acc,val_conf,test_acc,test_conf,val_acc_me1,val_conf_me1,test_acc_me1,test_conf_me1,val_acc_me2,val_conf_me2,test_acc_me2,test_conf_me2,val_acc_me3,val_conf_me3,test_acc_me3,test_conf_me3,val_acc_me4,val_conf_me4,test_acc_me4,test_conf_me4,val_acc_me5,val_conf_me5,test_acc_me5,test_conf_me5,val_acc_me6,val_conf_me6,test_acc_me6,test_conf_me6,val_acc_me7,val_conf_me7,test_acc_me7,test_conf_me7,val_acc_me8,val_conf_me8,test_acc_me8,test_conf_me8,val_acc_me9,val_conf_me9,test_acc_me9,test_conf_me9,val_acc_med,val_conf_med,test_acc_med,test_conf_med,val_acc_maj,val_conf_maj,test_acc_maj,test_conf_maj,val_acc_lin,val_conf_lin,test_acc_lin,test_conf_lin,val_nld,val_conf_nld,test_nld,test_conf_nld,val_mse,val_conf_mse,test_mse,test_conf_mse,val_svm,val_conf_svm,test_svm,test_conf_svm,val_mvm,val_conf_mvm,test_mvm,test_conf_mvm
0,5,0.23412001,0.004187474833637073,0.24869335,0.004810204369413262,0.23392001,0.004179920982674501,0.24853334,0.00481372038733896,0.23380002,0.0041688432634704176,0.24880002,0.004787519265578077,0.23401335,0.004177903913289233,0.24814668,0.004746309263514992,0.23354667,0.004180875950506202,0.24821335,0.004731080112586161,0.2338267,0.004192378510331718,0.24794668,0.004782975318061822,0.23352,0.0041821888003830965,0.24817334,0.0047842932475548605,0.23397335,0.004188386855623311,0.24841335,0.004785122148549925,0.23373334,0.004203002296567476,0.24812001,0.0048236316419671965,0.23409335,0.004224388865807505,0.24821335,0.004817563809613179,0.23394668,0.004232886601802904,0.24749334,0.004844139899400746,0.23472002,0.0041924237650935725,0.24864002,0.004724685799450179,0.23577334,0.003939152719704658,0.25314668,0.004828283646772014,8.471145,0.018627212779572133,8.255941,0.018099542256409862,0.26185322,0.0008493751960119145,0.25842625,0.0009987732866874044,,,,,,,,
