,shots,val_acc,val_conf,test_acc,test_conf,val_acc_me1,val_conf_me1,test_acc_me1,test_conf_me1,val_acc_me2,val_conf_me2,test_acc_me2,test_conf_me2,val_acc_me3,val_conf_me3,test_acc_me3,test_conf_me3,val_acc_me4,val_conf_me4,test_acc_me4,test_conf_me4,val_acc_me5,val_conf_me5,test_acc_me5,test_conf_me5,val_acc_me6,val_conf_me6,test_acc_me6,test_conf_me6,val_acc_me7,val_conf_me7,test_acc_me7,test_conf_me7,val_acc_me8,val_conf_me8,test_acc_me8,test_conf_me8,val_acc_me9,val_conf_me9,test_acc_me9,test_conf_me9,val_acc_med,val_conf_med,test_acc_med,test_conf_med,val_acc_maj,val_conf_maj,test_acc_maj,test_conf_maj,val_acc_lin,val_conf_lin,test_acc_lin,test_conf_lin,val_nld,val_conf_nld,test_nld,test_conf_nld,val_mse,val_conf_mse,test_mse,test_conf_mse,val_svm,val_conf_svm,test_svm,test_conf_svm,val_mvm,val_conf_mvm,test_mvm,test_conf_mvm
0,5,0.37938672,0.00774351782550764,0.39313337,0.007639524691694544,0.37949336,0.007767786846007485,0.39285335,0.007648688319185748,0.37957337,0.007790301551810763,0.39245337,0.007665693026842224,0.3793467,0.007796732345826229,0.39237335,0.00771419366339593,0.37909335,0.007830406506474874,0.39162672,0.0077482709608516775,0.37896,0.007860838948468618,0.3917467,0.007777693944586217,0.3785867,0.007888308588911153,0.39153334,0.0077861233366555704,0.3783067,0.007908522690392661,0.39137337,0.0078071935843459506,0.37812003,0.007946906116973351,0.39101335,0.00781285412384336,0.3779867,0.007975889483021359,0.39048004,0.007828346953027476,0.37777337,0.00799783988965136,0.38992006,0.007849984270590804,0.3842134,0.0076592917869569566,0.39533338,0.007622850620869537,0.37589338,0.007185286946382152,0.38721338,0.007322696103988058,4.7355843,0.012535327981362698,4.699678,0.013259804075274495,0.23207353,0.0011838731129666102,0.22988993,0.0012100251702535092,,,,,,,,
