,shots,val_acc,val_conf,test_acc,test_conf,val_acc_me1,val_conf_me1,test_acc_me1,test_conf_me1,val_acc_me2,val_conf_me2,test_acc_me2,test_conf_me2,val_acc_me3,val_conf_me3,test_acc_me3,test_conf_me3,val_acc_me4,val_conf_me4,test_acc_me4,test_conf_me4,val_acc_me5,val_conf_me5,test_acc_me5,test_conf_me5,val_acc_me6,val_conf_me6,test_acc_me6,test_conf_me6,val_acc_me7,val_conf_me7,test_acc_me7,test_conf_me7,val_acc_me8,val_conf_me8,test_acc_me8,test_conf_me8,val_acc_me9,val_conf_me9,test_acc_me9,test_conf_me9,val_acc_med,val_conf_med,test_acc_med,test_conf_med,val_acc_maj,val_conf_maj,test_acc_maj,test_conf_maj,val_acc_lin,val_conf_lin,test_acc_lin,test_conf_lin,val_nld,val_conf_nld,test_nld,test_conf_nld,val_mse,val_conf_mse,test_mse,test_conf_mse,val_svm,val_conf_svm,test_svm,test_conf_svm,val_mvm,val_conf_mvm,test_mvm,test_conf_mvm
0,5,0.7527468,0.0057225597631916925,0.8089868,0.0052902548767445046,0.7523734,0.005727022436849971,0.80897343,0.005284717633383895,0.7525735,0.005724392581046511,0.80880016,0.0052710095965932124,0.75230676,0.005724948106337391,0.8084668,0.005272525169331854,0.7519468,0.00573324819908716,0.80793345,0.0052942105123566785,0.75165343,0.005737714567011776,0.8074801,0.005284343127140434,0.75121343,0.0057508402950811055,0.80705345,0.005286340339844542,0.75108016,0.005748624197100427,0.80652016,0.005294527295689688,0.7504135,0.005762437982263169,0.8060134,0.005289858666686631,0.7498001,0.005788108053247254,0.8056134,0.005287542823516511,0.7497068,0.005782213851408091,0.8050401,0.0053008010833884844,0.75386673,0.005648634724361057,0.80870676,0.00526933563218801,0.74169344,0.00566057136047371,0.80400014,0.005313095601546358,4.6478925,0.011579902060669056,4.7725725,0.012334867857701326,0.15579325,0.001289440004212189,0.14244571,0.001161957686420384,,,,,,,,
