,shots,val_acc,val_conf,test_acc,test_conf,val_acc_me1,val_conf_me1,test_acc_me1,test_conf_me1,val_acc_me2,val_conf_me2,test_acc_me2,test_conf_me2,val_acc_me3,val_conf_me3,test_acc_me3,test_conf_me3,val_acc_me4,val_conf_me4,test_acc_me4,test_conf_me4,val_acc_me5,val_conf_me5,test_acc_me5,test_conf_me5,val_acc_me6,val_conf_me6,test_acc_me6,test_conf_me6,val_acc_me7,val_conf_me7,test_acc_me7,test_conf_me7,val_acc_me8,val_conf_me8,test_acc_me8,test_conf_me8,val_acc_me9,val_conf_me9,test_acc_me9,test_conf_me9,val_acc_med,val_conf_med,test_acc_med,test_conf_med,val_acc_maj,val_conf_maj,test_acc_maj,test_conf_maj,val_acc_lin,val_conf_lin,test_acc_lin,test_conf_lin,val_nld,val_conf_nld,test_nld,test_conf_nld,val_mse,val_conf_mse,test_mse,test_conf_mse,val_svm,val_conf_svm,test_svm,test_conf_svm,val_mvm,val_conf_mvm,test_mvm,test_conf_mvm
0,5,0.31478667,0.004227411237402445,0.37190673,0.005550920457862929,0.3158,0.004232878289703812,0.37212002,0.005525317807238361,0.31574667,0.004222485856893443,0.3717867,0.0055060965398178174,0.31496003,0.004225065840102127,0.3724134,0.005497503676465898,0.31444007,0.0042577836475692354,0.3725067,0.005455306843524466,0.3141067,0.004260955636948227,0.37248003,0.005435455703704295,0.3138667,0.004264945906306827,0.37357336,0.005432673921200448,0.3134267,0.004296688427477768,0.3733067,0.0054349588248905345,0.31266668,0.004280233703712721,0.3728667,0.005430666549264107,0.3112667,0.004279472684860397,0.37277338,0.005436733919834902,0.31049335,0.004264322960656486,0.37172005,0.005444532515938072,0.31681335,0.004195903302139814,0.3732934,0.005530281053976682,0.32341337,0.004130102416627757,0.38696006,0.005425864464891961,8.881314,0.020004346583908372,8.820417,0.018825633668249964,0.2451782,0.0008116638372784313,0.22891375,0.0011367241160857022,,,,,,,,
