,shots,val_acc,val_conf,test_acc,test_conf,val_acc_me1,val_conf_me1,test_acc_me1,test_conf_me1,val_acc_me2,val_conf_me2,test_acc_me2,test_conf_me2,val_acc_me3,val_conf_me3,test_acc_me3,test_conf_me3,val_acc_me4,val_conf_me4,test_acc_me4,test_conf_me4,val_acc_me5,val_conf_me5,test_acc_me5,test_conf_me5,val_acc_me6,val_conf_me6,test_acc_me6,test_conf_me6,val_acc_me7,val_conf_me7,test_acc_me7,test_conf_me7,val_acc_me8,val_conf_me8,test_acc_me8,test_conf_me8,val_acc_me9,val_conf_me9,test_acc_me9,test_conf_me9,val_acc_med,val_conf_med,test_acc_med,test_conf_med,val_acc_maj,val_conf_maj,test_acc_maj,test_conf_maj,val_acc_lin,val_conf_lin,test_acc_lin,test_conf_lin,val_nld,val_conf_nld,test_nld,test_conf_nld,val_mse,val_conf_mse,test_mse,test_conf_mse,val_svm,val_conf_svm,test_svm,test_conf_svm,val_mvm,val_conf_mvm,test_mvm,test_conf_mvm
0,5,0.57018673,0.0058194700649920605,0.6154,0.006005542868650959,0.56994665,0.00581965616365554,0.6153067,0.005991475102681831,0.57014674,0.005810627838666704,0.61548007,0.00600486543257317,0.5702,0.005817912008191262,0.6153334,0.006016490364968985,0.5699067,0.005813631277146958,0.61477333,0.0060276622879630315,0.56964004,0.005804058509666032,0.61476,0.006033738894199447,0.56914675,0.005797408368590551,0.6147334,0.006047682902248441,0.56861335,0.00578886999566619,0.6144934,0.006041544878835237,0.5682267,0.005791799087037641,0.61428005,0.006018902259062209,0.56804,0.005764059303373981,0.6137734,0.0060169678488848355,0.5674534,0.005765430799727911,0.61340004,0.006005884126498051,0.57181334,0.005823034108379366,0.61514676,0.005996459591451231,0.57118666,0.005924524376792251,0.6092667,0.00591880426725111,24.851328,0.030589376272182278,24.599817,0.029982133100624253,0.18848707,0.0013184522317154501,0.17683865,0.0013620569264445048,,,,,,,,
