,shots,val_acc,val_conf,test_acc,test_conf,val_acc_me1,val_conf_me1,test_acc_me1,test_conf_me1,val_acc_me2,val_conf_me2,test_acc_me2,test_conf_me2,val_acc_me3,val_conf_me3,test_acc_me3,test_conf_me3,val_acc_me4,val_conf_me4,test_acc_me4,test_conf_me4,val_acc_me5,val_conf_me5,test_acc_me5,test_conf_me5,val_acc_me6,val_conf_me6,test_acc_me6,test_conf_me6,val_acc_me7,val_conf_me7,test_acc_me7,test_conf_me7,val_acc_me8,val_conf_me8,test_acc_me8,test_conf_me8,val_acc_me9,val_conf_me9,test_acc_me9,test_conf_me9,val_acc_med,val_conf_med,test_acc_med,test_conf_med,val_acc_maj,val_conf_maj,test_acc_maj,test_conf_maj,val_acc_lin,val_conf_lin,test_acc_lin,test_conf_lin,val_nld,val_conf_nld,test_nld,test_conf_nld,val_mse,val_conf_mse,test_mse,test_conf_mse,val_svm,val_conf_svm,test_svm,test_conf_svm,val_mvm,val_conf_mvm,test_mvm,test_conf_mvm
0,5,0.2821067,0.004422067668747642,0.2804267,0.004668712585791934,0.28292,0.004405184871878187,0.282,0.004721747934196219,0.28445336,0.004408551733803112,0.2832667,0.0047599221729491825,0.28473333,0.004433796040599125,0.28553334,0.004818573267872384,0.28569335,0.004428064386475972,0.28760004,0.004886498818274909,0.28684002,0.004420427876305533,0.289,0.004933438165544812,0.2882267,0.0044244841806737045,0.29092002,0.004961822598673282,0.29024002,0.004498177404295645,0.29310668,0.004970389602161285,0.29221335,0.004513104548956648,0.29612002,0.005026776573642144,0.2943333,0.00465363582334688,0.30036002,0.005086258416693523,0.2958,0.0047619180003034,0.303,0.005081962908584148,0.28793335,0.0043922812615684315,0.2857733,0.004689351989678181,0.31810668,0.004906096900855361,0.32748005,0.00547882223370455,10.476893,0.03300944023529517,10.446662,0.03506202260226132,0.24124335,0.0007146289694371089,0.24006216,0.0007238304631575765,,,,,,,,
