,shots,val_acc,val_conf,test_acc,test_conf,val_acc_me1,val_conf_me1,test_acc_me1,test_conf_me1,val_acc_me2,val_conf_me2,test_acc_me2,test_conf_me2,val_acc_me3,val_conf_me3,test_acc_me3,test_conf_me3,val_acc_me4,val_conf_me4,test_acc_me4,test_conf_me4,val_acc_me5,val_conf_me5,test_acc_me5,test_conf_me5,val_acc_me6,val_conf_me6,test_acc_me6,test_conf_me6,val_acc_me7,val_conf_me7,test_acc_me7,test_conf_me7,val_acc_me8,val_conf_me8,test_acc_me8,test_conf_me8,val_acc_me9,val_conf_me9,test_acc_me9,test_conf_me9,val_acc_med,val_conf_med,test_acc_med,test_conf_med,val_acc_maj,val_conf_maj,test_acc_maj,test_conf_maj,val_acc_lin,val_conf_lin,test_acc_lin,test_conf_lin,val_nld,val_conf_nld,test_nld,test_conf_nld,val_mse,val_conf_mse,test_mse,test_conf_mse,val_svm,val_conf_svm,test_svm,test_conf_svm,val_mvm,val_conf_mvm,test_mvm,test_conf_mvm
0,5,0.37692004,0.0073292894457195334,0.40508002,0.0078242250754329,0.37682673,0.0073218579673273165,0.4049067,0.007831593289515215,0.37693334,0.007330243951767956,0.4044267,0.0078440318840578,0.37725335,0.00733595205494364,0.40413335,0.007883069195768866,0.3771467,0.007347900235638416,0.40385333,0.007905393646859049,0.3770267,0.007363052268758774,0.40381336,0.007927272015296749,0.3771067,0.0073793116581946094,0.40380004,0.007918021572548117,0.37657335,0.0073985112218007965,0.40385336,0.007941026692199205,0.3763467,0.007376069015973097,0.40349337,0.007941365641129794,0.37568006,0.007402255360668908,0.40325335,0.007958611399660642,0.3755867,0.0074100742752365445,0.4027467,0.007973503910575275,0.37832004,0.0072889549847632296,0.40748003,0.007861115094872584,0.37164006,0.007036456502808708,0.39804003,0.0076003031284530564,4.424471,0.010736211070547341,4.493293,0.012558926954317151,0.23281385,0.0010952597868787994,0.22835164,0.001177248831755101,,,,,,,,
