,shots,val_acc,val_conf,test_acc,test_conf,val_acc_me1,val_conf_me1,test_acc_me1,test_conf_me1,val_acc_me2,val_conf_me2,test_acc_me2,test_conf_me2,val_acc_me3,val_conf_me3,test_acc_me3,test_conf_me3,val_acc_me4,val_conf_me4,test_acc_me4,test_conf_me4,val_acc_me5,val_conf_me5,test_acc_me5,test_conf_me5,val_acc_me6,val_conf_me6,test_acc_me6,test_conf_me6,val_acc_me7,val_conf_me7,test_acc_me7,test_conf_me7,val_acc_me8,val_conf_me8,test_acc_me8,test_conf_me8,val_acc_me9,val_conf_me9,test_acc_me9,test_conf_me9,val_acc_med,val_conf_med,test_acc_med,test_conf_med,val_acc_maj,val_conf_maj,test_acc_maj,test_conf_maj,val_acc_lin,val_conf_lin,test_acc_lin,test_conf_lin,val_nld,val_conf_nld,test_nld,test_conf_nld,val_mse,val_conf_mse,test_mse,test_conf_mse,val_svm,val_conf_svm,test_svm,test_conf_svm,val_mvm,val_conf_mvm,test_mvm,test_conf_mvm
0,5,0.38620004,0.005643269264382245,0.42237335,0.006220991092366235,0.38609338,0.005642020140598558,0.42288005,0.0062298323951250345,0.38628006,0.005675423234459409,0.42293334,0.006243985591001755,0.38680005,0.005686118135320939,0.42261338,0.006272276743906791,0.38705337,0.005695863147966884,0.42314672,0.006287120767576648,0.3871067,0.005690324981039774,0.42332003,0.006301657705362451,0.38704005,0.005705041090739882,0.4236534,0.006285849478195271,0.38682672,0.005710468429678817,0.42381334,0.006297979139720744,0.38704005,0.005695086428482876,0.42413336,0.006317686664939481,0.38682672,0.0056992046118111706,0.4234134,0.006322801376595022,0.38612005,0.005678383727094227,0.42296,0.006331458427823455,0.38792005,0.00558710856671063,0.42332003,0.006181950548172166,0.38310668,0.0054787871381749564,0.4160267,0.006006466435219349,5.157832,0.012918642279191594,5.0497794,0.012468222558072561,0.23082727,0.0008686992102131808,0.22429806,0.0009974603213646904,,,,,,,,
