,shots,val_acc,val_conf,test_acc,test_conf,val_acc_me1,val_conf_me1,test_acc_me1,test_conf_me1,val_acc_me2,val_conf_me2,test_acc_me2,test_conf_me2,val_acc_me3,val_conf_me3,test_acc_me3,test_conf_me3,val_acc_me4,val_conf_me4,test_acc_me4,test_conf_me4,val_acc_me5,val_conf_me5,test_acc_me5,test_conf_me5,val_acc_me6,val_conf_me6,test_acc_me6,test_conf_me6,val_acc_me7,val_conf_me7,test_acc_me7,test_conf_me7,val_acc_me8,val_conf_me8,test_acc_me8,test_conf_me8,val_acc_me9,val_conf_me9,test_acc_me9,test_conf_me9,val_acc_med,val_conf_med,test_acc_med,test_conf_med,val_acc_maj,val_conf_maj,test_acc_maj,test_conf_maj,val_acc_lin,val_conf_lin,test_acc_lin,test_conf_lin,val_nld,val_conf_nld,test_nld,test_conf_nld,val_mse,val_conf_mse,test_mse,test_conf_mse,val_svm,val_conf_svm,test_svm,test_conf_svm,val_mvm,val_conf_mvm,test_mvm,test_conf_mvm
0,5,0.2805067,0.004647843213830161,0.33552006,0.005827968724554045,0.28065333,0.004664876552050279,0.3353067,0.005853074496364852,0.2805467,0.0046782451781271495,0.33569336,0.0058834542950642055,0.28097335,0.004689218072525758,0.33518672,0.005918440843806494,0.28048,0.004681414396806471,0.33512002,0.0059668911459822005,0.28049335,0.004680168043722455,0.33496,0.0059878815051644385,0.28033334,0.0046797838400300384,0.3337867,0.00603822973663809,0.27973333,0.004664217125520453,0.33308002,0.006030401586404777,0.27982667,0.004656239819286312,0.3322534,0.00604092331853473,0.27934667,0.004653285329834167,0.33210668,0.006036683686202693,0.279,0.0046548110618050975,0.3320934,0.006082420088017293,0.2827067,0.0046995657123575785,0.33536005,0.005719024350367974,0.28057337,0.004521594434636178,0.3332134,0.005657252062227058,8.189701,0.015099800813104025,8.131703,0.014784404677143925,0.25472045,0.0009234056945999769,0.2438333,0.0011807918640029391,,,,,,,,
