,shots,val_acc,val_conf,test_acc,test_conf,val_acc_me1,val_conf_me1,test_acc_me1,test_conf_me1,val_acc_me2,val_conf_me2,test_acc_me2,test_conf_me2,val_acc_me3,val_conf_me3,test_acc_me3,test_conf_me3,val_acc_me4,val_conf_me4,test_acc_me4,test_conf_me4,val_acc_me5,val_conf_me5,test_acc_me5,test_conf_me5,val_acc_me6,val_conf_me6,test_acc_me6,test_conf_me6,val_acc_me7,val_conf_me7,test_acc_me7,test_conf_me7,val_acc_me8,val_conf_me8,test_acc_me8,test_conf_me8,val_acc_me9,val_conf_me9,test_acc_me9,test_conf_me9,val_acc_med,val_conf_med,test_acc_med,test_conf_med,val_acc_maj,val_conf_maj,test_acc_maj,test_conf_maj,val_acc_lin,val_conf_lin,test_acc_lin,test_conf_lin,val_nld,val_conf_nld,test_nld,test_conf_nld,val_mse,val_conf_mse,test_mse,test_conf_mse,val_svm,val_conf_svm,test_svm,test_conf_svm,val_mvm,val_conf_mvm,test_mvm,test_conf_mvm
0,5,0.5746,0.007306464883332642,0.5780934,0.007196619569959095,0.5754667,0.007306297717783683,0.5785867,0.007210437049388174,0.57588,0.007324712249806797,0.57912,0.007247265189867846,0.57602674,0.007331180448268193,0.57934666,0.007271464481091727,0.5761867,0.007341197913051878,0.57956004,0.007294428963813826,0.5763734,0.007368237171473502,0.57992005,0.007308709611877018,0.57684004,0.0073954551400261526,0.5801067,0.007330935703127595,0.57716006,0.007404637700631933,0.58016,0.007361082763051807,0.5776534,0.007424386324562993,0.5803867,0.007372000705239579,0.5780934,0.007453174818065067,0.5806134,0.007380838313732041,0.57826674,0.007470835257985087,0.58055997,0.007425270639552228,0.5757467,0.007137323363787917,0.57750666,0.007035394863038391,0.5573067,0.006909711768367521,0.5608001,0.006748912363851556,4.5448728,0.012099864497251644,4.5335393,0.01192219153153129,0.2005827,0.001152817725322497,0.1997487,0.0011130416758025619,,,,,,,,
