,shots,val_acc,val_conf,test_acc,test_conf,val_acc_me1,val_conf_me1,test_acc_me1,test_conf_me1,val_acc_me2,val_conf_me2,test_acc_me2,test_conf_me2,val_acc_me3,val_conf_me3,test_acc_me3,test_conf_me3,val_acc_me4,val_conf_me4,test_acc_me4,test_conf_me4,val_acc_me5,val_conf_me5,test_acc_me5,test_conf_me5,val_acc_me6,val_conf_me6,test_acc_me6,test_conf_me6,val_acc_me7,val_conf_me7,test_acc_me7,test_conf_me7,val_acc_me8,val_conf_me8,test_acc_me8,test_conf_me8,val_acc_me9,val_conf_me9,test_acc_me9,test_conf_me9,val_acc_med,val_conf_med,test_acc_med,test_conf_med,val_acc_maj,val_conf_maj,test_acc_maj,test_conf_maj,val_acc_lin,val_conf_lin,test_acc_lin,test_conf_lin,val_nld,val_conf_nld,test_nld,test_conf_nld,val_mse,val_conf_mse,test_mse,test_conf_mse,val_svm,val_conf_svm,test_svm,test_conf_svm,val_mvm,val_conf_mvm,test_mvm,test_conf_mvm
0,5,0.7820267,0.005651689882569144,0.8488934,0.004945253352653722,0.7820801,0.005642293516302743,0.8485601,0.00496523840962626,0.78162676,0.005654363146001318,0.84854674,0.004979418388933454,0.78129345,0.005660977267980538,0.84854674,0.004970348965232296,0.78117347,0.005665784893752135,0.8484934,0.004996351981964242,0.78118676,0.005658168240262884,0.8486001,0.004990310933040587,0.7809867,0.005660490086615733,0.84841347,0.005007395990988539,0.7809601,0.005645634056580473,0.84814674,0.005014683392996155,0.7806401,0.005665389607260818,0.84773344,0.0050118143334515475,0.7803868,0.005667529049216413,0.8473334,0.005026381287150938,0.7800668,0.00566588879499097,0.84714675,0.005035024023097523,0.7824934,0.005635830397457409,0.84832007,0.004953437999582477,0.7733868,0.005581037963656832,0.84265345,0.005002380100955883,4.8860116,0.013030203579249111,5.0572424,0.014894597251547737,0.14460185,0.0013274025153293678,0.12646197,0.001226610463242156,,,,,,,,
