,shots,val_acc,val_conf,test_acc,test_conf,val_acc_me1,val_conf_me1,test_acc_me1,test_conf_me1,val_acc_me2,val_conf_me2,test_acc_me2,test_conf_me2,val_acc_me3,val_conf_me3,test_acc_me3,test_conf_me3,val_acc_me4,val_conf_me4,test_acc_me4,test_conf_me4,val_acc_me5,val_conf_me5,test_acc_me5,test_conf_me5,val_acc_me6,val_conf_me6,test_acc_me6,test_conf_me6,val_acc_me7,val_conf_me7,test_acc_me7,test_conf_me7,val_acc_me8,val_conf_me8,test_acc_me8,test_conf_me8,val_acc_me9,val_conf_me9,test_acc_me9,test_conf_me9,val_acc_med,val_conf_med,test_acc_med,test_conf_med,val_acc_maj,val_conf_maj,test_acc_maj,test_conf_maj,val_acc_lin,val_conf_lin,test_acc_lin,test_conf_lin,val_nld,val_conf_nld,test_nld,test_conf_nld,val_mse,val_conf_mse,test_mse,test_conf_mse,val_svm,val_conf_svm,test_svm,test_conf_svm,val_mvm,val_conf_mvm,test_mvm,test_conf_mvm
0,5,0.39162672,0.005798246505251348,0.42629337,0.006523775003267784,0.39217338,0.005830508994400296,0.42688003,0.006524640385142333,0.39221337,0.005832532066968266,0.4267867,0.006547815902825216,0.39213338,0.005818506785061295,0.42690668,0.006549734612370961,0.39213336,0.005808511485875301,0.42748004,0.006553678703401122,0.39201337,0.005805114608036899,0.42776,0.006542089790101457,0.39206672,0.005835697591381306,0.42772007,0.006561886901277347,0.3918667,0.005838328832534545,0.42781335,0.006576343950555064,0.39184004,0.005844154228664411,0.4277867,0.00659421634900248,0.39182672,0.005808118970083764,0.42808002,0.006587776781104671,0.39196005,0.005815773951585501,0.42825335,0.006592137400657172,0.39240003,0.005718557949250969,0.42678672,0.006385761371342835,0.38653338,0.005600840616232172,0.41929337,0.006082579403250354,5.050274,0.013861763522494464,4.907096,0.01138781129725075,0.23017706,0.0008594817849693903,0.22378302,0.001022662028652782,,,,,,,,
