,shots,val_acc,val_conf,test_acc,test_conf,val_acc_me1,val_conf_me1,test_acc_me1,test_conf_me1,val_acc_me2,val_conf_me2,test_acc_me2,test_conf_me2,val_acc_me3,val_conf_me3,test_acc_me3,test_conf_me3,val_acc_me4,val_conf_me4,test_acc_me4,test_conf_me4,val_acc_me5,val_conf_me5,test_acc_me5,test_conf_me5,val_acc_me6,val_conf_me6,test_acc_me6,test_conf_me6,val_acc_me7,val_conf_me7,test_acc_me7,test_conf_me7,val_acc_me8,val_conf_me8,test_acc_me8,test_conf_me8,val_acc_me9,val_conf_me9,test_acc_me9,test_conf_me9,val_acc_med,val_conf_med,test_acc_med,test_conf_med,val_acc_maj,val_conf_maj,test_acc_maj,test_conf_maj,val_acc_lin,val_conf_lin,test_acc_lin,test_conf_lin,val_nld,val_conf_nld,test_nld,test_conf_nld,val_mse,val_conf_mse,test_mse,test_conf_mse,val_svm,val_conf_svm,test_svm,test_conf_svm,val_mvm,val_conf_mvm,test_mvm,test_conf_mvm
0,5,0.38213336,0.005957280512271956,0.40817338,0.0063128878130503385,0.38236004,0.005964062261583358,0.4083067,0.006298775254102662,0.38289338,0.00594432841471737,0.4083067,0.00628900022554324,0.38293338,0.005955512805860097,0.40852,0.006298222037728229,0.3828667,0.005958392024636938,0.4087867,0.006294858870069531,0.38252002,0.005958765145530565,0.40908006,0.006311697335743771,0.38281336,0.005963076816054902,0.40932003,0.006326256439127265,0.38305336,0.005957347009064862,0.4094134,0.006347679027463415,0.3831867,0.0059757541525554125,0.40952006,0.006373829353063021,0.38298672,0.005984839276888254,0.40977338,0.006381520353660963,0.38316002,0.006004453060100334,0.4099334,0.006378320195501663,0.38200003,0.0059972575529663175,0.40769336,0.006236233173227024,0.37569335,0.005767040114473321,0.39952,0.006046706692385717,5.027468,0.014281349973728652,4.844921,0.012681506403534826,0.23217094,0.0008868918553681937,0.22657728,0.000977514054188,,,,,,,,
