,shots,val_acc,val_conf,test_acc,test_conf,val_acc_me1,val_conf_me1,test_acc_me1,test_conf_me1,val_acc_me2,val_conf_me2,test_acc_me2,test_conf_me2,val_acc_me3,val_conf_me3,test_acc_me3,test_conf_me3,val_acc_me4,val_conf_me4,test_acc_me4,test_conf_me4,val_acc_me5,val_conf_me5,test_acc_me5,test_conf_me5,val_acc_me6,val_conf_me6,test_acc_me6,test_conf_me6,val_acc_me7,val_conf_me7,test_acc_me7,test_conf_me7,val_acc_me8,val_conf_me8,test_acc_me8,test_conf_me8,val_acc_me9,val_conf_me9,test_acc_me9,test_conf_me9,val_acc_med,val_conf_med,test_acc_med,test_conf_med,val_acc_maj,val_conf_maj,test_acc_maj,test_conf_maj,val_acc_lin,val_conf_lin,test_acc_lin,test_conf_lin,val_nld,val_conf_nld,test_nld,test_conf_nld,val_mse,val_conf_mse,test_mse,test_conf_mse,val_svm,val_conf_svm,test_svm,test_conf_svm,val_mvm,val_conf_mvm,test_mvm,test_conf_mvm
0,5,0.67669344,0.0068013852602157865,0.73830676,0.006033304356129143,0.67684007,0.006805622121848098,0.73878676,0.006048347408394439,0.6775068,0.006799853986845461,0.73940015,0.006034103702993954,0.6778801,0.006818110588985293,0.73998684,0.006036823144754511,0.67772007,0.006828632321115191,0.7401334,0.006029565758660427,0.6776134,0.0068382960599031595,0.74040014,0.006018740173129422,0.6777734,0.006842501058488937,0.74085337,0.0060079861640075505,0.6780934,0.0068482650374419585,0.74098676,0.006019161781267934,0.67841345,0.006869011113266876,0.74105346,0.006027176491948061,0.6783334,0.006879976157349588,0.74106675,0.006036687380468919,0.6784001,0.006879590106524058,0.74118674,0.006021974965035093,0.6757334,0.006844623414463014,0.7366668,0.006038719688702621,0.66268003,0.006586574297432701,0.7249601,0.005999088061904745,4.341924,0.00937277560555394,4.41262,0.00980874612771121,0.18029208,0.0012217654330245742,0.16960394,0.0011655640984239712,,,,,,,,
