,shots,val_acc,val_conf,test_acc,test_conf,val_acc_me1,val_conf_me1,test_acc_me1,test_conf_me1,val_acc_me2,val_conf_me2,test_acc_me2,test_conf_me2,val_acc_me3,val_conf_me3,test_acc_me3,test_conf_me3,val_acc_me4,val_conf_me4,test_acc_me4,test_conf_me4,val_acc_me5,val_conf_me5,test_acc_me5,test_conf_me5,val_acc_me6,val_conf_me6,test_acc_me6,test_conf_me6,val_acc_me7,val_conf_me7,test_acc_me7,test_conf_me7,val_acc_me8,val_conf_me8,test_acc_me8,test_conf_me8,val_acc_me9,val_conf_me9,test_acc_me9,test_conf_me9,val_acc_med,val_conf_med,test_acc_med,test_conf_med,val_acc_maj,val_conf_maj,test_acc_maj,test_conf_maj,val_acc_lin,val_conf_lin,test_acc_lin,test_conf_lin,val_nld,val_conf_nld,test_nld,test_conf_nld,val_mse,val_conf_mse,test_mse,test_conf_mse,val_svm,val_conf_svm,test_svm,test_conf_svm,val_mvm,val_conf_mvm,test_mvm,test_conf_mvm
0,5,0.5903334,0.007193095239934277,0.58184004,0.007320811566405405,0.59088,0.007191231020816091,0.58225334,0.007342000492399747,0.59172004,0.007205343579763768,0.5827067,0.007358153671680245,0.59225345,0.007202880427725988,0.5830267,0.007372988459684371,0.5924268,0.007207526429348077,0.5835067,0.007404093258139954,0.5931734,0.007227156374975063,0.5837333,0.007416029432469329,0.59372,0.007244317627164931,0.5839867,0.0074377983582686324,0.5939734,0.007244059952092319,0.58422667,0.00745143020081751,0.5942001,0.00726968661544769,0.5843867,0.0074496980517185785,0.5946534,0.007293365015127118,0.5847868,0.0074776045391478085,0.59504,0.007299801812325257,0.58508,0.007501687922767508,0.59044003,0.007107217402576138,0.58132005,0.007221683781274302,0.56268,0.006942647999328089,0.5532934,0.007016468213353111,22.743153,0.02331681043795797,22.649294,0.02488866162903136,0.1925075,0.0014623255471790941,0.19397064,0.0014122654684747271,,,,,,,,
