,shots,val_acc,val_conf,test_acc,test_conf,val_acc_me1,val_conf_me1,test_acc_me1,test_conf_me1,val_acc_me2,val_conf_me2,test_acc_me2,test_conf_me2,val_acc_me3,val_conf_me3,test_acc_me3,test_conf_me3,val_acc_me4,val_conf_me4,test_acc_me4,test_conf_me4,val_acc_me5,val_conf_me5,test_acc_me5,test_conf_me5,val_acc_me6,val_conf_me6,test_acc_me6,test_conf_me6,val_acc_me7,val_conf_me7,test_acc_me7,test_conf_me7,val_acc_me8,val_conf_me8,test_acc_me8,test_conf_me8,val_acc_me9,val_conf_me9,test_acc_me9,test_conf_me9,val_acc_med,val_conf_med,test_acc_med,test_conf_med,val_acc_maj,val_conf_maj,test_acc_maj,test_conf_maj,val_acc_lin,val_conf_lin,test_acc_lin,test_conf_lin,val_nld,val_conf_nld,test_nld,test_conf_nld,val_mse,val_conf_mse,test_mse,test_conf_mse,val_svm,val_conf_svm,test_svm,test_conf_svm,val_mvm,val_conf_mvm,test_mvm,test_conf_mvm
0,5,0.27498668,0.004711539291132938,0.32804003,0.005545366128520857,0.27509332,0.004721970513739182,0.32928002,0.005596670251392766,0.27486667,0.004694252433889823,0.33008,0.00559256915404599,0.27508003,0.004699932830068476,0.33040002,0.005593127450036595,0.27501336,0.004691874249976302,0.3301867,0.0056136661851668435,0.27482665,0.004695321462192703,0.32921338,0.005652936697436439,0.27489337,0.00465766903855086,0.3289867,0.005697397192036935,0.2753867,0.004654584326212574,0.3286667,0.00574589228719119,0.27558666,0.004664351966239433,0.32792002,0.005736942003577328,0.27565336,0.004646458325760938,0.3276667,0.005760558986079911,0.27556002,0.004620224417386909,0.3268267,0.005746983481091705,0.27686667,0.004629511341014969,0.3296267,0.005557884611571584,0.27276,0.004454192084694608,0.3227067,0.005431548555336896,9.03837,0.01284491211290728,9.011468,0.012184996092821976,0.255319,0.0009280242778396119,0.24457131,0.0010864554267827065,,,,,,,,
