,shots,val_acc,val_conf,test_acc,test_conf,val_acc_me1,val_conf_me1,test_acc_me1,test_conf_me1,val_acc_me2,val_conf_me2,test_acc_me2,test_conf_me2,val_acc_me3,val_conf_me3,test_acc_me3,test_conf_me3,val_acc_me4,val_conf_me4,test_acc_me4,test_conf_me4,val_acc_me5,val_conf_me5,test_acc_me5,test_conf_me5,val_acc_me6,val_conf_me6,test_acc_me6,test_conf_me6,val_acc_me7,val_conf_me7,test_acc_me7,test_conf_me7,val_acc_me8,val_conf_me8,test_acc_me8,test_conf_me8,val_acc_me9,val_conf_me9,test_acc_me9,test_conf_me9,val_acc_med,val_conf_med,test_acc_med,test_conf_med,val_acc_maj,val_conf_maj,test_acc_maj,test_conf_maj,val_acc_lin,val_conf_lin,test_acc_lin,test_conf_lin,val_nld,val_conf_nld,test_nld,test_conf_nld,val_mse,val_conf_mse,test_mse,test_conf_mse,val_svm,val_conf_svm,test_svm,test_conf_svm,val_mvm,val_conf_mvm,test_mvm,test_conf_mvm
0,5,0.38177338,0.005630082580919293,0.4125867,0.00580232774591688,0.38176003,0.005628884253296884,0.41293335,0.0058136405128126345,0.38192004,0.005630383201837341,0.4131067,0.005832752799378116,0.3818667,0.00564209587305714,0.41348004,0.005842131156096442,0.38201338,0.005661014210643245,0.41389337,0.005861486340669353,0.38222668,0.005673251929457224,0.4145467,0.0058674590456668785,0.38236004,0.0056697904019590295,0.41462672,0.005901663795309098,0.38257337,0.0056757003044299315,0.41526672,0.005899600547595418,0.38205338,0.0056819316080665705,0.41536003,0.0059156230422064415,0.38209337,0.005682236385034123,0.41550672,0.0059190614805403885,0.3819334,0.005686543437725622,0.4154667,0.0059367043726956115,0.38333338,0.005451755730069119,0.41428003,0.005785637974460189,0.3749734,0.00538427672410241,0.40400007,0.005592051956767707,5.0189953,0.013239306438856069,4.8747954,0.012385489464879385,0.23205526,0.0008242523959425263,0.22660756,0.0008989927131612951,,,,,,,,
