,shots,val_acc,val_conf,test_acc,test_conf,val_acc_me1,val_conf_me1,test_acc_me1,test_conf_me1,val_acc_me2,val_conf_me2,test_acc_me2,test_conf_me2,val_acc_me3,val_conf_me3,test_acc_me3,test_conf_me3,val_acc_me4,val_conf_me4,test_acc_me4,test_conf_me4,val_acc_me5,val_conf_me5,test_acc_me5,test_conf_me5,val_acc_me6,val_conf_me6,test_acc_me6,test_conf_me6,val_acc_me7,val_conf_me7,test_acc_me7,test_conf_me7,val_acc_me8,val_conf_me8,test_acc_me8,test_conf_me8,val_acc_me9,val_conf_me9,test_acc_me9,test_conf_me9,val_acc_med,val_conf_med,test_acc_med,test_conf_med,val_acc_maj,val_conf_maj,test_acc_maj,test_conf_maj,val_acc_lin,val_conf_lin,test_acc_lin,test_conf_lin,val_nld,val_conf_nld,test_nld,test_conf_nld,val_mse,val_conf_mse,test_mse,test_conf_mse,val_svm,val_conf_svm,test_svm,test_conf_svm,val_mvm,val_conf_mvm,test_mvm,test_conf_mvm
0,5,0.53756005,0.007627557577885136,0.5933067,0.007715308870027249,0.5379067,0.007646661090568219,0.5935467,0.007726188484202368,0.53828,0.007689720534684419,0.5938534,0.007731970010920297,0.53866667,0.007701385642226,0.5938534,0.007758096785572377,0.5386533,0.007718311846724224,0.59441334,0.007781015089965981,0.53888005,0.007720134043563531,0.5946267,0.0077989673769216505,0.5388401,0.0077459246399848025,0.5947467,0.007827323641269701,0.53912,0.00776607363002324,0.5951867,0.007847468475258634,0.5392267,0.007795462441794743,0.5953067,0.007890272091435446,0.5389867,0.007809462787404353,0.5952934,0.007911051415656734,0.53944004,0.00783733695000377,0.59528005,0.007933499624667162,0.53657335,0.007541637256464839,0.59245336,0.0076746941066173635,0.52589333,0.007349594518508029,0.57746667,0.007501007254206549,4.307467,0.00882992811297445,4.381813,0.010581607874138754,0.20686233,0.0011808761394523082,0.19835508,0.001210301085765808,,,,,,,,
