,shots,val_acc,val_conf,test_acc,test_conf,val_acc_me1,val_conf_me1,test_acc_me1,test_conf_me1,val_acc_me2,val_conf_me2,test_acc_me2,test_conf_me2,val_acc_me3,val_conf_me3,test_acc_me3,test_conf_me3,val_acc_me4,val_conf_me4,test_acc_me4,test_conf_me4,val_acc_me5,val_conf_me5,test_acc_me5,test_conf_me5,val_acc_me6,val_conf_me6,test_acc_me6,test_conf_me6,val_acc_me7,val_conf_me7,test_acc_me7,test_conf_me7,val_acc_me8,val_conf_me8,test_acc_me8,test_conf_me8,val_acc_me9,val_conf_me9,test_acc_me9,test_conf_me9,val_acc_med,val_conf_med,test_acc_med,test_conf_med,val_acc_maj,val_conf_maj,test_acc_maj,test_conf_maj,val_acc_lin,val_conf_lin,test_acc_lin,test_conf_lin,val_nld,val_conf_nld,test_nld,test_conf_nld,val_mse,val_conf_mse,test_mse,test_conf_mse,val_svm,val_conf_svm,test_svm,test_conf_svm,val_mvm,val_conf_mvm,test_mvm,test_conf_mvm
0,5,0.7995601,0.004554041637098827,0.80250686,0.004494109093562071,0.7994535,0.004567487380984114,0.8024002,0.0044732937502445225,0.7993201,0.004560378227324247,0.8022001,0.004447559029600701,0.7990934,0.004555652337194016,0.80217344,0.0044549808105439626,0.7988001,0.004558991953905189,0.8020268,0.004462529581890418,0.79854673,0.004561181730238784,0.8017734,0.0044760215041041995,0.79826677,0.004567620374570036,0.8014001,0.00449040512983967,0.7982535,0.0045900704307134665,0.8010134,0.004488901563466374,0.79812014,0.004571511822305752,0.8004534,0.00452051386175123,0.7975868,0.004574136598493039,0.8000535,0.0045174231462302705,0.7970268,0.004597468660709314,0.79949343,0.004538903457476984,0.7987734,0.004553112990914321,0.8028401,0.00448077787193113,0.78861344,0.004439321277594277,0.79597354,0.004421585566999009,4.828344,0.012823547247481137,4.820917,0.014644290393060366,0.14583108,0.0010067578660082899,0.14515753,0.0009590367196382898,,,,,,,,
