,shots,val_acc,val_conf,test_acc,test_conf,val_acc_me1,val_conf_me1,test_acc_me1,test_conf_me1,val_acc_me2,val_conf_me2,test_acc_me2,test_conf_me2,val_acc_me3,val_conf_me3,test_acc_me3,test_conf_me3,val_acc_me4,val_conf_me4,test_acc_me4,test_conf_me4,val_acc_me5,val_conf_me5,test_acc_me5,test_conf_me5,val_acc_me6,val_conf_me6,test_acc_me6,test_conf_me6,val_acc_me7,val_conf_me7,test_acc_me7,test_conf_me7,val_acc_me8,val_conf_me8,test_acc_me8,test_conf_me8,val_acc_me9,val_conf_me9,test_acc_me9,test_conf_me9,val_acc_med,val_conf_med,test_acc_med,test_conf_med,val_acc_maj,val_conf_maj,test_acc_maj,test_conf_maj,val_acc_lin,val_conf_lin,test_acc_lin,test_conf_lin,val_nld,val_conf_nld,test_nld,test_conf_nld,val_mse,val_conf_mse,test_mse,test_conf_mse,val_svm,val_conf_svm,test_svm,test_conf_svm,val_mvm,val_conf_mvm,test_mvm,test_conf_mvm
0,5,0.4814,0.005986217238208247,0.52808005,0.006035960071796409,0.48178667,0.005987477444790779,0.5276134,0.006034159116988125,0.48208,0.0059786583076295585,0.52804005,0.006051266340533656,0.48232004,0.005979462272327318,0.52856004,0.0060512908150477385,0.48256004,0.005967068008980059,0.52893335,0.0060600545382147875,0.48228002,0.005979806762657303,0.52959996,0.006033742126682506,0.48234668,0.0059870770786834004,0.52969337,0.006056859921454882,0.48225334,0.0059917226185222106,0.5303467,0.006040095802889445,0.48222667,0.005987766982909926,0.53061336,0.006043522234858045,0.48245335,0.006000142774925832,0.53102666,0.006064901877348872,0.4821467,0.0060096453513476256,0.5311067,0.0060845973962021516,0.48232004,0.005956208713269351,0.5296666,0.005980013641568638,0.47381335,0.005907632806040342,0.5108,0.005998533921963811,24.692156,0.03006129383832956,24.358839,0.027750016781300957,0.21348132,0.0012769853627005168,0.20224628,0.0013330692889011175,,,,,,,,
