,shots,val_acc,val_conf,test_acc,test_conf,val_acc_me1,val_conf_me1,test_acc_me1,test_conf_me1,val_acc_me2,val_conf_me2,test_acc_me2,test_conf_me2,val_acc_me3,val_conf_me3,test_acc_me3,test_conf_me3,val_acc_me4,val_conf_me4,test_acc_me4,test_conf_me4,val_acc_me5,val_conf_me5,test_acc_me5,test_conf_me5,val_acc_me6,val_conf_me6,test_acc_me6,test_conf_me6,val_acc_me7,val_conf_me7,test_acc_me7,test_conf_me7,val_acc_me8,val_conf_me8,test_acc_me8,test_conf_me8,val_acc_me9,val_conf_me9,test_acc_me9,test_conf_me9,val_acc_med,val_conf_med,test_acc_med,test_conf_med,val_acc_maj,val_conf_maj,test_acc_maj,test_conf_maj,val_acc_lin,val_conf_lin,test_acc_lin,test_conf_lin,val_nld,val_conf_nld,test_nld,test_conf_nld,val_mse,val_conf_mse,test_mse,test_conf_mse,val_svm,val_conf_svm,test_svm,test_conf_svm,val_mvm,val_conf_mvm,test_mvm,test_conf_mvm
0,5,0.6378268,0.006467745913832146,0.6516001,0.006231683684311262,0.63793343,0.006419396742195604,0.6522934,0.00620126740473248,0.63864,0.00640375660414394,0.65254676,0.006215669963582693,0.6386267,0.006363964276763223,0.6522401,0.006239696086074997,0.63922673,0.006362366044816659,0.6522401,0.006256326749271346,0.6390134,0.006352897640357957,0.65206677,0.0062788340665420606,0.63828003,0.006337481928982314,0.6518934,0.006301675714910582,0.63808006,0.0063451849359456025,0.65156007,0.006322630516779837,0.63778675,0.006346756846244972,0.65089345,0.006305643818671491,0.6368267,0.0063665932090000155,0.6507334,0.006315472414091916,0.63628,0.00636872988025583,0.6496134,0.006307683515437645,0.63914675,0.006417316408500406,0.65590674,0.0062211799617294394,0.6781735,0.006371041567376445,0.7150935,0.005950286342649824,8.423105,0.024072697954425237,8.505393,0.02677133545441812,0.1606325,0.00147438767289923,0.15196027,0.0014043271829281,,,,,,,,
