,shots,val_acc,val_conf,test_acc,test_conf,val_acc_me1,val_conf_me1,test_acc_me1,test_conf_me1,val_acc_me2,val_conf_me2,test_acc_me2,test_conf_me2,val_acc_me3,val_conf_me3,test_acc_me3,test_conf_me3,val_acc_me4,val_conf_me4,test_acc_me4,test_conf_me4,val_acc_me5,val_conf_me5,test_acc_me5,test_conf_me5,val_acc_me6,val_conf_me6,test_acc_me6,test_conf_me6,val_acc_me7,val_conf_me7,test_acc_me7,test_conf_me7,val_acc_me8,val_conf_me8,test_acc_me8,test_conf_me8,val_acc_me9,val_conf_me9,test_acc_me9,test_conf_me9,val_acc_med,val_conf_med,test_acc_med,test_conf_med,val_acc_maj,val_conf_maj,test_acc_maj,test_conf_maj,val_acc_lin,val_conf_lin,test_acc_lin,test_conf_lin,val_nld,val_conf_nld,test_nld,test_conf_nld,val_mse,val_conf_mse,test_mse,test_conf_mse,val_svm,val_conf_svm,test_svm,test_conf_svm,val_mvm,val_conf_mvm,test_mvm,test_conf_mvm
0,5,0.80030674,0.00454536888523871,0.80028015,0.004685637404940213,0.80032015,0.004528414050176899,0.8002401,0.004695483086342156,0.8000535,0.004534340115062707,0.80021346,0.004675938570622651,0.7998268,0.004525047188251974,0.8000535,0.004668786932900626,0.79973346,0.00453250129402516,0.79989344,0.004659549881867342,0.7998401,0.0045033179758150466,0.7997201,0.00464122077975182,0.79968005,0.004524034035726543,0.7998268,0.004643890810700935,0.79932004,0.004541301036288359,0.79956007,0.004624646915899477,0.7988935,0.0045489500146075335,0.7995868,0.004627463793932862,0.79836017,0.0045553895825053425,0.7991735,0.004625108237400366,0.79801345,0.004562955901616594,0.79892015,0.004621876216194365,0.8000801,0.004525434624427449,0.8004268,0.004657424755193484,0.79125357,0.004504972545322339,0.7914401,0.00458619606895927,4.828025,0.013801812045842965,4.789338,0.014899356390074558,0.14524518,0.001011341295995366,0.14623754,0.0009829401232228918,,,,,,,,
