,shots,val_acc,val_conf,test_acc,test_conf,val_acc_me1,val_conf_me1,test_acc_me1,test_conf_me1,val_acc_me2,val_conf_me2,test_acc_me2,test_conf_me2,val_acc_me3,val_conf_me3,test_acc_me3,test_conf_me3,val_acc_me4,val_conf_me4,test_acc_me4,test_conf_me4,val_acc_me5,val_conf_me5,test_acc_me5,test_conf_me5,val_acc_me6,val_conf_me6,test_acc_me6,test_conf_me6,val_acc_me7,val_conf_me7,test_acc_me7,test_conf_me7,val_acc_me8,val_conf_me8,test_acc_me8,test_conf_me8,val_acc_me9,val_conf_me9,test_acc_me9,test_conf_me9,val_acc_med,val_conf_med,test_acc_med,test_conf_med,val_acc_maj,val_conf_maj,test_acc_maj,test_conf_maj,val_acc_lin,val_conf_lin,test_acc_lin,test_conf_lin,val_nld,val_conf_nld,test_nld,test_conf_nld,val_mse,val_conf_mse,test_mse,test_conf_mse,val_svm,val_conf_svm,test_svm,test_conf_svm,val_mvm,val_conf_mvm,test_mvm,test_conf_mvm
0,5,0.62557334,0.005453621796320474,0.6217334,0.005758227442278052,0.6264667,0.00541459233492525,0.62216,0.005764080545405004,0.6270801,0.005414546156596867,0.6225734,0.005774922293350859,0.62778676,0.005440925988488665,0.6223601,0.005793472589659565,0.6276134,0.005444632261127458,0.62234676,0.005808694813839166,0.62729347,0.00545922923074027,0.62250674,0.005828762991802794,0.62632006,0.005493217404022199,0.6229734,0.00579368500997024,0.62558675,0.005517747793860828,0.6227467,0.005801779147375341,0.62528,0.005486608823442318,0.62206674,0.005780792020676051,0.6248267,0.005487715717974462,0.62184006,0.00576818302810167,0.6239601,0.005513493384463719,0.6216534,0.005764369621740872,0.62484,0.005369296474363683,0.6195067,0.005697811411642828,0.6218934,0.005398728231980621,0.61734676,0.005567204321812791,8.295578,0.021983416746298445,8.379293,0.026226250160043207,0.17486513,0.0012210006044601762,0.17277965,0.001271925256918327,,,,,,,,
