,shots,val_acc,val_conf,test_acc,test_conf,val_acc_me1,val_conf_me1,test_acc_me1,test_conf_me1,val_acc_me2,val_conf_me2,test_acc_me2,test_conf_me2,val_acc_me3,val_conf_me3,test_acc_me3,test_conf_me3,val_acc_me4,val_conf_me4,test_acc_me4,test_conf_me4,val_acc_me5,val_conf_me5,test_acc_me5,test_conf_me5,val_acc_me6,val_conf_me6,test_acc_me6,test_conf_me6,val_acc_me7,val_conf_me7,test_acc_me7,test_conf_me7,val_acc_me8,val_conf_me8,test_acc_me8,test_conf_me8,val_acc_me9,val_conf_me9,test_acc_me9,test_conf_me9,val_acc_med,val_conf_med,test_acc_med,test_conf_med,val_acc_maj,val_conf_maj,test_acc_maj,test_conf_maj,val_acc_lin,val_conf_lin,test_acc_lin,test_conf_lin,val_nld,val_conf_nld,test_nld,test_conf_nld,val_mse,val_conf_mse,test_mse,test_conf_mse,val_svm,val_conf_svm,test_svm,test_conf_svm,val_mvm,val_conf_mvm,test_mvm,test_conf_mvm
0,5,0.5552933,0.005874076861912436,0.58852,0.0058605202900389175,0.5556934,0.005886996634637098,0.58864003,0.005862993139525652,0.5559867,0.005905647137918413,0.58864003,0.0058416167295178845,0.5554,0.005940017667759645,0.58868,0.005845834196252286,0.55524004,0.005952869096558233,0.5882267,0.005869706544911035,0.55508006,0.005965446687869358,0.58736,0.005854662569079072,0.5549733,0.0059930026817859305,0.5870934,0.005834057337155918,0.55442667,0.005976806094876719,0.58660007,0.005790185616242782,0.55407995,0.005978040441595334,0.58658665,0.005774520541893646,0.55350673,0.005951506835869869,0.58640003,0.005764783379563543,0.55281335,0.00594683312725075,0.5859734,0.00578607112718077,0.55641335,0.005840829850801588,0.5906,0.005832592098795164,0.5565734,0.005797263830422672,0.58220005,0.005814679063418704,25.674324,0.033459390784596366,25.485512,0.034771169324290696,0.1934956,0.0013510400471881123,0.18394382,0.0013848257284999055,,,,,,,,
