,shots,val_acc,val_conf,test_acc,test_conf,val_acc_me1,val_conf_me1,test_acc_me1,test_conf_me1,val_acc_me2,val_conf_me2,test_acc_me2,test_conf_me2,val_acc_me3,val_conf_me3,test_acc_me3,test_conf_me3,val_acc_me4,val_conf_me4,test_acc_me4,test_conf_me4,val_acc_me5,val_conf_me5,test_acc_me5,test_conf_me5,val_acc_me6,val_conf_me6,test_acc_me6,test_conf_me6,val_acc_me7,val_conf_me7,test_acc_me7,test_conf_me7,val_acc_me8,val_conf_me8,test_acc_me8,test_conf_me8,val_acc_me9,val_conf_me9,test_acc_me9,test_conf_me9,val_acc_med,val_conf_med,test_acc_med,test_conf_med,val_acc_maj,val_conf_maj,test_acc_maj,test_conf_maj,val_acc_lin,val_conf_lin,test_acc_lin,test_conf_lin,val_nld,val_conf_nld,test_nld,test_conf_nld,val_mse,val_conf_mse,test_mse,test_conf_mse,val_svm,val_conf_svm,test_svm,test_conf_svm,val_mvm,val_conf_mvm,test_mvm,test_conf_mvm
0,5,0.5932134,0.008022409531069252,0.6452667,0.007924287048147849,0.59370667,0.008049177260919693,0.6453734,0.007977662730832558,0.59424007,0.008049184649452257,0.6458534,0.007994598170996459,0.5946,0.008072150055740912,0.64622676,0.008025008447392512,0.59478676,0.0080861596370162,0.6472401,0.00802310128242889,0.59524006,0.008106905712841117,0.64690673,0.008033724145098065,0.5954401,0.00810814883344213,0.6469467,0.008076238684939008,0.5958401,0.008119590899657414,0.6466934,0.008096208041279862,0.59604,0.008129609749790934,0.6467201,0.008104478579899488,0.5959601,0.008155150059672156,0.64612013,0.008135222263826791,0.59582675,0.008175068619851733,0.6462934,0.008138704109789452,0.5926934,0.0078123276908994566,0.6470267,0.007684647845307757,0.5631734,0.007636194310649103,0.6159067,0.007816178963489406,22.903414,0.025047380238067518,23.110678,0.029855552761031134,0.19014636,0.0016742029162035987,0.17772269,0.001725063727122722,,,,,,,,
