,shots,val_acc,val_conf,test_acc,test_conf,val_acc_me1,val_conf_me1,test_acc_me1,test_conf_me1,val_acc_me2,val_conf_me2,test_acc_me2,test_conf_me2,val_acc_me3,val_conf_me3,test_acc_me3,test_conf_me3,val_acc_me4,val_conf_me4,test_acc_me4,test_conf_me4,val_acc_me5,val_conf_me5,test_acc_me5,test_conf_me5,val_acc_me6,val_conf_me6,test_acc_me6,test_conf_me6,val_acc_me7,val_conf_me7,test_acc_me7,test_conf_me7,val_acc_me8,val_conf_me8,test_acc_me8,test_conf_me8,val_acc_me9,val_conf_me9,test_acc_me9,test_conf_me9,val_acc_med,val_conf_med,test_acc_med,test_conf_med,val_acc_maj,val_conf_maj,test_acc_maj,test_conf_maj,val_acc_lin,val_conf_lin,test_acc_lin,test_conf_lin,val_nld,val_conf_nld,test_nld,test_conf_nld,val_mse,val_conf_mse,test_mse,test_conf_mse,val_svm,val_conf_svm,test_svm,test_conf_svm,val_mvm,val_conf_mvm,test_mvm,test_conf_mvm
0,5,0.56888,0.0077241843447490854,0.6109468,0.00777958817961788,0.56935996,0.007726341334469478,0.6117068,0.007812389569859524,0.56956005,0.007758202995727714,0.61189336,0.007838126599419737,0.57004005,0.007764680891638176,0.6122534,0.007884566297176154,0.57032007,0.007803012598491033,0.61280006,0.007911310937862459,0.5708534,0.007840614687754877,0.6128667,0.007927512142604565,0.57088,0.00784021108916455,0.61290675,0.007968162001543933,0.5712,0.007846584622052677,0.6128134,0.007988232950207341,0.57136,0.007836022714777013,0.6129601,0.008005148995473332,0.5713467,0.00787512652328104,0.61324006,0.008009320745662518,0.5713067,0.007879382318027983,0.61320007,0.008043768855095501,0.56972003,0.007629038055094184,0.61054677,0.007752138857639923,0.5536,0.007491691700014957,0.59532005,0.007494802734000383,4.400556,0.010485200454334986,4.467994,0.011995835806125399,0.20113656,0.0012617570198924233,0.19419341,0.0012776843871469268,,,,,,,,
