,shots,val_acc,val_conf,test_acc,test_conf,val_acc_me1,val_conf_me1,test_acc_me1,test_conf_me1,val_acc_me2,val_conf_me2,test_acc_me2,test_conf_me2,val_acc_me3,val_conf_me3,test_acc_me3,test_conf_me3,val_acc_me4,val_conf_me4,test_acc_me4,test_conf_me4,val_acc_me5,val_conf_me5,test_acc_me5,test_conf_me5,val_acc_me6,val_conf_me6,test_acc_me6,test_conf_me6,val_acc_me7,val_conf_me7,test_acc_me7,test_conf_me7,val_acc_me8,val_conf_me8,test_acc_me8,test_conf_me8,val_acc_me9,val_conf_me9,test_acc_me9,test_conf_me9,val_acc_med,val_conf_med,test_acc_med,test_conf_med,val_acc_maj,val_conf_maj,test_acc_maj,test_conf_maj,val_acc_lin,val_conf_lin,test_acc_lin,test_conf_lin,val_nld,val_conf_nld,test_nld,test_conf_nld,val_mse,val_conf_mse,test_mse,test_conf_mse,val_svm,val_conf_svm,test_svm,test_conf_svm,val_mvm,val_conf_mvm,test_mvm,test_conf_mvm
0,5,0.5146667,0.013664686465586828,0.5025333,0.01356561569124981,0.5141334,0.013662978580228025,0.50240004,0.013563553631357639,0.51413333,0.013618952517323146,0.5031333,0.013540404246920046,0.5152,0.01357907948640924,0.5036,0.01351914035139734,0.51640004,0.01357866335714708,0.5036667,0.013434761108430004,0.5162,0.013494580464299522,0.5037334,0.013536199585988284,0.5164667,0.013473073912755429,0.5040667,0.013578646835886055,0.51813334,0.013625754113972821,0.50420004,0.013596806799493044,0.5174,0.013639168345349284,0.5037334,0.013594387467331104,0.5174667,0.013616117055899046,0.50306666,0.013711957923705054,0.5176,0.013641763215909597,0.5030667,0.01377313925103052,0.5105334,0.013674214070306334,0.50053334,0.013433999065265101,0.44920003,0.011991888134860407,0.4406,0.012952067685586655,1950.384,0.2371680219123391,1950.3582,0.20807485774002998,0.25680634,0.005189880002473168,0.2565345,0.005066095486794875,0.5090667,0.013681954281098196,0.4968,0.013061487997379384,0.24186593,0.00037797660435401337,0.24170752,0.00042151145015609237
