,shots,val_acc,val_conf,test_acc,test_conf,val_acc_me1,val_conf_me1,test_acc_me1,test_conf_me1,val_acc_me2,val_conf_me2,test_acc_me2,test_conf_me2,val_acc_me3,val_conf_me3,test_acc_me3,test_conf_me3,val_acc_me4,val_conf_me4,test_acc_me4,test_conf_me4,val_acc_me5,val_conf_me5,test_acc_me5,test_conf_me5,val_acc_me6,val_conf_me6,test_acc_me6,test_conf_me6,val_acc_me7,val_conf_me7,test_acc_me7,test_conf_me7,val_acc_me8,val_conf_me8,test_acc_me8,test_conf_me8,val_acc_me9,val_conf_me9,test_acc_me9,test_conf_me9,val_acc_med,val_conf_med,test_acc_med,test_conf_med,val_acc_maj,val_conf_maj,test_acc_maj,test_conf_maj,val_acc_lin,val_conf_lin,test_acc_lin,test_conf_lin,val_nld,val_conf_nld,test_nld,test_conf_nld,val_mse,val_conf_mse,test_mse,test_conf_mse,val_svm,val_conf_svm,test_svm,test_conf_svm,val_mvm,val_conf_mvm,test_mvm,test_conf_mvm
0,5,0.6726001,0.006411298910524388,0.73617345,0.005987568877880989,0.6727868,0.006408810822189248,0.73606676,0.005996430037321088,0.6727201,0.006430085639874461,0.73626673,0.005998517297765571,0.67305344,0.0064156997052224884,0.7364001,0.006022487544480537,0.6727334,0.00644018253138301,0.7365601,0.006022165681531466,0.67216,0.006448577751489326,0.73673344,0.0060058277889373235,0.67157334,0.006465110978412625,0.73605347,0.006038430150583474,0.67133343,0.006473085052163818,0.7354268,0.006072071062835693,0.67057335,0.006468946550371002,0.73498684,0.00607388771827555,0.6699868,0.006493514344655726,0.73442674,0.006084157316732397,0.66893345,0.006517373301599183,0.73372006,0.006069920999864475,0.6717334,0.006398417465812267,0.73364013,0.005927028165758963,0.66854674,0.0064597445948672005,0.7317201,0.006023012592074717,7.620808,0.021902798620547337,7.715293,0.024184309127077697,0.15554012,0.0016500667738437724,0.1355039,0.001581168938736388,,,,,,,,
