,shots,val_acc,val_conf,test_acc,test_conf,val_acc_me1,val_conf_me1,test_acc_me1,test_conf_me1,val_acc_me2,val_conf_me2,test_acc_me2,test_conf_me2,val_acc_me3,val_conf_me3,test_acc_me3,test_conf_me3,val_acc_me4,val_conf_me4,test_acc_me4,test_conf_me4,val_acc_me5,val_conf_me5,test_acc_me5,test_conf_me5,val_acc_me6,val_conf_me6,test_acc_me6,test_conf_me6,val_acc_me7,val_conf_me7,test_acc_me7,test_conf_me7,val_acc_me8,val_conf_me8,test_acc_me8,test_conf_me8,val_acc_me9,val_conf_me9,test_acc_me9,test_conf_me9,val_acc_med,val_conf_med,test_acc_med,test_conf_med,val_acc_maj,val_conf_maj,test_acc_maj,test_conf_maj,val_acc_lin,val_conf_lin,test_acc_lin,test_conf_lin,val_nld,val_conf_nld,test_nld,test_conf_nld,val_mse,val_conf_mse,test_mse,test_conf_mse,val_svm,val_conf_svm,test_svm,test_conf_svm,val_mvm,val_conf_mvm,test_mvm,test_conf_mvm
0,5,0.58018667,0.005363664103646637,0.6184267,0.005501346636956783,0.58014673,0.005380212107635063,0.61866677,0.005518959051415195,0.5807334,0.005399686894078659,0.6189734,0.005523915833187565,0.5804934,0.005385212758819424,0.61848,0.00550662066384533,0.5805467,0.005388238824680647,0.61849344,0.005478506835721486,0.57992005,0.005382757918880765,0.61828005,0.005489733249143036,0.57952005,0.0053788664711449385,0.61781335,0.005497557243326789,0.5791334,0.005386047201213939,0.61788005,0.005513550645591003,0.57896006,0.005385675465670148,0.61725336,0.005523141884403282,0.5786001,0.005359276238880439,0.61704004,0.0055203661050821085,0.5779867,0.005363115966888321,0.6165334,0.005541851495944994,0.5791467,0.005339911818641796,0.61634666,0.0054178834643915375,0.5734267,0.005385360067687084,0.6106267,0.005317582749718719,6.7200356,0.017900229202426843,6.8967023,0.02406530572761234,0.1852793,0.0011992686213235793,0.1747499,0.0012640079825111394,,,,,,,,
