,shots,val_acc,val_conf,test_acc,test_conf,val_acc_me1,val_conf_me1,test_acc_me1,test_conf_me1,val_acc_me2,val_conf_me2,test_acc_me2,test_conf_me2,val_acc_me3,val_conf_me3,test_acc_me3,test_conf_me3,val_acc_me4,val_conf_me4,test_acc_me4,test_conf_me4,val_acc_me5,val_conf_me5,test_acc_me5,test_conf_me5,val_acc_me6,val_conf_me6,test_acc_me6,test_conf_me6,val_acc_me7,val_conf_me7,test_acc_me7,test_conf_me7,val_acc_me8,val_conf_me8,test_acc_me8,test_conf_me8,val_acc_me9,val_conf_me9,test_acc_me9,test_conf_me9,val_acc_med,val_conf_med,test_acc_med,test_conf_med,val_acc_maj,val_conf_maj,test_acc_maj,test_conf_maj,val_acc_lin,val_conf_lin,test_acc_lin,test_conf_lin,val_nld,val_conf_nld,test_nld,test_conf_nld,val_mse,val_conf_mse,test_mse,test_conf_mse,val_svm,val_conf_svm,test_svm,test_conf_svm,val_mvm,val_conf_mvm,test_mvm,test_conf_mvm
0,5,0.30025336,0.006442817928585753,0.3184267,0.0066359218445295465,0.30030668,0.006475723681849566,0.31809336,0.006640786269645094,0.30005336,0.006499143482889824,0.31774667,0.0066326427214286054,0.30045336,0.006508122858850607,0.31677338,0.006669899858579242,0.30012003,0.006508389769588896,0.31648004,0.006665023427098293,0.29957336,0.006508025422577668,0.3161867,0.006676598025116165,0.2989334,0.006552130805832557,0.3157067,0.006670457692786513,0.2987467,0.006594539135518163,0.31464002,0.006662463300570853,0.2984,0.006602952826955832,0.31417337,0.006647858480642199,0.2979867,0.006616894064305101,0.3131067,0.0066713484727417005,0.2971867,0.006595798880317361,0.31281334,0.006676407308619847,0.30344003,0.006445671287498678,0.32310668,0.006744774323842073,0.32073334,0.006663672710992108,0.34000003,0.006935722635415309,7.5123935,0.03246583634169653,7.2802844,0.027201094991402996,0.24387814,0.0012408884560514144,0.24031831,0.0013290745171555263,,,,,,,,
