,shots,val_acc,val_conf,test_acc,test_conf,val_acc_me1,val_conf_me1,test_acc_me1,test_conf_me1,val_acc_me2,val_conf_me2,test_acc_me2,test_conf_me2,val_acc_me3,val_conf_me3,test_acc_me3,test_conf_me3,val_acc_me4,val_conf_me4,test_acc_me4,test_conf_me4,val_acc_me5,val_conf_me5,test_acc_me5,test_conf_me5,val_acc_me6,val_conf_me6,test_acc_me6,test_conf_me6,val_acc_me7,val_conf_me7,test_acc_me7,test_conf_me7,val_acc_me8,val_conf_me8,test_acc_me8,test_conf_me8,val_acc_me9,val_conf_me9,test_acc_me9,test_conf_me9,val_acc_med,val_conf_med,test_acc_med,test_conf_med,val_acc_maj,val_conf_maj,test_acc_maj,test_conf_maj,val_acc_lin,val_conf_lin,test_acc_lin,test_conf_lin,val_nld,val_conf_nld,test_nld,test_conf_nld,val_mse,val_conf_mse,test_mse,test_conf_mse,val_svm,val_conf_svm,test_svm,test_conf_svm,val_mvm,val_conf_mvm,test_mvm,test_conf_mvm
0,5,0.49289337,0.006732052194363014,0.5250267,0.0066739695546627065,0.49833336,0.0067651999220676995,0.5290666,0.00664330991529305,0.5028667,0.00679048532757609,0.53353333,0.006622448393647118,0.50730675,0.00683163160354594,0.53646666,0.006585545444275587,0.51136005,0.0068811047556961435,0.5390533,0.006597533800116073,0.51456004,0.006881077510482392,0.54097337,0.006653030915208302,0.5170267,0.007002682135187399,0.54369336,0.0066771641714226115,0.5188134,0.007074446951814584,0.5461334,0.006687758865311477,0.52076,0.007129346057553776,0.54704005,0.006719515239980933,0.5219867,0.007176798446052457,0.54664004,0.006764068553021474,0.52117336,0.0072965540904875725,0.54538673,0.0068116437758737325,0.4966267,0.006608457745486462,0.5309333,0.006483220733468187,0.4962267,0.0064185950864142916,0.52573335,0.006398070204782558,10.907614,0.021439613362321808,10.74876,0.020529510547403262,0.21375003,0.0009461303963517464,0.20645733,0.0009792995392562676,,,,,,,,
