,shots,val_acc,val_conf,test_acc,test_conf,val_acc_me1,val_conf_me1,test_acc_me1,test_conf_me1,val_acc_me2,val_conf_me2,test_acc_me2,test_conf_me2,val_acc_me3,val_conf_me3,test_acc_me3,test_conf_me3,val_acc_me4,val_conf_me4,test_acc_me4,test_conf_me4,val_acc_me5,val_conf_me5,test_acc_me5,test_conf_me5,val_acc_me6,val_conf_me6,test_acc_me6,test_conf_me6,val_acc_me7,val_conf_me7,test_acc_me7,test_conf_me7,val_acc_me8,val_conf_me8,test_acc_me8,test_conf_me8,val_acc_me9,val_conf_me9,test_acc_me9,test_conf_me9,val_acc_med,val_conf_med,test_acc_med,test_conf_med,val_acc_maj,val_conf_maj,test_acc_maj,test_conf_maj,val_acc_lin,val_conf_lin,test_acc_lin,test_conf_lin,val_nld,val_conf_nld,test_nld,test_conf_nld,val_mse,val_conf_mse,test_mse,test_conf_mse,val_svm,val_conf_svm,test_svm,test_conf_svm,val_mvm,val_conf_mvm,test_mvm,test_conf_mvm
0,5,0.25446668,0.005112567595742912,0.30769336,0.006532354474904467,0.2544,0.005147336182775075,0.30773336,0.006557658351744156,0.25522667,0.005142036757805835,0.30796003,0.006600881728926311,0.25588003,0.0051581432969746155,0.30808002,0.0066337934853727965,0.25616002,0.005137595787961913,0.30725336,0.0066643958636151135,0.25593334,0.00512773486771162,0.3069867,0.006718610606527231,0.25634667,0.005146361820045464,0.30668002,0.006711869955928096,0.25650668,0.005142935849860142,0.30668002,0.006705348190605698,0.25650665,0.005152630066344865,0.30612004,0.0067190114344178875,0.25677335,0.005181080534482907,0.30556002,0.006727084791575133,0.2565467,0.005195409208007595,0.3055867,0.00675681116692739,0.25548002,0.0051644055400913436,0.30950668,0.0065485838484268255,0.2602267,0.005206764458965507,0.30708003,0.006330881660501553,7.943629,0.015460993844487625,7.9600472,0.015015193803343152,0.26120418,0.0011440215618797045,0.2500005,0.0013556050058438074,,,,,,,,
