,shots,val_acc,val_conf,test_acc,test_conf,val_acc_me1,val_conf_me1,test_acc_me1,test_conf_me1,val_acc_me2,val_conf_me2,test_acc_me2,test_conf_me2,val_acc_me3,val_conf_me3,test_acc_me3,test_conf_me3,val_acc_me4,val_conf_me4,test_acc_me4,test_conf_me4,val_acc_me5,val_conf_me5,test_acc_me5,test_conf_me5,val_acc_me6,val_conf_me6,test_acc_me6,test_conf_me6,val_acc_me7,val_conf_me7,test_acc_me7,test_conf_me7,val_acc_me8,val_conf_me8,test_acc_me8,test_conf_me8,val_acc_me9,val_conf_me9,test_acc_me9,test_conf_me9,val_acc_med,val_conf_med,test_acc_med,test_conf_med,val_acc_maj,val_conf_maj,test_acc_maj,test_conf_maj,val_acc_lin,val_conf_lin,test_acc_lin,test_conf_lin,val_nld,val_conf_nld,test_nld,test_conf_nld,val_mse,val_conf_mse,test_mse,test_conf_mse,val_svm,val_conf_svm,test_svm,test_conf_svm,val_mvm,val_conf_mvm,test_mvm,test_conf_mvm
0,5,0.30761334,0.004827303742643008,0.3581867,0.005714755625689072,0.30813336,0.004844263195537601,0.3576267,0.005751172779045743,0.30865338,0.004858558620665865,0.35756007,0.005776624888319648,0.30872002,0.004881403039734056,0.35694668,0.005798420135766202,0.30928004,0.004912345752256797,0.35714674,0.005820991640913431,0.30882668,0.004901351615827165,0.35728002,0.005832381987400936,0.30858666,0.004907032012005819,0.3569334,0.00585324997401282,0.30824006,0.004904441407781568,0.35673338,0.005887711936944262,0.30796003,0.0049163803528106675,0.35649338,0.005917987834404725,0.3071867,0.004893515153494676,0.35605335,0.0059309431644422594,0.30708003,0.004930573723833098,0.35604003,0.005926815745448288,0.30929336,0.004794068276114283,0.3580267,0.005657323176852858,0.30665338,0.004604579661502295,0.35041335,0.00541151547290275,6.830062,0.018733808985758493,6.631345,0.01620343977312011,0.247551,0.0009092582132914362,0.2378165,0.0011172221998742016,,,,,,,,
