,shots,val_acc,val_conf,test_acc,test_conf,val_acc_me1,val_conf_me1,test_acc_me1,test_conf_me1,val_acc_me2,val_conf_me2,test_acc_me2,test_conf_me2,val_acc_me3,val_conf_me3,test_acc_me3,test_conf_me3,val_acc_me4,val_conf_me4,test_acc_me4,test_conf_me4,val_acc_me5,val_conf_me5,test_acc_me5,test_conf_me5,val_acc_me6,val_conf_me6,test_acc_me6,test_conf_me6,val_acc_me7,val_conf_me7,test_acc_me7,test_conf_me7,val_acc_me8,val_conf_me8,test_acc_me8,test_conf_me8,val_acc_me9,val_conf_me9,test_acc_me9,test_conf_me9,val_acc_med,val_conf_med,test_acc_med,test_conf_med,val_acc_maj,val_conf_maj,test_acc_maj,test_conf_maj,val_acc_lin,val_conf_lin,test_acc_lin,test_conf_lin,val_nld,val_conf_nld,test_nld,test_conf_nld,val_mse,val_conf_mse,test_mse,test_conf_mse,val_svm,val_conf_svm,test_svm,test_conf_svm,val_mvm,val_conf_mvm,test_mvm,test_conf_mvm
0,5,0.55270666,0.005664550085250242,0.5918667,0.005827546192848976,0.55216,0.00566300911443085,0.5914,0.005817394349129645,0.5516134,0.005650144755700359,0.59096,0.005822171958987821,0.55156004,0.005635422181034189,0.59081334,0.005847593128781692,0.55127996,0.005637724632489127,0.59094673,0.0058531830154365805,0.55112,0.005630939650694722,0.5905333,0.005836219868275649,0.5506,0.00562860487440997,0.59040004,0.005846851966610611,0.5498934,0.005615317522191132,0.5899867,0.005862696212873941,0.5493467,0.005618674224883713,0.58918667,0.005861663203667211,0.5484667,0.0056026018576780245,0.58876,0.005872910859119895,0.5481333,0.00559338974294199,0.5885067,0.005871083120881138,0.5557467,0.005606777302133548,0.59302676,0.005768924652056029,0.55352,0.005651985885654298,0.58969337,0.005737197831516716,5.048252,0.013468084960635451,4.9412875,0.013553633084728567,0.20068942,0.0009603774496809714,0.19040217,0.0010028392885045867,,,,,,,,
