,shots,val_acc,val_conf,test_acc,test_conf,val_acc_me1,val_conf_me1,test_acc_me1,test_conf_me1,val_acc_me2,val_conf_me2,test_acc_me2,test_conf_me2,val_acc_me3,val_conf_me3,test_acc_me3,test_conf_me3,val_acc_me4,val_conf_me4,test_acc_me4,test_conf_me4,val_acc_me5,val_conf_me5,test_acc_me5,test_conf_me5,val_acc_me6,val_conf_me6,test_acc_me6,test_conf_me6,val_acc_me7,val_conf_me7,test_acc_me7,test_conf_me7,val_acc_me8,val_conf_me8,test_acc_me8,test_conf_me8,val_acc_me9,val_conf_me9,test_acc_me9,test_conf_me9,val_acc_med,val_conf_med,test_acc_med,test_conf_med,val_acc_maj,val_conf_maj,test_acc_maj,test_conf_maj,val_acc_lin,val_conf_lin,test_acc_lin,test_conf_lin,val_nld,val_conf_nld,test_nld,test_conf_nld,val_mse,val_conf_mse,test_mse,test_conf_mse,val_svm,val_conf_svm,test_svm,test_conf_svm,val_mvm,val_conf_mvm,test_mvm,test_conf_mvm
0,5,0.54936,0.007756805639509756,0.59978676,0.007855437931176934,0.54968005,0.007771145857616624,0.60028005,0.00787546270151196,0.5498934,0.007795760753796288,0.6004667,0.007910678294763218,0.55016005,0.007809774952904469,0.6010934,0.007923005137751016,0.55026674,0.00782637698553712,0.60112005,0.00794005602373582,0.55046666,0.00785117382433087,0.6012267,0.007957625954132186,0.55046666,0.007857092038900837,0.60125333,0.007975373209309633,0.55,0.007861602738020723,0.60114664,0.007988110115853764,0.55014664,0.007884585692074064,0.6007467,0.008001887881920466,0.55065334,0.007900121928886894,0.60092,0.008015689660717862,0.55053335,0.007919493737658101,0.60064,0.008042995829877775,0.54880005,0.007597379578480945,0.59944004,0.007664738520793857,0.5368667,0.007365674736029559,0.58537334,0.00765301661390827,4.3146505,0.009829451566607084,4.3786654,0.010990733086853055,0.20410089,0.0012163283966366845,0.19669057,0.0012457401821265868,,,,,,,,
