,shots,val_acc,val_conf,test_acc,test_conf,val_acc_me1,val_conf_me1,test_acc_me1,test_conf_me1,val_acc_me2,val_conf_me2,test_acc_me2,test_conf_me2,val_acc_me3,val_conf_me3,test_acc_me3,test_conf_me3,val_acc_me4,val_conf_me4,test_acc_me4,test_conf_me4,val_acc_me5,val_conf_me5,test_acc_me5,test_conf_me5,val_acc_me6,val_conf_me6,test_acc_me6,test_conf_me6,val_acc_me7,val_conf_me7,test_acc_me7,test_conf_me7,val_acc_me8,val_conf_me8,test_acc_me8,test_conf_me8,val_acc_me9,val_conf_me9,test_acc_me9,test_conf_me9,val_acc_med,val_conf_med,test_acc_med,test_conf_med,val_acc_maj,val_conf_maj,test_acc_maj,test_conf_maj,val_acc_lin,val_conf_lin,test_acc_lin,test_conf_lin,val_nld,val_conf_nld,test_nld,test_conf_nld,val_mse,val_conf_mse,test_mse,test_conf_mse,val_svm,val_conf_svm,test_svm,test_conf_svm,val_mvm,val_conf_mvm,test_mvm,test_conf_mvm
0,5,0.5435734,0.007800701834936974,0.6012,0.007802442757918304,0.5438934,0.007818058421455998,0.6019467,0.0078047544450389195,0.54421335,0.007830352939613872,0.60245335,0.007806394699264363,0.5445067,0.007853697008195604,0.60267997,0.00782076262436815,0.5448934,0.007869243404240667,0.6034667,0.007836733861034673,0.54516006,0.007882564004855985,0.60377336,0.00783719287361917,0.54592,0.0079012145081373,0.6038934,0.00787225792551971,0.5459067,0.007910937816968833,0.60388,0.007884735309858226,0.54645336,0.00792009128522786,0.6041334,0.007901259762899127,0.5463201,0.00794205277465665,0.6037334,0.007911794886744317,0.5458534,0.00794678420618633,0.6040934,0.007925916219574392,0.5435334,0.007691338623312172,0.60246676,0.007564572646839962,0.52772003,0.007460792856904153,0.5833201,0.007388804537167393,4.943666,0.011365363088239988,5.039649,0.01401454544563041,0.2021844,0.001397852173163211,0.19126962,0.0014132084299410264,,,,,,,,
