,shots,val_acc,val_conf,test_acc,test_conf,val_acc_me1,val_conf_me1,test_acc_me1,test_conf_me1,val_acc_me2,val_conf_me2,test_acc_me2,test_conf_me2,val_acc_me3,val_conf_me3,test_acc_me3,test_conf_me3,val_acc_me4,val_conf_me4,test_acc_me4,test_conf_me4,val_acc_me5,val_conf_me5,test_acc_me5,test_conf_me5,val_acc_me6,val_conf_me6,test_acc_me6,test_conf_me6,val_acc_me7,val_conf_me7,test_acc_me7,test_conf_me7,val_acc_me8,val_conf_me8,test_acc_me8,test_conf_me8,val_acc_me9,val_conf_me9,test_acc_me9,test_conf_me9,val_acc_med,val_conf_med,test_acc_med,test_conf_med,val_acc_maj,val_conf_maj,test_acc_maj,test_conf_maj,val_acc_lin,val_conf_lin,test_acc_lin,test_conf_lin,val_nld,val_conf_nld,test_nld,test_conf_nld,val_mse,val_conf_mse,test_mse,test_conf_mse,val_svm,val_conf_svm,test_svm,test_conf_svm,val_mvm,val_conf_mvm,test_mvm,test_conf_mvm
0,5,0.28225335,0.0046587057420238165,0.34917337,0.005873743454381242,0.28450668,0.004746603419466977,0.3513067,0.005897800054570412,0.2873867,0.004799262414494687,0.3521467,0.006005833792120052,0.2892,0.00487927468057725,0.3521867,0.006108900588665089,0.29128,0.004986700711324954,0.35294673,0.00613862604045079,0.29269335,0.005097296422535202,0.35457337,0.006210490140484082,0.29373333,0.005183696998571075,0.35548005,0.006305349200936172,0.29516003,0.005257233215876345,0.3567067,0.006375211932215852,0.29513335,0.00523158946653951,0.3571867,0.00643203113285068,0.29581335,0.005284803986858044,0.35749334,0.006477791085612805,0.29521334,0.005334866836262164,0.3574267,0.006528202119613136,0.28628004,0.004778139985293195,0.35138673,0.0058899003279280215,0.29046667,0.004839100920203843,0.3617467,0.0059664210505989135,10.348869,0.01988393012759282,10.339818,0.022702610963007075,0.2491434,0.0007620346023781976,0.23521234,0.001071967322579137,,,,,,,,
