,shots,val_acc,val_conf,test_acc,test_conf,val_acc_me1,val_conf_me1,test_acc_me1,test_conf_me1,val_acc_me2,val_conf_me2,test_acc_me2,test_conf_me2,val_acc_me3,val_conf_me3,test_acc_me3,test_conf_me3,val_acc_me4,val_conf_me4,test_acc_me4,test_conf_me4,val_acc_me5,val_conf_me5,test_acc_me5,test_conf_me5,val_acc_me6,val_conf_me6,test_acc_me6,test_conf_me6,val_acc_me7,val_conf_me7,test_acc_me7,test_conf_me7,val_acc_me8,val_conf_me8,test_acc_me8,test_conf_me8,val_acc_me9,val_conf_me9,test_acc_me9,test_conf_me9,val_acc_med,val_conf_med,test_acc_med,test_conf_med,val_acc_maj,val_conf_maj,test_acc_maj,test_conf_maj,val_acc_lin,val_conf_lin,test_acc_lin,test_conf_lin,val_nld,val_conf_nld,test_nld,test_conf_nld,val_mse,val_conf_mse,test_mse,test_conf_mse,val_svm,val_conf_svm,test_svm,test_conf_svm,val_mvm,val_conf_mvm,test_mvm,test_conf_mvm
0,5,0.37168002,0.007392256367216632,0.39917338,0.008040379365789607,0.37164003,0.007403449070458479,0.39917338,0.008050236591773674,0.37174672,0.007418022489123766,0.39844003,0.008062589294625333,0.3713467,0.007436428247264482,0.39876002,0.008070429451224104,0.3713867,0.007444967543755454,0.39845335,0.008078989066179543,0.37101337,0.007446117384133033,0.39805335,0.008114539914095109,0.37113336,0.007431323694841174,0.39804003,0.008121979242803223,0.37105334,0.007414008207034417,0.39761335,0.008144571528198197,0.3706667,0.007414480611334151,0.39738673,0.008143002388598608,0.37029338,0.00742673356899648,0.3972267,0.00815043525234066,0.36965337,0.007432429665806761,0.39676005,0.008143773566683166,0.37300006,0.007287841163481801,0.40182668,0.007963324359858914,0.3655067,0.007041096501248123,0.39420006,0.007812593678071078,4.521703,0.011682613745868764,4.5791593,0.013062159906080062,0.23336542,0.0011381046172137255,0.22855438,0.0012576756637810438,,,,,,,,
