,shots,val_acc,val_conf,test_acc,test_conf,val_acc_me1,val_conf_me1,test_acc_me1,test_conf_me1,val_acc_me2,val_conf_me2,test_acc_me2,test_conf_me2,val_acc_me3,val_conf_me3,test_acc_me3,test_conf_me3,val_acc_me4,val_conf_me4,test_acc_me4,test_conf_me4,val_acc_me5,val_conf_me5,test_acc_me5,test_conf_me5,val_acc_me6,val_conf_me6,test_acc_me6,test_conf_me6,val_acc_me7,val_conf_me7,test_acc_me7,test_conf_me7,val_acc_me8,val_conf_me8,test_acc_me8,test_conf_me8,val_acc_me9,val_conf_me9,test_acc_me9,test_conf_me9,val_acc_med,val_conf_med,test_acc_med,test_conf_med,val_acc_maj,val_conf_maj,test_acc_maj,test_conf_maj,val_acc_lin,val_conf_lin,test_acc_lin,test_conf_lin,val_nld,val_conf_nld,test_nld,test_conf_nld,val_mse,val_conf_mse,test_mse,test_conf_mse,val_svm,val_conf_svm,test_svm,test_conf_svm,val_mvm,val_conf_mvm,test_mvm,test_conf_mvm
0,5,0.7757335,0.005588725731771826,0.83954674,0.005080850934435888,0.7755201,0.005587105334227682,0.8393734,0.005077482687161017,0.77532005,0.005579985559552192,0.8393601,0.005079563020856326,0.77492017,0.005577659557149839,0.8391601,0.005070493135371779,0.7747734,0.005578364238441491,0.8390001,0.005074155076815301,0.7745468,0.005573606023481337,0.83865345,0.005089317730951226,0.77428013,0.0055820164824360585,0.83840007,0.005105464445265717,0.7739868,0.005595632624353253,0.83842677,0.005086447286056783,0.7739335,0.005583058265525076,0.83800006,0.005080626045976477,0.7736001,0.005577460990337624,0.8375068,0.005091280309908908,0.7731068,0.0055883045854165925,0.8372534,0.005080495823090336,0.7767868,0.005596202003142592,0.83941346,0.0050756831177026784,0.7636001,0.005483239190817724,0.8341468,0.005062616959676913,4.6095166,0.01132024870850934,4.744762,0.012970153280974728,0.15137139,0.001259721710067413,0.13531803,0.001176614341522636,,,,,,,,
