,shots,val_acc,val_conf,test_acc,test_conf,val_acc_me1,val_conf_me1,test_acc_me1,test_conf_me1,val_acc_me2,val_conf_me2,test_acc_me2,test_conf_me2,val_acc_me3,val_conf_me3,test_acc_me3,test_conf_me3,val_acc_me4,val_conf_me4,test_acc_me4,test_conf_me4,val_acc_me5,val_conf_me5,test_acc_me5,test_conf_me5,val_acc_me6,val_conf_me6,test_acc_me6,test_conf_me6,val_acc_me7,val_conf_me7,test_acc_me7,test_conf_me7,val_acc_me8,val_conf_me8,test_acc_me8,test_conf_me8,val_acc_me9,val_conf_me9,test_acc_me9,test_conf_me9,val_acc_med,val_conf_med,test_acc_med,test_conf_med,val_acc_maj,val_conf_maj,test_acc_maj,test_conf_maj,val_acc_lin,val_conf_lin,test_acc_lin,test_conf_lin,val_nld,val_conf_nld,test_nld,test_conf_nld,val_mse,val_conf_mse,test_mse,test_conf_mse,val_svm,val_conf_svm,test_svm,test_conf_svm,val_mvm,val_conf_mvm,test_mvm,test_conf_mvm
0,5,0.28758666,0.005033701937554924,0.30168003,0.005793440264829641,0.28772002,0.005033465966296724,0.3017867,0.005795559388320715,0.28806672,0.005048465149150028,0.30182666,0.00581599930182819,0.28812,0.005055308777421497,0.30208,0.005822721019312693,0.2882267,0.005050180674050719,0.30218667,0.005862819509010797,0.28821334,0.005044778733192423,0.30200002,0.005884141890374339,0.28801337,0.00504228879772417,0.30196002,0.005875822402726605,0.28796002,0.005049928540377557,0.302,0.0058815854581131255,0.28770667,0.005048394034524284,0.30172002,0.005874482769419209,0.28772002,0.005075662337454823,0.30164,0.005888285933566495,0.28768,0.005104032917084778,0.30169335,0.005895770055253158,0.28808,0.00489444287611257,0.30284002,0.005744650090156789,0.28450665,0.004770593984646465,0.29584002,0.0054288332696259545,5.1281753,0.016107800760700286,4.9717045,0.013701442525460905,0.24890514,0.000830689654923944,0.24649274,0.0009496163983639949,,,,,,,,
