,shots,val_acc,val_conf,test_acc,test_conf,val_acc_me1,val_conf_me1,test_acc_me1,test_conf_me1,val_acc_me2,val_conf_me2,test_acc_me2,test_conf_me2,val_acc_me3,val_conf_me3,test_acc_me3,test_conf_me3,val_acc_me4,val_conf_me4,test_acc_me4,test_conf_me4,val_acc_me5,val_conf_me5,test_acc_me5,test_conf_me5,val_acc_me6,val_conf_me6,test_acc_me6,test_conf_me6,val_acc_me7,val_conf_me7,test_acc_me7,test_conf_me7,val_acc_me8,val_conf_me8,test_acc_me8,test_conf_me8,val_acc_me9,val_conf_me9,test_acc_me9,test_conf_me9,val_acc_med,val_conf_med,test_acc_med,test_conf_med,val_acc_maj,val_conf_maj,test_acc_maj,test_conf_maj,val_acc_lin,val_conf_lin,test_acc_lin,test_conf_lin,val_nld,val_conf_nld,test_nld,test_conf_nld,val_mse,val_conf_mse,test_mse,test_conf_mse,val_svm,val_conf_svm,test_svm,test_conf_svm,val_mvm,val_conf_mvm,test_mvm,test_conf_mvm
0,5,0.58069336,0.0073788660373254045,0.5836667,0.0074995706464094924,0.5818401,0.0073920864309680034,0.58433336,0.007529136782962187,0.5825067,0.007376704891555397,0.58489335,0.0075638739687310386,0.58293337,0.00740782077280977,0.58533335,0.007584303261222947,0.5833334,0.007412059943358473,0.58589345,0.007626398040058602,0.58370674,0.007416633906788261,0.5865067,0.007649990548047048,0.58400005,0.007439792338489681,0.5867467,0.007661068267251214,0.58408004,0.007448257749655185,0.587,0.007686920280849163,0.58442676,0.00747479966747977,0.58745337,0.007718122515577686,0.58434665,0.0075063745613185295,0.5878134,0.007736306617741939,0.58456004,0.007512715307593565,0.5879734,0.007732761969252655,0.57982665,0.007171415900092071,0.5853067,0.007307382908501525,0.5623867,0.006912370716517846,0.5698401,0.0070241301216041885,4.5689783,0.011535529304892655,4.582702,0.013083975471991138,0.1995981,0.0011597889212262291,0.19802916,0.0011601666599526939,,,,,,,,
