,shots,val_acc,val_conf,test_acc,test_conf,val_acc_me1,val_conf_me1,test_acc_me1,test_conf_me1,val_acc_me2,val_conf_me2,test_acc_me2,test_conf_me2,val_acc_me3,val_conf_me3,test_acc_me3,test_conf_me3,val_acc_me4,val_conf_me4,test_acc_me4,test_conf_me4,val_acc_me5,val_conf_me5,test_acc_me5,test_conf_me5,val_acc_me6,val_conf_me6,test_acc_me6,test_conf_me6,val_acc_me7,val_conf_me7,test_acc_me7,test_conf_me7,val_acc_me8,val_conf_me8,test_acc_me8,test_conf_me8,val_acc_me9,val_conf_me9,test_acc_me9,test_conf_me9,val_acc_med,val_conf_med,test_acc_med,test_conf_med,val_acc_maj,val_conf_maj,test_acc_maj,test_conf_maj,val_acc_lin,val_conf_lin,test_acc_lin,test_conf_lin,val_nld,val_conf_nld,test_nld,test_conf_nld,val_mse,val_conf_mse,test_mse,test_conf_mse,val_svm,val_conf_svm,test_svm,test_conf_svm,val_mvm,val_conf_mvm,test_mvm,test_conf_mvm
0,5,0.6820401,0.006667550305229364,0.7458401,0.006301557960173065,0.6822267,0.00667951095407282,0.74684006,0.00629681960189421,0.68257344,0.006685885872310782,0.7472534,0.0063020950141325915,0.6829468,0.006696225661826816,0.7480267,0.006313665917884181,0.6832134,0.006700040453537337,0.7481467,0.00630440577768665,0.6835601,0.006703651137036304,0.7486001,0.006308920632856041,0.68341345,0.006724256830742847,0.74900013,0.0063091589130306325,0.68380004,0.00672798249827955,0.7495068,0.0063131260932249855,0.68388015,0.006717027613429072,0.7496801,0.006327257123504015,0.6839734,0.0067193106699859895,0.7500134,0.0063267759453219385,0.68417346,0.006722252229506176,0.75029343,0.006340052676525265,0.6819601,0.006663335147411353,0.74641347,0.006263827495156193,0.6694801,0.006585997530110799,0.73302674,0.006335762709815285,4.3768387,0.00952507450337503,4.459269,0.010414872707287692,0.17857416,0.0012352340351824975,0.16693123,0.0012061053228457908,,,,,,,,
