,shots,val_acc,val_conf,test_acc,test_conf,val_acc_me1,val_conf_me1,test_acc_me1,test_conf_me1,val_acc_me2,val_conf_me2,test_acc_me2,test_conf_me2,val_acc_me3,val_conf_me3,test_acc_me3,test_conf_me3,val_acc_me4,val_conf_me4,test_acc_me4,test_conf_me4,val_acc_me5,val_conf_me5,test_acc_me5,test_conf_me5,val_acc_me6,val_conf_me6,test_acc_me6,test_conf_me6,val_acc_me7,val_conf_me7,test_acc_me7,test_conf_me7,val_acc_me8,val_conf_me8,test_acc_me8,test_conf_me8,val_acc_me9,val_conf_me9,test_acc_me9,test_conf_me9,val_acc_med,val_conf_med,test_acc_med,test_conf_med,val_acc_maj,val_conf_maj,test_acc_maj,test_conf_maj,val_acc_lin,val_conf_lin,test_acc_lin,test_conf_lin,val_nld,val_conf_nld,test_nld,test_conf_nld,val_mse,val_conf_mse,test_mse,test_conf_mse,val_svm,val_conf_svm,test_svm,test_conf_svm,val_mvm,val_conf_mvm,test_mvm,test_conf_mvm
0,5,0.53950673,0.005313392528198069,0.5404401,0.00518460763520745,0.5402134,0.005328623988043346,0.5411067,0.005179475375787113,0.54028,0.00537879397116936,0.5418667,0.00514712376246429,0.5398667,0.005402656622379154,0.54260004,0.005139120596366231,0.53948,0.005398389283050031,0.54270667,0.005099380912280016,0.5389867,0.00542477465634128,0.5425867,0.0051218245034574394,0.53801334,0.005449140189547563,0.54236,0.005147407297400819,0.5369201,0.0054522031980714925,0.54184,0.005145699622815969,0.5357334,0.005501938643127091,0.5411333,0.005129720535833604,0.5341067,0.005537423917816309,0.54113334,0.005151794700383738,0.5322933,0.005571471199358635,0.54,0.0051759699788769264,0.53940004,0.005370552986679988,0.5389466,0.005079970313712878,0.52753335,0.005267984916081825,0.53529334,0.00513242612409559,10.008074,0.016546443160939006,10.13353,0.020572578303617917,0.20059063,0.001031318964435396,0.19477044,0.0011544732183962625,,,,,,,,
