,shots,val_acc,val_conf,test_acc,test_conf,val_acc_me1,val_conf_me1,test_acc_me1,test_conf_me1,val_acc_me2,val_conf_me2,test_acc_me2,test_conf_me2,val_acc_me3,val_conf_me3,test_acc_me3,test_conf_me3,val_acc_me4,val_conf_me4,test_acc_me4,test_conf_me4,val_acc_me5,val_conf_me5,test_acc_me5,test_conf_me5,val_acc_me6,val_conf_me6,test_acc_me6,test_conf_me6,val_acc_me7,val_conf_me7,test_acc_me7,test_conf_me7,val_acc_me8,val_conf_me8,test_acc_me8,test_conf_me8,val_acc_me9,val_conf_me9,test_acc_me9,test_conf_me9,val_acc_med,val_conf_med,test_acc_med,test_conf_med,val_acc_maj,val_conf_maj,test_acc_maj,test_conf_maj,val_acc_lin,val_conf_lin,test_acc_lin,test_conf_lin,val_nld,val_conf_nld,test_nld,test_conf_nld,val_mse,val_conf_mse,test_mse,test_conf_mse,val_svm,val_conf_svm,test_svm,test_conf_svm,val_mvm,val_conf_mvm,test_mvm,test_conf_mvm
0,5,0.80142677,0.004534759876068106,0.8003868,0.00467830751887055,0.80117345,0.004551665300318475,0.80025345,0.00469773658876893,0.80073345,0.004554946732335807,0.8001201,0.004698630139423843,0.80061346,0.0045624377807717,0.79977345,0.004692063119339562,0.80066675,0.0045505570204363854,0.79954684,0.00467558068857743,0.80078673,0.0045309866448530745,0.7988001,0.004684130144300691,0.8004401,0.004538553887530883,0.7984668,0.004684412755670664,0.7999734,0.004528004448403844,0.7982935,0.004682795590609468,0.7997201,0.0045363428691661545,0.79813343,0.004667499481104342,0.7995468,0.004547502324011576,0.7981601,0.004666514959142498,0.79930675,0.004534740481170085,0.7977068,0.004667207634068804,0.80030674,0.004461730696808774,0.80044013,0.004725830560211586,0.79042673,0.0045395000814800746,0.79186684,0.004706696569831803,4.827988,0.013946085150185361,4.79786,0.014457896188235786,0.1457153,0.0010378917568107104,0.14595075,0.0009808666008311318,,,,,,,,
