,shots,val_acc,val_conf,test_acc,test_conf,val_acc_me1,val_conf_me1,test_acc_me1,test_conf_me1,val_acc_me2,val_conf_me2,test_acc_me2,test_conf_me2,val_acc_me3,val_conf_me3,test_acc_me3,test_conf_me3,val_acc_me4,val_conf_me4,test_acc_me4,test_conf_me4,val_acc_me5,val_conf_me5,test_acc_me5,test_conf_me5,val_acc_me6,val_conf_me6,test_acc_me6,test_conf_me6,val_acc_me7,val_conf_me7,test_acc_me7,test_conf_me7,val_acc_me8,val_conf_me8,test_acc_me8,test_conf_me8,val_acc_me9,val_conf_me9,test_acc_me9,test_conf_me9,val_acc_med,val_conf_med,test_acc_med,test_conf_med,val_acc_maj,val_conf_maj,test_acc_maj,test_conf_maj,val_acc_lin,val_conf_lin,test_acc_lin,test_conf_lin,val_nld,val_conf_nld,test_nld,test_conf_nld,val_mse,val_conf_mse,test_mse,test_conf_mse,val_svm,val_conf_svm,test_svm,test_conf_svm,val_mvm,val_conf_mvm,test_mvm,test_conf_mvm
0,5,0.5622534,0.005728312197562646,0.5985734,0.005989960453509746,0.56188,0.005733601463299598,0.59834665,0.005986711346322338,0.5616934,0.005748827843528703,0.59781337,0.005986967636045004,0.56122667,0.005741013546793905,0.5976934,0.005978623673883243,0.5605867,0.005733061638640402,0.59724003,0.005976626922962525,0.56046665,0.0057269596343232365,0.59676003,0.005979246157750362,0.55995995,0.0057214196202630685,0.59652,0.005960634444264867,0.55949336,0.005743098498321886,0.5958401,0.005959129954325015,0.5586533,0.0057586850695127145,0.59568006,0.005964082118264602,0.5578667,0.005756761742134131,0.59521335,0.00595714890403598,0.5571334,0.005762955179541507,0.5947467,0.005970024807348651,0.564,0.005673485591799032,0.5984934,0.005957729365624109,0.56180006,0.005641269742761801,0.59724003,0.0059411781291527355,4.9415092,0.012953736885221723,4.8117404,0.01126151911042772,0.19782715,0.0009681320609263022,0.18863285,0.001058195328803524,,,,,,,,
