,shots,val_acc,val_conf,test_acc,test_conf,val_acc_me1,val_conf_me1,test_acc_me1,test_conf_me1,val_acc_me2,val_conf_me2,test_acc_me2,test_conf_me2,val_acc_me3,val_conf_me3,test_acc_me3,test_conf_me3,val_acc_me4,val_conf_me4,test_acc_me4,test_conf_me4,val_acc_me5,val_conf_me5,test_acc_me5,test_conf_me5,val_acc_me6,val_conf_me6,test_acc_me6,test_conf_me6,val_acc_me7,val_conf_me7,test_acc_me7,test_conf_me7,val_acc_me8,val_conf_me8,test_acc_me8,test_conf_me8,val_acc_me9,val_conf_me9,test_acc_me9,test_conf_me9,val_acc_med,val_conf_med,test_acc_med,test_conf_med,val_acc_maj,val_conf_maj,test_acc_maj,test_conf_maj,val_acc_lin,val_conf_lin,test_acc_lin,test_conf_lin,val_nld,val_conf_nld,test_nld,test_conf_nld,val_mse,val_conf_mse,test_mse,test_conf_mse,val_svm,val_conf_svm,test_svm,test_conf_svm,val_mvm,val_conf_mvm,test_mvm,test_conf_mvm
0,5,0.39017338,0.00808039750519629,0.38940004,0.007679473101825318,0.3903467,0.008161628879149119,0.3892667,0.007690325470786741,0.39045337,0.008154401970751735,0.38912004,0.0077334588002284654,0.3906267,0.008213435422234239,0.38890672,0.007746954878491752,0.39098668,0.008248576206593417,0.3888667,0.0077770751549854356,0.39137337,0.008257578209935168,0.38857338,0.007783435757941659,0.39152002,0.008304842652637145,0.38852006,0.007810138838132419,0.3919067,0.008332005668978903,0.38852003,0.007818537752505017,0.39177337,0.008339294456336355,0.38826668,0.007835826918664524,0.39158672,0.008342102098704118,0.38824,0.007882730246838276,0.3915067,0.00836437852433275,0.38765338,0.007884744545523847,0.3946934,0.007995851450829705,0.39360005,0.007621061210643321,0.38341337,0.007530502737916778,0.38382673,0.007351035744137979,4.8835726,0.01366740909741715,4.842653,0.014946245864750018,0.23078594,0.001285725996703374,0.23065634,0.0012722364988518586,,,,,,,,
