,shots,val_acc,val_conf,test_acc,test_conf,val_acc_me1,val_conf_me1,test_acc_me1,test_conf_me1,val_acc_me2,val_conf_me2,test_acc_me2,test_conf_me2,val_acc_me3,val_conf_me3,test_acc_me3,test_conf_me3,val_acc_me4,val_conf_me4,test_acc_me4,test_conf_me4,val_acc_me5,val_conf_me5,test_acc_me5,test_conf_me5,val_acc_me6,val_conf_me6,test_acc_me6,test_conf_me6,val_acc_me7,val_conf_me7,test_acc_me7,test_conf_me7,val_acc_me8,val_conf_me8,test_acc_me8,test_conf_me8,val_acc_me9,val_conf_me9,test_acc_me9,test_conf_me9,val_acc_med,val_conf_med,test_acc_med,test_conf_med,val_acc_maj,val_conf_maj,test_acc_maj,test_conf_maj,val_acc_lin,val_conf_lin,test_acc_lin,test_conf_lin,val_nld,val_conf_nld,test_nld,test_conf_nld,val_mse,val_conf_mse,test_mse,test_conf_mse,val_svm,val_conf_svm,test_svm,test_conf_svm,val_mvm,val_conf_mvm,test_mvm,test_conf_mvm
0,5,0.24208002,0.004536425528374077,0.2771067,0.006025937527396608,0.24176003,0.004576103795283587,0.27669337,0.005997542473252682,0.24101335,0.0045820487932840825,0.27636003,0.006023813324289418,0.24125336,0.004587635909239329,0.2760667,0.006051412264051481,0.2405867,0.004586511005159055,0.27564,0.006037959593416853,0.24013336,0.004601824662428894,0.27501336,0.006047917488156862,0.24008001,0.0046410291396888625,0.27429336,0.006041170834375054,0.23996001,0.004621620850038227,0.2739867,0.006064593406114982,0.23988003,0.004585978107249117,0.27362671,0.006023191302205633,0.23945335,0.004602969884973662,0.27298668,0.006041538875652508,0.23946668,0.004600525204267236,0.27241334,0.0060466235713945715,0.242,0.004531135800853847,0.2772267,0.006039355102501642,0.24005334,0.004368795425518546,0.27608,0.005912656084605616,8.703166,0.014566156661377505,8.560585,0.013607385582574238,0.26358497,0.0009454124387907048,0.25593603,0.0012782473009703144,,,,,,,,
