,shots,val_acc,val_conf,test_acc,test_conf,val_acc_me1,val_conf_me1,test_acc_me1,test_conf_me1,val_acc_me2,val_conf_me2,test_acc_me2,test_conf_me2,val_acc_me3,val_conf_me3,test_acc_me3,test_conf_me3,val_acc_me4,val_conf_me4,test_acc_me4,test_conf_me4,val_acc_me5,val_conf_me5,test_acc_me5,test_conf_me5,val_acc_me6,val_conf_me6,test_acc_me6,test_conf_me6,val_acc_me7,val_conf_me7,test_acc_me7,test_conf_me7,val_acc_me8,val_conf_me8,test_acc_me8,test_conf_me8,val_acc_me9,val_conf_me9,test_acc_me9,test_conf_me9,val_acc_med,val_conf_med,test_acc_med,test_conf_med,val_acc_maj,val_conf_maj,test_acc_maj,test_conf_maj,val_acc_lin,val_conf_lin,test_acc_lin,test_conf_lin,val_nld,val_conf_nld,test_nld,test_conf_nld,val_mse,val_conf_mse,test_mse,test_conf_mse,val_svm,val_conf_svm,test_svm,test_conf_svm,val_mvm,val_conf_mvm,test_mvm,test_conf_mvm
0,5,0.55954665,0.007570628011045355,0.6288133,0.007892047186379814,0.56024003,0.007589424437844494,0.6290667,0.00788912409819098,0.56037337,0.007625886384179714,0.6295334,0.007908648295445908,0.56056005,0.0076270075939937065,0.6296934,0.007944124334469449,0.56100005,0.007651488111237725,0.6296934,0.007956163024687934,0.56128,0.007667259395742088,0.6298267,0.007988890529604054,0.5616934,0.007651912490075796,0.6299867,0.007994799508508343,0.5615867,0.007660839684525578,0.6302134,0.008019142876116936,0.5617334,0.007663973807675251,0.6303867,0.008023996218433638,0.5616,0.00768661873636467,0.63013345,0.008011856859459265,0.5616534,0.00771746308904786,0.6303467,0.008024791409248944,0.55912,0.007557921582198035,0.6304267,0.007761972070893131,0.54524004,0.007355773178850278,0.6150934,0.007711789619618492,4.4345627,0.01039125618656822,4.5235205,0.01166062547300939,0.20229076,0.0012514913465935529,0.19113794,0.0013251757963330668,,,,,,,,
