,shots,val_acc,val_conf,test_acc,test_conf,val_acc_me1,val_conf_me1,test_acc_me1,test_conf_me1,val_acc_me2,val_conf_me2,test_acc_me2,test_conf_me2,val_acc_me3,val_conf_me3,test_acc_me3,test_conf_me3,val_acc_me4,val_conf_me4,test_acc_me4,test_conf_me4,val_acc_me5,val_conf_me5,test_acc_me5,test_conf_me5,val_acc_me6,val_conf_me6,test_acc_me6,test_conf_me6,val_acc_me7,val_conf_me7,test_acc_me7,test_conf_me7,val_acc_me8,val_conf_me8,test_acc_me8,test_conf_me8,val_acc_me9,val_conf_me9,test_acc_me9,test_conf_me9,val_acc_med,val_conf_med,test_acc_med,test_conf_med,val_acc_maj,val_conf_maj,test_acc_maj,test_conf_maj,val_acc_lin,val_conf_lin,test_acc_lin,test_conf_lin,val_nld,val_conf_nld,test_nld,test_conf_nld,val_mse,val_conf_mse,test_mse,test_conf_mse,val_svm,val_conf_svm,test_svm,test_conf_svm,val_mvm,val_conf_mvm,test_mvm,test_conf_mvm
0,5,0.54276,0.005048341853013172,0.55512,0.005231410756408539,0.5427733,0.005029455840256936,0.5557333,0.005234647395447323,0.5429867,0.00504608465632006,0.5555067,0.005252367405411018,0.5431733,0.005058501547048344,0.55516005,0.005237887266969055,0.54322666,0.005075101732547882,0.55528,0.0052118145209612,0.54302675,0.005078133801591722,0.5556667,0.005216317831548523,0.54283994,0.005095883365685672,0.55493337,0.005222095664000115,0.5426533,0.005128362431194855,0.55452,0.005225529022718001,0.5419066,0.005130838051381259,0.55429333,0.005234073860608368,0.5410934,0.005110928726867359,0.55390674,0.00528355855734064,0.5406,0.00511645673456218,0.5534267,0.0052968551452251544,0.5411067,0.005013280957162136,0.55409336,0.005139837284023341,0.534,0.004992127126697277,0.5542134,0.005317958641312015,8.655033,0.01624901039473592,8.739612,0.02054919359810725,0.19734676,0.001019869971470827,0.19181795,0.0011996772995300498,,,,,,,,
