,shots,val_acc,val_conf,test_acc,test_conf,val_acc_me1,val_conf_me1,test_acc_me1,test_conf_me1,val_acc_me2,val_conf_me2,test_acc_me2,test_conf_me2,val_acc_me3,val_conf_me3,test_acc_me3,test_conf_me3,val_acc_me4,val_conf_me4,test_acc_me4,test_conf_me4,val_acc_me5,val_conf_me5,test_acc_me5,test_conf_me5,val_acc_me6,val_conf_me6,test_acc_me6,test_conf_me6,val_acc_me7,val_conf_me7,test_acc_me7,test_conf_me7,val_acc_me8,val_conf_me8,test_acc_me8,test_conf_me8,val_acc_me9,val_conf_me9,test_acc_me9,test_conf_me9,val_acc_med,val_conf_med,test_acc_med,test_conf_med,val_acc_maj,val_conf_maj,test_acc_maj,test_conf_maj,val_acc_lin,val_conf_lin,test_acc_lin,test_conf_lin,val_nld,val_conf_nld,test_nld,test_conf_nld,val_mse,val_conf_mse,test_mse,test_conf_mse,val_svm,val_conf_svm,test_svm,test_conf_svm,val_mvm,val_conf_mvm,test_mvm,test_conf_mvm
0,5,0.65852016,0.006842329736890473,0.7018801,0.006315750869412273,0.6587601,0.006830213467080237,0.7017468,0.006289758935479117,0.6586934,0.006840966090852274,0.7021735,0.006281742839449156,0.65893334,0.006835928497005206,0.7021601,0.006274138654108641,0.6590934,0.006821200842722974,0.70220006,0.006259249375676901,0.65856004,0.006832464198807342,0.70177346,0.0062720984955590975,0.65902674,0.0068176571178002465,0.7014934,0.0062701987191280395,0.6583068,0.006843737252340665,0.70065343,0.006281208094406021,0.6580134,0.006829134741328402,0.70041347,0.00627704050026634,0.65809345,0.0068238149978947504,0.6993867,0.00631920039054501,0.65696007,0.0068184264487516355,0.69790673,0.006334299318587755,0.6566267,0.006818024235511144,0.7003201,0.006215775250171474,0.64868003,0.006659938731356285,0.6898268,0.006093619256225091,8.848611,0.016724706285696556,8.944534,0.019712141204479394,0.16218895,0.001779865165697364,0.15175177,0.0015813363351769028,,,,,,,,
