,shots,val_acc,val_conf,test_acc,test_conf,val_acc_me1,val_conf_me1,test_acc_me1,test_conf_me1,val_acc_me2,val_conf_me2,test_acc_me2,test_conf_me2,val_acc_me3,val_conf_me3,test_acc_me3,test_conf_me3,val_acc_me4,val_conf_me4,test_acc_me4,test_conf_me4,val_acc_me5,val_conf_me5,test_acc_me5,test_conf_me5,val_acc_me6,val_conf_me6,test_acc_me6,test_conf_me6,val_acc_me7,val_conf_me7,test_acc_me7,test_conf_me7,val_acc_me8,val_conf_me8,test_acc_me8,test_conf_me8,val_acc_me9,val_conf_me9,test_acc_me9,test_conf_me9,val_acc_med,val_conf_med,test_acc_med,test_conf_med,val_acc_maj,val_conf_maj,test_acc_maj,test_conf_maj,val_acc_lin,val_conf_lin,test_acc_lin,test_conf_lin,val_nld,val_conf_nld,test_nld,test_conf_nld,val_mse,val_conf_mse,test_mse,test_conf_mse,val_svm,val_conf_svm,test_svm,test_conf_svm,val_mvm,val_conf_mvm,test_mvm,test_conf_mvm
0,5,0.66632015,0.006762518346536517,0.7418801,0.006282216629098669,0.6665868,0.006786869102677673,0.7422801,0.006263179151425269,0.6672001,0.0067936365367072815,0.7426935,0.006255448899248117,0.6669067,0.0067948076191158835,0.74292016,0.006267286713737996,0.66696006,0.006795201982040644,0.7429601,0.006278874241687826,0.6670134,0.006795695166588067,0.7431468,0.0063027590584952,0.66714674,0.0067983795128190305,0.74332005,0.00629221285185122,0.66717345,0.006795556169819639,0.74376005,0.00628060315830381,0.66698676,0.006800627473846355,0.74353343,0.006300669489134325,0.6667868,0.006789837907411611,0.7439201,0.006293927453185355,0.66666675,0.006802566040073343,0.74409336,0.006295023264918709,0.66492003,0.00671405142016257,0.7417734,0.006245447596879505,0.6530934,0.006633943103156903,0.7277734,0.0063750576965989625,4.262126,0.0084791603010137,4.3305197,0.009412740178099455,0.18361324,0.0012002524506105061,0.16990422,0.0011790144601421526,,,,,,,,
