,shots,val_acc,val_conf,test_acc,test_conf,val_acc_me1,val_conf_me1,test_acc_me1,test_conf_me1,val_acc_me2,val_conf_me2,test_acc_me2,test_conf_me2,val_acc_me3,val_conf_me3,test_acc_me3,test_conf_me3,val_acc_me4,val_conf_me4,test_acc_me4,test_conf_me4,val_acc_me5,val_conf_me5,test_acc_me5,test_conf_me5,val_acc_me6,val_conf_me6,test_acc_me6,test_conf_me6,val_acc_me7,val_conf_me7,test_acc_me7,test_conf_me7,val_acc_me8,val_conf_me8,test_acc_me8,test_conf_me8,val_acc_me9,val_conf_me9,test_acc_me9,test_conf_me9,val_acc_med,val_conf_med,test_acc_med,test_conf_med,val_acc_maj,val_conf_maj,test_acc_maj,test_conf_maj,val_acc_lin,val_conf_lin,test_acc_lin,test_conf_lin,val_nld,val_conf_nld,test_nld,test_conf_nld,val_mse,val_conf_mse,test_mse,test_conf_mse,val_svm,val_conf_svm,test_svm,test_conf_svm,val_mvm,val_conf_mvm,test_mvm,test_conf_mvm
0,5,0.5450534,0.00552937642052298,0.56505334,0.005660056933895152,0.54525334,0.005486084237631528,0.56560004,0.005670810481233746,0.54568,0.005513662858929069,0.56576,0.005688249726960692,0.5458934,0.005498522832174002,0.56604004,0.005696680966163159,0.5458267,0.005511834658907033,0.56644005,0.005701954069485149,0.5455333,0.005519316933460527,0.5662533,0.005709461280336003,0.54464,0.0055010252357909906,0.56532,0.005703876935080454,0.54421335,0.005512895836894072,0.56496,0.0056864607785177546,0.54293334,0.00556985634321383,0.56448,0.0056757206228944534,0.5425067,0.005584017389406393,0.5631333,0.005712498428996016,0.54152,0.005566627554490888,0.56189334,0.005729589028343418,0.5442,0.005413961538959011,0.5633867,0.005598250935574534,0.5361067,0.005476104639077217,0.5588934,0.0056644489547109655,9.041109,0.01706555222201267,9.143916,0.022007231833830687,0.19615549,0.0011484767315596,0.18861263,0.0013521135778779836,,,,,,,,
