,shots,val_acc,val_conf,test_acc,test_conf,val_acc_me1,val_conf_me1,test_acc_me1,test_conf_me1,val_acc_me2,val_conf_me2,test_acc_me2,test_conf_me2,val_acc_me3,val_conf_me3,test_acc_me3,test_conf_me3,val_acc_me4,val_conf_me4,test_acc_me4,test_conf_me4,val_acc_me5,val_conf_me5,test_acc_me5,test_conf_me5,val_acc_me6,val_conf_me6,test_acc_me6,test_conf_me6,val_acc_me7,val_conf_me7,test_acc_me7,test_conf_me7,val_acc_me8,val_conf_me8,test_acc_me8,test_conf_me8,val_acc_me9,val_conf_me9,test_acc_me9,test_conf_me9,val_acc_med,val_conf_med,test_acc_med,test_conf_med,val_acc_maj,val_conf_maj,test_acc_maj,test_conf_maj,val_acc_lin,val_conf_lin,test_acc_lin,test_conf_lin,val_nld,val_conf_nld,test_nld,test_conf_nld,val_mse,val_conf_mse,test_mse,test_conf_mse,val_svm,val_conf_svm,test_svm,test_conf_svm,val_mvm,val_conf_mvm,test_mvm,test_conf_mvm
0,5,0.7210268,0.005933402622213757,0.7749868,0.005360274614340743,0.7209201,0.005947739146054287,0.77465343,0.005357760204358408,0.7207601,0.005976147130130283,0.7746268,0.005361356572575637,0.72016007,0.005972377593181477,0.77386683,0.005355795316484224,0.71978676,0.005980263928108687,0.7734001,0.005355831797363764,0.7192935,0.005987258097730819,0.7729335,0.005348431720234803,0.71894675,0.005987404483031922,0.7725068,0.005359990155837768,0.71802676,0.0059984314060747,0.77198684,0.005362963578404489,0.7177468,0.005971838692088838,0.7712534,0.00536633182567936,0.71692,0.0059536781408721096,0.77052015,0.0053994028973588515,0.71630675,0.0059620904469599445,0.77010673,0.005403007115891811,0.72086674,0.005956728219464025,0.7753601,0.005342536133045694,0.71664006,0.0059269136435045056,0.7710934,0.005429785466757875,5.3011417,0.013461406650780106,5.454536,0.01513061561165685,0.15451333,0.001351434525558609,0.14063774,0.001215469248836476,,,,,,,,
