,shots,val_acc,val_conf,test_acc,test_conf,val_acc_me1,val_conf_me1,test_acc_me1,test_conf_me1,val_acc_me2,val_conf_me2,test_acc_me2,test_conf_me2,val_acc_me3,val_conf_me3,test_acc_me3,test_conf_me3,val_acc_me4,val_conf_me4,test_acc_me4,test_conf_me4,val_acc_me5,val_conf_me5,test_acc_me5,test_conf_me5,val_acc_me6,val_conf_me6,test_acc_me6,test_conf_me6,val_acc_me7,val_conf_me7,test_acc_me7,test_conf_me7,val_acc_me8,val_conf_me8,test_acc_me8,test_conf_me8,val_acc_me9,val_conf_me9,test_acc_me9,test_conf_me9,val_acc_med,val_conf_med,test_acc_med,test_conf_med,val_acc_maj,val_conf_maj,test_acc_maj,test_conf_maj,val_acc_lin,val_conf_lin,test_acc_lin,test_conf_lin,val_nld,val_conf_nld,test_nld,test_conf_nld,val_mse,val_conf_mse,test_mse,test_conf_mse,val_svm,val_conf_svm,test_svm,test_conf_svm,val_mvm,val_conf_mvm,test_mvm,test_conf_mvm
0,5,0.5065067,0.007154524791123551,0.56533337,0.007338673805620588,0.50673336,0.007211016125626579,0.56572,0.007347004376067057,0.5072667,0.007216512270274866,0.56621337,0.007341414489412168,0.50704,0.007241677612129238,0.56648004,0.007352252543091797,0.5069734,0.007263604467811824,0.5671467,0.007357777780086949,0.5070801,0.007270921423949583,0.5674401,0.007372625498022978,0.50702673,0.007286522772205428,0.56744,0.007387908677596089,0.50729334,0.007308093592975906,0.5674934,0.00739898224075064,0.5071867,0.00731214666486113,0.56769335,0.0073916749820618355,0.50721335,0.0073174664082947816,0.56788003,0.007394710283588735,0.50713336,0.007343319807242676,0.5683467,0.00740267558345753,0.50644004,0.007161919326853061,0.56506664,0.00727597610377817,0.4953867,0.007036912744693535,0.5529867,0.007143598075053381,4.1999087,0.008458189798512983,4.2415094,0.009345441729396775,0.21244623,0.0010856872502894854,0.2040827,0.001068374648628273,,,,,,,,
