,shots,val_acc,val_conf,test_acc,test_conf,val_acc_me1,val_conf_me1,test_acc_me1,test_conf_me1,val_acc_me2,val_conf_me2,test_acc_me2,test_conf_me2,val_acc_me3,val_conf_me3,test_acc_me3,test_conf_me3,val_acc_me4,val_conf_me4,test_acc_me4,test_conf_me4,val_acc_me5,val_conf_me5,test_acc_me5,test_conf_me5,val_acc_me6,val_conf_me6,test_acc_me6,test_conf_me6,val_acc_me7,val_conf_me7,test_acc_me7,test_conf_me7,val_acc_me8,val_conf_me8,test_acc_me8,test_conf_me8,val_acc_me9,val_conf_me9,test_acc_me9,test_conf_me9,val_acc_med,val_conf_med,test_acc_med,test_conf_med,val_acc_maj,val_conf_maj,test_acc_maj,test_conf_maj,val_acc_lin,val_conf_lin,test_acc_lin,test_conf_lin,val_nld,val_conf_nld,test_nld,test_conf_nld,val_mse,val_conf_mse,test_mse,test_conf_mse,val_svm,val_conf_svm,test_svm,test_conf_svm,val_mvm,val_conf_mvm,test_mvm,test_conf_mvm
0,5,0.47306672,0.005571820307521402,0.5032934,0.005957773235036212,0.47338668,0.005571598189761717,0.50383997,0.00596683434663825,0.47348005,0.005595710665728282,0.5038133,0.005981203657091982,0.47378668,0.005591247530286725,0.50396,0.0059657306845890545,0.47346666,0.005576008220125606,0.5042667,0.005978768673834511,0.4734267,0.005568159289644492,0.5044667,0.0059842648184827985,0.47320005,0.005587398104829833,0.50428,0.00598558875115851,0.473,0.0055926245680401054,0.5043734,0.005983501028930749,0.47313336,0.005603272828789918,0.50428003,0.005976216397622802,0.4730667,0.005600822144900819,0.50448006,0.00598388384727333,0.47317338,0.005594487401808457,0.5047733,0.005979925440961376,0.4723867,0.0055462019562652065,0.5048,0.005930597750545719,0.46221337,0.0055181199911878975,0.48941335,0.00584953862175791,24.900969,0.03338792520353806,24.593857,0.02848594602422949,0.21546778,0.001269506666967457,0.20752127,0.0013733460269469422,,,,,,,,
