,shots,val_acc,val_conf,test_acc,test_conf,val_acc_me1,val_conf_me1,test_acc_me1,test_conf_me1,val_acc_me2,val_conf_me2,test_acc_me2,test_conf_me2,val_acc_me3,val_conf_me3,test_acc_me3,test_conf_me3,val_acc_me4,val_conf_me4,test_acc_me4,test_conf_me4,val_acc_me5,val_conf_me5,test_acc_me5,test_conf_me5,val_acc_me6,val_conf_me6,test_acc_me6,test_conf_me6,val_acc_me7,val_conf_me7,test_acc_me7,test_conf_me7,val_acc_me8,val_conf_me8,test_acc_me8,test_conf_me8,val_acc_me9,val_conf_me9,test_acc_me9,test_conf_me9,val_acc_med,val_conf_med,test_acc_med,test_conf_med,val_acc_maj,val_conf_maj,test_acc_maj,test_conf_maj,val_acc_lin,val_conf_lin,test_acc_lin,test_conf_lin,val_nld,val_conf_nld,test_nld,test_conf_nld,val_mse,val_conf_mse,test_mse,test_conf_mse,val_svm,val_conf_svm,test_svm,test_conf_svm,val_mvm,val_conf_mvm,test_mvm,test_conf_mvm
0,5,0.51749337,0.0076935113136642475,0.55076003,0.007807647055531053,0.5186667,0.00780069444640441,0.55181336,0.00783091446808748,0.51914674,0.007834705708850587,0.55276,0.007851364079043965,0.5199867,0.007882163176965329,0.55317336,0.007855530287833812,0.52048004,0.007957246368272552,0.5530667,0.007873772574691795,0.52024,0.007967677129095518,0.55312,0.00792319816316378,0.5202534,0.008046264331963204,0.55276,0.007968211874138653,0.5203467,0.008063268116053068,0.5536,0.00802103249331576,0.5200533,0.008100344695939565,0.55300003,0.00807775425767765,0.5201067,0.008113665296554884,0.5525334,0.008086087598823899,0.51901335,0.008136743377964883,0.55214673,0.008076513907776417,0.52024007,0.007716978216599446,0.55256003,0.007750874495007887,0.52684003,0.007685383927862777,0.56093335,0.007623191416933239,6.8848515,0.02059298543051291,7.0988593,0.02479987363341607,0.20069143,0.0015366043120053352,0.19370414,0.0014981657023221961,,,,,,,,
