,shots,val_acc,val_conf,test_acc,test_conf,val_acc_me1,val_conf_me1,test_acc_me1,test_conf_me1,val_acc_me2,val_conf_me2,test_acc_me2,test_conf_me2,val_acc_me3,val_conf_me3,test_acc_me3,test_conf_me3,val_acc_me4,val_conf_me4,test_acc_me4,test_conf_me4,val_acc_me5,val_conf_me5,test_acc_me5,test_conf_me5,val_acc_me6,val_conf_me6,test_acc_me6,test_conf_me6,val_acc_me7,val_conf_me7,test_acc_me7,test_conf_me7,val_acc_me8,val_conf_me8,test_acc_me8,test_conf_me8,val_acc_me9,val_conf_me9,test_acc_me9,test_conf_me9,val_acc_med,val_conf_med,test_acc_med,test_conf_med,val_acc_maj,val_conf_maj,test_acc_maj,test_conf_maj,val_acc_lin,val_conf_lin,test_acc_lin,test_conf_lin,val_nld,val_conf_nld,test_nld,test_conf_nld,val_mse,val_conf_mse,test_mse,test_conf_mse,val_svm,val_conf_svm,test_svm,test_conf_svm,val_mvm,val_conf_mvm,test_mvm,test_conf_mvm
0,5,0.4861867,0.005812323506886152,0.49013337,0.005750583081791882,0.48812002,0.005819694029884914,0.49236003,0.00574506892759552,0.48905334,0.005853417139561667,0.4945867,0.005767484349992746,0.49060005,0.005888060121540584,0.49723998,0.005776603184505347,0.49144,0.005882882607358364,0.49841332,0.0058027378094732684,0.4926667,0.005855258269515717,0.50076,0.005852761869081458,0.49376002,0.005795378369273352,0.50210667,0.005880860920140285,0.49429336,0.005835922479840661,0.5029467,0.005906501898777394,0.49360004,0.005827645938038417,0.5032,0.005903794925165573,0.49294668,0.005849573255504226,0.5036667,0.005920675413118581,0.4920667,0.005850964608539455,0.50324005,0.005922439887047437,0.48850667,0.00581116212192645,0.49140003,0.0057379436115206905,0.48240003,0.005760394129447455,0.49158666,0.005510768401303823,9.612191,0.01705338330890882,9.743757,0.01855309286819562,0.2092822,0.0010778571374771562,0.20451894,0.001182020784767951,,,,,,,,
