,shots,val_acc,val_conf,test_acc,test_conf,val_acc_me1,val_conf_me1,test_acc_me1,test_conf_me1,val_acc_me2,val_conf_me2,test_acc_me2,test_conf_me2,val_acc_me3,val_conf_me3,test_acc_me3,test_conf_me3,val_acc_me4,val_conf_me4,test_acc_me4,test_conf_me4,val_acc_me5,val_conf_me5,test_acc_me5,test_conf_me5,val_acc_me6,val_conf_me6,test_acc_me6,test_conf_me6,val_acc_me7,val_conf_me7,test_acc_me7,test_conf_me7,val_acc_me8,val_conf_me8,test_acc_me8,test_conf_me8,val_acc_me9,val_conf_me9,test_acc_me9,test_conf_me9,val_acc_med,val_conf_med,test_acc_med,test_conf_med,val_acc_maj,val_conf_maj,test_acc_maj,test_conf_maj,val_acc_lin,val_conf_lin,test_acc_lin,test_conf_lin,val_nld,val_conf_nld,test_nld,test_conf_nld,val_mse,val_conf_mse,test_mse,test_conf_mse,val_svm,val_conf_svm,test_svm,test_conf_svm,val_mvm,val_conf_mvm,test_mvm,test_conf_mvm
0,5,0.71482676,0.0064751949399891595,0.7830668,0.005881678276553282,0.71520007,0.006472393300804069,0.7836001,0.005887022032717737,0.7157201,0.006472264925051041,0.78374684,0.005899315165525776,0.7161068,0.006477056850190954,0.7840935,0.00590757785382956,0.7164934,0.006460311664740148,0.78454673,0.005911509014927763,0.71662676,0.006466401662691856,0.78462684,0.005915547771531138,0.7171201,0.00646811118440993,0.78504014,0.005905110545742165,0.7171601,0.006472458412247195,0.7849868,0.005916849538609159,0.7171468,0.006466994592428832,0.78518677,0.005928077799163933,0.7173868,0.006458076171861449,0.78530675,0.005932511380475347,0.71709347,0.0064902222916228824,0.7852268,0.005920789011806482,0.7148134,0.006454586475582946,0.7820001,0.00597807738425804,0.6899335,0.00645311939008919,0.7594268,0.006270291075784806,23.171469,0.026721235662350296,23.413256,0.029985845838229608,0.15627033,0.001619705446475772,0.13939375,0.0015783488282199165,,,,,,,,
