,shots,val_acc,val_conf,test_acc,test_conf,val_acc_me1,val_conf_me1,test_acc_me1,test_conf_me1,val_acc_me2,val_conf_me2,test_acc_me2,test_conf_me2,val_acc_me3,val_conf_me3,test_acc_me3,test_conf_me3,val_acc_me4,val_conf_me4,test_acc_me4,test_conf_me4,val_acc_me5,val_conf_me5,test_acc_me5,test_conf_me5,val_acc_me6,val_conf_me6,test_acc_me6,test_conf_me6,val_acc_me7,val_conf_me7,test_acc_me7,test_conf_me7,val_acc_me8,val_conf_me8,test_acc_me8,test_conf_me8,val_acc_me9,val_conf_me9,test_acc_me9,test_conf_me9,val_acc_med,val_conf_med,test_acc_med,test_conf_med,val_acc_maj,val_conf_maj,test_acc_maj,test_conf_maj,val_acc_lin,val_conf_lin,test_acc_lin,test_conf_lin,val_nld,val_conf_nld,test_nld,test_conf_nld,val_mse,val_conf_mse,test_mse,test_conf_mse,val_svm,val_conf_svm,test_svm,test_conf_svm,val_mvm,val_conf_mvm,test_mvm,test_conf_mvm
0,5,0.3745067,0.007652957505647928,0.38265336,0.0073936334049700125,0.3743067,0.007671042786189408,0.38276002,0.00741471842972552,0.37476,0.0077040284279613624,0.38269335,0.007451691108373015,0.37478667,0.007718459617375162,0.38260004,0.007460528716865589,0.3749067,0.007734250758560823,0.38264003,0.00747960082828536,0.3749334,0.007739707651629901,0.38264,0.007491564247828486,0.37453336,0.007747225483496323,0.38226673,0.007509441725892074,0.3747067,0.007759766593927964,0.38234672,0.007527804999970578,0.37432003,0.007766113343385672,0.38181335,0.007532002610023736,0.37396005,0.007769293183080506,0.38128003,0.007552635087160753,0.3737467,0.007764594999947305,0.3809734,0.007574231767795092,0.37613335,0.007653924018061697,0.38392004,0.00735177690630906,0.36622667,0.0072364700820336525,0.3760267,0.007049090431680505,4.612262,0.011638116308605007,4.621449,0.013448998533934109,0.23386282,0.0012183346141148022,0.23187964,0.0011522328767930856,,,,,,,,
