,shots,val_acc,val_conf,test_acc,test_conf,val_acc_me1,val_conf_me1,test_acc_me1,test_conf_me1,val_acc_me2,val_conf_me2,test_acc_me2,test_conf_me2,val_acc_me3,val_conf_me3,test_acc_me3,test_conf_me3,val_acc_me4,val_conf_me4,test_acc_me4,test_conf_me4,val_acc_me5,val_conf_me5,test_acc_me5,test_conf_me5,val_acc_me6,val_conf_me6,test_acc_me6,test_conf_me6,val_acc_me7,val_conf_me7,test_acc_me7,test_conf_me7,val_acc_me8,val_conf_me8,test_acc_me8,test_conf_me8,val_acc_me9,val_conf_me9,test_acc_me9,test_conf_me9,val_acc_med,val_conf_med,test_acc_med,test_conf_med,val_acc_maj,val_conf_maj,test_acc_maj,test_conf_maj,val_acc_lin,val_conf_lin,test_acc_lin,test_conf_lin,val_nld,val_conf_nld,test_nld,test_conf_nld,val_mse,val_conf_mse,test_mse,test_conf_mse,val_svm,val_conf_svm,test_svm,test_conf_svm,val_mvm,val_conf_mvm,test_mvm,test_conf_mvm
0,5,0.48152003,0.005748954833931841,0.48824,0.005793673465388172,0.48357338,0.005744028529856282,0.48984003,0.00580106015080184,0.48492002,0.005723799651309647,0.49076,0.005819437740162192,0.48608002,0.005747233767631754,0.49316004,0.005797256903673387,0.48713335,0.005759751788899148,0.49541336,0.005819549953500203,0.48878667,0.005774447118351511,0.4962267,0.005830126637840993,0.48858666,0.005802586344556049,0.49790668,0.005840403624830293,0.48884,0.00584251489800558,0.49890667,0.005865510320207656,0.48892003,0.0058652868170981365,0.49985337,0.00589159461079769,0.48853335,0.0059050685234633415,0.50024,0.00588391931083132,0.4880667,0.005904754972613391,0.5,0.005921577275872614,0.48248005,0.00571259586526901,0.48806667,0.0057782489801301296,0.4742267,0.005624445592369409,0.48362666,0.005826848900089943,9.062787,0.01703118076860477,9.254486,0.022081017414109283,0.21147059,0.0010961374060103612,0.20966697,0.0012270425769503324,,,,,,,,
