,shots,val_acc,val_conf,test_acc,test_conf,val_acc_me1,val_conf_me1,test_acc_me1,test_conf_me1,val_acc_me2,val_conf_me2,test_acc_me2,test_conf_me2,val_acc_me3,val_conf_me3,test_acc_me3,test_conf_me3,val_acc_me4,val_conf_me4,test_acc_me4,test_conf_me4,val_acc_me5,val_conf_me5,test_acc_me5,test_conf_me5,val_acc_me6,val_conf_me6,test_acc_me6,test_conf_me6,val_acc_me7,val_conf_me7,test_acc_me7,test_conf_me7,val_acc_me8,val_conf_me8,test_acc_me8,test_conf_me8,val_acc_me9,val_conf_me9,test_acc_me9,test_conf_me9,val_acc_med,val_conf_med,test_acc_med,test_conf_med,val_acc_maj,val_conf_maj,test_acc_maj,test_conf_maj,val_acc_lin,val_conf_lin,test_acc_lin,test_conf_lin,val_nld,val_conf_nld,test_nld,test_conf_nld,val_mse,val_conf_mse,test_mse,test_conf_mse,val_svm,val_conf_svm,test_svm,test_conf_svm,val_mvm,val_conf_mvm,test_mvm,test_conf_mvm
0,5,0.49604005,0.0060006927588173165,0.53540003,0.006230579560478899,0.49612,0.006026470887089852,0.5356134,0.006244321769232619,0.49644,0.006022805251380103,0.53601336,0.006251808199835729,0.49649334,0.006027804055431241,0.5362667,0.006273584975950874,0.49697337,0.006050197312230776,0.5365067,0.006265175440562709,0.49689335,0.006038051950073675,0.53657335,0.006267063210628421,0.49701336,0.006036246839215886,0.5366,0.006280520960879166,0.49677333,0.006050139127537046,0.5366667,0.006291750606783775,0.49649334,0.006048974048311062,0.5366667,0.006292837182851452,0.49649334,0.006052363999400123,0.53678674,0.006292099714946597,0.49641332,0.006059069554469665,0.53682667,0.006298692594894795,0.49764,0.005893612141966154,0.5363467,0.006213657050246901,0.49061334,0.005711816836868611,0.52916,0.006064110380799792,4.9180107,0.0123030879320849,4.7882285,0.010395039115232763,0.21227118,0.000928284261828588,0.20437899,0.0010184226272123842,,,,,,,,
