,shots,val_acc,val_conf,test_acc,test_conf,val_acc_me1,val_conf_me1,test_acc_me1,test_conf_me1,val_acc_me2,val_conf_me2,test_acc_me2,test_conf_me2,val_acc_me3,val_conf_me3,test_acc_me3,test_conf_me3,val_acc_me4,val_conf_me4,test_acc_me4,test_conf_me4,val_acc_me5,val_conf_me5,test_acc_me5,test_conf_me5,val_acc_me6,val_conf_me6,test_acc_me6,test_conf_me6,val_acc_me7,val_conf_me7,test_acc_me7,test_conf_me7,val_acc_me8,val_conf_me8,test_acc_me8,test_conf_me8,val_acc_me9,val_conf_me9,test_acc_me9,test_conf_me9,val_acc_med,val_conf_med,test_acc_med,test_conf_med,val_acc_maj,val_conf_maj,test_acc_maj,test_conf_maj,val_acc_lin,val_conf_lin,test_acc_lin,test_conf_lin,val_nld,val_conf_nld,test_nld,test_conf_nld,val_mse,val_conf_mse,test_mse,test_conf_mse,val_svm,val_conf_svm,test_svm,test_conf_svm,val_mvm,val_conf_mvm,test_mvm,test_conf_mvm
0,5,0.3813467,0.0073552268892251305,0.38632,0.00760281800021867,0.38146672,0.007364705914699399,0.38632002,0.007622035573372932,0.38181335,0.007370347982865455,0.3862,0.007638451045558825,0.38126668,0.007394214328341531,0.3863067,0.007643662269920748,0.38126668,0.007395415888446943,0.38633338,0.007659480656320217,0.38132003,0.0074216779656013365,0.38638672,0.0076624332986392485,0.38106668,0.0074507001214452195,0.38629335,0.007664871052596389,0.3814667,0.007466478332698923,0.3865067,0.0077192007795462425,0.38132003,0.007467682201720782,0.3865467,0.007761903726967112,0.38125336,0.0074749548266632715,0.38638672,0.00778124044020867,0.38089338,0.007499440423523407,0.38636002,0.007822767687388044,0.3840667,0.007301738993202356,0.39044005,0.007488831414352748,0.37344003,0.006958450685095874,0.37833336,0.007108250411782813,4.5407786,0.011536088062666039,4.5295196,0.01159206266167434,0.23270844,0.0011506758590046628,0.23202908,0.0011450110480118736,,,,,,,,
