,shots,val_acc,val_conf,test_acc,test_conf,val_acc_me1,val_conf_me1,test_acc_me1,test_conf_me1,val_acc_me2,val_conf_me2,test_acc_me2,test_conf_me2,val_acc_me3,val_conf_me3,test_acc_me3,test_conf_me3,val_acc_me4,val_conf_me4,test_acc_me4,test_conf_me4,val_acc_me5,val_conf_me5,test_acc_me5,test_conf_me5,val_acc_me6,val_conf_me6,test_acc_me6,test_conf_me6,val_acc_me7,val_conf_me7,test_acc_me7,test_conf_me7,val_acc_me8,val_conf_me8,test_acc_me8,test_conf_me8,val_acc_me9,val_conf_me9,test_acc_me9,test_conf_me9,val_acc_med,val_conf_med,test_acc_med,test_conf_med,val_acc_maj,val_conf_maj,test_acc_maj,test_conf_maj,val_acc_lin,val_conf_lin,test_acc_lin,test_conf_lin,val_nld,val_conf_nld,test_nld,test_conf_nld,val_mse,val_conf_mse,test_mse,test_conf_mse,val_svm,val_conf_svm,test_svm,test_conf_svm,val_mvm,val_conf_mvm,test_mvm,test_conf_mvm
0,5,0.5512533,0.005762770466227862,0.5893068,0.005885959007597585,0.5507734,0.005745631841418963,0.58858675,0.005911019524646455,0.55028003,0.005758373827579155,0.58868,0.005878137784113502,0.55005336,0.0057763856845785,0.58833337,0.005875297816915759,0.54964,0.005770452692943406,0.58782667,0.005887738258591457,0.54920006,0.005758156789435587,0.5877334,0.0058867024786850575,0.54864,0.0057562680958033186,0.5874401,0.0058911739262257345,0.5480934,0.005750176250718497,0.5870267,0.005878955602309777,0.5474667,0.005750583081791882,0.5864134,0.005899754321428974,0.54714674,0.005740487575633169,0.5857467,0.005903322520865895,0.5464268,0.0057310113208586255,0.5853601,0.005907961595738698,0.5532267,0.005753645166749255,0.5918667,0.0059139467688849034,0.5553066,0.005642561350607589,0.59120005,0.00585799525904096,5.057341,0.012913358554853538,4.945318,0.011765799386679987,0.19874936,0.0009414323286643655,0.18941052,0.0010506038425033282,,,,,,,,
