,shots,val_acc,val_conf,test_acc,test_conf,val_acc_me1,val_conf_me1,test_acc_me1,test_conf_me1,val_acc_me2,val_conf_me2,test_acc_me2,test_conf_me2,val_acc_me3,val_conf_me3,test_acc_me3,test_conf_me3,val_acc_me4,val_conf_me4,test_acc_me4,test_conf_me4,val_acc_me5,val_conf_me5,test_acc_me5,test_conf_me5,val_acc_me6,val_conf_me6,test_acc_me6,test_conf_me6,val_acc_me7,val_conf_me7,test_acc_me7,test_conf_me7,val_acc_me8,val_conf_me8,test_acc_me8,test_conf_me8,val_acc_me9,val_conf_me9,test_acc_me9,test_conf_me9,val_acc_med,val_conf_med,test_acc_med,test_conf_med,val_acc_maj,val_conf_maj,test_acc_maj,test_conf_maj,val_acc_lin,val_conf_lin,test_acc_lin,test_conf_lin,val_nld,val_conf_nld,test_nld,test_conf_nld,val_mse,val_conf_mse,test_mse,test_conf_mse,val_svm,val_conf_svm,test_svm,test_conf_svm,val_mvm,val_conf_mvm,test_mvm,test_conf_mvm
0,5,0.5278533,0.007287639364186638,0.55102676,0.0067358166516956475,0.53134674,0.0072952675622578456,0.5548667,0.006784694103409206,0.53450674,0.007331602979973262,0.5579734,0.006797886328271496,0.5372267,0.0074084266324786485,0.5611334,0.006763350018231362,0.53968006,0.007472588649115153,0.56292003,0.0067585604020078405,0.54120004,0.00747334181765158,0.5654134,0.006778866860146171,0.54153335,0.007548650820984881,0.56778675,0.006770379283383088,0.54164004,0.007536419567136909,0.5694934,0.006799201487064921,0.54168,0.0075765526905813285,0.57129335,0.006838827572463235,0.54188,0.0075897144377469195,0.57218665,0.006893735913868215,0.54194665,0.007593431793184502,0.5714134,0.006986457841281157,0.5303067,0.007213598879534988,0.5551067,0.006652087491958669,0.53558666,0.0072511691057521865,0.5542134,0.006700689720834929,9.804581,0.01884060652945685,10.074936,0.019795644552191405,0.20012583,0.001359424761724709,0.1944638,0.001304097121097747,,,,,,,,
