,shots,val_acc,val_conf,test_acc,test_conf,val_acc_me1,val_conf_me1,test_acc_me1,test_conf_me1,val_acc_me2,val_conf_me2,test_acc_me2,test_conf_me2,val_acc_me3,val_conf_me3,test_acc_me3,test_conf_me3,val_acc_me4,val_conf_me4,test_acc_me4,test_conf_me4,val_acc_me5,val_conf_me5,test_acc_me5,test_conf_me5,val_acc_me6,val_conf_me6,test_acc_me6,test_conf_me6,val_acc_me7,val_conf_me7,test_acc_me7,test_conf_me7,val_acc_me8,val_conf_me8,test_acc_me8,test_conf_me8,val_acc_me9,val_conf_me9,test_acc_me9,test_conf_me9,val_acc_med,val_conf_med,test_acc_med,test_conf_med,val_acc_maj,val_conf_maj,test_acc_maj,test_conf_maj,val_acc_lin,val_conf_lin,test_acc_lin,test_conf_lin,val_nld,val_conf_nld,test_nld,test_conf_nld,val_mse,val_conf_mse,test_mse,test_conf_mse,val_svm,val_conf_svm,test_svm,test_conf_svm,val_mvm,val_conf_mvm,test_mvm,test_conf_mvm
0,5,0.5493733,0.0059993249567296125,0.58806676,0.005843715996327714,0.54938674,0.0059976496069745755,0.5878,0.0058408963475945486,0.54908,0.006008118695810194,0.58753335,0.0058432953117558695,0.54858667,0.006021587528859729,0.58758676,0.0058584528862756224,0.5487867,0.006038957968877212,0.58705336,0.005867076689107575,0.54836,0.006055753488706017,0.5867734,0.005867180128563243,0.548,0.006058074411492309,0.5861067,0.005850395691533339,0.54764,0.006073270314024604,0.58581334,0.005847570963184001,0.54749334,0.006081733878056994,0.58502674,0.005841018720164848,0.54712,0.0060795242450422116,0.58460003,0.005830658150401069,0.5468001,0.006091042505499411,0.58401334,0.005827985810535563,0.5520667,0.005883181381143188,0.58940005,0.005876205221069242,0.55314666,0.00591717694295768,0.58802664,0.005641804487804825,4.945293,0.01251626741452494,4.8129787,0.011203052728818719,0.19926986,0.0010128560606132986,0.18991937,0.0010315154532228032,,,,,,,,
