,shots,val_acc,val_conf,test_acc,test_conf,val_acc_me1,val_conf_me1,test_acc_me1,test_conf_me1,val_acc_me2,val_conf_me2,test_acc_me2,test_conf_me2,val_acc_me3,val_conf_me3,test_acc_me3,test_conf_me3,val_acc_me4,val_conf_me4,test_acc_me4,test_conf_me4,val_acc_me5,val_conf_me5,test_acc_me5,test_conf_me5,val_acc_me6,val_conf_me6,test_acc_me6,test_conf_me6,val_acc_me7,val_conf_me7,test_acc_me7,test_conf_me7,val_acc_me8,val_conf_me8,test_acc_me8,test_conf_me8,val_acc_me9,val_conf_me9,test_acc_me9,test_conf_me9,val_acc_med,val_conf_med,test_acc_med,test_conf_med,val_acc_maj,val_conf_maj,test_acc_maj,test_conf_maj,val_acc_lin,val_conf_lin,test_acc_lin,test_conf_lin,val_nld,val_conf_nld,test_nld,test_conf_nld,val_mse,val_conf_mse,test_mse,test_conf_mse,val_svm,val_conf_svm,test_svm,test_conf_svm,val_mvm,val_conf_mvm,test_mvm,test_conf_mvm
0,5,0.38945338,0.007653272903631048,0.39472002,0.0075560014873023995,0.38952002,0.007679260681514588,0.39468002,0.007579335396651787,0.3894667,0.007694543861087644,0.39461336,0.0076052211204295506,0.3894667,0.007740780835982342,0.39469334,0.007612714015998556,0.38952002,0.007770850316314748,0.39452,0.007619108790917872,0.3895867,0.007812649092065194,0.39441335,0.007627240794552181,0.3897067,0.00783427440326312,0.3943867,0.007653917553095746,0.3895467,0.00785045898380693,0.39461336,0.007680888929374574,0.38916004,0.00788411652025739,0.39426672,0.007708621324505782,0.38917333,0.007893848141188098,0.3940934,0.007748409495836939,0.3891067,0.007922584914962338,0.39353338,0.007764319777109896,0.39126673,0.007667847707646169,0.39872003,0.007448735695354314,0.38178667,0.007243321560620963,0.38828003,0.007181633778821028,4.815779,0.013806355069792886,4.733046,0.013354464107131037,0.23093338,0.001218622305100836,0.2295586,0.0012176874248420178,,,,,,,,
