,shots,val_acc,val_conf,test_acc,test_conf,val_acc_me1,val_conf_me1,test_acc_me1,test_conf_me1,val_acc_me2,val_conf_me2,test_acc_me2,test_conf_me2,val_acc_me3,val_conf_me3,test_acc_me3,test_conf_me3,val_acc_me4,val_conf_me4,test_acc_me4,test_conf_me4,val_acc_me5,val_conf_me5,test_acc_me5,test_conf_me5,val_acc_me6,val_conf_me6,test_acc_me6,test_conf_me6,val_acc_me7,val_conf_me7,test_acc_me7,test_conf_me7,val_acc_me8,val_conf_me8,test_acc_me8,test_conf_me8,val_acc_me9,val_conf_me9,test_acc_me9,test_conf_me9,val_acc_med,val_conf_med,test_acc_med,test_conf_med,val_acc_maj,val_conf_maj,test_acc_maj,test_conf_maj,val_acc_lin,val_conf_lin,test_acc_lin,test_conf_lin,val_nld,val_conf_nld,test_nld,test_conf_nld,val_mse,val_conf_mse,test_mse,test_conf_mse,val_svm,val_conf_svm,test_svm,test_conf_svm,val_mvm,val_conf_mvm,test_mvm,test_conf_mvm
0,5,0.48569337,0.00556378204589375,0.5443467,0.005830819312767299,0.4856667,0.0055609374608632245,0.54429334,0.005852619639829859,0.48540002,0.005535345893037502,0.54428005,0.005898961901313338,0.48476005,0.005530315225939719,0.54336005,0.005918718837343517,0.48457336,0.005536356736646597,0.54333335,0.0059357309335326125,0.48437336,0.0055106802006965605,0.54296005,0.005905665609249766,0.48402667,0.005484341929300307,0.54237336,0.005899851757702024,0.48345336,0.005478549781566866,0.5421067,0.005907304939908542,0.48324,0.005473683509318206,0.54164004,0.005901390419604913,0.48269337,0.005476133731424082,0.5409867,0.005876411638197188,0.4817867,0.005497988548914257,0.5405333,0.005879660745384707,0.4884,0.005528185943216357,0.5453867,0.0057915912845598605,0.49489337,0.005493216480455532,0.5473734,0.005811705179068705,6.2510047,0.017159294228701327,6.1498938,0.015381299285304628,0.208587,0.000998423832187123,0.19452286,0.0011608062298012756,,,,,,,,
