,shots,val_acc,val_conf,test_acc,test_conf,val_acc_me1,val_conf_me1,test_acc_me1,test_conf_me1,val_acc_me2,val_conf_me2,test_acc_me2,test_conf_me2,val_acc_me3,val_conf_me3,test_acc_me3,test_conf_me3,val_acc_me4,val_conf_me4,test_acc_me4,test_conf_me4,val_acc_me5,val_conf_me5,test_acc_me5,test_conf_me5,val_acc_me6,val_conf_me6,test_acc_me6,test_conf_me6,val_acc_me7,val_conf_me7,test_acc_me7,test_conf_me7,val_acc_me8,val_conf_me8,test_acc_me8,test_conf_me8,val_acc_me9,val_conf_me9,test_acc_me9,test_conf_me9,val_acc_med,val_conf_med,test_acc_med,test_conf_med,val_acc_maj,val_conf_maj,test_acc_maj,test_conf_maj,val_acc_lin,val_conf_lin,test_acc_lin,test_conf_lin,val_nld,val_conf_nld,test_nld,test_conf_nld,val_mse,val_conf_mse,test_mse,test_conf_mse,val_svm,val_conf_svm,test_svm,test_conf_svm,val_mvm,val_conf_mvm,test_mvm,test_conf_mvm
0,5,0.49233338,0.00807563836666958,0.51252,0.008136481085059488,0.49424002,0.00813669442893672,0.5142267,0.008218041248710617,0.4958667,0.008165148591341098,0.51504004,0.008310032173184712,0.4966267,0.008212485995801933,0.5157867,0.008364088524430269,0.49757338,0.008287759441822362,0.51709336,0.008422094046322215,0.49796003,0.008361409257815478,0.5173467,0.008451786711494713,0.49850672,0.008423919013861303,0.51742667,0.008498986504536843,0.49856,0.008493297334475791,0.5170267,0.008546770915216828,0.49856004,0.008531603181464842,0.51676,0.008551756327552784,0.49841338,0.008553669957482413,0.51628006,0.00860892879240005,0.49860004,0.008615032643850218,0.5156,0.008652015943513391,0.49509335,0.007987595689275206,0.5176134,0.008035992424589966,0.49028003,0.007952170446412943,0.51747996,0.00785237076660339,8.313324,0.01736550632494982,8.474355,0.01963652511526348,0.2077082,0.0016178696270295334,0.20233081,0.0015412791750827048,,,,,,,,
