,shots,val_acc,val_conf,test_acc,test_conf,val_acc_me1,val_conf_me1,test_acc_me1,test_conf_me1,val_acc_me2,val_conf_me2,test_acc_me2,test_conf_me2,val_acc_me3,val_conf_me3,test_acc_me3,test_conf_me3,val_acc_me4,val_conf_me4,test_acc_me4,test_conf_me4,val_acc_me5,val_conf_me5,test_acc_me5,test_conf_me5,val_acc_me6,val_conf_me6,test_acc_me6,test_conf_me6,val_acc_me7,val_conf_me7,test_acc_me7,test_conf_me7,val_acc_me8,val_conf_me8,test_acc_me8,test_conf_me8,val_acc_me9,val_conf_me9,test_acc_me9,test_conf_me9,val_acc_med,val_conf_med,test_acc_med,test_conf_med,val_acc_maj,val_conf_maj,test_acc_maj,test_conf_maj,val_acc_lin,val_conf_lin,test_acc_lin,test_conf_lin,val_nld,val_conf_nld,test_nld,test_conf_nld,val_mse,val_conf_mse,test_mse,test_conf_mse,val_svm,val_conf_svm,test_svm,test_conf_svm,val_mvm,val_conf_mvm,test_mvm,test_conf_mvm
0,5,0.28453332,0.004854025755948399,0.30902666,0.005863319158524283,0.28506666,0.004847063449372857,0.30872002,0.005875234552605857,0.2849067,0.004862481007881669,0.30876005,0.005889880933030056,0.28446668,0.004878074967605006,0.30814666,0.005883397033936921,0.2842,0.004868184955007793,0.30760005,0.005916905876169887,0.28404,0.00488384679687387,0.3073867,0.005912628377608586,0.28405336,0.004887651891135492,0.3069467,0.005928301302273509,0.28385332,0.004907186709405986,0.30725336,0.005943475039208224,0.28348002,0.004935066413404798,0.30713338,0.005949091709293641,0.28316,0.004941569245612565,0.30721337,0.005962494507333549,0.28332,0.004919118727685801,0.3071067,0.005995114878527774,0.28688005,0.0049129132839130785,0.30853337,0.00591894464936954,0.28333336,0.0047269573114250285,0.30481336,0.005751134912816425,5.233372,0.016957984423797257,5.0831714,0.014550985233359626,0.24926512,0.0008033854483430192,0.24524695,0.0009808873810789043,,,,,,,,
