,shots,val_acc,val_conf,test_acc,test_conf,val_acc_me1,val_conf_me1,test_acc_me1,test_conf_me1,val_acc_me2,val_conf_me2,test_acc_me2,test_conf_me2,val_acc_me3,val_conf_me3,test_acc_me3,test_conf_me3,val_acc_me4,val_conf_me4,test_acc_me4,test_conf_me4,val_acc_me5,val_conf_me5,test_acc_me5,test_conf_me5,val_acc_me6,val_conf_me6,test_acc_me6,test_conf_me6,val_acc_me7,val_conf_me7,test_acc_me7,test_conf_me7,val_acc_me8,val_conf_me8,test_acc_me8,test_conf_me8,val_acc_me9,val_conf_me9,test_acc_me9,test_conf_me9,val_acc_med,val_conf_med,test_acc_med,test_conf_med,val_acc_maj,val_conf_maj,test_acc_maj,test_conf_maj,val_acc_lin,val_conf_lin,test_acc_lin,test_conf_lin,val_nld,val_conf_nld,test_nld,test_conf_nld,val_mse,val_conf_mse,test_mse,test_conf_mse,val_svm,val_conf_svm,test_svm,test_conf_svm,val_mvm,val_conf_mvm,test_mvm,test_conf_mvm
0,5,0.51712,0.007358736442184877,0.525,0.00737678478006365,0.5180667,0.007359509467402603,0.52658665,0.00742369272607013,0.5188667,0.007367948095137633,0.5271867,0.007426202518219682,0.5193867,0.007381393839022921,0.52794665,0.007446624883962305,0.5199467,0.007394815108394237,0.52848005,0.007472226149237038,0.52064,0.0074068099292007306,0.52932,0.007509500834152472,0.52109337,0.007438563994953795,0.5302267,0.007545386936732346,0.5214133,0.007452221235583312,0.53078675,0.00755814231460783,0.52181333,0.007484292546452553,0.5311067,0.007599930469342708,0.5215333,0.007485674663822106,0.53132004,0.007651346343769405,0.5220133,0.007499197987299144,0.53137344,0.007708013155920512,0.51976,0.0071799824417968505,0.5281867,0.007317825213906559,0.48536006,0.006912540652766419,0.49762672,0.007150915031191141,26.731958,0.03465647343929845,26.751776,0.035412667579869606,0.21315789,0.0018639747194146017,0.20955233,0.0019001979237919242,,,,,,,,
