,shots,val_acc,val_conf,test_acc,test_conf,val_acc_me1,val_conf_me1,test_acc_me1,test_conf_me1,val_acc_me2,val_conf_me2,test_acc_me2,test_conf_me2,val_acc_me3,val_conf_me3,test_acc_me3,test_conf_me3,val_acc_me4,val_conf_me4,test_acc_me4,test_conf_me4,val_acc_me5,val_conf_me5,test_acc_me5,test_conf_me5,val_acc_me6,val_conf_me6,test_acc_me6,test_conf_me6,val_acc_me7,val_conf_me7,test_acc_me7,test_conf_me7,val_acc_me8,val_conf_me8,test_acc_me8,test_conf_me8,val_acc_me9,val_conf_me9,test_acc_me9,test_conf_me9,val_acc_med,val_conf_med,test_acc_med,test_conf_med,val_acc_maj,val_conf_maj,test_acc_maj,test_conf_maj,val_acc_lin,val_conf_lin,test_acc_lin,test_conf_lin,val_nld,val_conf_nld,test_nld,test_conf_nld,val_mse,val_conf_mse,test_mse,test_conf_mse,val_svm,val_conf_svm,test_svm,test_conf_svm,val_mvm,val_conf_mvm,test_mvm,test_conf_mvm
0,5,0.48489335,0.007321061852945399,0.54245335,0.008146550731354174,0.48561335,0.0073302744294647115,0.54304004,0.00817845441489129,0.48656002,0.007322911294998513,0.54432005,0.00819277708523336,0.48685333,0.007336429077076212,0.54438674,0.008224953220908104,0.48737335,0.007321009209651008,0.54492,0.008258879515229967,0.48741335,0.00736985387475142,0.5448267,0.008236215191642637,0.48765334,0.007403063481416172,0.54477334,0.008266491550886323,0.48792005,0.007459849895437853,0.54517335,0.008261761042923199,0.48848,0.007481735190624783,0.5454133,0.008287771448187709,0.48848,0.007502447556269942,0.54496,0.008318664749899063,0.4885467,0.007518585958485313,0.5445601,0.008316339209279988,0.48617336,0.007345035332143368,0.5452,0.008127890068840626,0.47372004,0.007108672019921269,0.52837336,0.007705717169431581,5.702184,0.012934436191076593,5.8277464,0.014476769271059453,0.21204531,0.0014321573606697058,0.2008119,0.001537070482230729,,,,,,,,
