,shots,val_acc,val_conf,test_acc,test_conf,val_acc_me1,val_conf_me1,test_acc_me1,test_conf_me1,val_acc_me2,val_conf_me2,test_acc_me2,test_conf_me2,val_acc_me3,val_conf_me3,test_acc_me3,test_conf_me3,val_acc_me4,val_conf_me4,test_acc_me4,test_conf_me4,val_acc_me5,val_conf_me5,test_acc_me5,test_conf_me5,val_acc_me6,val_conf_me6,test_acc_me6,test_conf_me6,val_acc_me7,val_conf_me7,test_acc_me7,test_conf_me7,val_acc_me8,val_conf_me8,test_acc_me8,test_conf_me8,val_acc_me9,val_conf_me9,test_acc_me9,test_conf_me9,val_acc_med,val_conf_med,test_acc_med,test_conf_med,val_acc_maj,val_conf_maj,test_acc_maj,test_conf_maj,val_acc_lin,val_conf_lin,test_acc_lin,test_conf_lin,val_nld,val_conf_nld,test_nld,test_conf_nld,val_mse,val_conf_mse,test_mse,test_conf_mse,val_svm,val_conf_svm,test_svm,test_conf_svm,val_mvm,val_conf_mvm,test_mvm,test_conf_mvm
0,5,0.68374676,0.006744638559556537,0.75197345,0.006260823133109383,0.68433344,0.006763127900471622,0.7526534,0.006261249359080678,0.6848534,0.00676798493705455,0.75300014,0.006260155856263716,0.68492013,0.0067898337513621065,0.75333345,0.006255055921673303,0.6853335,0.0067677064817341925,0.7537201,0.0062669108221447,0.6858268,0.006770333566837872,0.75378674,0.006264712271928707,0.68609345,0.00677225827956629,0.7539068,0.006262818498680267,0.6864668,0.006773147674171698,0.7545067,0.006261951269672661,0.6867334,0.006765078473063957,0.75453347,0.006265642303463048,0.6870934,0.006755927313721433,0.7543601,0.006265434039201878,0.68728006,0.006738546714471605,0.7543467,0.006248069602367012,0.6843334,0.006704959369080443,0.75150687,0.006204426464179513,0.6709468,0.00657246312383486,0.73789346,0.006290856594345584,4.4366174,0.008983698252338357,4.5178585,0.01133912456203312,0.17755963,0.0012495503560043253,0.16462128,0.001232673331425932,,,,,,,,
