,shots,val_acc,val_conf,test_acc,test_conf,val_acc_me1,val_conf_me1,test_acc_me1,test_conf_me1,val_acc_me2,val_conf_me2,test_acc_me2,test_conf_me2,val_acc_me3,val_conf_me3,test_acc_me3,test_conf_me3,val_acc_me4,val_conf_me4,test_acc_me4,test_conf_me4,val_acc_me5,val_conf_me5,test_acc_me5,test_conf_me5,val_acc_me6,val_conf_me6,test_acc_me6,test_conf_me6,val_acc_me7,val_conf_me7,test_acc_me7,test_conf_me7,val_acc_me8,val_conf_me8,test_acc_me8,test_conf_me8,val_acc_me9,val_conf_me9,test_acc_me9,test_conf_me9,val_acc_med,val_conf_med,test_acc_med,test_conf_med,val_acc_maj,val_conf_maj,test_acc_maj,test_conf_maj,val_acc_lin,val_conf_lin,test_acc_lin,test_conf_lin,val_nld,val_conf_nld,test_nld,test_conf_nld,val_mse,val_conf_mse,test_mse,test_conf_mse,val_svm,val_conf_svm,test_svm,test_conf_svm,val_mvm,val_conf_mvm,test_mvm,test_conf_mvm
0,5,0.67697346,0.0066214523271032055,0.7403201,0.006299239808086554,0.6770001,0.006631093438510205,0.7408401,0.006293300813268732,0.67746675,0.006639002400818272,0.7411201,0.0062956309717207,0.6777467,0.006644794086768435,0.74152017,0.006306483802465346,0.6779868,0.00665444489562439,0.7418268,0.006316352111248258,0.67829347,0.006662731134875699,0.74228007,0.006316002079518879,0.6785201,0.006656421328080642,0.74278677,0.006309264199619413,0.67876005,0.006660100355505683,0.7427734,0.006305926891824631,0.6785467,0.006671728520384557,0.74286675,0.006310101412713598,0.67857337,0.006667445480423861,0.74309343,0.006313588800075709,0.6786668,0.0066670585060316645,0.74257344,0.006339445431506552,0.67517346,0.0065684566920612975,0.7382801,0.006262557129341428,0.66376007,0.006619438951984136,0.72530675,0.00618038048500591,4.3268013,0.008777139818627155,4.4087334,0.01007620361737338,0.18054181,0.0011819374328851662,0.16962136,0.001139099991082776,,,,,,,,
