,shots,val_acc,val_conf,test_acc,test_conf,val_acc_me1,val_conf_me1,test_acc_me1,test_conf_me1,val_acc_me2,val_conf_me2,test_acc_me2,test_conf_me2,val_acc_me3,val_conf_me3,test_acc_me3,test_conf_me3,val_acc_me4,val_conf_me4,test_acc_me4,test_conf_me4,val_acc_me5,val_conf_me5,test_acc_me5,test_conf_me5,val_acc_me6,val_conf_me6,test_acc_me6,test_conf_me6,val_acc_me7,val_conf_me7,test_acc_me7,test_conf_me7,val_acc_me8,val_conf_me8,test_acc_me8,test_conf_me8,val_acc_me9,val_conf_me9,test_acc_me9,test_conf_me9,val_acc_med,val_conf_med,test_acc_med,test_conf_med,val_acc_maj,val_conf_maj,test_acc_maj,test_conf_maj,val_acc_lin,val_conf_lin,test_acc_lin,test_conf_lin,val_nld,val_conf_nld,test_nld,test_conf_nld,val_mse,val_conf_mse,test_mse,test_conf_mse,val_svm,val_conf_svm,test_svm,test_conf_svm,val_mvm,val_conf_mvm,test_mvm,test_conf_mvm
0,5,0.26161334,0.0041733165581442355,0.30517334,0.005254711417361446,0.26076,0.004175395506489599,0.30560005,0.005308306908889504,0.2609867,0.004176522719486264,0.30593336,0.005318366395951957,0.26189336,0.004183825822125509,0.30641335,0.005337142504286574,0.26201338,0.004179686858549414,0.30709335,0.00534420363248489,0.26190668,0.004170382387156557,0.3075467,0.005347826784132537,0.26197332,0.004164029634516175,0.30728003,0.005356782609145849,0.26190668,0.004134824150708483,0.3076,0.005360304630254276,0.26193336,0.004123352992146279,0.3073867,0.005351624489861595,0.26185334,0.004129457767163058,0.30692005,0.005351085126985677,0.26182666,0.004185410200573503,0.30681336,0.005341894716064,0.26316002,0.0041442602303373155,0.30811998,0.005346642771791921,0.26744,0.004110040241846746,0.31680003,0.005379991375225213,8.009924,0.020113201833920513,7.920496,0.018528415169488888,0.2549095,0.0008095443097269617,0.24536629,0.0010432796132788247,,,,,,,,
