,shots,val_acc,val_conf,test_acc,test_conf,val_acc_me1,val_conf_me1,test_acc_me1,test_conf_me1,val_acc_me2,val_conf_me2,test_acc_me2,test_conf_me2,val_acc_me3,val_conf_me3,test_acc_me3,test_conf_me3,val_acc_me4,val_conf_me4,test_acc_me4,test_conf_me4,val_acc_me5,val_conf_me5,test_acc_me5,test_conf_me5,val_acc_me6,val_conf_me6,test_acc_me6,test_conf_me6,val_acc_me7,val_conf_me7,test_acc_me7,test_conf_me7,val_acc_me8,val_conf_me8,test_acc_me8,test_conf_me8,val_acc_me9,val_conf_me9,test_acc_me9,test_conf_me9,val_acc_med,val_conf_med,test_acc_med,test_conf_med,val_acc_maj,val_conf_maj,test_acc_maj,test_conf_maj,val_acc_lin,val_conf_lin,test_acc_lin,test_conf_lin,val_nld,val_conf_nld,test_nld,test_conf_nld,val_mse,val_conf_mse,test_mse,test_conf_mse,val_svm,val_conf_svm,test_svm,test_conf_svm,val_mvm,val_conf_mvm,test_mvm,test_conf_mvm
0,5,0.37932003,0.005502796174685798,0.3959467,0.005543158342639187,0.38084003,0.0055466378796854565,0.39705342,0.005569154432621848,0.38121337,0.005553639437840152,0.39809337,0.005561686011566924,0.3823867,0.005582628345287555,0.39920005,0.005586450525530695,0.38356006,0.0055775288724804195,0.4001334,0.0055739237303808475,0.38420004,0.005551488451302433,0.40038672,0.0055768823758825525,0.38488004,0.005578959015311469,0.4006934,0.005630749395981682,0.38524005,0.005623597296476379,0.39998668,0.005671497614760601,0.38560003,0.005675269460625798,0.4002267,0.005718295656345573,0.38601336,0.005703326027622468,0.39992005,0.005759941120045686,0.38540003,0.005716219478699935,0.3993867,0.005754117571048933,0.3846534,0.005579703871748887,0.40332007,0.005581222676970532,0.42334673,0.0058324180064970865,0.4426267,0.005890916251153178,9.635006,0.0222614638502332,9.636334,0.020617471027373213,0.2226759,0.0010978756737378415,0.21859664,0.0011251844981516046,,,,,,,,
