,shots,val_acc,val_conf,test_acc,test_conf,val_acc_me1,val_conf_me1,test_acc_me1,test_conf_me1,val_acc_me2,val_conf_me2,test_acc_me2,test_conf_me2,val_acc_me3,val_conf_me3,test_acc_me3,test_conf_me3,val_acc_me4,val_conf_me4,test_acc_me4,test_conf_me4,val_acc_me5,val_conf_me5,test_acc_me5,test_conf_me5,val_acc_me6,val_conf_me6,test_acc_me6,test_conf_me6,val_acc_me7,val_conf_me7,test_acc_me7,test_conf_me7,val_acc_me8,val_conf_me8,test_acc_me8,test_conf_me8,val_acc_me9,val_conf_me9,test_acc_me9,test_conf_me9,val_acc_med,val_conf_med,test_acc_med,test_conf_med,val_acc_maj,val_conf_maj,test_acc_maj,test_conf_maj,val_acc_lin,val_conf_lin,test_acc_lin,test_conf_lin,val_nld,val_conf_nld,test_nld,test_conf_nld,val_mse,val_conf_mse,test_mse,test_conf_mse,val_svm,val_conf_svm,test_svm,test_conf_svm,val_mvm,val_conf_mvm,test_mvm,test_conf_mvm
0,5,0.59352005,0.007490332210026263,0.5835467,0.007387474139525674,0.5941067,0.007534413118767125,0.5843867,0.00739369528393008,0.59516,0.007537342671921965,0.5847334,0.0074215754497122255,0.5959867,0.007558046263684726,0.58506674,0.007450792016318708,0.5964667,0.007553630230138109,0.58528,0.007476692978944932,0.5972533,0.0075671383147668525,0.58516,0.007500931059964744,0.5977734,0.007573980557688431,0.5854534,0.007502593479787767,0.59832007,0.007590795472415146,0.58609337,0.007499605741939086,0.5986801,0.007611708252005633,0.58608,0.007525581051674002,0.59916,0.007637164517329098,0.58646667,0.007550099896930562,0.59941334,0.007666424491564405,0.58673334,0.007559067266525998,0.5942001,0.00728124366570071,0.58437335,0.007213833003660075,0.57625335,0.0070404458486007515,0.56952,0.007024755376170977,4.591767,0.011645230541881268,4.5831623,0.012165352755480363,0.19705872,0.0011895582424239215,0.19815,0.001177537792645178,,,,,,,,
