,shots,val_acc,val_conf,test_acc,test_conf,val_acc_me1,val_conf_me1,test_acc_me1,test_conf_me1,val_acc_me2,val_conf_me2,test_acc_me2,test_conf_me2,val_acc_me3,val_conf_me3,test_acc_me3,test_conf_me3,val_acc_me4,val_conf_me4,test_acc_me4,test_conf_me4,val_acc_me5,val_conf_me5,test_acc_me5,test_conf_me5,val_acc_me6,val_conf_me6,test_acc_me6,test_conf_me6,val_acc_me7,val_conf_me7,test_acc_me7,test_conf_me7,val_acc_me8,val_conf_me8,test_acc_me8,test_conf_me8,val_acc_me9,val_conf_me9,test_acc_me9,test_conf_me9,val_acc_med,val_conf_med,test_acc_med,test_conf_med,val_acc_maj,val_conf_maj,test_acc_maj,test_conf_maj,val_acc_lin,val_conf_lin,test_acc_lin,test_conf_lin,val_nld,val_conf_nld,test_nld,test_conf_nld,val_mse,val_conf_mse,test_mse,test_conf_mse,val_svm,val_conf_svm,test_svm,test_conf_svm,val_mvm,val_conf_mvm,test_mvm,test_conf_mvm
0,5,0.39185336,0.008013788960720247,0.39344004,0.007717077961788887,0.39182672,0.008012575394249377,0.39296,0.007733240376735007,0.39173338,0.008028784911090547,0.39312005,0.007746600228929534,0.3912134,0.008051194330305045,0.39320004,0.007772684519519457,0.39105338,0.008055694870192587,0.3934,0.007805949540178381,0.39113337,0.008076290404666842,0.39326674,0.007827550838645558,0.39100003,0.008088072343379327,0.39309338,0.00785935015916045,0.39072004,0.008107834820808901,0.39320004,0.007872656906277253,0.39013335,0.008101374472663292,0.39268002,0.007899862406681224,0.38980004,0.00810413224243639,0.3926667,0.007905825876013073,0.3894667,0.00809544517529448,0.39236003,0.007900514444678486,0.39657336,0.007891955753289548,0.39548004,0.007628434504341752,0.3869467,0.007551719832691484,0.38620004,0.007353366826156449,4.7234855,0.013342314588924431,4.681087,0.012875912548340196,0.22988583,0.0012323832160776316,0.23017873,0.001213356821203021,,,,,,,,
