,shots,val_acc,val_conf,test_acc,test_conf,val_acc_me1,val_conf_me1,test_acc_me1,test_conf_me1,val_acc_me2,val_conf_me2,test_acc_me2,test_conf_me2,val_acc_me3,val_conf_me3,test_acc_me3,test_conf_me3,val_acc_me4,val_conf_me4,test_acc_me4,test_conf_me4,val_acc_me5,val_conf_me5,test_acc_me5,test_conf_me5,val_acc_me6,val_conf_me6,test_acc_me6,test_conf_me6,val_acc_me7,val_conf_me7,test_acc_me7,test_conf_me7,val_acc_me8,val_conf_me8,test_acc_me8,test_conf_me8,val_acc_me9,val_conf_me9,test_acc_me9,test_conf_me9,val_acc_med,val_conf_med,test_acc_med,test_conf_med,val_acc_maj,val_conf_maj,test_acc_maj,test_conf_maj,val_acc_lin,val_conf_lin,test_acc_lin,test_conf_lin,val_nld,val_conf_nld,test_nld,test_conf_nld,val_mse,val_conf_mse,test_mse,test_conf_mse,val_svm,val_conf_svm,test_svm,test_conf_svm,val_mvm,val_conf_mvm,test_mvm,test_conf_mvm
0,5,0.6568534,0.006918170714567129,0.71952015,0.005992536742452148,0.6572134,0.006926763116135715,0.72002673,0.005988730724624025,0.6574267,0.006937730469134928,0.7202401,0.005996697871625933,0.65797347,0.006955844380239995,0.7202534,0.006040482315498363,0.6582801,0.006964510205350827,0.7204668,0.006070687560116306,0.6584801,0.006969987416884482,0.72069347,0.006062547244382821,0.6583734,0.006963418549667089,0.72053343,0.006083883941028101,0.6586134,0.006981853861937948,0.7205868,0.006097893984086777,0.65858674,0.007002657660673317,0.72090673,0.006102225973075637,0.65876013,0.00699360162868734,0.72120005,0.006113112514000041,0.65869343,0.0070151239622129324,0.72100013,0.006109503677634187,0.6564801,0.006917973533104749,0.7201735,0.005974836127386474,0.64601344,0.006784835870877415,0.7106268,0.005938338623738382,4.2478824,0.0077188332000517335,4.319843,0.008930841614064988,0.18435577,0.0011908335724089836,0.17422444,0.0010611486637974732,,,,,,,,
