,shots,val_acc,val_conf,test_acc,test_conf,val_acc_me1,val_conf_me1,test_acc_me1,test_conf_me1,val_acc_me2,val_conf_me2,test_acc_me2,test_conf_me2,val_acc_me3,val_conf_me3,test_acc_me3,test_conf_me3,val_acc_me4,val_conf_me4,test_acc_me4,test_conf_me4,val_acc_me5,val_conf_me5,test_acc_me5,test_conf_me5,val_acc_me6,val_conf_me6,test_acc_me6,test_conf_me6,val_acc_me7,val_conf_me7,test_acc_me7,test_conf_me7,val_acc_me8,val_conf_me8,test_acc_me8,test_conf_me8,val_acc_me9,val_conf_me9,test_acc_me9,test_conf_me9,val_acc_med,val_conf_med,test_acc_med,test_conf_med,val_acc_maj,val_conf_maj,test_acc_maj,test_conf_maj,val_acc_lin,val_conf_lin,test_acc_lin,test_conf_lin,val_nld,val_conf_nld,test_nld,test_conf_nld,val_mse,val_conf_mse,test_mse,test_conf_mse,val_svm,val_conf_svm,test_svm,test_conf_svm,val_mvm,val_conf_mvm,test_mvm,test_conf_mvm
0,5,0.6259334,0.007281628792959793,0.6707467,0.006878534931719749,0.62801343,0.007293018677663965,0.6724134,0.00685099417665147,0.62952,0.0072977690423082775,0.6737201,0.006843502204649021,0.6307734,0.007316803749282008,0.6745468,0.006856404429608887,0.6316801,0.007340193534408845,0.67492,0.006881390137765786,0.6321734,0.007363152013948104,0.6755335,0.006871594790741842,0.6324267,0.007369877425698945,0.6754934,0.006867762913049691,0.6333067,0.007373801198264585,0.67556006,0.006893215484106929,0.63348013,0.007374259287282414,0.67589337,0.006890290548784983,0.63317347,0.007352905966438894,0.6755868,0.006934019116879964,0.63260007,0.007390514982452023,0.67497337,0.006924816237809606,0.62628007,0.007187618490184011,0.6695601,0.006787873943103984,0.6190534,0.007041412822797799,0.66428006,0.006651092810764592,7.65233,0.019409619586483906,7.7868934,0.022742459166164686,0.1746401,0.0016468734269878826,0.16330382,0.0015392772290999668,,,,,,,,
