,shots,val_acc,val_conf,test_acc,test_conf,val_acc_me1,val_conf_me1,test_acc_me1,test_conf_me1,val_acc_me2,val_conf_me2,test_acc_me2,test_conf_me2,val_acc_me3,val_conf_me3,test_acc_me3,test_conf_me3,val_acc_me4,val_conf_me4,test_acc_me4,test_conf_me4,val_acc_me5,val_conf_me5,test_acc_me5,test_conf_me5,val_acc_me6,val_conf_me6,test_acc_me6,test_conf_me6,val_acc_me7,val_conf_me7,test_acc_me7,test_conf_me7,val_acc_me8,val_conf_me8,test_acc_me8,test_conf_me8,val_acc_me9,val_conf_me9,test_acc_me9,test_conf_me9,val_acc_med,val_conf_med,test_acc_med,test_conf_med,val_acc_maj,val_conf_maj,test_acc_maj,test_conf_maj,val_acc_lin,val_conf_lin,test_acc_lin,test_conf_lin,val_nld,val_conf_nld,test_nld,test_conf_nld,val_mse,val_conf_mse,test_mse,test_conf_mse,val_svm,val_conf_svm,test_svm,test_conf_svm,val_mvm,val_conf_mvm,test_mvm,test_conf_mvm
0,5,0.5638667,0.007394719057471133,0.6230801,0.007482060747840191,0.56406665,0.007410790962893543,0.62380004,0.0074802394745673295,0.5640133,0.007444495139455776,0.6244401,0.007514629399306472,0.56456,0.00745819440236406,0.6250134,0.007520063664994692,0.5648,0.00748003952240528,0.62526673,0.007541729613121606,0.56516004,0.007483732403328891,0.62556005,0.007574748041506818,0.56545335,0.0074880468445529536,0.6258667,0.0075888264284914575,0.56592005,0.007502508973446731,0.6261734,0.00759410461142962,0.56588,0.007511326263474838,0.6264934,0.007625868836414917,0.5661067,0.007531581925451891,0.6265467,0.007633578308344213,0.56602675,0.00753926830821694,0.62640005,0.007643542668050118,0.56417334,0.007328094812363406,0.6241467,0.007417028731496189,0.54878676,0.007055706862576172,0.60745335,0.007253717687697558,4.430832,0.010063326328710431,4.537642,0.011817811885109997,0.20176461,0.0011721453183442254,0.19171916,0.0012505894838395482,,,,,,,,
