,shots,val_acc,val_conf,test_acc,test_conf,val_acc_me1,val_conf_me1,test_acc_me1,test_conf_me1,val_acc_me2,val_conf_me2,test_acc_me2,test_conf_me2,val_acc_me3,val_conf_me3,test_acc_me3,test_conf_me3,val_acc_me4,val_conf_me4,test_acc_me4,test_conf_me4,val_acc_me5,val_conf_me5,test_acc_me5,test_conf_me5,val_acc_me6,val_conf_me6,test_acc_me6,test_conf_me6,val_acc_me7,val_conf_me7,test_acc_me7,test_conf_me7,val_acc_me8,val_conf_me8,test_acc_me8,test_conf_me8,val_acc_me9,val_conf_me9,test_acc_me9,test_conf_me9,val_acc_med,val_conf_med,test_acc_med,test_conf_med,val_acc_maj,val_conf_maj,test_acc_maj,test_conf_maj,val_acc_lin,val_conf_lin,test_acc_lin,test_conf_lin,val_nld,val_conf_nld,test_nld,test_conf_nld,val_mse,val_conf_mse,test_mse,test_conf_mse,val_svm,val_conf_svm,test_svm,test_conf_svm,val_mvm,val_conf_mvm,test_mvm,test_conf_mvm
0,5,0.36953336,0.007539544454620906,0.37757337,0.00721148529744331,0.3697467,0.007550184403271598,0.37773338,0.0072216320615465235,0.37004003,0.007559203954378146,0.37806672,0.00721954341575215,0.36969337,0.007577110063005321,0.37797338,0.007237319301493239,0.36990666,0.00760891307778655,0.37806672,0.007271530054318132,0.37008005,0.00765126876417771,0.3783467,0.007278654446826405,0.37001336,0.007659418777360094,0.37813336,0.007285684635544687,0.36980003,0.007680265521940954,0.37812006,0.00732973183410579,0.3702,0.00770944930193429,0.37837338,0.007347105044823055,0.37024006,0.007743618494263582,0.3783867,0.00736105967388756,0.37025335,0.007751624431061366,0.37828004,0.007350279343118493,0.37364,0.007482053359307628,0.38136005,0.007198236735020291,0.36390668,0.007166806841132745,0.37200007,0.006797539990808399,4.535774,0.011175504585217766,4.5013494,0.01053889292035226,0.23406984,0.0011561180904545165,0.23286976,0.0011074565224262756,,,,,,,,
