,shots,val_acc,val_conf,test_acc,test_conf,val_acc_me1,val_conf_me1,test_acc_me1,test_conf_me1,val_acc_me2,val_conf_me2,test_acc_me2,test_conf_me2,val_acc_me3,val_conf_me3,test_acc_me3,test_conf_me3,val_acc_me4,val_conf_me4,test_acc_me4,test_conf_me4,val_acc_me5,val_conf_me5,test_acc_me5,test_conf_me5,val_acc_me6,val_conf_me6,test_acc_me6,test_conf_me6,val_acc_me7,val_conf_me7,test_acc_me7,test_conf_me7,val_acc_me8,val_conf_me8,test_acc_me8,test_conf_me8,val_acc_me9,val_conf_me9,test_acc_me9,test_conf_me9,val_acc_med,val_conf_med,test_acc_med,test_conf_med,val_acc_maj,val_conf_maj,test_acc_maj,test_conf_maj,val_acc_lin,val_conf_lin,test_acc_lin,test_conf_lin,val_nld,val_conf_nld,test_nld,test_conf_nld,val_mse,val_conf_mse,test_mse,test_conf_mse,val_svm,val_conf_svm,test_svm,test_conf_svm,val_mvm,val_conf_mvm,test_mvm,test_conf_mvm
0,5,0.47901335,0.00577111950800574,0.5221067,0.006127472127004818,0.4792667,0.005769191562794318,0.52258664,0.006125761219936909,0.4793467,0.0057779903814909606,0.5231333,0.0061391053714997534,0.47990668,0.005756438032051947,0.52356,0.006181050070767968,0.48005334,0.0057697844925311825,0.5238667,0.00619486985911355,0.48045337,0.00576319715398238,0.52396,0.0061977874059029325,0.48061335,0.0057839783253368915,0.52404004,0.00619990422047767,0.48028004,0.005804547538163951,0.52424,0.006210133182005362,0.48021334,0.005808502250209624,0.52429336,0.006233395514945728,0.48006672,0.005825966894017154,0.5242934,0.006220331665836465,0.48010668,0.005817568903211112,0.5242134,0.006234921246916714,0.48013335,0.005724340861318733,0.52181333,0.0061770556453598635,0.47681335,0.005623617153157567,0.5155867,0.006055334189484007,5.062395,0.013072701494891703,4.9173627,0.011285702701020028,0.21438898,0.0009048641721737805,0.20570722,0.001031249812388585,,,,,,,,
