,shots,val_acc,val_conf,test_acc,test_conf,val_acc_me1,val_conf_me1,test_acc_me1,test_conf_me1,val_acc_me2,val_conf_me2,test_acc_me2,test_conf_me2,val_acc_me3,val_conf_me3,test_acc_me3,test_conf_me3,val_acc_me4,val_conf_me4,test_acc_me4,test_conf_me4,val_acc_me5,val_conf_me5,test_acc_me5,test_conf_me5,val_acc_me6,val_conf_me6,test_acc_me6,test_conf_me6,val_acc_me7,val_conf_me7,test_acc_me7,test_conf_me7,val_acc_me8,val_conf_me8,test_acc_me8,test_conf_me8,val_acc_me9,val_conf_me9,test_acc_me9,test_conf_me9,val_acc_med,val_conf_med,test_acc_med,test_conf_med,val_acc_maj,val_conf_maj,test_acc_maj,test_conf_maj,val_acc_lin,val_conf_lin,test_acc_lin,test_conf_lin,val_nld,val_conf_nld,test_nld,test_conf_nld,val_mse,val_conf_mse,test_mse,test_conf_mse,val_svm,val_conf_svm,test_svm,test_conf_svm,val_mvm,val_conf_mvm,test_mvm,test_conf_mvm
0,5,0.8276401,0.004232385105156333,0.8123201,0.004431733716452002,0.82766676,0.0042428472672425555,0.81233346,0.004441837072926447,0.82786673,0.004237569084304504,0.8124801,0.004435409511394095,0.82777345,0.0042403277776441595,0.8124268,0.004420702637359608,0.8277068,0.004236118161225599,0.81226677,0.004427519020417381,0.82752013,0.004251581436279461,0.81222683,0.004436658173394448,0.8271735,0.004259986815618011,0.81192005,0.004439173506943339,0.82710683,0.0042631431043653745,0.81190675,0.004426588527099762,0.82673347,0.0042637092506717655,0.8115601,0.00444121689797583,0.82629347,0.004258273599633711,0.8113068,0.00444641519240585,0.8259734,0.004261489920208028,0.81120014,0.004454057705758907,0.82608014,0.004261872276767331,0.8119068,0.004388122441311149,0.8155735,0.004306527643913705,0.8063467,0.00445812509292598,5.254833,0.01570256745750509,5.240407,0.016612727533550142,0.13298117,0.0010590421239008996,0.1375178,0.0010161885196835474,,,,,,,,
