,shots,val_acc,val_conf,test_acc,test_conf,val_acc_me1,val_conf_me1,test_acc_me1,test_conf_me1,val_acc_me2,val_conf_me2,test_acc_me2,test_conf_me2,val_acc_me3,val_conf_me3,test_acc_me3,test_conf_me3,val_acc_me4,val_conf_me4,test_acc_me4,test_conf_me4,val_acc_me5,val_conf_me5,test_acc_me5,test_conf_me5,val_acc_me6,val_conf_me6,test_acc_me6,test_conf_me6,val_acc_me7,val_conf_me7,test_acc_me7,test_conf_me7,val_acc_me8,val_conf_me8,test_acc_me8,test_conf_me8,val_acc_me9,val_conf_me9,test_acc_me9,test_conf_me9,val_acc_med,val_conf_med,test_acc_med,test_conf_med,val_acc_maj,val_conf_maj,test_acc_maj,test_conf_maj,val_acc_lin,val_conf_lin,test_acc_lin,test_conf_lin,val_nld,val_conf_nld,test_nld,test_conf_nld,val_mse,val_conf_mse,test_mse,test_conf_mse,val_svm,val_conf_svm,test_svm,test_conf_svm,val_mvm,val_conf_mvm,test_mvm,test_conf_mvm
0,5,0.2599867,0.005300857882732435,0.30209336,0.006392739378550005,0.26068002,0.005328217618753295,0.30184004,0.0064324809097695,0.26016003,0.005312828690808125,0.3009867,0.006451877193054734,0.26021335,0.005330163573512792,0.30041334,0.00648403485739818,0.26013336,0.00528483584990469,0.2999467,0.006485560589369055,0.26028004,0.005285848540646898,0.29902667,0.006524794158975944,0.2600667,0.0052971146674309355,0.29861337,0.006494892305975719,0.25957334,0.00529330634068631,0.29802668,0.006494835506631769,0.25906667,0.005311106700941426,0.29746667,0.00648998124074851,0.2590667,0.005326658638385939,0.29705334,0.006516222999438326,0.25848,0.0053369093037280435,0.29645336,0.00653759340626342,0.26184002,0.005285292091789462,0.30216002,0.006286221213739063,0.26406667,0.0051776185452014345,0.3019467,0.006119191429152959,7.964747,0.016920203162618996,7.98944,0.016805680908143827,0.25924653,0.001093589401294115,0.24955091,0.0012800458314163876,,,,,,,,
