,shots,val_acc,val_conf,test_acc,test_conf,val_acc_me1,val_conf_me1,test_acc_me1,test_conf_me1,val_acc_me2,val_conf_me2,test_acc_me2,test_conf_me2,val_acc_me3,val_conf_me3,test_acc_me3,test_conf_me3,val_acc_me4,val_conf_me4,test_acc_me4,test_conf_me4,val_acc_me5,val_conf_me5,test_acc_me5,test_conf_me5,val_acc_me6,val_conf_me6,test_acc_me6,test_conf_me6,val_acc_me7,val_conf_me7,test_acc_me7,test_conf_me7,val_acc_me8,val_conf_me8,test_acc_me8,test_conf_me8,val_acc_me9,val_conf_me9,test_acc_me9,test_conf_me9,val_acc_med,val_conf_med,test_acc_med,test_conf_med,val_acc_maj,val_conf_maj,test_acc_maj,test_conf_maj,val_acc_lin,val_conf_lin,test_acc_lin,test_conf_lin,val_nld,val_conf_nld,test_nld,test_conf_nld,val_mse,val_conf_mse,test_mse,test_conf_mse,val_svm,val_conf_svm,test_svm,test_conf_svm,val_mvm,val_conf_mvm,test_mvm,test_conf_mvm
0,5,0.5194667,0.0075714208929442695,0.5805334,0.0074436685473771025,0.5195867,0.00757546657629693,0.5807334,0.007457824513953493,0.5195467,0.007578750779014043,0.58120006,0.007468492169601215,0.51973337,0.007576529139633803,0.5814267,0.007478309682222739,0.51972,0.007586491190423317,0.5818267,0.007504803574585828,0.5198667,0.007619728965868489,0.58206666,0.007531842371224173,0.5199734,0.007638102860962559,0.58206666,0.007540006699688351,0.52014667,0.007652806040730709,0.58188003,0.00755540994291537,0.5200533,0.007680675123714065,0.58224,0.007544347924342887,0.5202534,0.0076991944805425705,0.5820267,0.007561957106318351,0.5201067,0.007701826645262422,0.5818534,0.007568453011776888,0.51801336,0.007406953543802053,0.5770001,0.0073116742605613405,0.49660003,0.007029851154711886,0.5504133,0.007191416195913014,22.522373,0.02056097461325379,22.646742,0.024187362438151894,0.20533545,0.0015237160559898322,0.19375396,0.0015692985685250016,,,,,,,,
