,shots,val_acc,val_conf,test_acc,test_conf,val_acc_me1,val_conf_me1,test_acc_me1,test_conf_me1,val_acc_me2,val_conf_me2,test_acc_me2,test_conf_me2,val_acc_me3,val_conf_me3,test_acc_me3,test_conf_me3,val_acc_me4,val_conf_me4,test_acc_me4,test_conf_me4,val_acc_me5,val_conf_me5,test_acc_me5,test_conf_me5,val_acc_me6,val_conf_me6,test_acc_me6,test_conf_me6,val_acc_me7,val_conf_me7,test_acc_me7,test_conf_me7,val_acc_me8,val_conf_me8,test_acc_me8,test_conf_me8,val_acc_me9,val_conf_me9,test_acc_me9,test_conf_me9,val_acc_med,val_conf_med,test_acc_med,test_conf_med,val_acc_maj,val_conf_maj,test_acc_maj,test_conf_maj,val_acc_lin,val_conf_lin,test_acc_lin,test_conf_lin,val_nld,val_conf_nld,test_nld,test_conf_nld,val_mse,val_conf_mse,test_mse,test_conf_mse,val_svm,val_conf_svm,test_svm,test_conf_svm,val_mvm,val_conf_mvm,test_mvm,test_conf_mvm
0,5,0.62140006,0.006737688721129675,0.6857334,0.006412691187126174,0.62200004,0.006760505433200836,0.6867734,0.0064213648625528474,0.62313336,0.006777738261799615,0.6875867,0.006421327458106751,0.62340003,0.006782688578605978,0.6882801,0.006397335969360762,0.6239467,0.006787091682220692,0.6884801,0.006411113735427354,0.6243467,0.006794608590520501,0.68878675,0.006417998924194479,0.62426674,0.006785440806979737,0.6889868,0.006407178880062925,0.62468004,0.006798484799407811,0.6891201,0.006421695499384317,0.62469333,0.006809099811761143,0.6889335,0.006417913032503608,0.6248667,0.006809736149126722,0.68929344,0.0064118433530163665,0.6249734,0.006803413874183151,0.68954676,0.006394128422668843,0.62321335,0.0066482639263657495,0.68518674,0.006395108788581183,0.60442674,0.006562356073094078,0.66592,0.006412465375100207,5.63757,0.013313019980942364,5.7258954,0.014327901423039968,0.18132569,0.0014427873809798042,0.16826035,0.0013827301559563021,,,,,,,,
