,shots,val_acc,val_conf,test_acc,test_conf,val_acc_me1,val_conf_me1,test_acc_me1,test_conf_me1,val_acc_me2,val_conf_me2,test_acc_me2,test_conf_me2,val_acc_me3,val_conf_me3,test_acc_me3,test_conf_me3,val_acc_me4,val_conf_me4,test_acc_me4,test_conf_me4,val_acc_me5,val_conf_me5,test_acc_me5,test_conf_me5,val_acc_me6,val_conf_me6,test_acc_me6,test_conf_me6,val_acc_me7,val_conf_me7,test_acc_me7,test_conf_me7,val_acc_me8,val_conf_me8,test_acc_me8,test_conf_me8,val_acc_me9,val_conf_me9,test_acc_me9,test_conf_me9,val_acc_med,val_conf_med,test_acc_med,test_conf_med,val_acc_maj,val_conf_maj,test_acc_maj,test_conf_maj,val_acc_lin,val_conf_lin,test_acc_lin,test_conf_lin,val_nld,val_conf_nld,test_nld,test_conf_nld,val_mse,val_conf_mse,test_mse,test_conf_mse,val_svm,val_conf_svm,test_svm,test_conf_svm,val_mvm,val_conf_mvm,test_mvm,test_conf_mvm
0,5,0.51173335,0.005461909420921618,0.5705867,0.005744705504150849,0.51169336,0.005489952596202996,0.57070667,0.005710607888230634,0.5116,0.0054858561166890585,0.57084,0.005697654867109492,0.51168007,0.005454082656038084,0.57094663,0.005702507747642915,0.5114534,0.005417706601393735,0.5707334,0.005686663039596196,0.51096004,0.005407362194044918,0.5700534,0.005682605349878189,0.5106534,0.005407443467902895,0.5699734,0.005688076558229116,0.5101733,0.005434570465148503,0.56953335,0.005674797979892676,0.50974673,0.005430405641708602,0.56937337,0.005670399494110856,0.5090934,0.005413588879848774,0.56926674,0.005664199129954195,0.5091867,0.005406285315426196,0.5692134,0.005678395271676351,0.51273334,0.00540063632051091,0.5723734,0.005774807771096402,0.5136666,0.005289197854806971,0.56908,0.005752415899646701,5.7221103,0.016866218849566295,5.607221,0.015985871502346427,0.20588966,0.0009133828615857098,0.19124766,0.001075367548346362,,,,,,,,
