,shots,val_acc,val_conf,test_acc,test_conf,val_acc_me1,val_conf_me1,test_acc_me1,test_conf_me1,val_acc_me2,val_conf_me2,test_acc_me2,test_conf_me2,val_acc_me3,val_conf_me3,test_acc_me3,test_conf_me3,val_acc_me4,val_conf_me4,test_acc_me4,test_conf_me4,val_acc_me5,val_conf_me5,test_acc_me5,test_conf_me5,val_acc_me6,val_conf_me6,test_acc_me6,test_conf_me6,val_acc_me7,val_conf_me7,test_acc_me7,test_conf_me7,val_acc_me8,val_conf_me8,test_acc_me8,test_conf_me8,val_acc_me9,val_conf_me9,test_acc_me9,test_conf_me9,val_acc_med,val_conf_med,test_acc_med,test_conf_med,val_acc_maj,val_conf_maj,test_acc_maj,test_conf_maj,val_acc_lin,val_conf_lin,test_acc_lin,test_conf_lin,val_nld,val_conf_nld,test_nld,test_conf_nld,val_mse,val_conf_mse,test_mse,test_conf_mse,val_svm,val_conf_svm,test_svm,test_conf_svm,val_mvm,val_conf_mvm,test_mvm,test_conf_mvm
0,5,0.3185867,0.004577462361705642,0.36648005,0.005267338419483958,0.31869337,0.0045480693938845795,0.36708,0.005302730413949797,0.31889337,0.004580847233178642,0.3678534,0.0053335188908556486,0.31914672,0.004608357048766831,0.3679867,0.00532172125151148,0.3193867,0.004648235267838419,0.3679734,0.005347363615498479,0.31949338,0.004687824410574082,0.36781335,0.005384957854446537,0.32001334,0.004706776458339945,0.36781335,0.0053685566975424925,0.32002667,0.004737827228151248,0.3679867,0.005371204101110638,0.31969336,0.004727027502484216,0.36845338,0.005355134042821341,0.31937334,0.004699929597585473,0.3682267,0.005359234216601505,0.31881335,0.004725335990314272,0.36758673,0.005413107239883308,0.31957337,0.004596554329806601,0.36808002,0.005300004507223288,0.31430668,0.004531978555347482,0.36432004,0.0051068987441463265,8.381693,0.016427336322019315,8.337971,0.015572097055526868,0.24644129,0.0008515026316021079,0.23525526,0.0010034344117120786,,,,,,,,
