,shots,val_acc,val_conf,test_acc,test_conf,val_acc_me1,val_conf_me1,test_acc_me1,test_conf_me1,val_acc_me2,val_conf_me2,test_acc_me2,test_conf_me2,val_acc_me3,val_conf_me3,test_acc_me3,test_conf_me3,val_acc_me4,val_conf_me4,test_acc_me4,test_conf_me4,val_acc_me5,val_conf_me5,test_acc_me5,test_conf_me5,val_acc_me6,val_conf_me6,test_acc_me6,test_conf_me6,val_acc_me7,val_conf_me7,test_acc_me7,test_conf_me7,val_acc_me8,val_conf_me8,test_acc_me8,test_conf_me8,val_acc_me9,val_conf_me9,test_acc_me9,test_conf_me9,val_acc_med,val_conf_med,test_acc_med,test_conf_med,val_acc_maj,val_conf_maj,test_acc_maj,test_conf_maj,val_acc_lin,val_conf_lin,test_acc_lin,test_conf_lin,val_nld,val_conf_nld,test_nld,test_conf_nld,val_mse,val_conf_mse,test_mse,test_conf_mse,val_svm,val_conf_svm,test_svm,test_conf_svm,val_mvm,val_conf_mvm,test_mvm,test_conf_mvm
0,5,0.3993334,0.007815206447892964,0.39021334,0.007835287555788606,0.39936006,0.007843156342950963,0.38994673,0.00786507996615049,0.39921337,0.007869079009391489,0.39028004,0.007883834832454029,0.39937335,0.007887443207036604,0.3900934,0.007898882502552163,0.39937338,0.007922812112338196,0.38994673,0.0079333610896819,0.39896002,0.007983714862555003,0.3895867,0.007959838819629972,0.39892,0.007988872981839257,0.38950673,0.007975135852701543,0.39914674,0.008003299091636884,0.38918668,0.0079937854324163,0.3989467,0.008014346794927518,0.38860005,0.008013971826900779,0.39881337,0.008018198067517524,0.3881067,0.008028390548165842,0.39849335,0.008040977836925922,0.38821334,0.008043541657719644,0.40388003,0.007831582206716425,0.39537334,0.007721977944217251,0.39168006,0.007492742718769707,0.38600004,0.007246032690282345,4.895426,0.013837496810911176,4.894203,0.01496220971288409,0.22936532,0.0012753580384070595,0.23041497,0.0012174847019802704,,,,,,,,
