,shots,val_acc,val_conf,test_acc,test_conf,val_acc_me1,val_conf_me1,test_acc_me1,test_conf_me1,val_acc_me2,val_conf_me2,test_acc_me2,test_conf_me2,val_acc_me3,val_conf_me3,test_acc_me3,test_conf_me3,val_acc_me4,val_conf_me4,test_acc_me4,test_conf_me4,val_acc_me5,val_conf_me5,test_acc_me5,test_conf_me5,val_acc_me6,val_conf_me6,test_acc_me6,test_conf_me6,val_acc_me7,val_conf_me7,test_acc_me7,test_conf_me7,val_acc_me8,val_conf_me8,test_acc_me8,test_conf_me8,val_acc_me9,val_conf_me9,test_acc_me9,test_conf_me9,val_acc_med,val_conf_med,test_acc_med,test_conf_med,val_acc_maj,val_conf_maj,test_acc_maj,test_conf_maj,val_acc_lin,val_conf_lin,test_acc_lin,test_conf_lin,val_nld,val_conf_nld,test_nld,test_conf_nld,val_mse,val_conf_mse,test_mse,test_conf_mse,val_svm,val_conf_svm,test_svm,test_conf_svm,val_mvm,val_conf_mvm,test_mvm,test_conf_mvm
0,5,0.47753337,0.005824546448635004,0.5403067,0.0063054244716115315,0.47778672,0.005841287016252972,0.54025334,0.006312584883215955,0.47813335,0.005853909862325923,0.54014665,0.006306638961648847,0.47801337,0.005885146269017427,0.54016006,0.006317359260591071,0.47693336,0.0059117038874736405,0.54020005,0.006306416382105939,0.4766267,0.005919440604616744,0.5396134,0.006325108445882743,0.47628003,0.005928681811699643,0.5389601,0.0063501735807645066,0.476,0.005978563180273011,0.5381467,0.006367845103483427,0.47553337,0.005961431020430119,0.53789335,0.006391973280081564,0.47494668,0.006002718602085011,0.53734666,0.006402411891220372,0.47472003,0.005999860625339248,0.5366267,0.00639544542859527,0.47881335,0.005723336020892367,0.54025334,0.006279686518484651,0.4824267,0.005532375241170395,0.54250664,0.00620648786476008,8.557303,0.017756694027774245,8.626917,0.01724659712927412,0.20938896,0.001185849314531251,0.19208468,0.0014855091460695136,,,,,,,,
