,shots,val_acc,val_conf,test_acc,test_conf,val_acc_me1,val_conf_me1,test_acc_me1,test_conf_me1,val_acc_me2,val_conf_me2,test_acc_me2,test_conf_me2,val_acc_me3,val_conf_me3,test_acc_me3,test_conf_me3,val_acc_me4,val_conf_me4,test_acc_me4,test_conf_me4,val_acc_me5,val_conf_me5,test_acc_me5,test_conf_me5,val_acc_me6,val_conf_me6,test_acc_me6,test_conf_me6,val_acc_me7,val_conf_me7,test_acc_me7,test_conf_me7,val_acc_me8,val_conf_me8,test_acc_me8,test_conf_me8,val_acc_me9,val_conf_me9,test_acc_me9,test_conf_me9,val_acc_med,val_conf_med,test_acc_med,test_conf_med,val_acc_maj,val_conf_maj,test_acc_maj,test_conf_maj,val_acc_lin,val_conf_lin,test_acc_lin,test_conf_lin,val_nld,val_conf_nld,test_nld,test_conf_nld,val_mse,val_conf_mse,test_mse,test_conf_mse,val_svm,val_conf_svm,test_svm,test_conf_svm,val_mvm,val_conf_mvm,test_mvm,test_conf_mvm
0,5,0.55672,0.007049783106606755,0.5915067,0.006115645857097007,0.55802673,0.0070593087721927406,0.5917601,0.006122172702035633,0.55945337,0.007079867825787511,0.59249336,0.006107525398044822,0.5606267,0.007134379957134618,0.59328,0.006116023595823528,0.56060004,0.007176711169011751,0.59316003,0.006134429815747522,0.5605467,0.007255545887719705,0.59314674,0.0061824931435310315,0.56114674,0.007307804054856648,0.5932134,0.006185704846272455,0.56134665,0.007339083869176921,0.59300005,0.006209059535869699,0.5607733,0.007364553987998956,0.5921067,0.006241353426281959,0.5603201,0.007381002246797941,0.5908667,0.00626508908708856,0.5587467,0.007385619617856443,0.58857334,0.006298106130123826,0.55832,0.007080679179017779,0.59098667,0.005974160538441686,0.5670134,0.006962152801685106,0.59658664,0.005930486460774209,10.234732,0.01955485597075679,10.372322,0.022214919789455223,0.19251575,0.0012951421042051992,0.18411855,0.001206690979495939,,,,,,,,
