,shots,val_acc,val_conf,test_acc,test_conf,val_acc_me1,val_conf_me1,test_acc_me1,test_conf_me1,val_acc_me2,val_conf_me2,test_acc_me2,test_conf_me2,val_acc_me3,val_conf_me3,test_acc_me3,test_conf_me3,val_acc_me4,val_conf_me4,test_acc_me4,test_conf_me4,val_acc_me5,val_conf_me5,test_acc_me5,test_conf_me5,val_acc_me6,val_conf_me6,test_acc_me6,test_conf_me6,val_acc_me7,val_conf_me7,test_acc_me7,test_conf_me7,val_acc_me8,val_conf_me8,test_acc_me8,test_conf_me8,val_acc_me9,val_conf_me9,test_acc_me9,test_conf_me9,val_acc_med,val_conf_med,test_acc_med,test_conf_med,val_acc_maj,val_conf_maj,test_acc_maj,test_conf_maj,val_acc_lin,val_conf_lin,test_acc_lin,test_conf_lin,val_nld,val_conf_nld,test_nld,test_conf_nld,val_mse,val_conf_mse,test_mse,test_conf_mse,val_svm,val_conf_svm,test_svm,test_conf_svm,val_mvm,val_conf_mvm,test_mvm,test_conf_mvm
0,5,0.74965346,0.0057655083793196615,0.81408006,0.005090127698831659,0.74932015,0.005778511273035525,0.8134801,0.005100459638031851,0.74900013,0.005772413886551253,0.81318676,0.0050858294200225584,0.7488268,0.0057786507315873425,0.81270677,0.005087839100875291,0.7486535,0.005771136593987203,0.8126268,0.005098402393500789,0.74804014,0.005783890586512852,0.8122802,0.005089314960251556,0.7476668,0.0058015325551015184,0.81193346,0.005110976290545577,0.74730676,0.00580696912970613,0.81165344,0.005113393264254973,0.7468135,0.005805626263915786,0.8110401,0.005119158166774662,0.74641347,0.00580408113704689,0.81053346,0.005119657816288092,0.7459868,0.005805009321448118,0.8098401,0.00511855323067234,0.7504668,0.005819321832557844,0.8144934,0.005129364962704774,0.73998684,0.0057088013920229,0.8110001,0.005169387258161073,4.440607,0.009164656344341715,4.528824,0.010108733479043508,0.15990914,0.0011980660222057626,0.1461767,0.001064645286825261,,,,,,,,
