,shots,val_acc,val_conf,test_acc,test_conf,val_acc_me1,val_conf_me1,test_acc_me1,test_conf_me1,val_acc_me2,val_conf_me2,test_acc_me2,test_conf_me2,val_acc_me3,val_conf_me3,test_acc_me3,test_conf_me3,val_acc_me4,val_conf_me4,test_acc_me4,test_conf_me4,val_acc_me5,val_conf_me5,test_acc_me5,test_conf_me5,val_acc_me6,val_conf_me6,test_acc_me6,test_conf_me6,val_acc_me7,val_conf_me7,test_acc_me7,test_conf_me7,val_acc_me8,val_conf_me8,test_acc_me8,test_conf_me8,val_acc_me9,val_conf_me9,test_acc_me9,test_conf_me9,val_acc_med,val_conf_med,test_acc_med,test_conf_med,val_acc_maj,val_conf_maj,test_acc_maj,test_conf_maj,val_acc_lin,val_conf_lin,test_acc_lin,test_conf_lin,val_nld,val_conf_nld,test_nld,test_conf_nld,val_mse,val_conf_mse,test_mse,test_conf_mse,val_svm,val_conf_svm,test_svm,test_conf_svm,val_mvm,val_conf_mvm,test_mvm,test_conf_mvm
0,5,0.36816004,0.006953316116759145,0.36660004,0.007021727001393363,0.3681867,0.006947688363874882,0.36688003,0.0070485353681729035,0.36837336,0.006943092234847459,0.36668003,0.007066853849272858,0.36868006,0.006975389357742723,0.36648005,0.007081243478191057,0.36882672,0.006988047761128546,0.3665067,0.007098890064612562,0.3686534,0.006991472807747312,0.36657336,0.007097931864297913,0.36804003,0.006980101394374494,0.36656004,0.0071046692824140445,0.3677467,0.006997612678293685,0.3665467,0.007121583018763533,0.36756003,0.0069917517248509475,0.3665334,0.007139127551079205,0.36736006,0.006995358252300354,0.36612007,0.007156840172510337,0.3667867,0.0070059349366410895,0.36584002,0.0071753387490911535,0.36849338,0.006833309724000647,0.36881337,0.007027862715890176,0.35937336,0.006500973991828307,0.35976005,0.00675495064207543,4.4544144,0.0106475320557875,4.4470286,0.01096265666317553,0.23492959,0.0010389438145778918,0.2347604,0.0010616927599520487,,,,,,,,
