,shots,val_acc,val_conf,test_acc,test_conf,val_acc_me1,val_conf_me1,test_acc_me1,test_conf_me1,val_acc_me2,val_conf_me2,test_acc_me2,test_conf_me2,val_acc_me3,val_conf_me3,test_acc_me3,test_conf_me3,val_acc_me4,val_conf_me4,test_acc_me4,test_conf_me4,val_acc_me5,val_conf_me5,test_acc_me5,test_conf_me5,val_acc_me6,val_conf_me6,test_acc_me6,test_conf_me6,val_acc_me7,val_conf_me7,test_acc_me7,test_conf_me7,val_acc_me8,val_conf_me8,test_acc_me8,test_conf_me8,val_acc_me9,val_conf_me9,test_acc_me9,test_conf_me9,val_acc_med,val_conf_med,test_acc_med,test_conf_med,val_acc_maj,val_conf_maj,test_acc_maj,test_conf_maj,val_acc_lin,val_conf_lin,test_acc_lin,test_conf_lin,val_nld,val_conf_nld,test_nld,test_conf_nld,val_mse,val_conf_mse,test_mse,test_conf_mse,val_svm,val_conf_svm,test_svm,test_conf_svm,val_mvm,val_conf_mvm,test_mvm,test_conf_mvm
0,5,0.35449338,0.004392706102189892,0.41609338,0.005012397103956179,0.3553867,0.004427416966311548,0.4162534,0.005027165856950677,0.35604003,0.00443671035490556,0.41653338,0.0050509989540302724,0.35616004,0.0044344189862494665,0.41720006,0.005024231685963054,0.35612005,0.004455585746646229,0.4176267,0.005022082546558504,0.35661337,0.0044379964213520084,0.4172934,0.005001108349791228,0.35664004,0.004449304570414869,0.4169067,0.004989023019461081,0.3558667,0.00449268218321397,0.41608006,0.005010993282772269,0.35434672,0.004525303016191418,0.4154534,0.0050206805725077075,0.3539334,0.004519388957670956,0.41389337,0.005002983651708259,0.35317338,0.004535083586150235,0.41358674,0.005040447205986898,0.35513338,0.004359537132454128,0.41558674,0.004949559481778665,0.35258672,0.004398182851940213,0.41348004,0.004908816342615863,9.705553,0.02221749469304868,9.40289,0.026857077527489892,0.23553005,0.0007424388864371023,0.2255611,0.0008496411831835915,,,,,,,,
