,shots,val_acc,val_conf,test_acc,test_conf,val_acc_me1,val_conf_me1,test_acc_me1,test_conf_me1,val_acc_me2,val_conf_me2,test_acc_me2,test_conf_me2,val_acc_me3,val_conf_me3,test_acc_me3,test_conf_me3,val_acc_me4,val_conf_me4,test_acc_me4,test_conf_me4,val_acc_me5,val_conf_me5,test_acc_me5,test_conf_me5,val_acc_me6,val_conf_me6,test_acc_me6,test_conf_me6,val_acc_me7,val_conf_me7,test_acc_me7,test_conf_me7,val_acc_me8,val_conf_me8,test_acc_me8,test_conf_me8,val_acc_me9,val_conf_me9,test_acc_me9,test_conf_me9,val_acc_med,val_conf_med,test_acc_med,test_conf_med,val_acc_maj,val_conf_maj,test_acc_maj,test_conf_maj,val_acc_lin,val_conf_lin,test_acc_lin,test_conf_lin,val_nld,val_conf_nld,test_nld,test_conf_nld,val_mse,val_conf_mse,test_mse,test_conf_mse,val_svm,val_conf_svm,test_svm,test_conf_svm,val_mvm,val_conf_mvm,test_mvm,test_conf_mvm
0,5,0.73382676,0.0058235411464253595,0.72356004,0.005823192961829093,0.7344001,0.005816609317546573,0.72394675,0.005815244747941817,0.7349468,0.0058115975835634215,0.7243734,0.005827928549408279,0.7354001,0.00580881025966018,0.72482675,0.005830422640926147,0.7359067,0.005809208778634445,0.7252268,0.005844439610733998,0.7357068,0.005803355675507493,0.7253734,0.005864305065836017,0.73586684,0.005818624539798756,0.7257201,0.005867123791002626,0.7366001,0.00581974528782947,0.7260401,0.005872994903677653,0.7367468,0.005826641097611995,0.7258401,0.005884877049362691,0.7368668,0.005832405076565128,0.72585344,0.005880352034961067,0.7370934,0.005845383495766909,0.7259468,0.005898158398398912,0.7326935,0.005727194220231602,0.72165346,0.005738816381927747,0.70780003,0.0058497852140316775,0.6970801,0.005859491436881692,22.7915,0.02438651848581941,22.736708,0.02709938260522904,0.15730433,0.0013526493619334667,0.15971993,0.0012994635876243388,,,,,,,,
