,shots,val_acc,val_conf,test_acc,test_conf,val_acc_me1,val_conf_me1,test_acc_me1,test_conf_me1,val_acc_me2,val_conf_me2,test_acc_me2,test_conf_me2,val_acc_me3,val_conf_me3,test_acc_me3,test_conf_me3,val_acc_me4,val_conf_me4,test_acc_me4,test_conf_me4,val_acc_me5,val_conf_me5,test_acc_me5,test_conf_me5,val_acc_me6,val_conf_me6,test_acc_me6,test_conf_me6,val_acc_me7,val_conf_me7,test_acc_me7,test_conf_me7,val_acc_me8,val_conf_me8,test_acc_me8,test_conf_me8,val_acc_me9,val_conf_me9,test_acc_me9,test_conf_me9,val_acc_med,val_conf_med,test_acc_med,test_conf_med,val_acc_maj,val_conf_maj,test_acc_maj,test_conf_maj,val_acc_lin,val_conf_lin,test_acc_lin,test_conf_lin,val_nld,val_conf_nld,test_nld,test_conf_nld,val_mse,val_conf_mse,test_mse,test_conf_mse,val_svm,val_conf_svm,test_svm,test_conf_svm,val_mvm,val_conf_mvm,test_mvm,test_conf_mvm
0,5,0.27697337,0.004385621884827329,0.27741337,0.004503355842044365,0.27726665,0.004373564261494212,0.27897337,0.004507809741820246,0.27848002,0.004378409291711793,0.27998668,0.004536074111294808,0.27861333,0.004392764286883677,0.28152,0.004534114764820074,0.27968,0.004400401258837394,0.28318667,0.004550735268784134,0.28017333,0.004458845936632538,0.28433338,0.004569436106443392,0.28141335,0.0045153622074329824,0.28538668,0.004551403930979581,0.28229335,0.004521539482425396,0.28748006,0.0045847377573478565,0.28274667,0.00456121451685193,0.29021335,0.004627109144370645,0.28369337,0.004635598568266952,0.2922667,0.0047020242465625195,0.28421333,0.004671432951118992,0.2940933,0.00478104321680084,0.28065336,0.0043694691673301644,0.28273335,0.004497934044504881,0.30649334,0.004697895904001992,0.3158667,0.005141641933097907,10.295993,0.03233174186450505,10.186996,0.0331973860319561,0.24407548,0.0006855072415725694,0.24258956,0.0007282043012565576,,,,,,,,
