,shots,val_acc,val_conf,test_acc,test_conf,val_acc_me1,val_conf_me1,test_acc_me1,test_conf_me1,val_acc_me2,val_conf_me2,test_acc_me2,test_conf_me2,val_acc_me3,val_conf_me3,test_acc_me3,test_conf_me3,val_acc_me4,val_conf_me4,test_acc_me4,test_conf_me4,val_acc_me5,val_conf_me5,test_acc_me5,test_conf_me5,val_acc_me6,val_conf_me6,test_acc_me6,test_conf_me6,val_acc_me7,val_conf_me7,test_acc_me7,test_conf_me7,val_acc_me8,val_conf_me8,test_acc_me8,test_conf_me8,val_acc_me9,val_conf_me9,test_acc_me9,test_conf_me9,val_acc_med,val_conf_med,test_acc_med,test_conf_med,val_acc_maj,val_conf_maj,test_acc_maj,test_conf_maj,val_acc_lin,val_conf_lin,test_acc_lin,test_conf_lin,val_nld,val_conf_nld,test_nld,test_conf_nld,val_mse,val_conf_mse,test_mse,test_conf_mse,val_svm,val_conf_svm,test_svm,test_conf_svm,val_mvm,val_conf_mvm,test_mvm,test_conf_mvm
0,5,0.39665338,0.007621796831415006,0.40173337,0.007517539557563402,0.39666668,0.007650421853634515,0.40206668,0.007526258487751902,0.39644006,0.007694357762424164,0.40221336,0.007530774728271128,0.39636004,0.0077203792504874635,0.40168005,0.007546085614841269,0.3964667,0.0077492046866523,0.40136003,0.00755755769697003,0.39650673,0.007767382323850547,0.40140003,0.00759268000999791,0.39606673,0.007790433621830073,0.40156004,0.007620420255444904,0.3958534,0.007791236201177942,0.4011867,0.007636987654331295,0.39577338,0.007797737186252596,0.40126666,0.007646688797565249,0.39557338,0.007794021677948126,0.4011467,0.007653687123236941,0.39538673,0.0077998309116630304,0.40097335,0.0076722014004493855,0.40052003,0.007481368534697164,0.40402672,0.007438634186012982,0.3897067,0.007134535116318119,0.39504004,0.00703649206012158,4.812624,0.014044134671348019,4.7637563,0.013785129662919005,0.229151,0.0011723607402462921,0.22897151,0.0011931028909132613,,,,,,,,
