,shots,val_acc,val_conf,test_acc,test_conf,val_acc_me1,val_conf_me1,test_acc_me1,test_conf_me1,val_acc_me2,val_conf_me2,test_acc_me2,test_conf_me2,val_acc_me3,val_conf_me3,test_acc_me3,test_conf_me3,val_acc_me4,val_conf_me4,test_acc_me4,test_conf_me4,val_acc_me5,val_conf_me5,test_acc_me5,test_conf_me5,val_acc_me6,val_conf_me6,test_acc_me6,test_conf_me6,val_acc_me7,val_conf_me7,test_acc_me7,test_conf_me7,val_acc_me8,val_conf_me8,test_acc_me8,test_conf_me8,val_acc_me9,val_conf_me9,test_acc_me9,test_conf_me9,val_acc_med,val_conf_med,test_acc_med,test_conf_med,val_acc_maj,val_conf_maj,test_acc_maj,test_conf_maj,val_acc_lin,val_conf_lin,test_acc_lin,test_conf_lin,val_nld,val_conf_nld,test_nld,test_conf_nld,val_mse,val_conf_mse,test_mse,test_conf_mse,val_svm,val_conf_svm,test_svm,test_conf_svm,val_mvm,val_conf_mvm,test_mvm,test_conf_mvm
0,5,0.2872134,0.005282534322016363,0.30470666,0.005381833428745819,0.28757337,0.005263025363609786,0.30462667,0.005383496772135399,0.28756002,0.005256145716242111,0.30474672,0.005403628676192318,0.28740004,0.005272732048243134,0.30473334,0.005421355612905299,0.28740004,0.00526715462973687,0.3046267,0.00542599514956138,0.28718668,0.005264655458602885,0.30473334,0.005428790323780519,0.28736,0.005251187087336628,0.30485332,0.00545125423342252,0.28729337,0.005260583915386308,0.3043334,0.0054694623483175775,0.28725335,0.0052641091689777375,0.30410668,0.005490093901887982,0.28716004,0.005275691155528173,0.30432,0.005512330152370903,0.2872667,0.005307042546257412,0.30424002,0.005527430003980149,0.28814667,0.005079965234096817,0.30601338,0.005349421783596098,0.28557336,0.005057144365976096,0.29980004,0.005144292569149056,5.14496,0.015195887755308668,5.047205,0.013833457130741245,0.24883988,0.0008486246827293098,0.24572873,0.0009040165112327581,,,,,,,,
