,shots,val_acc,val_conf,test_acc,test_conf,val_acc_me1,val_conf_me1,test_acc_me1,test_conf_me1,val_acc_me2,val_conf_me2,test_acc_me2,test_conf_me2,val_acc_me3,val_conf_me3,test_acc_me3,test_conf_me3,val_acc_me4,val_conf_me4,test_acc_me4,test_conf_me4,val_acc_me5,val_conf_me5,test_acc_me5,test_conf_me5,val_acc_me6,val_conf_me6,test_acc_me6,test_conf_me6,val_acc_me7,val_conf_me7,test_acc_me7,test_conf_me7,val_acc_me8,val_conf_me8,test_acc_me8,test_conf_me8,val_acc_me9,val_conf_me9,test_acc_me9,test_conf_me9,val_acc_med,val_conf_med,test_acc_med,test_conf_med,val_acc_maj,val_conf_maj,test_acc_maj,test_conf_maj,val_acc_lin,val_conf_lin,test_acc_lin,test_conf_lin,val_nld,val_conf_nld,test_nld,test_conf_nld,val_mse,val_conf_mse,test_mse,test_conf_mse,val_svm,val_conf_svm,test_svm,test_conf_svm,val_mvm,val_conf_mvm,test_mvm,test_conf_mvm
0,5,0.59637344,0.007245018614190357,0.6291334,0.006980070916677739,0.5973601,0.0072612664590440135,0.63180006,0.006957410287356636,0.59853333,0.0072217645933491115,0.6339201,0.006914106559883004,0.59933335,0.007262428767570328,0.6354934,0.006946641962952915,0.6002267,0.007289451401793712,0.6362534,0.0069024285224095205,0.60097337,0.007313371314130679,0.6364534,0.0069463219471369575,0.6018801,0.0073082958540543475,0.6370667,0.007006211544828389,0.6022667,0.007303522862029066,0.63709337,0.007033618382744189,0.6018267,0.0073597071106482614,0.6374801,0.0070453107354995215,0.6018267,0.007384465621429248,0.63688004,0.007091345449315667,0.6015067,0.007406650152184335,0.63577336,0.007095935575160417,0.5968,0.007145467835571018,0.62914675,0.0068812696123286,0.5828534,0.007019108690172082,0.61524004,0.006958873216800887,8.815287,0.014314898529324438,8.906531,0.017466956418216384,0.18480854,0.0015886551384478032,0.17712209,0.0015703660960321997,,,,,,,,
