,shots,val_acc,val_conf,test_acc,test_conf,val_acc_me1,val_conf_me1,test_acc_me1,test_conf_me1,val_acc_me2,val_conf_me2,test_acc_me2,test_conf_me2,val_acc_me3,val_conf_me3,test_acc_me3,test_conf_me3,val_acc_me4,val_conf_me4,test_acc_me4,test_conf_me4,val_acc_me5,val_conf_me5,test_acc_me5,test_conf_me5,val_acc_me6,val_conf_me6,test_acc_me6,test_conf_me6,val_acc_me7,val_conf_me7,test_acc_me7,test_conf_me7,val_acc_me8,val_conf_me8,test_acc_me8,test_conf_me8,val_acc_me9,val_conf_me9,test_acc_me9,test_conf_me9,val_acc_med,val_conf_med,test_acc_med,test_conf_med,val_acc_maj,val_conf_maj,test_acc_maj,test_conf_maj,val_acc_lin,val_conf_lin,test_acc_lin,test_conf_lin,val_nld,val_conf_nld,test_nld,test_conf_nld,val_mse,val_conf_mse,test_mse,test_conf_mse,val_svm,val_conf_svm,test_svm,test_conf_svm,val_mvm,val_conf_mvm,test_mvm,test_conf_mvm
0,5,0.3679867,0.00550582639659658,0.38740003,0.006139784654710767,0.36809337,0.0055027435313914075,0.3879867,0.006114191239751876,0.3684267,0.0054856991103724995,0.38864002,0.006109431639441887,0.36856002,0.005496981861354777,0.38853338,0.006132790023305357,0.36842674,0.005483206404204521,0.38865334,0.006120761954102438,0.36809337,0.005469723255873138,0.38888004,0.0061282206777084625,0.3684134,0.005468866647880988,0.38916004,0.006129201505404025,0.36778668,0.00545084324629963,0.38893336,0.0060954853224765015,0.3677867,0.005440172358168849,0.3887467,0.006112204186280112,0.36760002,0.005459123944151434,0.3885067,0.00609682264686745,0.36748004,0.005489293169673226,0.38856006,0.0061113194095075984,0.36608002,0.005437352247652405,0.38904005,0.006073532145146776,0.3597334,0.0052985101765156695,0.38164005,0.005691583802272415,5.8731475,0.017845670430968852,5.6681275,0.017109187048101937,0.23535815,0.0008843970134525259,0.23039918,0.001012220646814277,,,,,,,,
