,shots,val_acc,val_conf,test_acc,test_conf,val_acc_me1,val_conf_me1,test_acc_me1,test_conf_me1,val_acc_me2,val_conf_me2,test_acc_me2,test_conf_me2,val_acc_me3,val_conf_me3,test_acc_me3,test_conf_me3,val_acc_me4,val_conf_me4,test_acc_me4,test_conf_me4,val_acc_me5,val_conf_me5,test_acc_me5,test_conf_me5,val_acc_me6,val_conf_me6,test_acc_me6,test_conf_me6,val_acc_me7,val_conf_me7,test_acc_me7,test_conf_me7,val_acc_me8,val_conf_me8,test_acc_me8,test_conf_me8,val_acc_me9,val_conf_me9,test_acc_me9,test_conf_me9,val_acc_med,val_conf_med,test_acc_med,test_conf_med,val_acc_maj,val_conf_maj,test_acc_maj,test_conf_maj,val_acc_lin,val_conf_lin,test_acc_lin,test_conf_lin,val_nld,val_conf_nld,test_nld,test_conf_nld,val_mse,val_conf_mse,test_mse,test_conf_mse,val_svm,val_conf_svm,test_svm,test_conf_svm,val_mvm,val_conf_mvm,test_mvm,test_conf_mvm
0,5,0.6517467,0.0060835708519614284,0.6576401,0.0061568346171291255,0.65274674,0.006081729260224211,0.65869343,0.006161591908522723,0.6534401,0.006053329588247336,0.6597734,0.006162774535513504,0.65436006,0.006029405519860753,0.6606934,0.006165191509222789,0.6551868,0.006054557931783333,0.6616134,0.006155651528355066,0.6556001,0.006057572914845655,0.6626134,0.0061709707270243275,0.6558667,0.006053554014923468,0.6633734,0.006189244415145678,0.6561334,0.0060634832790997795,0.6638134,0.006209435889246273,0.6565468,0.006064667753223785,0.6646001,0.006227616758927579,0.6564934,0.006059136974829182,0.6650801,0.006238029048419191,0.6569468,0.0060902380790184285,0.66530675,0.0062420142381616195,0.65122676,0.005887134246055803,0.6578001,0.006156951910083253,0.63088006,0.006018003628791235,0.6399334,0.006188193858174151,5.7637935,0.014761367232663858,5.7788877,0.01557093705591761,0.1768438,0.0012436818985832043,0.17465143,0.0012344521206365533,,,,,,,,
