,shots,val_acc,val_conf,test_acc,test_conf,val_acc_me1,val_conf_me1,test_acc_me1,test_conf_me1,val_acc_me2,val_conf_me2,test_acc_me2,test_conf_me2,val_acc_me3,val_conf_me3,test_acc_me3,test_conf_me3,val_acc_me4,val_conf_me4,test_acc_me4,test_conf_me4,val_acc_me5,val_conf_me5,test_acc_me5,test_conf_me5,val_acc_me6,val_conf_me6,test_acc_me6,test_conf_me6,val_acc_me7,val_conf_me7,test_acc_me7,test_conf_me7,val_acc_me8,val_conf_me8,test_acc_me8,test_conf_me8,val_acc_me9,val_conf_me9,test_acc_me9,test_conf_me9,val_acc_med,val_conf_med,test_acc_med,test_conf_med,val_acc_maj,val_conf_maj,test_acc_maj,test_conf_maj,val_acc_lin,val_conf_lin,test_acc_lin,test_conf_lin,val_nld,val_conf_nld,test_nld,test_conf_nld,val_mse,val_conf_mse,test_mse,test_conf_mse,val_svm,val_conf_svm,test_svm,test_conf_svm,val_mvm,val_conf_mvm,test_mvm,test_conf_mvm
0,5,0.73941344,0.005871031862936582,0.8068934,0.005107881418975113,0.7393335,0.0058791440098896475,0.8065868,0.005126200823641569,0.7389468,0.0059003994326770615,0.8063467,0.005118290937766945,0.73856014,0.005911081865389911,0.80609345,0.005125546938511194,0.7381068,0.005921683024244673,0.8057468,0.005124818706272127,0.7376134,0.005922498533524556,0.80554676,0.005125599581805584,0.73709345,0.005928988435800364,0.8048401,0.005126018881027594,0.7367068,0.005934204739778348,0.80429345,0.005142069544418981,0.73616016,0.005935014707658892,0.8041335,0.005153594731625466,0.73586684,0.0059458804683354405,0.80377346,0.005154855399991276,0.7353868,0.005959912676991697,0.8034801,0.00516320120928615,0.7402401,0.0059029433967895395,0.80797344,0.005043007332514393,0.72886676,0.005741445314164539,0.80400014,0.005149487631096017,4.3866415,0.008883523604501953,4.5048623,0.010346312666652757,0.1627179,0.0012169494951539128,0.14814809,0.0010549081244951297,,,,,,,,
