,shots,val_acc,val_conf,test_acc,test_conf,val_acc_me1,val_conf_me1,test_acc_me1,test_conf_me1,val_acc_me2,val_conf_me2,test_acc_me2,test_conf_me2,val_acc_me3,val_conf_me3,test_acc_me3,test_conf_me3,val_acc_me4,val_conf_me4,test_acc_me4,test_conf_me4,val_acc_me5,val_conf_me5,test_acc_me5,test_conf_me5,val_acc_me6,val_conf_me6,test_acc_me6,test_conf_me6,val_acc_me7,val_conf_me7,test_acc_me7,test_conf_me7,val_acc_me8,val_conf_me8,test_acc_me8,test_conf_me8,val_acc_me9,val_conf_me9,test_acc_me9,test_conf_me9,val_acc_med,val_conf_med,test_acc_med,test_conf_med,val_acc_maj,val_conf_maj,test_acc_maj,test_conf_maj,val_acc_lin,val_conf_lin,test_acc_lin,test_conf_lin,val_nld,val_conf_nld,test_nld,test_conf_nld,val_mse,val_conf_mse,test_mse,test_conf_mse,val_svm,val_conf_svm,test_svm,test_conf_svm,val_mvm,val_conf_mvm,test_mvm,test_conf_mvm
0,5,0.45316005,0.006995140290590229,0.47485337,0.0067881306946100395,0.45345336,0.006994460083812659,0.47608003,0.00681679958624154,0.4545467,0.007018160187306388,0.47604004,0.006804213682831295,0.45496002,0.007059746080962825,0.47609338,0.006830203307848004,0.4549867,0.007074038735391364,0.4761867,0.006859717724672809,0.4557467,0.0070669623683446425,0.47638673,0.006917145555676185,0.45602667,0.0070673950592819446,0.47657338,0.0069389227935746645,0.45636004,0.007094633346299062,0.4768667,0.006954904651256699,0.45640004,0.007124998829716567,0.47650668,0.0069854839403348246,0.4564134,0.007140263537958325,0.47585335,0.0069825927151925815,0.45634672,0.0071669864748302725,0.47553337,0.0070138757619958025,0.45577338,0.0069617690597759685,0.47416002,0.006757707026498694,0.4448267,0.0067552180145969976,0.4675867,0.006696331871982153,6.849913,0.01874225038419297,7.0201473,0.023833553321482626,0.21778268,0.0014024239431223717,0.21220465,0.0014169133172299564,,,,,,,,
