,shots,val_acc,val_conf,test_acc,test_conf,val_acc_me1,val_conf_me1,test_acc_me1,test_conf_me1,val_acc_me2,val_conf_me2,test_acc_me2,test_conf_me2,val_acc_me3,val_conf_me3,test_acc_me3,test_conf_me3,val_acc_me4,val_conf_me4,test_acc_me4,test_conf_me4,val_acc_me5,val_conf_me5,test_acc_me5,test_conf_me5,val_acc_me6,val_conf_me6,test_acc_me6,test_conf_me6,val_acc_me7,val_conf_me7,test_acc_me7,test_conf_me7,val_acc_me8,val_conf_me8,test_acc_me8,test_conf_me8,val_acc_me9,val_conf_me9,test_acc_me9,test_conf_me9,val_acc_med,val_conf_med,test_acc_med,test_conf_med,val_acc_maj,val_conf_maj,test_acc_maj,test_conf_maj,val_acc_lin,val_conf_lin,test_acc_lin,test_conf_lin,val_nld,val_conf_nld,test_nld,test_conf_nld,val_mse,val_conf_mse,test_mse,test_conf_mse,val_svm,val_conf_svm,test_svm,test_conf_svm,val_mvm,val_conf_mvm,test_mvm,test_conf_mvm
0,5,0.39324006,0.0058919464896601825,0.42649338,0.00648423480956023,0.3934667,0.005908743394838767,0.42689338,0.006488233391017895,0.3938667,0.005922870269068292,0.42720008,0.006532842118052551,0.3941867,0.005914525383339975,0.42745337,0.006529761099980547,0.3940934,0.005920234871865493,0.42758673,0.006550807796723401,0.3946134,0.005919774935714495,0.4277734,0.006557163320063508,0.39441338,0.0058899441973400135,0.4279734,0.006575189492344591,0.39464003,0.005873146830378095,0.42829338,0.00658135845523794,0.39493334,0.0058995788437810615,0.4285067,0.006577920940470494,0.39490673,0.005890909786187226,0.4285067,0.006585503421996652,0.39494672,0.005889010933322669,0.42836004,0.006619046897975933,0.39606673,0.005908862996709396,0.42541337,0.006470320817424713,0.3915067,0.005620051262637149,0.41913337,0.006362642191220569,5.2091756,0.014741583513202983,5.047914,0.012087980966215994,0.22966202,0.0008979650721852861,0.22388248,0.0010328706717160352,,,,,,,,
