,shots,val_acc,val_conf,test_acc,test_conf,val_acc_me1,val_conf_me1,test_acc_me1,test_conf_me1,val_acc_me2,val_conf_me2,test_acc_me2,test_conf_me2,val_acc_me3,val_conf_me3,test_acc_me3,test_conf_me3,val_acc_me4,val_conf_me4,test_acc_me4,test_conf_me4,val_acc_me5,val_conf_me5,test_acc_me5,test_conf_me5,val_acc_me6,val_conf_me6,test_acc_me6,test_conf_me6,val_acc_me7,val_conf_me7,test_acc_me7,test_conf_me7,val_acc_me8,val_conf_me8,test_acc_me8,test_conf_me8,val_acc_me9,val_conf_me9,test_acc_me9,test_conf_me9,val_acc_med,val_conf_med,test_acc_med,test_conf_med,val_acc_maj,val_conf_maj,test_acc_maj,test_conf_maj,val_acc_lin,val_conf_lin,test_acc_lin,test_conf_lin,val_nld,val_conf_nld,test_nld,test_conf_nld,val_mse,val_conf_mse,test_mse,test_conf_mse,val_svm,val_conf_svm,test_svm,test_conf_svm,val_mvm,val_conf_mvm,test_mvm,test_conf_mvm
0,5,0.5707867,0.0057657863728567404,0.59148,0.005889435773944074,0.57018673,0.005776197738781796,0.59105337,0.005885376237092954,0.57002676,0.005757123318445689,0.591,0.00590350400169648,0.56952,0.005779741001921246,0.5903734,0.005911682183659339,0.56880003,0.005808658332959626,0.5896533,0.005927682050889449,0.5684401,0.005793333131107747,0.5896534,0.0059189109391897254,0.56798667,0.005792972478362746,0.58964,0.005943773812993047,0.56758666,0.005787249136338657,0.5888667,0.00594725242647276,0.56696004,0.005799537189530635,0.58834666,0.005954853841113605,0.56707996,0.005807518651814281,0.58788,0.005981804437144689,0.56676,0.0058091025684789965,0.58726674,0.005973700140507354,0.57209337,0.005645846938674537,0.59337336,0.005861121531874902,0.57436,0.005604938019312611,0.59200007,0.005838451205104844,4.9319954,0.012802806713055226,4.834819,0.010817341775744893,0.19626589,0.0009860771325181095,0.19001378,0.0010465050540729715,,,,,,,,
