,shots,val_acc,val_conf,test_acc,test_conf,val_acc_me1,val_conf_me1,test_acc_me1,test_conf_me1,val_acc_me2,val_conf_me2,test_acc_me2,test_conf_me2,val_acc_me3,val_conf_me3,test_acc_me3,test_conf_me3,val_acc_me4,val_conf_me4,test_acc_me4,test_conf_me4,val_acc_me5,val_conf_me5,test_acc_me5,test_conf_me5,val_acc_me6,val_conf_me6,test_acc_me6,test_conf_me6,val_acc_me7,val_conf_me7,test_acc_me7,test_conf_me7,val_acc_me8,val_conf_me8,test_acc_me8,test_conf_me8,val_acc_me9,val_conf_me9,test_acc_me9,test_conf_me9,val_acc_med,val_conf_med,test_acc_med,test_conf_med,val_acc_maj,val_conf_maj,test_acc_maj,test_conf_maj,val_acc_lin,val_conf_lin,test_acc_lin,test_conf_lin,val_nld,val_conf_nld,test_nld,test_conf_nld,val_mse,val_conf_mse,test_mse,test_conf_mse,val_svm,val_conf_svm,test_svm,test_conf_svm,val_mvm,val_conf_mvm,test_mvm,test_conf_mvm
0,5,0.7121068,0.005875423883752395,0.7000134,0.006041237792951182,0.71288013,0.005878059742738473,0.7007734,0.006037765182654198,0.7134801,0.0058686920070356585,0.70134676,0.006023207926403873,0.7141868,0.005859717248907659,0.7018268,0.0060223813343252,0.71453345,0.005865664094041323,0.70252013,0.0060298141980672515,0.71482676,0.005872277292453987,0.7030001,0.0060392789082597265,0.7151868,0.005864776546569139,0.70369345,0.006042101789475951,0.7156668,0.005863534811317961,0.7039067,0.006025837782207222,0.71620005,0.005869151481403434,0.7045067,0.006027403227540584,0.71630675,0.005874070396946429,0.7048135,0.006036012253307521,0.7166401,0.00589569016674496,0.7050668,0.006047322711286829,0.71181345,0.005905566787626992,0.6989735,0.006006175049967033,0.69456005,0.0058196603197051555,0.6847334,0.005927979439324438,4.4637175,0.010535465564816882,4.438487,0.010984020605034672,0.17451245,0.001067783219687063,0.17679264,0.0010510808646358727,,,,,,,,
