,shots,val_acc,val_conf,test_acc,test_conf,val_acc_me1,val_conf_me1,test_acc_me1,test_conf_me1,val_acc_me2,val_conf_me2,test_acc_me2,test_conf_me2,val_acc_me3,val_conf_me3,test_acc_me3,test_conf_me3,val_acc_me4,val_conf_me4,test_acc_me4,test_conf_me4,val_acc_me5,val_conf_me5,test_acc_me5,test_conf_me5,val_acc_me6,val_conf_me6,test_acc_me6,test_conf_me6,val_acc_me7,val_conf_me7,test_acc_me7,test_conf_me7,val_acc_me8,val_conf_me8,test_acc_me8,test_conf_me8,val_acc_me9,val_conf_me9,test_acc_me9,test_conf_me9,val_acc_med,val_conf_med,test_acc_med,test_conf_med,val_acc_maj,val_conf_maj,test_acc_maj,test_conf_maj,val_acc_lin,val_conf_lin,test_acc_lin,test_conf_lin,val_nld,val_conf_nld,test_nld,test_conf_nld,val_mse,val_conf_mse,test_mse,test_conf_mse,val_svm,val_conf_svm,test_svm,test_conf_svm,val_mvm,val_conf_mvm,test_mvm,test_conf_mvm
0,5,0.3293067,0.0042564735683920385,0.38349336,0.005278070263008194,0.33012003,0.00429628806137039,0.38420004,0.005280104418375009,0.32994673,0.004292512521238967,0.38453338,0.00527347321041427,0.33029336,0.004278198162996072,0.38456005,0.005288142218219383,0.3302934,0.004286498717529175,0.38524005,0.005254457436555171,0.3303067,0.0043025332185056,0.38580006,0.00523158946653951,0.33016002,0.004314424138073092,0.38568005,0.005223465313220987,0.3302667,0.004297256882700606,0.38528004,0.0052523517047793344,0.3296134,0.0043305399129075495,0.38528004,0.005236448812038885,0.3290934,0.004308519315218362,0.38482672,0.005257410078874203,0.32881337,0.004310042276489567,0.38444003,0.005264567257995623,0.3318534,0.004324183004217608,0.38574672,0.005347865112145134,0.33558673,0.004130431668109391,0.3941067,0.005355937545735823,8.425624,0.017504682265400362,8.394842,0.017080151962325374,0.24324636,0.0007968458466412476,0.22828098,0.0011287192183003225,,,,,,,,
