,shots,val_acc,val_conf,test_acc,test_conf,val_acc_me1,val_conf_me1,test_acc_me1,test_conf_me1,val_acc_me2,val_conf_me2,test_acc_me2,test_conf_me2,val_acc_me3,val_conf_me3,test_acc_me3,test_conf_me3,val_acc_me4,val_conf_me4,test_acc_me4,test_conf_me4,val_acc_me5,val_conf_me5,test_acc_me5,test_conf_me5,val_acc_me6,val_conf_me6,test_acc_me6,test_conf_me6,val_acc_me7,val_conf_me7,test_acc_me7,test_conf_me7,val_acc_me8,val_conf_me8,test_acc_me8,test_conf_me8,val_acc_me9,val_conf_me9,test_acc_me9,test_conf_me9,val_acc_med,val_conf_med,test_acc_med,test_conf_med,val_acc_maj,val_conf_maj,test_acc_maj,test_conf_maj,val_acc_lin,val_conf_lin,test_acc_lin,test_conf_lin,val_nld,val_conf_nld,test_nld,test_conf_nld,val_mse,val_conf_mse,test_mse,test_conf_mse,val_svm,val_conf_svm,test_svm,test_conf_svm,val_mvm,val_conf_mvm,test_mvm,test_conf_mvm
0,5,0.48284003,0.00579093324337987,0.52032,0.006184130165273416,0.48288,0.0057866645187009125,0.521,0.006178598001528979,0.4831867,0.0057882318111674436,0.52159995,0.006194080671480862,0.4834267,0.005789475855335013,0.52209336,0.006197542198979056,0.48373336,0.005813081755038807,0.5224134,0.006205362960679861,0.48414668,0.005819821020288052,0.5228267,0.006226852969375529,0.48441336,0.005831975156327551,0.52288,0.006221486585830105,0.48448005,0.005850680150036369,0.5233067,0.006213963674347678,0.48417336,0.0058407361087949305,0.5235467,0.006199025446887885,0.48428002,0.005817570288560947,0.5233334,0.006190652854162426,0.4843067,0.005823718471206496,0.5234,0.0061776347215982685,0.48413336,0.005732813199233466,0.52082664,0.006146693856208585,0.47638673,0.00569762762189574,0.51213336,0.006109420556643097,4.865556,0.012702995950447438,4.7688665,0.011284785599417368,0.21586585,0.000847860142779433,0.20805289,0.0009564476739326311,,,,,,,,
