,shots,val_acc,val_conf,test_acc,test_conf,val_acc_me1,val_conf_me1,test_acc_me1,test_conf_me1,val_acc_me2,val_conf_me2,test_acc_me2,test_conf_me2,val_acc_me3,val_conf_me3,test_acc_me3,test_conf_me3,val_acc_me4,val_conf_me4,test_acc_me4,test_conf_me4,val_acc_me5,val_conf_me5,test_acc_me5,test_conf_me5,val_acc_me6,val_conf_me6,test_acc_me6,test_conf_me6,val_acc_me7,val_conf_me7,test_acc_me7,test_conf_me7,val_acc_me8,val_conf_me8,test_acc_me8,test_conf_me8,val_acc_me9,val_conf_me9,test_acc_me9,test_conf_me9,val_acc_med,val_conf_med,test_acc_med,test_conf_med,val_acc_maj,val_conf_maj,test_acc_maj,test_conf_maj,val_acc_lin,val_conf_lin,test_acc_lin,test_conf_lin,val_nld,val_conf_nld,test_nld,test_conf_nld,val_mse,val_conf_mse,test_mse,test_conf_mse,val_svm,val_conf_svm,test_svm,test_conf_svm,val_mvm,val_conf_mvm,test_mvm,test_conf_mvm
0,5,0.78277344,0.005533972549550348,0.85010684,0.004951561774098834,0.7826268,0.005544613883550875,0.8500534,0.004952669130414367,0.78266674,0.005551687018114593,0.8498534,0.004956628460292878,0.7823335,0.00556910686894363,0.8496668,0.004954179623536836,0.7823068,0.005549228022126429,0.84974676,0.004938234708517508,0.7820134,0.005545477418292366,0.8495068,0.004950677459109709,0.7819068,0.005547964121277671,0.84932005,0.004954112664960708,0.7817068,0.0055410636936621405,0.84921336,0.0049619107992805445,0.7814935,0.005543027657969768,0.84886676,0.004968880956171873,0.78114676,0.0055444550301011475,0.8485067,0.004969719092832614,0.7808001,0.005547523580024527,0.8482268,0.0049835485786271505,0.7839601,0.005506297877329702,0.8500401,0.004942617955450923,0.7752135,0.00547875019551225,0.84482676,0.005075743611312911,4.7839065,0.01271324292152265,4.9570084,0.014026394804703024,0.14594695,0.0013260498366441942,0.12806591,0.0011853055647141342,,,,,,,,
