,shots,val_acc,val_conf,test_acc,test_conf,val_acc_me1,val_conf_me1,test_acc_me1,test_conf_me1,val_acc_me2,val_conf_me2,test_acc_me2,test_conf_me2,val_acc_me3,val_conf_me3,test_acc_me3,test_conf_me3,val_acc_me4,val_conf_me4,test_acc_me4,test_conf_me4,val_acc_me5,val_conf_me5,test_acc_me5,test_conf_me5,val_acc_me6,val_conf_me6,test_acc_me6,test_conf_me6,val_acc_me7,val_conf_me7,test_acc_me7,test_conf_me7,val_acc_me8,val_conf_me8,test_acc_me8,test_conf_me8,val_acc_me9,val_conf_me9,test_acc_me9,test_conf_me9,val_acc_med,val_conf_med,test_acc_med,test_conf_med,val_acc_maj,val_conf_maj,test_acc_maj,test_conf_maj,val_acc_lin,val_conf_lin,test_acc_lin,test_conf_lin,val_nld,val_conf_nld,test_nld,test_conf_nld,val_mse,val_conf_mse,test_mse,test_conf_mse,val_svm,val_conf_svm,test_svm,test_conf_svm,val_mvm,val_conf_mvm,test_mvm,test_conf_mvm
0,5,0.44905338,0.006296771576432603,0.5163467,0.006661464001543882,0.45085338,0.006342283089787848,0.51780003,0.006680874600110909,0.45213336,0.006364582604580671,0.5192667,0.006706009464268581,0.45260003,0.006404310744084929,0.52025336,0.006733408913651928,0.45401338,0.006437019777669639,0.52107996,0.00677085907621533,0.4543067,0.006454480265427609,0.52124006,0.0067755983580607415,0.45393336,0.006456773019433537,0.52136004,0.006790174085642531,0.45372003,0.006523090640440599,0.5216134,0.0068262596786011764,0.45368007,0.006550341857389674,0.52194667,0.006875668181091532,0.45288002,0.00656813944694512,0.52178675,0.006893906311900011,0.45181334,0.006576988138236484,0.52068007,0.0069282472876111,0.4504134,0.006277367442831527,0.51769334,0.0065474063010522165,0.45372003,0.006093301087542358,0.5217467,0.006577551052059927,8.850041,0.017501545833335186,8.976722,0.01770511468206415,0.21713835,0.001241046732272072,0.19910266,0.0014386202486234012,,,,,,,,
