,shots,val_acc,val_conf,test_acc,test_conf,val_acc_me1,val_conf_me1,test_acc_me1,test_conf_me1,val_acc_me2,val_conf_me2,test_acc_me2,test_conf_me2,val_acc_me3,val_conf_me3,test_acc_me3,test_conf_me3,val_acc_me4,val_conf_me4,test_acc_me4,test_conf_me4,val_acc_me5,val_conf_me5,test_acc_me5,test_conf_me5,val_acc_me6,val_conf_me6,test_acc_me6,test_conf_me6,val_acc_me7,val_conf_me7,test_acc_me7,test_conf_me7,val_acc_me8,val_conf_me8,test_acc_me8,test_conf_me8,val_acc_me9,val_conf_me9,test_acc_me9,test_conf_me9,val_acc_med,val_conf_med,test_acc_med,test_conf_med,val_acc_maj,val_conf_maj,test_acc_maj,test_conf_maj,val_acc_lin,val_conf_lin,test_acc_lin,test_conf_lin,val_nld,val_conf_nld,test_nld,test_conf_nld,val_mse,val_conf_mse,test_mse,test_conf_mse,val_svm,val_conf_svm,test_svm,test_conf_svm,val_mvm,val_conf_mvm,test_mvm,test_conf_mvm
0,5,0.32360002,0.004424390438667047,0.33281335,0.004288847809095775,0.32504004,0.004424855454434218,0.3341867,0.004324437908590495,0.32696003,0.004455370555635829,0.33628002,0.004376781967418364,0.32910672,0.0044960749050028115,0.33805338,0.004354901751847551,0.3314667,0.004555128674949782,0.34105337,0.004381746137723241,0.33457336,0.004640468072998616,0.3447467,0.004442752327395716,0.3382667,0.004653615966665636,0.34912005,0.004466605742939833,0.34328002,0.004754929833863941,0.35389337,0.004632055766910781,0.34760004,0.004834601303882802,0.36101338,0.004801907047363163,0.35249338,0.004986271714653934,0.3676267,0.004950414242637702,0.35462674,0.004989325487512186,0.3707334,0.005112514028881909,0.32846668,0.004434320626409971,0.34017336,0.004312559918954906,0.35881338,0.004690049744220548,0.39278674,0.004913370911147685,11.4954195,0.024679809979531342,11.437549,0.0264577975343947,0.23639652,0.0006922192616080625,0.22869855,0.0007453885271647698,,,,,,,,
