,shots,val_acc,val_conf,test_acc,test_conf,val_acc_me1,val_conf_me1,test_acc_me1,test_conf_me1,val_acc_me2,val_conf_me2,test_acc_me2,test_conf_me2,val_acc_me3,val_conf_me3,test_acc_me3,test_conf_me3,val_acc_me4,val_conf_me4,test_acc_me4,test_conf_me4,val_acc_me5,val_conf_me5,test_acc_me5,test_conf_me5,val_acc_me6,val_conf_me6,test_acc_me6,test_conf_me6,val_acc_me7,val_conf_me7,test_acc_me7,test_conf_me7,val_acc_me8,val_conf_me8,test_acc_me8,test_conf_me8,val_acc_me9,val_conf_me9,test_acc_me9,test_conf_me9,val_acc_med,val_conf_med,test_acc_med,test_conf_med,val_acc_maj,val_conf_maj,test_acc_maj,test_conf_maj,val_acc_lin,val_conf_lin,test_acc_lin,test_conf_lin,val_nld,val_conf_nld,test_nld,test_conf_nld,val_mse,val_conf_mse,test_mse,test_conf_mse,val_svm,val_conf_svm,test_svm,test_conf_svm,val_mvm,val_conf_mvm,test_mvm,test_conf_mvm
0,5,0.73121345,0.005842531983987098,0.7240001,0.005513878973506081,0.7321868,0.005802429800022657,0.7246534,0.005515068989029315,0.73290676,0.005803394465303313,0.72552013,0.005532358155188932,0.73346674,0.005801327985106686,0.72604007,0.00554625367599304,0.73400015,0.005788682049869487,0.7263201,0.0055335149223157964,0.73442674,0.0057959860760753434,0.72696006,0.005532538250669683,0.73497343,0.005810863348141626,0.72766674,0.00552974861785005,0.7352801,0.005803730643534233,0.7276134,0.005532998186820737,0.73558676,0.0058143073278750235,0.72753346,0.0055503187542436105,0.7354668,0.005814540528433443,0.7279068,0.005564070198663118,0.7358401,0.005806908636095898,0.7278268,0.0055805752568061084,0.73064005,0.00578937241587929,0.72257334,0.005517953287422328,0.71216005,0.0059438310741203315,0.70778674,0.005525207902816742,4.5665174,0.01109583403876524,4.557617,0.011839137037172875,0.16928841,0.0011399437845887872,0.17063598,0.0010304124838485529,,,,,,,,
