,shots,val_acc,val_conf,test_acc,test_conf,val_acc_me1,val_conf_me1,test_acc_me1,test_conf_me1,val_acc_me2,val_conf_me2,test_acc_me2,test_conf_me2,val_acc_me3,val_conf_me3,test_acc_me3,test_conf_me3,val_acc_me4,val_conf_me4,test_acc_me4,test_conf_me4,val_acc_me5,val_conf_me5,test_acc_me5,test_conf_me5,val_acc_me6,val_conf_me6,test_acc_me6,test_conf_me6,val_acc_me7,val_conf_me7,test_acc_me7,test_conf_me7,val_acc_me8,val_conf_me8,test_acc_me8,test_conf_me8,val_acc_me9,val_conf_me9,test_acc_me9,test_conf_me9,val_acc_med,val_conf_med,test_acc_med,test_conf_med,val_acc_maj,val_conf_maj,test_acc_maj,test_conf_maj,val_acc_lin,val_conf_lin,test_acc_lin,test_conf_lin,val_nld,val_conf_nld,test_nld,test_conf_nld,val_mse,val_conf_mse,test_mse,test_conf_mse,val_svm,val_conf_svm,test_svm,test_conf_svm,val_mvm,val_conf_mvm,test_mvm,test_conf_mvm
0,5,0.71152014,0.0059376893564407895,0.71585345,0.005768498887868012,0.7120401,0.005940053686855795,0.71678674,0.005791481380138186,0.7128135,0.005931640457201404,0.71761346,0.005793962079940762,0.71342677,0.005936793958652764,0.7182668,0.0057999841957496745,0.7140268,0.005938137748009664,0.7188668,0.005792948003848664,0.71485347,0.0059320158870114215,0.7191467,0.005780079027285279,0.7158134,0.005916577086471531,0.71930677,0.005771402119375657,0.71620005,0.0059128994443963245,0.71985346,0.0057671121526656766,0.7163601,0.005919064251240114,0.7202401,0.005762178921840833,0.71698684,0.005907529828367952,0.72026676,0.005774262866821145,0.7170535,0.005897525293516281,0.7206401,0.005779947880832581,0.7107734,0.005863870527765602,0.7151067,0.005676877390021318,0.6924801,0.005948179687307431,0.69854677,0.005598778292084994,4.4981003,0.010518150538794124,4.4750314,0.011859038049587767,0.17404772,0.001069031419904165,0.17337473,0.0010406340568437922,,,,,,,,
