,shots,val_acc,val_conf,test_acc,test_conf,val_acc_me1,val_conf_me1,test_acc_me1,test_conf_me1,val_acc_me2,val_conf_me2,test_acc_me2,test_conf_me2,val_acc_me3,val_conf_me3,test_acc_me3,test_conf_me3,val_acc_me4,val_conf_me4,test_acc_me4,test_conf_me4,val_acc_me5,val_conf_me5,test_acc_me5,test_conf_me5,val_acc_me6,val_conf_me6,test_acc_me6,test_conf_me6,val_acc_me7,val_conf_me7,test_acc_me7,test_conf_me7,val_acc_me8,val_conf_me8,test_acc_me8,test_conf_me8,val_acc_me9,val_conf_me9,test_acc_me9,test_conf_me9,val_acc_med,val_conf_med,test_acc_med,test_conf_med,val_acc_maj,val_conf_maj,test_acc_maj,test_conf_maj,val_acc_lin,val_conf_lin,test_acc_lin,test_conf_lin,val_nld,val_conf_nld,test_nld,test_conf_nld,val_mse,val_conf_mse,test_mse,test_conf_mse,val_svm,val_conf_svm,test_svm,test_conf_svm,val_mvm,val_conf_mvm,test_mvm,test_conf_mvm
0,5,0.3904267,0.006137808222254515,0.40584004,0.006238868108646545,0.39125338,0.006157556384402296,0.40693337,0.006257983627694974,0.3916667,0.006197875144726972,0.40784,0.006285378459245428,0.39296,0.006207839966216155,0.4090267,0.006337930782334467,0.39304003,0.006254701272111085,0.40932003,0.006403372862234746,0.3939067,0.0062785168214258835,0.40938672,0.006454942048711776,0.39396003,0.006301754679852167,0.40880004,0.006505788544349134,0.3938267,0.006301691877325488,0.40889338,0.00653732557195863,0.39336005,0.006316610248104093,0.40885338,0.006550539500635333,0.3935067,0.006281003524411133,0.40902674,0.006574891642126324,0.39293334,0.006300632546471618,0.40852004,0.006558339943871616,0.3930667,0.0060403100703333434,0.4087467,0.006215788180103432,0.3875867,0.005896718558118852,0.40334672,0.0060170874507554095,8.456328,0.01858203005591541,8.54796,0.0209854199482038,0.23086728,0.00117333175504708,0.22756694,0.0012078943867345204,,,,,,,,
