,shots,val_acc,val_conf,test_acc,test_conf,val_acc_me1,val_conf_me1,test_acc_me1,test_conf_me1,val_acc_me2,val_conf_me2,test_acc_me2,test_conf_me2,val_acc_me3,val_conf_me3,test_acc_me3,test_conf_me3,val_acc_me4,val_conf_me4,test_acc_me4,test_conf_me4,val_acc_me5,val_conf_me5,test_acc_me5,test_conf_me5,val_acc_me6,val_conf_me6,test_acc_me6,test_conf_me6,val_acc_me7,val_conf_me7,test_acc_me7,test_conf_me7,val_acc_me8,val_conf_me8,test_acc_me8,test_conf_me8,val_acc_me9,val_conf_me9,test_acc_me9,test_conf_me9,val_acc_med,val_conf_med,test_acc_med,test_conf_med,val_acc_maj,val_conf_maj,test_acc_maj,test_conf_maj,val_acc_lin,val_conf_lin,test_acc_lin,test_conf_lin,val_nld,val_conf_nld,test_nld,test_conf_nld,val_mse,val_conf_mse,test_mse,test_conf_mse,val_svm,val_conf_svm,test_svm,test_conf_svm,val_mvm,val_conf_mvm,test_mvm,test_conf_mvm
0,5,0.48725337,0.005958867199636397,0.52052003,0.0060478805454941,0.48756003,0.00596411028704491,0.5209733,0.00606606280052524,0.48748,0.005997302345944866,0.52126664,0.006077788401677053,0.48737335,0.005983088656457969,0.5215467,0.006090741884581474,0.4868934,0.005985289053807075,0.5218933,0.006076655647280993,0.4868667,0.005978892893537924,0.5223067,0.006092229750323086,0.48668006,0.0059565684424477405,0.52258664,0.006087812793209912,0.48658666,0.0059559925986923945,0.5228134,0.006099486212850613,0.48645335,0.005960110782020633,0.52264,0.006097150051215916,0.48638672,0.005956313538074853,0.52304006,0.006081501601065131,0.48624006,0.005962475112435639,0.52295995,0.0060982666431971255,0.4871467,0.005814440321460834,0.5206267,0.006065224202081221,0.48244002,0.005737319742303737,0.51247996,0.0059117509893685805,4.8252635,0.011838641081925338,4.6999435,0.010210588094468065,0.21374765,0.0009232440704505518,0.20668435,0.000984486058212497,,,,,,,,
