,shots,val_acc,val_conf,test_acc,test_conf,val_acc_me1,val_conf_me1,test_acc_me1,test_conf_me1,val_acc_me2,val_conf_me2,test_acc_me2,test_conf_me2,val_acc_me3,val_conf_me3,test_acc_me3,test_conf_me3,val_acc_me4,val_conf_me4,test_acc_me4,test_conf_me4,val_acc_me5,val_conf_me5,test_acc_me5,test_conf_me5,val_acc_me6,val_conf_me6,test_acc_me6,test_conf_me6,val_acc_me7,val_conf_me7,test_acc_me7,test_conf_me7,val_acc_me8,val_conf_me8,test_acc_me8,test_conf_me8,val_acc_me9,val_conf_me9,test_acc_me9,test_conf_me9,val_acc_med,val_conf_med,test_acc_med,test_conf_med,val_acc_maj,val_conf_maj,test_acc_maj,test_conf_maj,val_acc_lin,val_conf_lin,test_acc_lin,test_conf_lin,val_nld,val_conf_nld,test_nld,test_conf_nld,val_mse,val_conf_mse,test_mse,test_conf_mse,val_svm,val_conf_svm,test_svm,test_conf_svm,val_mvm,val_conf_mvm,test_mvm,test_conf_mvm
0,5,0.28585333,0.005263084010086849,0.31130672,0.00575096959440069,0.28596002,0.0052637928474280615,0.31156,0.005770988361553042,0.28573334,0.005270276284737918,0.31160003,0.005774587962253164,0.2856,0.00526174114429645,0.31177336,0.0057975801519722925,0.28536,0.005262572354208017,0.31198668,0.005806504575722293,0.28533337,0.005269426603494998,0.31190667,0.005828756988620121,0.28508002,0.005286900944751538,0.3120267,0.005829217848337731,0.28481334,0.005304897562902422,0.31222668,0.005835705903480426,0.28480002,0.0053037200155277575,0.31165338,0.005854478317548706,0.28492,0.005296009158248571,0.3117067,0.00586759896600203,0.28468,0.005292455735876889,0.31158668,0.00588909682501354,0.2869867,0.0052235239596981065,0.31480005,0.005729831926350848,0.28057337,0.00502880472582623,0.31120002,0.005652384866411897,5.165119,0.016173272394730986,5.028027,0.01318216537527217,0.24880543,0.0008226179140081724,0.24296369,0.0009476132402001514,,,,,,,,
