,shots,val_acc,val_conf,test_acc,test_conf,val_acc_me1,val_conf_me1,test_acc_me1,test_conf_me1,val_acc_me2,val_conf_me2,test_acc_me2,test_conf_me2,val_acc_me3,val_conf_me3,test_acc_me3,test_conf_me3,val_acc_me4,val_conf_me4,test_acc_me4,test_conf_me4,val_acc_me5,val_conf_me5,test_acc_me5,test_conf_me5,val_acc_me6,val_conf_me6,test_acc_me6,test_conf_me6,val_acc_me7,val_conf_me7,test_acc_me7,test_conf_me7,val_acc_me8,val_conf_me8,test_acc_me8,test_conf_me8,val_acc_me9,val_conf_me9,test_acc_me9,test_conf_me9,val_acc_med,val_conf_med,test_acc_med,test_conf_med,val_acc_maj,val_conf_maj,test_acc_maj,test_conf_maj,val_acc_lin,val_conf_lin,test_acc_lin,test_conf_lin,val_nld,val_conf_nld,test_nld,test_conf_nld,val_mse,val_conf_mse,test_mse,test_conf_mse,val_svm,val_conf_svm,test_svm,test_conf_svm,val_mvm,val_conf_mvm,test_mvm,test_conf_mvm
0,5,0.52823997,0.006828247655639497,0.5867734,0.006411776394440127,0.52950674,0.006884905693908205,0.58902675,0.006480482358592998,0.5308934,0.006920206717067057,0.59020007,0.006493081191935146,0.5321467,0.006957622245884032,0.5915467,0.006507240390994595,0.53224003,0.0070116578168819554,0.5918534,0.006558912555143959,0.5325067,0.007040985673259947,0.5927067,0.00660730882867544,0.5327067,0.0070567274036341665,0.59356004,0.006635799471959247,0.5328667,0.0071044693302519946,0.5935201,0.00667043090935604,0.53234667,0.0071501600155214895,0.5935334,0.006688033164582219,0.5316667,0.0072074317637748075,0.5933467,0.006711716643877708,0.53117335,0.007255848817554034,0.5928667,0.0067615809264696125,0.5281733,0.006816982914205294,0.58672005,0.006384854428972742,0.5254933,0.0066863199485979186,0.58428,0.006306697608125966,7.68337,0.018895599377201755,7.7698355,0.017794990639096397,0.19808182,0.0014372157347645742,0.18388449,0.0014038966854614254,,,,,,,,
