,shots,val_acc,val_conf,test_acc,test_conf,val_acc_me1,val_conf_me1,test_acc_me1,test_conf_me1,val_acc_me2,val_conf_me2,test_acc_me2,test_conf_me2,val_acc_me3,val_conf_me3,test_acc_me3,test_conf_me3,val_acc_me4,val_conf_me4,test_acc_me4,test_conf_me4,val_acc_me5,val_conf_me5,test_acc_me5,test_conf_me5,val_acc_me6,val_conf_me6,test_acc_me6,test_conf_me6,val_acc_me7,val_conf_me7,test_acc_me7,test_conf_me7,val_acc_me8,val_conf_me8,test_acc_me8,test_conf_me8,val_acc_me9,val_conf_me9,test_acc_me9,test_conf_me9,val_acc_med,val_conf_med,test_acc_med,test_conf_med,val_acc_maj,val_conf_maj,test_acc_maj,test_conf_maj,val_acc_lin,val_conf_lin,test_acc_lin,test_conf_lin,val_nld,val_conf_nld,test_nld,test_conf_nld,val_mse,val_conf_mse,test_mse,test_conf_mse,val_svm,val_conf_svm,test_svm,test_conf_svm,val_mvm,val_conf_mvm,test_mvm,test_conf_mvm
0,5,0.38260004,0.00785414216728153,0.42184,0.008550836455250732,0.38233337,0.007861249935591563,0.42117336,0.008580497719159919,0.3818534,0.007881976616518516,0.42089337,0.008594478669871619,0.38182673,0.007889108397559297,0.42065337,0.008626081270707464,0.38156006,0.00790231539948677,0.4199867,0.008648179447988402,0.38136005,0.007914041000638528,0.41964003,0.00867064982259641,0.3809867,0.007947267231501576,0.4187467,0.008701496945979326,0.38058674,0.00792390192088882,0.41852006,0.008695701565762937,0.3803067,0.007969297988422996,0.41789338,0.00870039051323046,0.38006672,0.007978835660374384,0.41748005,0.008715121399995696,0.37992004,0.007999713806218556,0.41669336,0.008732446585251352,0.38576007,0.007786105788890774,0.42425334,0.008377893997494001,0.37792003,0.007526017436877586,0.41217336,0.007822372400896782,4.733877,0.011776050052022313,4.8946953,0.014080589690933287,0.23181807,0.0013133383281806743,0.2254019,0.0013657540788634404,,,,,,,,
