,shots,val_acc,val_conf,test_acc,test_conf,val_acc_me1,val_conf_me1,test_acc_me1,test_conf_me1,val_acc_me2,val_conf_me2,test_acc_me2,test_conf_me2,val_acc_me3,val_conf_me3,test_acc_me3,test_conf_me3,val_acc_me4,val_conf_me4,test_acc_me4,test_conf_me4,val_acc_me5,val_conf_me5,test_acc_me5,test_conf_me5,val_acc_me6,val_conf_me6,test_acc_me6,test_conf_me6,val_acc_me7,val_conf_me7,test_acc_me7,test_conf_me7,val_acc_me8,val_conf_me8,test_acc_me8,test_conf_me8,val_acc_me9,val_conf_me9,test_acc_me9,test_conf_me9,val_acc_med,val_conf_med,test_acc_med,test_conf_med,val_acc_maj,val_conf_maj,test_acc_maj,test_conf_maj,val_acc_lin,val_conf_lin,test_acc_lin,test_conf_lin,val_nld,val_conf_nld,test_nld,test_conf_nld,val_mse,val_conf_mse,test_mse,test_conf_mse,val_svm,val_conf_svm,test_svm,test_conf_svm,val_mvm,val_conf_mvm,test_mvm,test_conf_mvm
0,5,0.72121346,0.0058472689569161185,0.71629345,0.005665209511779956,0.7219067,0.005863486785856464,0.71696013,0.00568840858041042,0.7228934,0.0058412556149896044,0.7173868,0.00568886389872858,0.72322667,0.005832209742235861,0.7180134,0.005681481369364527,0.72354674,0.005847182141658691,0.7185201,0.005677502182804717,0.7241868,0.005820709953110126,0.7189868,0.005666507122808584,0.72474676,0.005818117039969484,0.7194934,0.005649853832231266,0.7249068,0.005815725926124005,0.7198134,0.005660084179108904,0.72545344,0.005821667229858218,0.7199868,0.005663657458161886,0.72574675,0.005824456400894573,0.72042674,0.0056713761657568584,0.72614676,0.00581442739152882,0.7205601,0.005677475399374243,0.72162676,0.005908004079800855,0.7159201,0.005705828431239346,0.70414674,0.0058379409345757916,0.69798684,0.00581141194668322,4.62852,0.012027292483443475,4.5701385,0.011388850309639764,0.17073782,0.0011143510623048414,0.17170356,0.0010727449656297017,,,,,,,,
