,shots,val_acc,val_conf,test_acc,test_conf,val_acc_me1,val_conf_me1,test_acc_me1,test_conf_me1,val_acc_me2,val_conf_me2,test_acc_me2,test_conf_me2,val_acc_me3,val_conf_me3,test_acc_me3,test_conf_me3,val_acc_me4,val_conf_me4,test_acc_me4,test_conf_me4,val_acc_me5,val_conf_me5,test_acc_me5,test_conf_me5,val_acc_me6,val_conf_me6,test_acc_me6,test_conf_me6,val_acc_me7,val_conf_me7,test_acc_me7,test_conf_me7,val_acc_me8,val_conf_me8,test_acc_me8,test_conf_me8,val_acc_me9,val_conf_me9,test_acc_me9,test_conf_me9,val_acc_med,val_conf_med,test_acc_med,test_conf_med,val_acc_maj,val_conf_maj,test_acc_maj,test_conf_maj,val_acc_lin,val_conf_lin,test_acc_lin,test_conf_lin,val_nld,val_conf_nld,test_nld,test_conf_nld,val_mse,val_conf_mse,test_mse,test_conf_mse,val_svm,val_conf_svm,test_svm,test_conf_svm,val_mvm,val_conf_mvm,test_mvm,test_conf_mvm
0,5,0.5578267,0.0056428241052962624,0.55744,0.005514940613276398,0.5576667,0.0056403974341379115,0.55877334,0.005553012336140251,0.55782664,0.005639430921724142,0.5597867,0.005550685871954508,0.55824006,0.005650944102565281,0.56030667,0.005569909448291499,0.5580001,0.005644705410396078,0.56028,0.005588906289035966,0.5571733,0.005666556995403194,0.5616533,0.005598442575637463,0.55684,0.005654708098114525,0.5612667,0.005575767169251233,0.55664,0.005622073411638562,0.56153333,0.0056075415534688755,0.55600005,0.005633219012985413,0.5613734,0.005560937922646558,0.5562133,0.005657156473087288,0.5608933,0.005582416848543437,0.55493337,0.005669604765078828,0.56016004,0.005599860712103166,0.55804,0.005524245084669199,0.5553066,0.005497992243180483,0.5521467,0.005628125081577728,0.55252004,0.005511911776715395,9.296152,0.018662382194495564,9.458287,0.02419227396516277,0.19247538,0.001224256292059439,0.18933433,0.0012801900232468633,,,,,,,,
