,shots,val_acc,val_conf,test_acc,test_conf,val_acc_me1,val_conf_me1,test_acc_me1,test_conf_me1,val_acc_me2,val_conf_me2,test_acc_me2,test_conf_me2,val_acc_me3,val_conf_me3,test_acc_me3,test_conf_me3,val_acc_me4,val_conf_me4,test_acc_me4,test_conf_me4,val_acc_me5,val_conf_me5,test_acc_me5,test_conf_me5,val_acc_me6,val_conf_me6,test_acc_me6,test_conf_me6,val_acc_me7,val_conf_me7,test_acc_me7,test_conf_me7,val_acc_me8,val_conf_me8,test_acc_me8,test_conf_me8,val_acc_me9,val_conf_me9,test_acc_me9,test_conf_me9,val_acc_med,val_conf_med,test_acc_med,test_conf_med,val_acc_maj,val_conf_maj,test_acc_maj,test_conf_maj,val_acc_lin,val_conf_lin,test_acc_lin,test_conf_lin,val_nld,val_conf_nld,test_nld,test_conf_nld,val_mse,val_conf_mse,test_mse,test_conf_mse,val_svm,val_conf_svm,test_svm,test_conf_svm,val_mvm,val_conf_mvm,test_mvm,test_conf_mvm
0,5,0.45689338,0.005776163105035481,0.5096,0.0061059340928475425,0.45738673,0.005776747260890003,0.50990665,0.006118256779785725,0.45776004,0.005769061339908177,0.51041335,0.006149022629310719,0.4578667,0.005748799674748395,0.5105867,0.0061443249079607964,0.45776,0.005768350193650518,0.5107067,0.006154198758143048,0.4576267,0.005768856308129955,0.51028,0.006169196093863238,0.45761338,0.005769427534052518,0.5103867,0.006162965713793156,0.4578534,0.005759354655274773,0.51018673,0.006171232096363166,0.45808005,0.005748019260998105,0.51026666,0.006152527102654348,0.4580667,0.005774698790241395,0.5103467,0.006168767558975552,0.4585067,0.005774490525980225,0.5105867,0.006174734722573572,0.45937335,0.005701479356269024,0.51033336,0.00606153686255706,0.45214674,0.005515061138713528,0.5023467,0.005938467461274577,5.134868,0.014298803534737559,4.990226,0.012406589266699797,0.21877655,0.0009050591601655333,0.20808607,0.0010336021364381887,,,,,,,,
