,shots,val_acc,val_conf,test_acc,test_conf,val_acc_me1,val_conf_me1,test_acc_me1,test_conf_me1,val_acc_me2,val_conf_me2,test_acc_me2,test_conf_me2,val_acc_me3,val_conf_me3,test_acc_me3,test_conf_me3,val_acc_me4,val_conf_me4,test_acc_me4,test_conf_me4,val_acc_me5,val_conf_me5,test_acc_me5,test_conf_me5,val_acc_me6,val_conf_me6,test_acc_me6,test_conf_me6,val_acc_me7,val_conf_me7,test_acc_me7,test_conf_me7,val_acc_me8,val_conf_me8,test_acc_me8,test_conf_me8,val_acc_me9,val_conf_me9,test_acc_me9,test_conf_me9,val_acc_med,val_conf_med,test_acc_med,test_conf_med,val_acc_maj,val_conf_maj,test_acc_maj,test_conf_maj,val_acc_lin,val_conf_lin,test_acc_lin,test_conf_lin,val_nld,val_conf_nld,test_nld,test_conf_nld,val_mse,val_conf_mse,test_mse,test_conf_mse,val_svm,val_conf_svm,test_svm,test_conf_svm,val_mvm,val_conf_mvm,test_mvm,test_conf_mvm
0,5,0.32613337,0.005140345707419225,0.40200007,0.005998967074684336,0.32824,0.005188506471475729,0.40434673,0.00598723131430029,0.3303067,0.005218158961502517,0.4057867,0.006001253825507591,0.33220002,0.005267984916081825,0.4073067,0.00604868451019186,0.33492005,0.00532407449912764,0.40832004,0.006069271270783716,0.33704004,0.005357856717064846,0.4096534,0.006111989918836214,0.33813336,0.0053930635364337065,0.41154668,0.006152912691696599,0.33984002,0.005394676545445287,0.41276005,0.006159304234132856,0.34134668,0.005398346337204651,0.41364002,0.006196336021040805,0.34246668,0.005417811426199237,0.41416004,0.006266201523020154,0.34278667,0.005450302498073822,0.41413337,0.006295058822231581,0.32961333,0.005189895515594567,0.40576002,0.005957451372087086,0.34037334,0.005024185507634615,0.41780004,0.006108127101664085,10.441891,0.017659736162293882,10.486432,0.018545159431372582,0.2394122,0.0008387781354837476,0.22440335,0.0011510196566597297,,,,,,,,
