,shots,val_acc,val_conf,test_acc,test_conf,val_acc_me1,val_conf_me1,test_acc_me1,test_conf_me1,val_acc_me2,val_conf_me2,test_acc_me2,test_conf_me2,val_acc_me3,val_conf_me3,test_acc_me3,test_conf_me3,val_acc_me4,val_conf_me4,test_acc_me4,test_conf_me4,val_acc_me5,val_conf_me5,test_acc_me5,test_conf_me5,val_acc_me6,val_conf_me6,test_acc_me6,test_conf_me6,val_acc_me7,val_conf_me7,test_acc_me7,test_conf_me7,val_acc_me8,val_conf_me8,test_acc_me8,test_conf_me8,val_acc_me9,val_conf_me9,test_acc_me9,test_conf_me9,val_acc_med,val_conf_med,test_acc_med,test_conf_med,val_acc_maj,val_conf_maj,test_acc_maj,test_conf_maj,val_acc_lin,val_conf_lin,test_acc_lin,test_conf_lin,val_nld,val_conf_nld,test_nld,test_conf_nld,val_mse,val_conf_mse,test_mse,test_conf_mse,val_svm,val_conf_svm,test_svm,test_conf_svm,val_mvm,val_conf_mvm,test_mvm,test_conf_mvm
0,5,0.23448001,0.00428127964285141,0.27780005,0.005811327902125463,0.23394668,0.004233209850101838,0.27752003,0.005857003348546608,0.23316002,0.004221400204392323,0.27738667,0.005890764786235958,0.23337336,0.0042296642780459415,0.27752003,0.005915073981881569,0.2333867,0.004212334474957391,0.27713338,0.005912841721485873,0.23348,0.004231432446241051,0.2766267,0.005905334510635019,0.23273335,0.004208437024038947,0.27634668,0.005888869627637738,0.23254669,0.00421172861528854,0.2756267,0.005918136990405498,0.23242669,0.004219743787751973,0.27454668,0.005935167557925891,0.2316,0.004227490664127309,0.27401334,0.0059211963046631455,0.23152003,0.0042393109308523635,0.27338666,0.00591984420320707,0.23458669,0.0042942382053719474,0.27866668,0.005757568939314894,0.23432001,0.004197421645578209,0.27625334,0.005643769375679009,8.326622,0.013592493995226107,8.304167,0.014911611194870389,0.26582778,0.0009537135705528499,0.25755146,0.0012523126281644426,,,,,,,,
