,shots,val_acc,val_conf,test_acc,test_conf,val_acc_me1,val_conf_me1,test_acc_me1,test_conf_me1,val_acc_me2,val_conf_me2,test_acc_me2,test_conf_me2,val_acc_me3,val_conf_me3,test_acc_me3,test_conf_me3,val_acc_me4,val_conf_me4,test_acc_me4,test_conf_me4,val_acc_me5,val_conf_me5,test_acc_me5,test_conf_me5,val_acc_me6,val_conf_me6,test_acc_me6,test_conf_me6,val_acc_me7,val_conf_me7,test_acc_me7,test_conf_me7,val_acc_me8,val_conf_me8,test_acc_me8,test_conf_me8,val_acc_me9,val_conf_me9,test_acc_me9,test_conf_me9,val_acc_med,val_conf_med,test_acc_med,test_conf_med,val_acc_maj,val_conf_maj,test_acc_maj,test_conf_maj,val_acc_lin,val_conf_lin,test_acc_lin,test_conf_lin,val_nld,val_conf_nld,test_nld,test_conf_nld,val_mse,val_conf_mse,test_mse,test_conf_mse,val_svm,val_conf_svm,test_svm,test_conf_svm,val_mvm,val_conf_mvm,test_mvm,test_conf_mvm
0,5,0.31512,0.005273708719889192,0.31104,0.0051262308395551015,0.31545338,0.0052327619342980025,0.31134668,0.005158890924111703,0.31562668,0.005282411025879452,0.3112267,0.0051788108696411705,0.31564003,0.005275655136431967,0.31173334,0.005183993925222785,0.3157067,0.005305003773057759,0.31109336,0.005194939112624308,0.31566668,0.005331550770498461,0.31080002,0.005229963989379194,0.3162267,0.005369721776768421,0.3103067,0.005236532856596587,0.3158667,0.0053288913605649135,0.30968,0.0052594881036530094,0.31548005,0.005340051738976892,0.3091867,0.005280136743204933,0.3149067,0.0053561568927957826,0.30876002,0.0052864169958696805,0.31462672,0.005364224708553633,0.30808002,0.005275052047462869,0.31596002,0.005162030126877548,0.31092003,0.005091898175943188,0.31564,0.005080126396462992,0.31610668,0.005186705516667445,8.994408,0.01336854849729896,8.91023,0.013643545060856965,0.24669313,0.0010188109869543882,0.24616483,0.001015901521372431,,,,,,,,
