,shots,val_acc,val_conf,test_acc,test_conf,val_acc_me1,val_conf_me1,test_acc_me1,test_conf_me1,val_acc_me2,val_conf_me2,test_acc_me2,test_conf_me2,val_acc_me3,val_conf_me3,test_acc_me3,test_conf_me3,val_acc_me4,val_conf_me4,test_acc_me4,test_conf_me4,val_acc_me5,val_conf_me5,test_acc_me5,test_conf_me5,val_acc_me6,val_conf_me6,test_acc_me6,test_conf_me6,val_acc_me7,val_conf_me7,test_acc_me7,test_conf_me7,val_acc_me8,val_conf_me8,test_acc_me8,test_conf_me8,val_acc_me9,val_conf_me9,test_acc_me9,test_conf_me9,val_acc_med,val_conf_med,test_acc_med,test_conf_med,val_acc_maj,val_conf_maj,test_acc_maj,test_conf_maj,val_acc_lin,val_conf_lin,test_acc_lin,test_conf_lin,val_nld,val_conf_nld,test_nld,test_conf_nld,val_mse,val_conf_mse,test_mse,test_conf_mse,val_svm,val_conf_svm,test_svm,test_conf_svm,val_mvm,val_conf_mvm,test_mvm,test_conf_mvm
0,5,0.69090676,0.006948567137464723,0.7525601,0.006358927144699433,0.69092005,0.006947354956343688,0.7534401,0.006329256645124515,0.6907867,0.006946778189021785,0.7538268,0.0063433193314775815,0.6908135,0.006960873661987943,0.75429344,0.006361838688306087,0.6910934,0.0069749275744586114,0.75478673,0.006351800443274658,0.6911201,0.006996782391948786,0.7547201,0.006372594082777905,0.69114673,0.006993100593823964,0.7548534,0.00635001749801456,0.69088006,0.0069862075547411084,0.7548268,0.006367028208853709,0.6909201,0.006973676141758478,0.75494677,0.006355955107482436,0.6907201,0.006981775820562919,0.75505346,0.006359288259227602,0.69057345,0.006981117779382928,0.7549335,0.006381514812261568,0.6916268,0.006863275303094163,0.75068,0.006288213346826943,0.67628,0.006900502886114546,0.73716015,0.006344504729168032,4.4107423,0.009489736075770416,4.4884167,0.010740624795177567,0.17639565,0.0012904546575333575,0.16491635,0.0012364665347679715,,,,,,,,
