,shots,val_acc,val_conf,test_acc,test_conf,val_acc_me1,val_conf_me1,test_acc_me1,test_conf_me1,val_acc_me2,val_conf_me2,test_acc_me2,test_conf_me2,val_acc_me3,val_conf_me3,test_acc_me3,test_conf_me3,val_acc_me4,val_conf_me4,test_acc_me4,test_conf_me4,val_acc_me5,val_conf_me5,test_acc_me5,test_conf_me5,val_acc_me6,val_conf_me6,test_acc_me6,test_conf_me6,val_acc_me7,val_conf_me7,test_acc_me7,test_conf_me7,val_acc_me8,val_conf_me8,test_acc_me8,test_conf_me8,val_acc_me9,val_conf_me9,test_acc_me9,test_conf_me9,val_acc_med,val_conf_med,test_acc_med,test_conf_med,val_acc_maj,val_conf_maj,test_acc_maj,test_conf_maj,val_acc_lin,val_conf_lin,test_acc_lin,test_conf_lin,val_nld,val_conf_nld,test_nld,test_conf_nld,val_mse,val_conf_mse,test_mse,test_conf_mse,val_svm,val_conf_svm,test_svm,test_conf_svm,val_mvm,val_conf_mvm,test_mvm,test_conf_mvm
0,5,0.37038672,0.007152437068895734,0.4098667,0.007807369985560475,0.37008002,0.007174591583737344,0.40982673,0.007807782819816533,0.37032005,0.007198584457833279,0.4095067,0.007814730811110282,0.3701067,0.007209806253422046,0.40937337,0.007863746336025823,0.37000006,0.007238481610019498,0.4090667,0.007877938783481697,0.36950672,0.007246651479883126,0.40865338,0.007899264859111466,0.36958674,0.007284729667712986,0.40824005,0.007942859971837357,0.3691467,0.007305502988751655,0.40841335,0.007953988025419467,0.36920005,0.007328695592416112,0.4079867,0.007965725632936627,0.36906672,0.007323456199273826,0.40757337,0.00797666804963848,0.36896002,0.007331144890955377,0.4073067,0.007994573234699098,0.37213337,0.007049900399560938,0.41224006,0.007718023693954856,0.36562672,0.006884771314972504,0.40394673,0.007444310887925354,4.4711018,0.010604372866482414,4.5565786,0.01210578178825461,0.23361032,0.0011077152365112364,0.22725025,0.0012035049057267655,,,,,,,,
