,shots,val_acc,val_conf,test_acc,test_conf,val_acc_me1,val_conf_me1,test_acc_me1,test_conf_me1,val_acc_me2,val_conf_me2,test_acc_me2,test_conf_me2,val_acc_me3,val_conf_me3,test_acc_me3,test_conf_me3,val_acc_me4,val_conf_me4,test_acc_me4,test_conf_me4,val_acc_me5,val_conf_me5,test_acc_me5,test_conf_me5,val_acc_me6,val_conf_me6,test_acc_me6,test_conf_me6,val_acc_me7,val_conf_me7,test_acc_me7,test_conf_me7,val_acc_me8,val_conf_me8,test_acc_me8,test_conf_me8,val_acc_me9,val_conf_me9,test_acc_me9,test_conf_me9,val_acc_med,val_conf_med,test_acc_med,test_conf_med,val_acc_maj,val_conf_maj,test_acc_maj,test_conf_maj,val_acc_lin,val_conf_lin,test_acc_lin,test_conf_lin,val_nld,val_conf_nld,test_nld,test_conf_nld,val_mse,val_conf_mse,test_mse,test_conf_mse,val_svm,val_conf_svm,test_svm,test_conf_svm,val_mvm,val_conf_mvm,test_mvm,test_conf_mvm
0,5,0.36544004,0.007035710722804789,0.39768004,0.00767345098601635,0.36561337,0.0070489232661316015,0.39765337,0.007665308823149808,0.36576003,0.007052395414645307,0.39769337,0.0076737783903648715,0.36544004,0.007062573580011833,0.39732003,0.007677943675588106,0.3656534,0.00704952774045059,0.39721334,0.007684650154224204,0.36548004,0.007060373644446061,0.39709336,0.007683633769215714,0.3652267,0.00704701194511842,0.39709336,0.0077017619956026295,0.36508006,0.00703106056513314,0.39692006,0.007697995691136883,0.3645867,0.0070442624874444415,0.39676002,0.007674886208463572,0.36449337,0.0070530765449894894,0.39649335,0.0076608840157207925,0.36432004,0.007075990693333589,0.39644006,0.007676211526489174,0.36552003,0.00697330209729824,0.39910668,0.007467879844966385,0.3537467,0.006436735319166609,0.38338673,0.007018197129969095,22.913223,0.02534931262059459,23.038273,0.029053655005260026,0.23936032,0.0014995018722549491,0.23248658,0.0016232498640734727,,,,,,,,
