,shots,val_acc,val_conf,test_acc,test_conf,val_acc_me1,val_conf_me1,test_acc_me1,test_conf_me1,val_acc_me2,val_conf_me2,test_acc_me2,test_conf_me2,val_acc_me3,val_conf_me3,test_acc_me3,test_conf_me3,val_acc_me4,val_conf_me4,test_acc_me4,test_conf_me4,val_acc_me5,val_conf_me5,test_acc_me5,test_conf_me5,val_acc_me6,val_conf_me6,test_acc_me6,test_conf_me6,val_acc_me7,val_conf_me7,test_acc_me7,test_conf_me7,val_acc_me8,val_conf_me8,test_acc_me8,test_conf_me8,val_acc_me9,val_conf_me9,test_acc_me9,test_conf_me9,val_acc_med,val_conf_med,test_acc_med,test_conf_med,val_acc_maj,val_conf_maj,test_acc_maj,test_conf_maj,val_acc_lin,val_conf_lin,test_acc_lin,test_conf_lin,val_nld,val_conf_nld,test_nld,test_conf_nld,val_mse,val_conf_mse,test_mse,test_conf_mse,val_svm,val_conf_svm,test_svm,test_conf_svm,val_mvm,val_conf_mvm,test_mvm,test_conf_mvm
0,5,0.69820005,0.005716924159991588,0.6888534,0.005774469745732369,0.6991601,0.005701013878718575,0.6895335,0.005781607991739213,0.69929343,0.005703600788676488,0.6900801,0.005787558069355825,0.7001201,0.005683352977015277,0.6907068,0.005783997258451579,0.7008667,0.005677086116065766,0.69141346,0.00578098689322204,0.7013601,0.005675027947968148,0.6920401,0.005776629506152542,0.70186675,0.005652021904750559,0.6923601,0.005801903828862032,0.70200014,0.0056662217407389415,0.6926134,0.005780384727819388,0.7025067,0.005684359664574812,0.6929734,0.0058001712179798215,0.70289344,0.005690385012866672,0.69317347,0.005804741487143272,0.70341337,0.005685430078227527,0.69358677,0.005769705065806319,0.6974668,0.005686718915373645,0.68876016,0.0057276509238997075,0.68052006,0.00569642236752399,0.6720934,0.005728248009686077,4.3841887,0.009956849262612089,4.361671,0.010725096870464412,0.1785821,0.0010268420909411158,0.18024933,0.0009788542647244936,,,,,,,,
