,shots,val_acc,val_conf,test_acc,test_conf,val_acc_me1,val_conf_me1,test_acc_me1,test_conf_me1,val_acc_me2,val_conf_me2,test_acc_me2,test_conf_me2,val_acc_me3,val_conf_me3,test_acc_me3,test_conf_me3,val_acc_me4,val_conf_me4,test_acc_me4,test_conf_me4,val_acc_me5,val_conf_me5,test_acc_me5,test_conf_me5,val_acc_me6,val_conf_me6,test_acc_me6,test_conf_me6,val_acc_me7,val_conf_me7,test_acc_me7,test_conf_me7,val_acc_me8,val_conf_me8,test_acc_me8,test_conf_me8,val_acc_me9,val_conf_me9,test_acc_me9,test_conf_me9,val_acc_med,val_conf_med,test_acc_med,test_conf_med,val_acc_maj,val_conf_maj,test_acc_maj,test_conf_maj,val_acc_lin,val_conf_lin,test_acc_lin,test_conf_lin,val_nld,val_conf_nld,test_nld,test_conf_nld,val_mse,val_conf_mse,test_mse,test_conf_mse,val_svm,val_conf_svm,test_svm,test_conf_svm,val_mvm,val_conf_mvm,test_mvm,test_conf_mvm
0,5,0.4655467,0.005752992666968715,0.50124,0.006150317931422844,0.46594667,0.005771863902659824,0.5012401,0.006156428247839019,0.46610668,0.005773590048576083,0.5016534,0.006135700181562287,0.46592003,0.005773153201589221,0.5015867,0.006122383275213195,0.46569335,0.005800489386662611,0.50196004,0.006136689321356914,0.46613336,0.005773954857370589,0.5022267,0.006159578995186932,0.46601337,0.005779646336348032,0.5027867,0.006173226538367493,0.46568003,0.005786261843677143,0.5034,0.006161402115592907,0.4655734,0.005789849438011918,0.50353336,0.0061762960118574295,0.46548003,0.005792434962619997,0.50404,0.006184172649335573,0.4653467,0.005778617021407584,0.50436,0.006170277128531465,0.46620005,0.005748644053781615,0.50277334,0.006061725731920209,0.45953336,0.005679193233191437,0.4919867,0.006026214135583852,5.143712,0.013941486712241158,4.987011,0.01230713777148651,0.2173683,0.0009066616636074221,0.20972382,0.0010077882199611143,,,,,,,,
