,shots,val_acc,val_conf,test_acc,test_conf,val_acc_me1,val_conf_me1,test_acc_me1,test_conf_me1,val_acc_me2,val_conf_me2,test_acc_me2,test_conf_me2,val_acc_me3,val_conf_me3,test_acc_me3,test_conf_me3,val_acc_me4,val_conf_me4,test_acc_me4,test_conf_me4,val_acc_me5,val_conf_me5,test_acc_me5,test_conf_me5,val_acc_me6,val_conf_me6,test_acc_me6,test_conf_me6,val_acc_me7,val_conf_me7,test_acc_me7,test_conf_me7,val_acc_me8,val_conf_me8,test_acc_me8,test_conf_me8,val_acc_me9,val_conf_me9,test_acc_me9,test_conf_me9,val_acc_med,val_conf_med,test_acc_med,test_conf_med,val_acc_maj,val_conf_maj,test_acc_maj,test_conf_maj,val_acc_lin,val_conf_lin,test_acc_lin,test_conf_lin,val_nld,val_conf_nld,test_nld,test_conf_nld,val_mse,val_conf_mse,test_mse,test_conf_mse,val_svm,val_conf_svm,test_svm,test_conf_svm,val_mvm,val_conf_mvm,test_mvm,test_conf_mvm
0,5,0.26594666,0.0046133369197033924,0.33876005,0.006291634237396149,0.2681467,0.004659750295812615,0.34168002,0.006288089588906809,0.26988,0.00465742059914398,0.3440534,0.006287516977634466,0.27205333,0.004717785833617982,0.34608,0.006337142980051669,0.27372003,0.004768831357850778,0.3482667,0.006402048929559034,0.27625334,0.004730321402650228,0.35050672,0.006431423887832022,0.27765334,0.004826954172696851,0.35201338,0.006432866037028473,0.27881336,0.0048386982451800176,0.3536667,0.00646494150394733,0.28077334,0.004923816449035723,0.35428002,0.006500772654316367,0.28108,0.004998212968599425,0.35390672,0.006539941112480185,0.28088003,0.005087358846259715,0.35316002,0.006592499900535231,0.27094668,0.004634100543293107,0.3416667,0.006242823744258774,0.27440003,0.004580510131381221,0.35069335,0.006144838872756075,11.004877,0.018848591686005278,10.978928,0.019587071819794133,0.25053164,0.0006792835573600775,0.23637477,0.0010425284073213026,,,,,,,,
