,shots,val_acc,val_conf,test_acc,test_conf,val_acc_me1,val_conf_me1,test_acc_me1,test_conf_me1,val_acc_me2,val_conf_me2,test_acc_me2,test_conf_me2,val_acc_me3,val_conf_me3,test_acc_me3,test_conf_me3,val_acc_me4,val_conf_me4,test_acc_me4,test_conf_me4,val_acc_me5,val_conf_me5,test_acc_me5,test_conf_me5,val_acc_me6,val_conf_me6,test_acc_me6,test_conf_me6,val_acc_me7,val_conf_me7,test_acc_me7,test_conf_me7,val_acc_me8,val_conf_me8,test_acc_me8,test_conf_me8,val_acc_me9,val_conf_me9,test_acc_me9,test_conf_me9,val_acc_med,val_conf_med,test_acc_med,test_conf_med,val_acc_maj,val_conf_maj,test_acc_maj,test_conf_maj,val_acc_lin,val_conf_lin,test_acc_lin,test_conf_lin,val_nld,val_conf_nld,test_nld,test_conf_nld,val_mse,val_conf_mse,test_mse,test_conf_mse,val_svm,val_conf_svm,test_svm,test_conf_svm,val_mvm,val_conf_mvm,test_mvm,test_conf_mvm
0,5,0.25725335,0.005117097227977374,0.25749335,0.004819557789834228,0.25737336,0.00517115958240566,0.25774667,0.004840842304968451,0.25684002,0.005176751316193773,0.25722668,0.004866848092400122,0.25706667,0.005159142596001587,0.25660002,0.004853502555487443,0.25725335,0.005200185894299103,0.25673333,0.004886700155786794,0.25744003,0.00522232747920881,0.25642666,0.0049059809932510134,0.257,0.005228360677816568,0.25641334,0.004920691561551727,0.25628003,0.005235598669012742,0.25574666,0.004924066735575772,0.25556,0.005239706231325469,0.25492,0.004916884158373658,0.25537336,0.0052474300185365585,0.25478667,0.004880480858515557,0.25530666,0.005259044329916918,0.25425336,0.004865268331784911,0.25712,0.005071727020307115,0.25777334,0.004823489412715709,0.25653335,0.00501323246991725,0.25998667,0.004736672769940775,8.750656,0.01150448084399791,8.823442,0.012827714379836763,0.2601835,0.001115795635863559,0.25906238,0.001057895400560449,,,,,,,,
