,shots,val_acc,val_conf,test_acc,test_conf,val_acc_me1,val_conf_me1,test_acc_me1,test_conf_me1,val_acc_me2,val_conf_me2,test_acc_me2,test_conf_me2,val_acc_me3,val_conf_me3,test_acc_me3,test_conf_me3,val_acc_me4,val_conf_me4,test_acc_me4,test_conf_me4,val_acc_me5,val_conf_me5,test_acc_me5,test_conf_me5,val_acc_me6,val_conf_me6,test_acc_me6,test_conf_me6,val_acc_me7,val_conf_me7,test_acc_me7,test_conf_me7,val_acc_me8,val_conf_me8,test_acc_me8,test_conf_me8,val_acc_me9,val_conf_me9,test_acc_me9,test_conf_me9,val_acc_med,val_conf_med,test_acc_med,test_conf_med,val_acc_maj,val_conf_maj,test_acc_maj,test_conf_maj,val_acc_lin,val_conf_lin,test_acc_lin,test_conf_lin,val_nld,val_conf_nld,test_nld,test_conf_nld,val_mse,val_conf_mse,test_mse,test_conf_mse,val_svm,val_conf_svm,test_svm,test_conf_svm,val_mvm,val_conf_mvm,test_mvm,test_conf_mvm
0,5,0.37852,0.007350294120183565,0.41968003,0.008053601144782152,0.37896,0.00736442792116232,0.41973338,0.008083854414861646,0.3792667,0.0073663337007761065,0.41976005,0.008092057533121755,0.37917337,0.00737241815732842,0.4193867,0.00808462836364593,0.3789867,0.007387705031167813,0.41933337,0.008090360017769138,0.37905338,0.007387646384690694,0.4193067,0.008107148610848602,0.37884003,0.007393726685193447,0.41872004,0.0081117627494241,0.3786667,0.0074107923482434335,0.41901338,0.008121522077351895,0.37857336,0.007413676646636391,0.41846672,0.008122626662967591,0.37832004,0.007426739110395875,0.41813335,0.008147317291605949,0.37785336,0.00745283263665153,0.41753337,0.008163971043966434,0.38076004,0.007332372310924706,0.42241335,0.00813358016246829,0.37205338,0.007181273126076082,0.4133334,0.00783881003868031,4.457972,0.010051920281591187,4.531347,0.012169429378312557,0.23293644,0.0011301213077969108,0.22669989,0.0011975170773266819,,,,,,,,
