,shots,val_acc,val_conf,test_acc,test_conf,val_acc_me1,val_conf_me1,test_acc_me1,test_conf_me1,val_acc_me2,val_conf_me2,test_acc_me2,test_conf_me2,val_acc_me3,val_conf_me3,test_acc_me3,test_conf_me3,val_acc_me4,val_conf_me4,test_acc_me4,test_conf_me4,val_acc_me5,val_conf_me5,test_acc_me5,test_conf_me5,val_acc_me6,val_conf_me6,test_acc_me6,test_conf_me6,val_acc_me7,val_conf_me7,test_acc_me7,test_conf_me7,val_acc_me8,val_conf_me8,test_acc_me8,test_conf_me8,val_acc_me9,val_conf_me9,test_acc_me9,test_conf_me9,val_acc_med,val_conf_med,test_acc_med,test_conf_med,val_acc_maj,val_conf_maj,test_acc_maj,test_conf_maj,val_acc_lin,val_conf_lin,test_acc_lin,test_conf_lin,val_nld,val_conf_nld,test_nld,test_conf_nld,val_mse,val_conf_mse,test_mse,test_conf_mse,val_svm,val_conf_svm,test_svm,test_conf_svm,val_mvm,val_conf_mvm,test_mvm,test_conf_mvm
0,5,0.3347867,0.0046575817615101545,0.38789338,0.005232815039375727,0.33513337,0.004649624311957201,0.38814673,0.005251537580849341,0.33540002,0.00465199048950532,0.3884934,0.005231945963234896,0.33481336,0.004641376400718544,0.3885867,0.0052182762544567,0.3342267,0.0046515157762891945,0.3884934,0.005188780770746526,0.33397338,0.004655863004126459,0.3874267,0.005224592526217653,0.3335467,0.004634232151529083,0.38682672,0.005253566656599984,0.33228004,0.004644768660724108,0.38636005,0.0052598487563979,0.33093336,0.004613375709499268,0.38538668,0.005262857274494326,0.32976004,0.004615640294724888,0.3847867,0.005257160715900766,0.32872003,0.004646940889292905,0.3839734,0.0052541743634019755,0.33572003,0.004589259539266477,0.38924006,0.0052564214008627985,0.32824004,0.004516672748393458,0.3787334,0.0049039463761009205,9.54495,0.010573099055344315,9.496578,0.01115139395638387,0.2436893,0.0008510258980841123,0.23305559,0.0010074887535013177,,,,,,,,
