,shots,val_acc,val_conf,test_acc,test_conf,val_acc_me1,val_conf_me1,test_acc_me1,test_conf_me1,val_acc_me2,val_conf_me2,test_acc_me2,test_conf_me2,val_acc_me3,val_conf_me3,test_acc_me3,test_conf_me3,val_acc_me4,val_conf_me4,test_acc_me4,test_conf_me4,val_acc_me5,val_conf_me5,test_acc_me5,test_conf_me5,val_acc_me6,val_conf_me6,test_acc_me6,test_conf_me6,val_acc_me7,val_conf_me7,test_acc_me7,test_conf_me7,val_acc_me8,val_conf_me8,test_acc_me8,test_conf_me8,val_acc_me9,val_conf_me9,test_acc_me9,test_conf_me9,val_acc_med,val_conf_med,test_acc_med,test_conf_med,val_acc_maj,val_conf_maj,test_acc_maj,test_conf_maj,val_acc_lin,val_conf_lin,test_acc_lin,test_conf_lin,val_nld,val_conf_nld,test_nld,test_conf_nld,val_mse,val_conf_mse,test_mse,test_conf_mse,val_svm,val_conf_svm,test_svm,test_conf_svm,val_mvm,val_conf_mvm,test_mvm,test_conf_mvm
0,5,0.56406665,0.007273738301983079,0.54916006,0.007011401988942456,0.5648933,0.007291026082792751,0.5498667,0.007049536052549765,0.56502676,0.007305758816691044,0.55052,0.0070937665790746784,0.56541336,0.007315683924817851,0.5512134,0.007120853401174521,0.5657467,0.0073354704149782846,0.5516934,0.00713754501976438,0.56632,0.007351579263063401,0.55269337,0.007165019739822975,0.5668934,0.00736599659897863,0.5529734,0.0071830094312246295,0.56724006,0.007377515783002497,0.55346674,0.007200244568739911,0.56757337,0.007388313199753083,0.5536133,0.007231869796956669,0.56741333,0.0073992920973343645,0.5538934,0.007261522286983513,0.56778663,0.007415353843524541,0.5536267,0.007289207118436392,0.566,0.007103012403990361,0.55310667,0.006919722306401921,0.5494667,0.006989325977259209,0.53597337,0.006793857269117076,4.450353,0.010018263668707839,4.3623543,0.008347513275228202,0.20267062,0.0011361737858567866,0.20568724,0.0010789329770834744,,,,,,,,
