,shots,val_acc,val_conf,test_acc,test_conf,val_acc_me1,val_conf_me1,test_acc_me1,test_conf_me1,val_acc_me2,val_conf_me2,test_acc_me2,test_conf_me2,val_acc_me3,val_conf_me3,test_acc_me3,test_conf_me3,val_acc_me4,val_conf_me4,test_acc_me4,test_conf_me4,val_acc_me5,val_conf_me5,test_acc_me5,test_conf_me5,val_acc_me6,val_conf_me6,test_acc_me6,test_conf_me6,val_acc_me7,val_conf_me7,test_acc_me7,test_conf_me7,val_acc_me8,val_conf_me8,test_acc_me8,test_conf_me8,val_acc_me9,val_conf_me9,test_acc_me9,test_conf_me9,val_acc_med,val_conf_med,test_acc_med,test_conf_med,val_acc_maj,val_conf_maj,test_acc_maj,test_conf_maj,val_acc_lin,val_conf_lin,test_acc_lin,test_conf_lin,val_nld,val_conf_nld,test_nld,test_conf_nld,val_mse,val_conf_mse,test_mse,test_conf_mse,val_svm,val_conf_svm,test_svm,test_conf_svm,val_mvm,val_conf_mvm,test_mvm,test_conf_mvm
0,5,0.7476001,0.005733362259558339,0.8124401,0.00480349327294427,0.74740016,0.005735322067816462,0.8121068,0.0048196205923608515,0.7471868,0.005742796492054114,0.81150675,0.00484061649294254,0.74690676,0.005741022782459582,0.81114674,0.004861815116385837,0.74652016,0.005745260105875172,0.8106001,0.004880751463520072,0.7458401,0.0057417657917637754,0.8105201,0.004887854613997211,0.7454134,0.005745158051769339,0.8099068,0.004893059373393238,0.74506676,0.00574399435789319,0.8094534,0.004895529452180303,0.7446668,0.005733028390243922,0.8091467,0.004912193825556299,0.74438673,0.005753873287691613,0.80892,0.004913727407843016,0.74390674,0.005756747426852282,0.8081468,0.004927081256854815,0.74933344,0.005675534524230863,0.81301343,0.004748739628939624,0.73662674,0.005597061381834467,0.80878675,0.0047766779794155,4.4574914,0.009468985382112827,4.5721464,0.010572240138436051,0.15965457,0.0011890652887680542,0.14556997,0.001044329823912865,,,,,,,,
