,shots,val_acc,val_conf,test_acc,test_conf,val_acc_me1,val_conf_me1,test_acc_me1,test_conf_me1,val_acc_me2,val_conf_me2,test_acc_me2,test_conf_me2,val_acc_me3,val_conf_me3,test_acc_me3,test_conf_me3,val_acc_me4,val_conf_me4,test_acc_me4,test_conf_me4,val_acc_me5,val_conf_me5,test_acc_me5,test_conf_me5,val_acc_me6,val_conf_me6,test_acc_me6,test_conf_me6,val_acc_me7,val_conf_me7,test_acc_me7,test_conf_me7,val_acc_me8,val_conf_me8,test_acc_me8,test_conf_me8,val_acc_me9,val_conf_me9,test_acc_me9,test_conf_me9,val_acc_med,val_conf_med,test_acc_med,test_conf_med,val_acc_maj,val_conf_maj,test_acc_maj,test_conf_maj,val_acc_lin,val_conf_lin,test_acc_lin,test_conf_lin,val_nld,val_conf_nld,test_nld,test_conf_nld,val_mse,val_conf_mse,test_mse,test_conf_mse,val_svm,val_conf_svm,test_svm,test_conf_svm,val_mvm,val_conf_mvm,test_mvm,test_conf_mvm
0,5,0.5670667,0.007403089803063367,0.56081337,0.007211504230557941,0.56764,0.007426855941566779,0.56149334,0.0072278933810966395,0.56780005,0.007433576735484726,0.56233335,0.007242015637493271,0.56804,0.0074624257225970325,0.56250674,0.007251085522977818,0.56853336,0.007476017390000145,0.5631334,0.007264794945118447,0.5693068,0.007482981543708744,0.5638267,0.007270196885976743,0.5698933,0.007517281420707511,0.56457335,0.007291825429657672,0.57001334,0.007510529687309586,0.5647866,0.007325253459815828,0.57016003,0.007542063020652856,0.56513345,0.007313796616535417,0.57032007,0.007547389690835793,0.5650934,0.007333086689665369,0.57060003,0.007558253142596061,0.5651067,0.007369364846253501,0.56978667,0.007244604856367687,0.5636267,0.007092539159105349,0.55228,0.007028819992638269,0.54722667,0.0069280417940496,4.505155,0.010552647597254605,4.471407,0.009887398903805078,0.2021134,0.0011517040194868877,0.20314233,0.0010838037517191534,,,,,,,,
