,shots,val_acc,val_conf,test_acc,test_conf,val_acc_me1,val_conf_me1,test_acc_me1,test_conf_me1,val_acc_me2,val_conf_me2,test_acc_me2,test_conf_me2,val_acc_me3,val_conf_me3,test_acc_me3,test_conf_me3,val_acc_me4,val_conf_me4,test_acc_me4,test_conf_me4,val_acc_me5,val_conf_me5,test_acc_me5,test_conf_me5,val_acc_me6,val_conf_me6,test_acc_me6,test_conf_me6,val_acc_me7,val_conf_me7,test_acc_me7,test_conf_me7,val_acc_me8,val_conf_me8,test_acc_me8,test_conf_me8,val_acc_me9,val_conf_me9,test_acc_me9,test_conf_me9,val_acc_med,val_conf_med,test_acc_med,test_conf_med,val_acc_maj,val_conf_maj,test_acc_maj,test_conf_maj,val_acc_lin,val_conf_lin,test_acc_lin,test_conf_lin,val_nld,val_conf_nld,test_nld,test_conf_nld,val_mse,val_conf_mse,test_mse,test_conf_mse,val_svm,val_conf_svm,test_svm,test_conf_svm,val_mvm,val_conf_mvm,test_mvm,test_conf_mvm
0,5,0.29697335,0.004165373423873131,0.34094667,0.00521091496712367,0.29700002,0.0042054631396888364,0.3419734,0.005218592576006376,0.29745337,0.004201572153736399,0.3431467,0.005198525783392527,0.29764003,0.004242628843749152,0.3437467,0.005198573808854079,0.29753336,0.004253660846408103,0.34458673,0.005213059488695382,0.29728004,0.00422630064860402,0.34516004,0.00521663646201459,0.2968267,0.004200094447227021,0.34556004,0.005192723476426853,0.2965467,0.00419647637519549,0.34622672,0.0051602236306698135,0.29604,0.004250928936498921,0.34628004,0.0051472405936352494,0.29538673,0.004239213032796119,0.34612006,0.0051370813613833555,0.2957734,0.004234470980250926,0.34589338,0.005131843353590959,0.29852003,0.004135826682218402,0.3429067,0.005098689622703545,0.30525336,0.00425454331426417,0.35796002,0.005401245412662681,8.36583,0.021184291537366562,8.287348,0.020501016671635952,0.24790597,0.0007791392861156987,0.23603088,0.001024331837008341,,,,,,,,
