,shots,val_acc,val_conf,test_acc,test_conf,val_acc_me1,val_conf_me1,test_acc_me1,test_conf_me1,val_acc_me2,val_conf_me2,test_acc_me2,test_conf_me2,val_acc_me3,val_conf_me3,test_acc_me3,test_conf_me3,val_acc_me4,val_conf_me4,test_acc_me4,test_conf_me4,val_acc_me5,val_conf_me5,test_acc_me5,test_conf_me5,val_acc_me6,val_conf_me6,test_acc_me6,test_conf_me6,val_acc_me7,val_conf_me7,test_acc_me7,test_conf_me7,val_acc_me8,val_conf_me8,test_acc_me8,test_conf_me8,val_acc_me9,val_conf_me9,test_acc_me9,test_conf_me9,val_acc_med,val_conf_med,test_acc_med,test_conf_med,val_acc_maj,val_conf_maj,test_acc_maj,test_conf_maj,val_acc_lin,val_conf_lin,test_acc_lin,test_conf_lin,val_nld,val_conf_nld,test_nld,test_conf_nld,val_mse,val_conf_mse,test_mse,test_conf_mse,val_svm,val_conf_svm,test_svm,test_conf_svm,val_mvm,val_conf_mvm,test_mvm,test_conf_mvm
0,5,0.4241467,0.006559100500940662,0.44704005,0.0066389668435054006,0.42509338,0.006546832304429928,0.44805333,0.006661066867919507,0.4260667,0.006572619668368196,0.44892004,0.006726847434967043,0.42672002,0.006592093069461846,0.4498,0.006783585823527172,0.42633337,0.006612097059549071,0.45049334,0.006809979970700819,0.42650673,0.006618580958642206,0.45101336,0.006839534100888056,0.42649338,0.006638123627228487,0.45093337,0.006861879794009318,0.42668006,0.006639573626740836,0.45150667,0.0069057057983773484,0.4260267,0.006635799471959247,0.45153335,0.006944429097455185,0.4260267,0.006670528807412257,0.4515867,0.006987954019121889,0.42600003,0.0067291877526512445,0.45138672,0.007066499661493919,0.4245467,0.006493026239724364,0.44748005,0.006552166363145484,0.4121067,0.006316693369095239,0.43441337,0.006284246628415924,6.8634624,0.016623126893110296,6.907188,0.019039845698113567,0.22597842,0.0013049434544118166,0.22014104,0.0013090361242136528,,,,,,,,
