,shots,val_acc,val_conf,test_acc,test_conf,val_acc_me1,val_conf_me1,test_acc_me1,test_conf_me1,val_acc_me2,val_conf_me2,test_acc_me2,test_conf_me2,val_acc_me3,val_conf_me3,test_acc_me3,test_conf_me3,val_acc_me4,val_conf_me4,test_acc_me4,test_conf_me4,val_acc_me5,val_conf_me5,test_acc_me5,test_conf_me5,val_acc_me6,val_conf_me6,test_acc_me6,test_conf_me6,val_acc_me7,val_conf_me7,test_acc_me7,test_conf_me7,val_acc_me8,val_conf_me8,test_acc_me8,test_conf_me8,val_acc_me9,val_conf_me9,test_acc_me9,test_conf_me9,val_acc_med,val_conf_med,test_acc_med,test_conf_med,val_acc_maj,val_conf_maj,test_acc_maj,test_conf_maj,val_acc_lin,val_conf_lin,test_acc_lin,test_conf_lin,val_nld,val_conf_nld,test_nld,test_conf_nld,val_mse,val_conf_mse,test_mse,test_conf_mse,val_svm,val_conf_svm,test_svm,test_conf_svm,val_mvm,val_conf_mvm,test_mvm,test_conf_mvm
0,5,0.5616667,0.006802333763081481,0.61204004,0.006456170392247662,0.56269336,0.006816781114910131,0.61289334,0.006453857781560601,0.5638534,0.006852302870478777,0.6140267,0.006470327744173998,0.5649734,0.006846533811909583,0.61464,0.0064498568911864895,0.5655867,0.00686356484121331,0.61552,0.006452437336178396,0.56642675,0.006852512520089782,0.6157867,0.006470266788780488,0.56673336,0.00687960903963869,0.6162001,0.006483598933977874,0.56670666,0.006925167654888931,0.61596,0.006487467754332732,0.56621337,0.006959084251761727,0.6156134,0.006518036884178624,0.56581336,0.007023864596215845,0.6154667,0.0065260368177936234,0.5651867,0.007058611017650374,0.6146267,0.006584809361720567,0.56280005,0.006660898317020769,0.61182666,0.006379833459323914,0.56928,0.006600259706842526,0.60861343,0.006199325144239265,10.009594,0.017782125356799128,10.238298,0.01728960208296293,0.19028299,0.0013055772519693642,0.17629953,0.0014454285504736375,,,,,,,,
