,shots,val_acc,val_conf,test_acc,test_conf,val_acc_me1,val_conf_me1,test_acc_me1,test_conf_me1,val_acc_me2,val_conf_me2,test_acc_me2,test_conf_me2,val_acc_me3,val_conf_me3,test_acc_me3,test_conf_me3,val_acc_me4,val_conf_me4,test_acc_me4,test_conf_me4,val_acc_me5,val_conf_me5,test_acc_me5,test_conf_me5,val_acc_me6,val_conf_me6,test_acc_me6,test_conf_me6,val_acc_me7,val_conf_me7,test_acc_me7,test_conf_me7,val_acc_me8,val_conf_me8,test_acc_me8,test_conf_me8,val_acc_me9,val_conf_me9,test_acc_me9,test_conf_me9,val_acc_med,val_conf_med,test_acc_med,test_conf_med,val_acc_maj,val_conf_maj,test_acc_maj,test_conf_maj,val_acc_lin,val_conf_lin,test_acc_lin,test_conf_lin,val_nld,val_conf_nld,test_nld,test_conf_nld,val_mse,val_conf_mse,test_mse,test_conf_mse,val_svm,val_conf_svm,test_svm,test_conf_svm,val_mvm,val_conf_mvm,test_mvm,test_conf_mvm
0,5,0.83009344,0.004323255743382992,0.8137068,0.004182141236704795,0.8298934,0.004327245550958314,0.8137201,0.0041712523868639995,0.8296268,0.004344059542118361,0.81341344,0.0041779505534009775,0.82966673,0.004355034283650139,0.8130668,0.004185930630334789,0.82952017,0.004371784548717006,0.8129468,0.004172399456541909,0.82916015,0.004374272175268867,0.8128401,0.004162842389692556,0.8290401,0.004356285254566994,0.8127601,0.004152115164001158,0.8286268,0.004369218419006837,0.8123335,0.004162657214595633,0.82864016,0.004370994437517761,0.81229347,0.004163358663404226,0.82854676,0.004387309240947768,0.8121468,0.004170344520927238,0.82816017,0.004390450752630004,0.8121468,0.004142548861486128,0.8287334,0.004423299706549866,0.8131735,0.004145417459247458,0.82153344,0.004437788157090838,0.8052668,0.004269477385674403,5.173339,0.015066795314650605,5.144688,0.016423387151372815,0.13341595,0.001108018397237287,0.1392759,0.000964946622109164,,,,,,,,
