,shots,val_acc,val_conf,test_acc,test_conf,val_acc_me1,val_conf_me1,test_acc_me1,test_conf_me1,val_acc_me2,val_conf_me2,test_acc_me2,test_conf_me2,val_acc_me3,val_conf_me3,test_acc_me3,test_conf_me3,val_acc_me4,val_conf_me4,test_acc_me4,test_conf_me4,val_acc_me5,val_conf_me5,test_acc_me5,test_conf_me5,val_acc_me6,val_conf_me6,test_acc_me6,test_conf_me6,val_acc_me7,val_conf_me7,test_acc_me7,test_conf_me7,val_acc_me8,val_conf_me8,test_acc_me8,test_conf_me8,val_acc_me9,val_conf_me9,test_acc_me9,test_conf_me9,val_acc_med,val_conf_med,test_acc_med,test_conf_med,val_acc_maj,val_conf_maj,test_acc_maj,test_conf_maj,val_acc_lin,val_conf_lin,test_acc_lin,test_conf_lin,val_nld,val_conf_nld,test_nld,test_conf_nld,val_mse,val_conf_mse,test_mse,test_conf_mse,val_svm,val_conf_svm,test_svm,test_conf_svm,val_mvm,val_conf_mvm,test_mvm,test_conf_mvm
0,5,0.82622683,0.004007064416608697,0.81744015,0.004396805352403499,0.82613343,0.004004375914328229,0.8171601,0.004406240046682552,0.82637346,0.003997294929448669,0.8171735,0.004417583753058341,0.8263734,0.0040135086023393995,0.8171334,0.0044256788140298875,0.8261601,0.004014448793105974,0.8168801,0.004443058489713159,0.8262934,0.0039923067464130435,0.8164001,0.004457026510492845,0.82601345,0.004008146836626758,0.81624013,0.004441460257766594,0.8260401,0.004007651804946111,0.8158268,0.004448039284216221,0.82596016,0.004009646708733827,0.8155735,0.004449249156420754,0.82576007,0.0040245526113636965,0.81505346,0.00445773627140067,0.8257734,0.004035674661763133,0.8144935,0.0044532158748318285,0.8259601,0.004016290384843191,0.81685346,0.004361773548899328,0.8160668,0.004235558479885104,0.8094534,0.004455279122545508,24.401302,0.03508694781680788,24.244762,0.03553420524599815,0.11870313,0.0011607775992376612,0.12231961,0.001166822804210807,,,,,,,,
