,shots,val_acc,val_conf,test_acc,test_conf,val_acc_me1,val_conf_me1,test_acc_me1,test_conf_me1,val_acc_me2,val_conf_me2,test_acc_me2,test_conf_me2,val_acc_me3,val_conf_me3,test_acc_me3,test_conf_me3,val_acc_me4,val_conf_me4,test_acc_me4,test_conf_me4,val_acc_me5,val_conf_me5,test_acc_me5,test_conf_me5,val_acc_me6,val_conf_me6,test_acc_me6,test_conf_me6,val_acc_me7,val_conf_me7,test_acc_me7,test_conf_me7,val_acc_me8,val_conf_me8,test_acc_me8,test_conf_me8,val_acc_me9,val_conf_me9,test_acc_me9,test_conf_me9,val_acc_med,val_conf_med,test_acc_med,test_conf_med,val_acc_maj,val_conf_maj,test_acc_maj,test_conf_maj,val_acc_lin,val_conf_lin,test_acc_lin,test_conf_lin,val_nld,val_conf_nld,test_nld,test_conf_nld,val_mse,val_conf_mse,test_mse,test_conf_mse,val_svm,val_conf_svm,test_svm,test_conf_svm,val_mvm,val_conf_mvm,test_mvm,test_conf_mvm
0,5,0.68498677,0.006758110163305742,0.7435735,0.006243250893796626,0.68596005,0.006763118664805945,0.7439068,0.006252003072381607,0.6866134,0.006764472613395189,0.74432015,0.006251722769928136,0.6867601,0.006756988491708471,0.74473345,0.006252103279354326,0.6868934,0.006752523047350523,0.7450134,0.006250388678020191,0.6871467,0.0067586449083488764,0.7455734,0.006258075522568518,0.68746674,0.0067719678178805864,0.74568003,0.0062851757363836525,0.6878667,0.0068034655939109845,0.7456935,0.006315510280321179,0.68804,0.006815888026038608,0.7458535,0.00632230495956454,0.6880801,0.006815054507210649,0.7459734,0.006337101419556124,0.68841344,0.0068246813033358,0.7459735,0.006354983515452495,0.6867467,0.006779311095665541,0.7432135,0.006245535797486768,0.67202675,0.006712857710372999,0.7307068,0.00620932552304132,4.384716,0.009147249885228526,4.4718037,0.01015764371737049,0.1783104,0.0012622627880344017,0.16698045,0.0012030816813468348,,,,,,,,
