,shots,val_acc,val_conf,test_acc,test_conf,val_acc_me1,val_conf_me1,test_acc_me1,test_conf_me1,val_acc_me2,val_conf_me2,test_acc_me2,test_conf_me2,val_acc_me3,val_conf_me3,test_acc_me3,test_conf_me3,val_acc_me4,val_conf_me4,test_acc_me4,test_conf_me4,val_acc_me5,val_conf_me5,test_acc_me5,test_conf_me5,val_acc_me6,val_conf_me6,test_acc_me6,test_conf_me6,val_acc_me7,val_conf_me7,test_acc_me7,test_conf_me7,val_acc_me8,val_conf_me8,test_acc_me8,test_conf_me8,val_acc_me9,val_conf_me9,test_acc_me9,test_conf_me9,val_acc_med,val_conf_med,test_acc_med,test_conf_med,val_acc_maj,val_conf_maj,test_acc_maj,test_conf_maj,val_acc_lin,val_conf_lin,test_acc_lin,test_conf_lin,val_nld,val_conf_nld,test_nld,test_conf_nld,val_mse,val_conf_mse,test_mse,test_conf_mse,val_svm,val_conf_svm,test_svm,test_conf_svm,val_mvm,val_conf_mvm,test_mvm,test_conf_mvm
0,5,0.67486674,0.00611025269012111,0.6772001,0.0060169678488848355,0.67578673,0.00610394934829217,0.6785868,0.006036640278573979,0.6766001,0.006101587326793556,0.67989343,0.006005825480020932,0.6776935,0.00609963167458516,0.6810667,0.006026713785097337,0.6782934,0.006090016423041966,0.6819734,0.006028669899089123,0.67886674,0.006099334747933338,0.6824001,0.006028641730308815,0.6792267,0.006078950248419979,0.6827734,0.006036751568345489,0.6794401,0.006086345245932767,0.68341345,0.006046240753052046,0.6800934,0.006105561895520473,0.6840134,0.006057645876604512,0.6806001,0.006112948580934141,0.6838668,0.00608643898793948,0.6803334,0.006115039073861683,0.6837601,0.006102959284930876,0.6741068,0.0060600286783508706,0.67782676,0.00587163495190568,0.6406267,0.00635560138148672,0.6469468,0.005872166002682477,26.625723,0.03581416043846275,26.547535,0.0362568000348098,0.16898122,0.001683894361988597,0.16678935,0.0015609302472949782,,,,,,,,
