,shots,val_acc,val_conf,test_acc,test_conf,val_acc_me1,val_conf_me1,test_acc_me1,test_conf_me1,val_acc_me2,val_conf_me2,test_acc_me2,test_conf_me2,val_acc_me3,val_conf_me3,test_acc_me3,test_conf_me3,val_acc_me4,val_conf_me4,test_acc_me4,test_conf_me4,val_acc_me5,val_conf_me5,test_acc_me5,test_conf_me5,val_acc_me6,val_conf_me6,test_acc_me6,test_conf_me6,val_acc_me7,val_conf_me7,test_acc_me7,test_conf_me7,val_acc_me8,val_conf_me8,test_acc_me8,test_conf_me8,val_acc_me9,val_conf_me9,test_acc_me9,test_conf_me9,val_acc_med,val_conf_med,test_acc_med,test_conf_med,val_acc_maj,val_conf_maj,test_acc_maj,test_conf_maj,val_acc_lin,val_conf_lin,test_acc_lin,test_conf_lin,val_nld,val_conf_nld,test_nld,test_conf_nld,val_mse,val_conf_mse,test_mse,test_conf_mse,val_svm,val_conf_svm,test_svm,test_conf_svm,val_mvm,val_conf_mvm,test_mvm,test_conf_mvm
0,5,0.27841333,0.005003844877533248,0.2987067,0.005530874445496825,0.27796003,0.005013722883765059,0.29873332,0.005542997642056291,0.27792,0.005018089044716956,0.29894668,0.005554749103072021,0.27792,0.00501563605191141,0.29904005,0.005573121612816256,0.27800003,0.005023932450394897,0.29929337,0.005564551376845195,0.27772003,0.005014279794405774,0.29933333,0.005570464050015822,0.27768,0.005019863677878045,0.29949334,0.005578745209650904,0.27753335,0.00501925412394294,0.29925334,0.005569933922805581,0.27728,0.0050453102457525545,0.29914668,0.005569875276328462,0.27693334,0.005030296285834124,0.2988267,0.005587053152716515,0.27672002,0.0050213450786536495,0.29909337,0.005590913660972252,0.27857333,0.0049173505594907185,0.29957333,0.005515922364538517,0.2761067,0.004808913685133975,0.29497334,0.005385545704567285,5.0908937,0.015396684980766295,4.939628,0.012894870599288843,0.25090033,0.0008222706529784629,0.24730447,0.0009435668641725736,,,,,,,,
