,shots,val_acc,val_conf,test_acc,test_conf,val_acc_me1,val_conf_me1,test_acc_me1,test_conf_me1,val_acc_me2,val_conf_me2,test_acc_me2,test_conf_me2,val_acc_me3,val_conf_me3,test_acc_me3,test_conf_me3,val_acc_me4,val_conf_me4,test_acc_me4,test_conf_me4,val_acc_me5,val_conf_me5,test_acc_me5,test_conf_me5,val_acc_me6,val_conf_me6,test_acc_me6,test_conf_me6,val_acc_me7,val_conf_me7,test_acc_me7,test_conf_me7,val_acc_me8,val_conf_me8,test_acc_me8,test_conf_me8,val_acc_me9,val_conf_me9,test_acc_me9,test_conf_me9,val_acc_med,val_conf_med,test_acc_med,test_conf_med,val_acc_maj,val_conf_maj,test_acc_maj,test_conf_maj,val_acc_lin,val_conf_lin,test_acc_lin,test_conf_lin,val_nld,val_conf_nld,test_nld,test_conf_nld,val_mse,val_conf_mse,test_mse,test_conf_mse,val_svm,val_conf_svm,test_svm,test_conf_svm,val_mvm,val_conf_mvm,test_mvm,test_conf_mvm
0,5,0.52940005,0.007651783190756323,0.5768534,0.0075574995122762445,0.53006667,0.007672793868403027,0.5770267,0.007576740174594754,0.5305867,0.0076710377065732915,0.5771467,0.007592059835047293,0.5308933,0.007692482460507133,0.5772267,0.007615548441796904,0.53148,0.007710951944741029,0.5772534,0.007620431800027028,0.53184,0.0077103216105580685,0.5769601,0.007662587072472804,0.5317733,0.007722718182821775,0.5773733,0.00766923859889812,0.53228,0.0077230474343034095,0.57726675,0.007683344231096512,0.53246665,0.007743026949876608,0.57688,0.007670577770422238,0.5324267,0.007753111373236421,0.5767334,0.007672303454555163,0.5323867,0.0077666157635988275,0.5766667,0.007691682190075655,0.52904004,0.007552613845129619,0.57576007,0.007548927429172125,0.5172267,0.007333862947366043,0.56332,0.007401053338780161,4.2392445,0.008858128294572332,4.295774,0.010114939846382676,0.20877291,0.0011524351378715547,0.20169644,0.0011696277913247066,,,,,,,,
