,shots,val_acc,val_conf,test_acc,test_conf,val_acc_me1,val_conf_me1,test_acc_me1,test_conf_me1,val_acc_me2,val_conf_me2,test_acc_me2,test_conf_me2,val_acc_me3,val_conf_me3,test_acc_me3,test_conf_me3,val_acc_me4,val_conf_me4,test_acc_me4,test_conf_me4,val_acc_me5,val_conf_me5,test_acc_me5,test_conf_me5,val_acc_me6,val_conf_me6,test_acc_me6,test_conf_me6,val_acc_me7,val_conf_me7,test_acc_me7,test_conf_me7,val_acc_me8,val_conf_me8,test_acc_me8,test_conf_me8,val_acc_me9,val_conf_me9,test_acc_me9,test_conf_me9,val_acc_med,val_conf_med,test_acc_med,test_conf_med,val_acc_maj,val_conf_maj,test_acc_maj,test_conf_maj,val_acc_lin,val_conf_lin,test_acc_lin,test_conf_lin,val_nld,val_conf_nld,test_nld,test_conf_nld,val_mse,val_conf_mse,test_mse,test_conf_mse,val_svm,val_conf_svm,test_svm,test_conf_svm,val_mvm,val_conf_mvm,test_mvm,test_conf_mvm
0,5,0.28534672,0.005222266062031966,0.31184003,0.006055786275319164,0.28524005,0.005228960534302662,0.31226674,0.006073154406420311,0.2853467,0.005229329960930007,0.31264,0.006077525646988324,0.28530666,0.0052651177036703856,0.31278667,0.006099925830537145,0.28537336,0.005272318290420519,0.3129467,0.006107252945907138,0.28525335,0.005290838570815692,0.3129867,0.006093590625661505,0.28484002,0.0052836282866165485,0.31293336,0.006100978234641785,0.28492,0.005298331928167976,0.31276006,0.00611469135104864,0.28469336,0.005303571321310263,0.3127067,0.006134985341038346,0.28448,0.005286336183794982,0.3125867,0.006155957228889175,0.2842267,0.00527646094826284,0.31241336,0.00616308115961417,0.28828004,0.0051901721237817555,0.31346667,0.005999445943950021,0.28574666,0.005008105290113085,0.30801338,0.005648658737091861,5.3589287,0.016178250418534823,5.1892333,0.013956249000269594,0.24853821,0.0008403394247675222,0.24357617,0.0009569099767230138,,,,,,,,
