,shots,val_acc,val_conf,test_acc,test_conf,val_acc_me1,val_conf_me1,test_acc_me1,test_conf_me1,val_acc_me2,val_conf_me2,test_acc_me2,test_conf_me2,val_acc_me3,val_conf_me3,test_acc_me3,test_conf_me3,val_acc_me4,val_conf_me4,test_acc_me4,test_conf_me4,val_acc_me5,val_conf_me5,test_acc_me5,test_conf_me5,val_acc_me6,val_conf_me6,test_acc_me6,test_conf_me6,val_acc_me7,val_conf_me7,test_acc_me7,test_conf_me7,val_acc_me8,val_conf_me8,test_acc_me8,test_conf_me8,val_acc_me9,val_conf_me9,test_acc_me9,test_conf_me9,val_acc_med,val_conf_med,test_acc_med,test_conf_med,val_acc_maj,val_conf_maj,test_acc_maj,test_conf_maj,val_acc_lin,val_conf_lin,test_acc_lin,test_conf_lin,val_nld,val_conf_nld,test_nld,test_conf_nld,val_mse,val_conf_mse,test_mse,test_conf_mse,val_svm,val_conf_svm,test_svm,test_conf_svm,val_mvm,val_conf_mvm,test_mvm,test_conf_mvm
0,5,0.41034672,0.005298266816724906,0.47178668,0.006160158071425337,0.41054672,0.005306227498760863,0.4724,0.0061381767253152475,0.41057336,0.005299448981932409,0.47245336,0.006144774223096283,0.41112006,0.005293014031867438,0.47242668,0.006136521694024788,0.41100004,0.005281631997479053,0.47265336,0.006170073943886412,0.41050673,0.005286592011734426,0.4721867,0.006181320675772539,0.41025335,0.00529541530494515,0.4721467,0.006173323974640488,0.41021338,0.005291515545110259,0.47209337,0.006187993906012157,0.4098667,0.0053108042328903204,0.4718667,0.006181724274362921,0.40973336,0.005337427886356161,0.47165334,0.006203814139544739,0.40949342,0.005347534013530386,0.4715334,0.006183265245182201,0.41044003,0.0053411928054720725,0.4712267,0.0061189877827246275,0.40728003,0.005133125263987848,0.46556002,0.005937838512441562,6.1975813,0.019228951494382862,5.951323,0.015762396099802345,0.22596967,0.0009024511236223054,0.21296357,0.0011403292581852464,,,,,,,,
