,shots,val_acc,val_conf,test_acc,test_conf,val_acc_me1,val_conf_me1,test_acc_me1,test_conf_me1,val_acc_me2,val_conf_me2,test_acc_me2,test_conf_me2,val_acc_me3,val_conf_me3,test_acc_me3,test_conf_me3,val_acc_me4,val_conf_me4,test_acc_me4,test_conf_me4,val_acc_me5,val_conf_me5,test_acc_me5,test_conf_me5,val_acc_me6,val_conf_me6,test_acc_me6,test_conf_me6,val_acc_me7,val_conf_me7,test_acc_me7,test_conf_me7,val_acc_me8,val_conf_me8,test_acc_me8,test_conf_me8,val_acc_me9,val_conf_me9,test_acc_me9,test_conf_me9,val_acc_med,val_conf_med,test_acc_med,test_conf_med,val_acc_maj,val_conf_maj,test_acc_maj,test_conf_maj,val_acc_lin,val_conf_lin,test_acc_lin,test_conf_lin,val_nld,val_conf_nld,test_nld,test_conf_nld,val_mse,val_conf_mse,test_mse,test_conf_mse,val_svm,val_conf_svm,test_svm,test_conf_svm,val_mvm,val_conf_mvm,test_mvm,test_conf_mvm
0,5,0.36518672,0.006785343832490021,0.36254668,0.0069434316455613265,0.36528003,0.006798605324844997,0.36252004,0.0069530127251414275,0.36546674,0.006833943290666555,0.36289337,0.00699157624720298,0.36560005,0.006858292199674598,0.3629734,0.00701380280023689,0.3657467,0.006870722943901286,0.36280006,0.0070195815562550945,0.36544004,0.006885149053698969,0.36258668,0.007009176193512767,0.3654267,0.006896647919258203,0.36213335,0.006995607615273791,0.36504003,0.00689514943250108,0.36200002,0.006999081149137387,0.3652667,0.006887107014823868,0.36177337,0.007007564108067688,0.3655467,0.006920376191532296,0.36129338,0.007022876841770942,0.36560005,0.006943681932101375,0.36114672,0.007045957693880611,0.36800003,0.006703767968207264,0.36437336,0.006725067722189837,0.3582267,0.006546374677195321,0.35625336,0.006503877685119175,4.450418,0.010780249495226712,4.450125,0.011609323197269816,0.23512262,0.0010433920575085298,0.23561502,0.0010263201603841754,,,,,,,,
