,shots,val_acc,val_conf,test_acc,test_conf,val_acc_me1,val_conf_me1,test_acc_me1,test_conf_me1,val_acc_me2,val_conf_me2,test_acc_me2,test_conf_me2,val_acc_me3,val_conf_me3,test_acc_me3,test_conf_me3,val_acc_me4,val_conf_me4,test_acc_me4,test_conf_me4,val_acc_me5,val_conf_me5,test_acc_me5,test_conf_me5,val_acc_me6,val_conf_me6,test_acc_me6,test_conf_me6,val_acc_me7,val_conf_me7,test_acc_me7,test_conf_me7,val_acc_me8,val_conf_me8,test_acc_me8,test_conf_me8,val_acc_me9,val_conf_me9,test_acc_me9,test_conf_me9,val_acc_med,val_conf_med,test_acc_med,test_conf_med,val_acc_maj,val_conf_maj,test_acc_maj,test_conf_maj,val_acc_lin,val_conf_lin,test_acc_lin,test_conf_lin,val_nld,val_conf_nld,test_nld,test_conf_nld,val_mse,val_conf_mse,test_mse,test_conf_mse,val_svm,val_conf_svm,test_svm,test_conf_svm,val_mvm,val_conf_mvm,test_mvm,test_conf_mvm
0,5,0.74526674,0.005842898178131439,0.80862683,0.005319292733220071,0.7454001,0.005844535661657102,0.80825347,0.0053473280581856075,0.7450134,0.005862908633184616,0.8079734,0.005344167151605461,0.74465346,0.005870690605089601,0.8076001,0.0053514984230250695,0.7445068,0.005872178470831213,0.8072268,0.005367641904856502,0.7444268,0.005875670937809385,0.8068934,0.005378931582588065,0.7439468,0.005895103701974103,0.80644006,0.005389849986559114,0.7436001,0.005887022032717737,0.8060001,0.005389075575991553,0.74312013,0.005886333975624325,0.8053868,0.00539435514427955,0.74281347,0.005874838804331373,0.80498683,0.005403303580760244,0.74238676,0.005899252362999152,0.80465347,0.005397548837472899,0.7464801,0.005850488048190106,0.81002676,0.005364982956706288,0.7363868,0.005727484220134138,0.80606675,0.0052984053517102225,4.413482,0.009164354338073721,4.5147734,0.01002240494119988,0.16121073,0.0011869708706826743,0.1475148,0.0010731098898700275,,,,,,,,
