,shots,val_acc,val_conf,test_acc,test_conf,val_acc_me1,val_conf_me1,test_acc_me1,test_conf_me1,val_acc_me2,val_conf_me2,test_acc_me2,test_conf_me2,val_acc_me3,val_conf_me3,test_acc_me3,test_conf_me3,val_acc_me4,val_conf_me4,test_acc_me4,test_conf_me4,val_acc_me5,val_conf_me5,test_acc_me5,test_conf_me5,val_acc_me6,val_conf_me6,test_acc_me6,test_conf_me6,val_acc_me7,val_conf_me7,test_acc_me7,test_conf_me7,val_acc_me8,val_conf_me8,test_acc_me8,test_conf_me8,val_acc_me9,val_conf_me9,test_acc_me9,test_conf_me9,val_acc_med,val_conf_med,test_acc_med,test_conf_med,val_acc_maj,val_conf_maj,test_acc_maj,test_conf_maj,val_acc_lin,val_conf_lin,test_acc_lin,test_conf_lin,val_nld,val_conf_nld,test_nld,test_conf_nld,val_mse,val_conf_mse,test_mse,test_conf_mse,val_svm,val_conf_svm,test_svm,test_conf_svm,val_mvm,val_conf_mvm,test_mvm,test_conf_mvm
0,5,0.6280267,0.007123871154936623,0.6657601,0.006643092415366203,0.62952,0.007145362548982126,0.6667601,0.006670592533505437,0.63045335,0.0071585122897823705,0.66789335,0.006661187855139916,0.63142675,0.00716062263939099,0.6690668,0.006635896908232186,0.63241345,0.007163566969610957,0.67018676,0.00663871424804896,0.6329734,0.007193565797100843,0.67092013,0.006615449606192203,0.63320005,0.007219208161087898,0.6708534,0.006614321007845647,0.6336001,0.007248017896620995,0.6709067,0.006614397663870841,0.6338,0.007284763839676023,0.67029345,0.006616523252327866,0.6337734,0.007299394519468594,0.6700267,0.006637281796301409,0.6335067,0.007303276269755354,0.6696267,0.006681844345007737,0.6286001,0.007118417494350493,0.6654534,0.006644910917939284,0.6267068,0.00688055338645488,0.66393334,0.006429505640069499,7.4166265,0.021993902921115804,7.577958,0.0254138920893201,0.17282595,0.0016706000830204737,0.1643015,0.0014950752176928483,,,,,,,,
