,shots,val_acc,val_conf,test_acc,test_conf,val_acc_me1,val_conf_me1,test_acc_me1,test_conf_me1,val_acc_me2,val_conf_me2,test_acc_me2,test_conf_me2,val_acc_me3,val_conf_me3,test_acc_me3,test_conf_me3,val_acc_me4,val_conf_me4,test_acc_me4,test_conf_me4,val_acc_me5,val_conf_me5,test_acc_me5,test_conf_me5,val_acc_me6,val_conf_me6,test_acc_me6,test_conf_me6,val_acc_me7,val_conf_me7,test_acc_me7,test_conf_me7,val_acc_me8,val_conf_me8,test_acc_me8,test_conf_me8,val_acc_me9,val_conf_me9,test_acc_me9,test_conf_me9,val_acc_med,val_conf_med,test_acc_med,test_conf_med,val_acc_maj,val_conf_maj,test_acc_maj,test_conf_maj,val_acc_lin,val_conf_lin,test_acc_lin,test_conf_lin,val_nld,val_conf_nld,test_nld,test_conf_nld,val_mse,val_conf_mse,test_mse,test_conf_mse,val_svm,val_conf_svm,test_svm,test_conf_svm,val_mvm,val_conf_mvm,test_mvm,test_conf_mvm
0,5,0.72985345,0.005804919273707743,0.7162668,0.005806610324094352,0.7304934,0.005808849049456,0.71721345,0.005799997587464967,0.7310134,0.005824719617366636,0.7179201,0.005796126919976996,0.73170674,0.005823040573345262,0.71857345,0.005808962186360622,0.7320268,0.005829803851325366,0.7193468,0.005811964701274319,0.73242676,0.0058272806674606326,0.7199601,0.0057966773656517034,0.7328134,0.0058283427690142275,0.72020006,0.005790292288181398,0.73317343,0.005838326523618154,0.72100013,0.005798350406490238,0.73356014,0.005853110515461002,0.7210668,0.005804373445865818,0.73374677,0.00589728701334169,0.72148013,0.005810793157082439,0.7339201,0.005906091373437783,0.72161347,0.005798761855396517,0.72984016,0.005725025224145863,0.7153734,0.005746908210416346,0.71229345,0.005821326433794405,0.69822675,0.005830150650571797,4.718407,0.010792362070770167,4.6830897,0.011280062479987585,0.16754363,0.0011399514040129621,0.17080234,0.0010828835330795872,,,,,,,,
