,shots,val_acc,val_conf,test_acc,test_conf,val_acc_me1,val_conf_me1,test_acc_me1,test_conf_me1,val_acc_me2,val_conf_me2,test_acc_me2,test_conf_me2,val_acc_me3,val_conf_me3,test_acc_me3,test_conf_me3,val_acc_me4,val_conf_me4,test_acc_me4,test_conf_me4,val_acc_me5,val_conf_me5,test_acc_me5,test_conf_me5,val_acc_me6,val_conf_me6,test_acc_me6,test_conf_me6,val_acc_me7,val_conf_me7,test_acc_me7,test_conf_me7,val_acc_me8,val_conf_me8,test_acc_me8,test_conf_me8,val_acc_me9,val_conf_me9,test_acc_me9,test_conf_me9,val_acc_med,val_conf_med,test_acc_med,test_conf_med,val_acc_maj,val_conf_maj,test_acc_maj,test_conf_maj,val_acc_lin,val_conf_lin,test_acc_lin,test_conf_lin,val_nld,val_conf_nld,test_nld,test_conf_nld,val_mse,val_conf_mse,test_mse,test_conf_mse,val_svm,val_conf_svm,test_svm,test_conf_svm,val_mvm,val_conf_mvm,test_mvm,test_conf_mvm
0,5,0.3953067,0.0078066551450365895,0.38660005,0.007798195275270481,0.3946934,0.007834430486013177,0.38696003,0.00779006234806956,0.3946267,0.007873988689268807,0.38673335,0.0077980207211890695,0.39450672,0.007898332056877455,0.38662672,0.007822091636660033,0.3941867,0.007913363102777349,0.38650668,0.007827633036070147,0.39428002,0.007951328153702586,0.38597333,0.007853764428555066,0.39432,0.007952427197918943,0.38628003,0.00787657467566022,0.39396003,0.007971799006690095,0.38626668,0.007892569001490934,0.39368004,0.007984546072466514,0.38596,0.007921492335711988,0.39296,0.0080277468222677,0.38552,0.00794004217023736,0.39256006,0.008056114169414652,0.38533336,0.007949739619205032,0.39901337,0.0076878161404205225,0.39104003,0.007840223095529897,0.38801336,0.007443411795871047,0.38077337,0.00741976387388843,4.733296,0.012862403540144562,4.711577,0.013541737547328125,0.23044829,0.0012432658318441703,0.23099062,0.0012239074147882278,,,,,,,,
