,shots,val_acc,val_conf,test_acc,test_conf,val_acc_me1,val_conf_me1,test_acc_me1,test_conf_me1,val_acc_me2,val_conf_me2,test_acc_me2,test_conf_me2,val_acc_me3,val_conf_me3,test_acc_me3,test_conf_me3,val_acc_me4,val_conf_me4,test_acc_me4,test_conf_me4,val_acc_me5,val_conf_me5,test_acc_me5,test_conf_me5,val_acc_me6,val_conf_me6,test_acc_me6,test_conf_me6,val_acc_me7,val_conf_me7,test_acc_me7,test_conf_me7,val_acc_me8,val_conf_me8,test_acc_me8,test_conf_me8,val_acc_me9,val_conf_me9,test_acc_me9,test_conf_me9,val_acc_med,val_conf_med,test_acc_med,test_conf_med,val_acc_maj,val_conf_maj,test_acc_maj,test_conf_maj,val_acc_lin,val_conf_lin,test_acc_lin,test_conf_lin,val_nld,val_conf_nld,test_nld,test_conf_nld,val_mse,val_conf_mse,test_mse,test_conf_mse,val_svm,val_conf_svm,test_svm,test_conf_svm,val_mvm,val_conf_mvm,test_mvm,test_conf_mvm
0,5,0.48606667,0.005858437647427273,0.52388,0.005965417133739104,0.48601335,0.005846150517801907,0.52442664,0.005954833984432417,0.48646668,0.005840779516423644,0.52448,0.005953417233316549,0.48606667,0.005826377419356765,0.5245467,0.005975287289655129,0.48624003,0.005832533914101379,0.5246533,0.005990739481910201,0.48625335,0.005837224246918793,0.5247868,0.005987253479897925,0.48641336,0.005839601045482423,0.5249734,0.005982670742585738,0.4866,0.005842663130439796,0.52514666,0.006000989685469027,0.4866534,0.005851200118014377,0.52530664,0.005996464671067403,0.48649338,0.005877302418152375,0.52510667,0.006002316850627798,0.48624006,0.005868522994353642,0.52529335,0.0060177339473532765,0.48732,0.005853162235188836,0.52456003,0.005994494703577047,0.48289338,0.005763378634813077,0.52028,0.005861154318488104,4.8534513,0.011576231807126192,4.722874,0.010160491073100353,0.21422213,0.0008984549088039695,0.20594403,0.0009629557012023338,,,,,,,,
