,shots,val_acc,val_conf,test_acc,test_conf,val_acc_me1,val_conf_me1,test_acc_me1,test_conf_me1,val_acc_me2,val_conf_me2,test_acc_me2,test_conf_me2,val_acc_me3,val_conf_me3,test_acc_me3,test_conf_me3,val_acc_me4,val_conf_me4,test_acc_me4,test_conf_me4,val_acc_me5,val_conf_me5,test_acc_me5,test_conf_me5,val_acc_me6,val_conf_me6,test_acc_me6,test_conf_me6,val_acc_me7,val_conf_me7,test_acc_me7,test_conf_me7,val_acc_me8,val_conf_me8,test_acc_me8,test_conf_me8,val_acc_me9,val_conf_me9,test_acc_me9,test_conf_me9,val_acc_med,val_conf_med,test_acc_med,test_conf_med,val_acc_maj,val_conf_maj,test_acc_maj,test_conf_maj,val_acc_lin,val_conf_lin,test_acc_lin,test_conf_lin,val_nld,val_conf_nld,test_nld,test_conf_nld,val_mse,val_conf_mse,test_mse,test_conf_mse,val_svm,val_conf_svm,test_svm,test_conf_svm,val_mvm,val_conf_mvm,test_mvm,test_conf_mvm
0,5,0.3912934,0.007506504784204726,0.42792004,0.00827274594368721,0.39156005,0.0075283171176327435,0.42784002,0.008289054282151154,0.3916667,0.007549810358811415,0.42781335,0.008301841984856562,0.39192003,0.007557610802047754,0.42781335,0.008309249912301309,0.3918267,0.007561791787902672,0.4277867,0.008316417712438295,0.39148003,0.0075620383801763835,0.42761335,0.008347800504430847,0.39142668,0.007569215415979047,0.42764002,0.008346888020661303,0.39137337,0.007571781545689216,0.42760003,0.008349238497577793,0.39092004,0.007597777635671932,0.42765337,0.008381657531260078,0.39081338,0.007591343147390184,0.4274267,0.00841223774390476,0.39064005,0.007590573816438795,0.42716002,0.008420841690055525,0.3935067,0.00752448062210781,0.43381336,0.008266775085822797,0.3799467,0.007269038733499988,0.41737336,0.007728110426231116,22.706215,0.02446289559388859,22.892021,0.028829139666761705,0.2322512,0.0015576659012591365,0.22422977,0.001628849679069011,,,,,,,,
