,shots,val_acc,val_conf,test_acc,test_conf,val_acc_me1,val_conf_me1,test_acc_me1,test_conf_me1,val_acc_me2,val_conf_me2,test_acc_me2,test_conf_me2,val_acc_me3,val_conf_me3,test_acc_me3,test_conf_me3,val_acc_me4,val_conf_me4,test_acc_me4,test_conf_me4,val_acc_me5,val_conf_me5,test_acc_me5,test_conf_me5,val_acc_me6,val_conf_me6,test_acc_me6,test_conf_me6,val_acc_me7,val_conf_me7,test_acc_me7,test_conf_me7,val_acc_me8,val_conf_me8,test_acc_me8,test_conf_me8,val_acc_me9,val_conf_me9,test_acc_me9,test_conf_me9,val_acc_med,val_conf_med,test_acc_med,test_conf_med,val_acc_maj,val_conf_maj,test_acc_maj,test_conf_maj,val_acc_lin,val_conf_lin,test_acc_lin,test_conf_lin,val_nld,val_conf_nld,test_nld,test_conf_nld,val_mse,val_conf_mse,test_mse,test_conf_mse,val_svm,val_conf_svm,test_svm,test_conf_svm,val_mvm,val_conf_mvm,test_mvm,test_conf_mvm
0,5,0.6948534,0.005939156903717935,0.6953734,0.0060919231262224205,0.69532007,0.005943747029562574,0.69610673,0.006099724954808483,0.69565344,0.005942534386658371,0.6963201,0.006083401377496189,0.6963468,0.00594823833378455,0.69698673,0.006083688606698945,0.69674677,0.005952577711305862,0.6975868,0.006060626687703907,0.69733346,0.005951287488809909,0.6980935,0.006044945912723199,0.6977601,0.005961603265595139,0.6983334,0.006078598831340765,0.69790673,0.005969829934802662,0.6984801,0.006099516228764035,0.6980535,0.005968532323774145,0.6988401,0.006107548487209069,0.6984667,0.005962005017052352,0.69918674,0.006110672451126509,0.6986134,0.005944804513283386,0.69953346,0.0060908674896347215,0.69654673,0.00594766341359565,0.6955868,0.006029936570637551,0.68068004,0.005910738760409706,0.6774134,0.006037296472620746,4.4335213,0.010138465857578716,4.4186907,0.01037633504509028,0.17807296,0.0010698179522829476,0.17860971,0.0010700655835690909,,,,,,,,
