,shots,val_acc,val_conf,test_acc,test_conf,val_acc_me1,val_conf_me1,test_acc_me1,test_conf_me1,val_acc_me2,val_conf_me2,test_acc_me2,test_conf_me2,val_acc_me3,val_conf_me3,test_acc_me3,test_conf_me3,val_acc_me4,val_conf_me4,test_acc_me4,test_conf_me4,val_acc_me5,val_conf_me5,test_acc_me5,test_conf_me5,val_acc_me6,val_conf_me6,test_acc_me6,test_conf_me6,val_acc_me7,val_conf_me7,test_acc_me7,test_conf_me7,val_acc_me8,val_conf_me8,test_acc_me8,test_conf_me8,val_acc_me9,val_conf_me9,test_acc_me9,test_conf_me9,val_acc_med,val_conf_med,test_acc_med,test_conf_med,val_acc_maj,val_conf_maj,test_acc_maj,test_conf_maj,val_acc_lin,val_conf_lin,test_acc_lin,test_conf_lin,val_nld,val_conf_nld,test_nld,test_conf_nld,val_mse,val_conf_mse,test_mse,test_conf_mse,val_svm,val_conf_svm,test_svm,test_conf_svm,val_mvm,val_conf_mvm,test_mvm,test_conf_mvm
0,5,0.58812004,0.007696995930326689,0.5840934,0.007134809415588861,0.5888534,0.007722266096986563,0.58501333,0.0071580957612600304,0.5893467,0.007739486457436828,0.5858934,0.007154848501205735,0.58945346,0.007760776052187168,0.58669335,0.007166178815866231,0.59,0.007771786812815096,0.5877467,0.007183921453210895,0.59022677,0.0077857696106599095,0.58809334,0.00719737920346164,0.5908534,0.007815376384141537,0.58845335,0.007219971950639836,0.59120005,0.007821978037972133,0.5886134,0.007237214014904403,0.59088,0.007851625448382804,0.58916,0.007265653862026933,0.59128004,0.00786876499675826,0.58945334,0.007275868970056276,0.5915067,0.007876794484503513,0.5895067,0.007303734820556573,0.5895467,0.0074788942998605945,0.58434665,0.0070327068225412015,0.57168007,0.007226624862414988,0.5702933,0.006916970539811551,4.6295323,0.011310352692729175,4.6187325,0.012499026273826708,0.1972046,0.0012304499603584262,0.19769022,0.001160153845466555,,,,,,,,
