,shots,val_acc,val_conf,test_acc,test_conf,val_acc_me1,val_conf_me1,test_acc_me1,test_conf_me1,val_acc_me2,val_conf_me2,test_acc_me2,test_conf_me2,val_acc_me3,val_conf_me3,test_acc_me3,test_conf_me3,val_acc_me4,val_conf_me4,test_acc_me4,test_conf_me4,val_acc_me5,val_conf_me5,test_acc_me5,test_conf_me5,val_acc_me6,val_conf_me6,test_acc_me6,test_conf_me6,val_acc_me7,val_conf_me7,test_acc_me7,test_conf_me7,val_acc_me8,val_conf_me8,test_acc_me8,test_conf_me8,val_acc_me9,val_conf_me9,test_acc_me9,test_conf_me9,val_acc_med,val_conf_med,test_acc_med,test_conf_med,val_acc_maj,val_conf_maj,test_acc_maj,test_conf_maj,val_acc_lin,val_conf_lin,test_acc_lin,test_conf_lin,val_nld,val_conf_nld,test_nld,test_conf_nld,val_mse,val_conf_mse,test_mse,test_conf_mse,val_svm,val_conf_svm,test_svm,test_conf_svm,val_mvm,val_conf_mvm,test_mvm,test_conf_mvm
0,5,0.39421335,0.008201143674776035,0.40276003,0.008069913177512378,0.39464003,0.008220823031214464,0.40289336,0.008102029281360223,0.3941067,0.008250880505181468,0.4029067,0.008130522233560478,0.39412004,0.008260067221836864,0.40297335,0.008151715315604435,0.39401338,0.00825091190644478,0.40234667,0.008203867272586096,0.3946134,0.008269920753554594,0.40226668,0.00821378083613078,0.3943067,0.008274130369973154,0.40181336,0.008221617298463268,0.3945467,0.008286062850036247,0.40149334,0.008215044275196315,0.39409336,0.008283712373119811,0.40113336,0.008247861366069531,0.39404005,0.008303841506477005,0.40081334,0.008249250410188314,0.39436004,0.008320161851306351,0.40049335,0.00826863330175831,0.39713335,0.008120017587412043,0.40680006,0.008041048951551666,0.3789867,0.007350598435367839,0.38526672,0.00737101849219407,25.098085,0.03556858039367228,25.133844,0.03786962802738714,0.23961724,0.001970436431219108,0.2379093,0.0019474502446826802,,,,,,,,
