,shots,val_acc,val_conf,test_acc,test_conf,val_acc_me1,val_conf_me1,test_acc_me1,test_conf_me1,val_acc_me2,val_conf_me2,test_acc_me2,test_conf_me2,val_acc_me3,val_conf_me3,test_acc_me3,test_conf_me3,val_acc_me4,val_conf_me4,test_acc_me4,test_conf_me4,val_acc_me5,val_conf_me5,test_acc_me5,test_conf_me5,val_acc_me6,val_conf_me6,test_acc_me6,test_conf_me6,val_acc_me7,val_conf_me7,test_acc_me7,test_conf_me7,val_acc_me8,val_conf_me8,test_acc_me8,test_conf_me8,val_acc_me9,val_conf_me9,test_acc_me9,test_conf_me9,val_acc_med,val_conf_med,test_acc_med,test_conf_med,val_acc_maj,val_conf_maj,test_acc_maj,test_conf_maj,val_acc_lin,val_conf_lin,test_acc_lin,test_conf_lin,val_nld,val_conf_nld,test_nld,test_conf_nld,val_mse,val_conf_mse,test_mse,test_conf_mse,val_svm,val_conf_svm,test_svm,test_conf_svm,val_mvm,val_conf_mvm,test_mvm,test_conf_mvm
0,5,0.31916004,0.004912028968923843,0.39022672,0.005760519272717479,0.32081336,0.004905918652507668,0.3920934,0.0057511150561352364,0.32358667,0.004991657493097268,0.39408004,0.005732036479749514,0.32556006,0.005074002688331525,0.39542672,0.005746596968482842,0.3285467,0.005132208624168744,0.39670673,0.005685521973101071,0.33048004,0.005151093713358423,0.3986667,0.005733773246681284,0.33208,0.005234097411555838,0.39880005,0.005753168606399961,0.3340934,0.005311277560756611,0.39982674,0.005814212662301754,0.33494672,0.0053209611562257675,0.4010134,0.005897992618199899,0.3352134,0.005389558601306799,0.4018267,0.0059557787930318296,0.33588004,0.005470721169550219,0.40213338,0.006047707376762523,0.3224267,0.004878923263498036,0.39525336,0.005782287736733505,0.32034668,0.0046910873712601164,0.39468005,0.005842419308865754,10.854717,0.012278782430705348,10.862772,0.013911526212764258,0.24443993,0.0007578517693901388,0.2297134,0.0011089202599912917,,,,,,,,
