,shots,val_acc,val_conf,test_acc,test_conf,val_acc_me1,val_conf_me1,test_acc_me1,test_conf_me1,val_acc_me2,val_conf_me2,test_acc_me2,test_conf_me2,val_acc_me3,val_conf_me3,test_acc_me3,test_conf_me3,val_acc_me4,val_conf_me4,test_acc_me4,test_conf_me4,val_acc_me5,val_conf_me5,test_acc_me5,test_conf_me5,val_acc_me6,val_conf_me6,test_acc_me6,test_conf_me6,val_acc_me7,val_conf_me7,test_acc_me7,test_conf_me7,val_acc_me8,val_conf_me8,test_acc_me8,test_conf_me8,val_acc_me9,val_conf_me9,test_acc_me9,test_conf_me9,val_acc_med,val_conf_med,test_acc_med,test_conf_med,val_acc_maj,val_conf_maj,test_acc_maj,test_conf_maj,val_acc_lin,val_conf_lin,test_acc_lin,test_conf_lin,val_nld,val_conf_nld,test_nld,test_conf_nld,val_mse,val_conf_mse,test_mse,test_conf_mse,val_svm,val_conf_svm,test_svm,test_conf_svm,val_mvm,val_conf_mvm,test_mvm,test_conf_mvm
0,5,0.6126801,0.006633681272034786,0.6550001,0.006190756755401372,0.6124,0.006646782063806755,0.65494674,0.006159592848685502,0.6122667,0.006692418258648747,0.65480006,0.0061899019945423905,0.6116934,0.006723006321609271,0.65546674,0.006188935482128621,0.6112933,0.006736705122734388,0.6550668,0.006205190253731563,0.6107734,0.006750772888703516,0.6546134,0.006228923605621772,0.6107334,0.006746307444345567,0.6542001,0.006247005191897026,0.61016005,0.006746225246920923,0.6535734,0.006262573753539669,0.60946673,0.006740778974867356,0.6528668,0.006248154108708048,0.6091867,0.006771557754324253,0.6524668,0.006257829392078085,0.6084934,0.006769384140405621,0.6517334,0.006257437338069827,0.6104,0.00659383583957629,0.65394676,0.006154125796384191,0.60877335,0.006411088337346715,0.6548267,0.005978417718538576,7.968359,0.017911306459848397,8.085392,0.018757424582910076,0.17594662,0.0015471509804326489,0.16328247,0.0014721839276213289,,,,,,,,
