,shots,val_acc,val_conf,test_acc,test_conf,val_acc_me1,val_conf_me1,test_acc_me1,test_conf_me1,val_acc_me2,val_conf_me2,test_acc_me2,test_conf_me2,val_acc_me3,val_conf_me3,test_acc_me3,test_conf_me3,val_acc_me4,val_conf_me4,test_acc_me4,test_conf_me4,val_acc_me5,val_conf_me5,test_acc_me5,test_conf_me5,val_acc_me6,val_conf_me6,test_acc_me6,test_conf_me6,val_acc_me7,val_conf_me7,test_acc_me7,test_conf_me7,val_acc_me8,val_conf_me8,test_acc_me8,test_conf_me8,val_acc_me9,val_conf_me9,test_acc_me9,test_conf_me9,val_acc_med,val_conf_med,test_acc_med,test_conf_med,val_acc_maj,val_conf_maj,test_acc_maj,test_conf_maj,val_acc_lin,val_conf_lin,test_acc_lin,test_conf_lin,val_nld,val_conf_nld,test_nld,test_conf_nld,val_mse,val_conf_mse,test_mse,test_conf_mse,val_svm,val_conf_svm,test_svm,test_conf_svm,val_mvm,val_conf_mvm,test_mvm,test_conf_mvm
0,5,0.54316,0.007952224936840446,0.6178267,0.007806013266271616,0.5437467,0.007954769362736314,0.61816007,0.007813082244785718,0.5440267,0.007971241172482824,0.61840004,0.00784480675640864,0.5447067,0.007986347027274743,0.61864,0.00784611452666939,0.5453201,0.008003934505435906,0.6191334,0.00783635704587482,0.5456134,0.008019718258089004,0.6190401,0.00786635448801487,0.54614675,0.008037629908115629,0.61930674,0.007904434061194565,0.54608,0.008037059143976455,0.6192534,0.007926783448582109,0.5462933,0.00805129961689377,0.6194934,0.007970030376711734,0.5465867,0.008064820631454528,0.61960006,0.007989072472218028,0.54688,0.008074045214339187,0.6197601,0.008002349665204633,0.54608,0.007862932673879053,0.6198667,0.007656780609457625,0.53224003,0.007638965472137382,0.60310674,0.00758090915408427,4.542832,0.01066157857972616,4.6252937,0.012839145363253479,0.20324647,0.0013346671745101957,0.19197607,0.0013008888817309383,,,,,,,,
