,shots,val_acc,val_conf,test_acc,test_conf,val_acc_me1,val_conf_me1,test_acc_me1,test_conf_me1,val_acc_me2,val_conf_me2,test_acc_me2,test_conf_me2,val_acc_me3,val_conf_me3,test_acc_me3,test_conf_me3,val_acc_me4,val_conf_me4,test_acc_me4,test_conf_me4,val_acc_me5,val_conf_me5,test_acc_me5,test_conf_me5,val_acc_me6,val_conf_me6,test_acc_me6,test_conf_me6,val_acc_me7,val_conf_me7,test_acc_me7,test_conf_me7,val_acc_me8,val_conf_me8,test_acc_me8,test_conf_me8,val_acc_me9,val_conf_me9,test_acc_me9,test_conf_me9,val_acc_med,val_conf_med,test_acc_med,test_conf_med,val_acc_maj,val_conf_maj,test_acc_maj,test_conf_maj,val_acc_lin,val_conf_lin,test_acc_lin,test_conf_lin,val_nld,val_conf_nld,test_nld,test_conf_nld,val_mse,val_conf_mse,test_mse,test_conf_mse,val_svm,val_conf_svm,test_svm,test_conf_svm,val_mvm,val_conf_mvm,test_mvm,test_conf_mvm
0,5,0.3565067,0.007014781319016061,0.37144002,0.007067523435034917,0.35660005,0.007033594370013385,0.37132,0.00709168070398003,0.35645336,0.007052292436972973,0.37133336,0.007114840982814563,0.35629332,0.007088331389819902,0.37122673,0.007122597094855576,0.35614672,0.007067215887367695,0.37086672,0.0071385946531692945,0.35585335,0.007104397292059639,0.371,0.007164098482171033,0.35566673,0.0071241486866904236,0.3711467,0.007192702724142741,0.35537338,0.0071398308470210226,0.37112004,0.007192101020523478,0.35556003,0.007144305988827981,0.37117338,0.0072014719887092404,0.3552934,0.007155506080602392,0.37069336,0.007206076429835728,0.3548267,0.00715966351550984,0.37068006,0.007218237954407791,0.35860005,0.006931284436271112,0.37320003,0.0070109088043949774,0.3511467,0.006602927428875194,0.3636534,0.00671390272594502,4.574972,0.01129606419435003,4.5268927,0.012078585523516594,0.23656449,0.001085786071912287,0.23418301,0.0010819829402296255,,,,,,,,
