,shots,val_acc,val_conf,test_acc,test_conf,val_acc_me1,val_conf_me1,test_acc_me1,test_conf_me1,val_acc_me2,val_conf_me2,test_acc_me2,test_conf_me2,val_acc_me3,val_conf_me3,test_acc_me3,test_conf_me3,val_acc_me4,val_conf_me4,test_acc_me4,test_conf_me4,val_acc_me5,val_conf_me5,test_acc_me5,test_conf_me5,val_acc_me6,val_conf_me6,test_acc_me6,test_conf_me6,val_acc_me7,val_conf_me7,test_acc_me7,test_conf_me7,val_acc_me8,val_conf_me8,test_acc_me8,test_conf_me8,val_acc_me9,val_conf_me9,test_acc_me9,test_conf_me9,val_acc_med,val_conf_med,test_acc_med,test_conf_med,val_acc_maj,val_conf_maj,test_acc_maj,test_conf_maj,val_acc_lin,val_conf_lin,test_acc_lin,test_conf_lin,val_nld,val_conf_nld,test_nld,test_conf_nld,val_mse,val_conf_mse,test_mse,test_conf_mse,val_svm,val_conf_svm,test_svm,test_conf_svm,val_mvm,val_conf_mvm,test_mvm,test_conf_mvm
0,5,0.48876005,0.006025224995789169,0.5186667,0.006071375617209718,0.48950672,0.006006775368236461,0.51904005,0.006076486172815643,0.4898667,0.006023808706456579,0.51945335,0.006064915730847331,0.49009332,0.006038745086783259,0.5196134,0.006074649198911208,0.49072003,0.00604641715426657,0.52008003,0.006059539188069674,0.49080005,0.006026390075015153,0.52040005,0.006068171303000747,0.49114668,0.0060343937028964345,0.5204267,0.006079981410493596,0.49109337,0.006032618607952067,0.52032,0.006078207700899063,0.4910667,0.00601476329548617,0.52008003,0.006083297014473965,0.4913067,0.006018500969388274,0.52029335,0.00610626519146229,0.49141333,0.006024425648924248,0.5200533,0.0061022596832553955,0.49033338,0.005982013624972415,0.51923996,0.006056028711543426,0.4807067,0.005773349921268323,0.5106,0.00594358448184662,4.86292,0.012009401151881427,4.752617,0.010978131944594516,0.2148255,0.0008868175082594465,0.20865157,0.0009333402115612177,,,,,,,,
