,shots,val_acc,val_conf,test_acc,test_conf,val_acc_me1,val_conf_me1,test_acc_me1,test_conf_me1,val_acc_me2,val_conf_me2,test_acc_me2,test_conf_me2,val_acc_me3,val_conf_me3,test_acc_me3,test_conf_me3,val_acc_me4,val_conf_me4,test_acc_me4,test_conf_me4,val_acc_me5,val_conf_me5,test_acc_me5,test_conf_me5,val_acc_me6,val_conf_me6,test_acc_me6,test_conf_me6,val_acc_me7,val_conf_me7,test_acc_me7,test_conf_me7,val_acc_me8,val_conf_me8,test_acc_me8,test_conf_me8,val_acc_me9,val_conf_me9,test_acc_me9,test_conf_me9,val_acc_med,val_conf_med,test_acc_med,test_conf_med,val_acc_maj,val_conf_maj,test_acc_maj,test_conf_maj,val_acc_lin,val_conf_lin,test_acc_lin,test_conf_lin,val_nld,val_conf_nld,test_nld,test_conf_nld,val_mse,val_conf_mse,test_mse,test_conf_mse,val_svm,val_conf_svm,test_svm,test_conf_svm,val_mvm,val_conf_mvm,test_mvm,test_conf_mvm
0,5,0.49296004,0.006219061761804923,0.52761334,0.006275620054884246,0.49325335,0.006217124119144546,0.52794665,0.006233311932171359,0.4927867,0.006207735141410653,0.52796,0.006245243950451118,0.4930267,0.006202069984080405,0.52825344,0.006261600314376614,0.49312,0.006199053153884859,0.52878666,0.006264377017264344,0.49326667,0.006211789598645712,0.52877337,0.006268212589222721,0.49270666,0.006212990235184568,0.52876,0.006272809180033478,0.49297333,0.006240627502959228,0.52892005,0.006270633257198455,0.4925867,0.006226402730673486,0.52876,0.006272045852264707,0.4925067,0.006212404693980267,0.52860004,0.006272352014582094,0.49261335,0.0062143266360090155,0.5286667,0.006272272126073952,0.49341333,0.006133322921215323,0.5278,0.006256736351044401,0.48816004,0.006002610083013227,0.52084005,0.00615407869448914,4.8732166,0.012495489013869765,4.7314024,0.01028141918529446,0.21309881,0.0009462093612933598,0.20546171,0.0010254243008128994,,,,,,,,
