,shots,val_acc,val_conf,test_acc,test_conf,val_acc_me1,val_conf_me1,test_acc_me1,test_conf_me1,val_acc_me2,val_conf_me2,test_acc_me2,test_conf_me2,val_acc_me3,val_conf_me3,test_acc_me3,test_conf_me3,val_acc_me4,val_conf_me4,test_acc_me4,test_conf_me4,val_acc_me5,val_conf_me5,test_acc_me5,test_conf_me5,val_acc_me6,val_conf_me6,test_acc_me6,test_conf_me6,val_acc_me7,val_conf_me7,test_acc_me7,test_conf_me7,val_acc_me8,val_conf_me8,test_acc_me8,test_conf_me8,val_acc_me9,val_conf_me9,test_acc_me9,test_conf_me9,val_acc_med,val_conf_med,test_acc_med,test_conf_med,val_acc_maj,val_conf_maj,test_acc_maj,test_conf_maj,val_acc_lin,val_conf_lin,test_acc_lin,test_conf_lin,val_nld,val_conf_nld,test_nld,test_conf_nld,val_mse,val_conf_mse,test_mse,test_conf_mse,val_svm,val_conf_svm,test_svm,test_conf_svm,val_mvm,val_conf_mvm,test_mvm,test_conf_mvm
0,5,0.60430676,0.006616349621813011,0.66284007,0.0060365188295702366,0.60518676,0.006626828869880863,0.66357344,0.006026065441366302,0.60524005,0.006669854142034137,0.66421336,0.006007202979557591,0.60508007,0.006703045277367536,0.66429347,0.006010966975106946,0.60528004,0.0067476350712875055,0.6641467,0.006047191103050853,0.6044934,0.006776055985295404,0.6642667,0.006018881940597742,0.60453343,0.006775903596811572,0.6641868,0.006001012774633274,0.60420007,0.006814001179539453,0.6636001,0.006046841533104752,0.60364,0.006890455867200718,0.6632667,0.006042820324266063,0.60245335,0.006908175415381135,0.6630667,0.006051814477291972,0.6008667,0.006951512853034414,0.66257334,0.006049535115001281,0.6046934,0.006541923548119111,0.66202676,0.0060055382508181765,0.6104134,0.006604579689465928,0.66390675,0.006026517988984792,9.510556,0.021171352369744767,9.416789,0.020995808224965273,0.17746845,0.0013706478272174916,0.160557,0.0013495079656970221,,,,,,,,
