,shots,val_acc,val_conf,test_acc,test_conf,val_acc_me1,val_conf_me1,test_acc_me1,test_conf_me1,val_acc_me2,val_conf_me2,test_acc_me2,test_conf_me2,val_acc_me3,val_conf_me3,test_acc_me3,test_conf_me3,val_acc_me4,val_conf_me4,test_acc_me4,test_conf_me4,val_acc_me5,val_conf_me5,test_acc_me5,test_conf_me5,val_acc_me6,val_conf_me6,test_acc_me6,test_conf_me6,val_acc_me7,val_conf_me7,test_acc_me7,test_conf_me7,val_acc_me8,val_conf_me8,test_acc_me8,test_conf_me8,val_acc_me9,val_conf_me9,test_acc_me9,test_conf_me9,val_acc_med,val_conf_med,test_acc_med,test_conf_med,val_acc_maj,val_conf_maj,test_acc_maj,test_conf_maj,val_acc_lin,val_conf_lin,test_acc_lin,test_conf_lin,val_nld,val_conf_nld,test_nld,test_conf_nld,val_mse,val_conf_mse,test_mse,test_conf_mse,val_svm,val_conf_svm,test_svm,test_conf_svm,val_mvm,val_conf_mvm,test_mvm,test_conf_mvm
0,5,0.35596004,0.005618345896968691,0.35588005,0.005746130567365837,0.35628003,0.005614326997046504,0.35572007,0.005774047214027411,0.35692003,0.005616669161863874,0.35612005,0.005773003122021891,0.3573067,0.005629286004754097,0.35592005,0.005778568072379475,0.35714674,0.005659504179303998,0.35592005,0.005753196313396991,0.3569867,0.0056642568528647574,0.35521334,0.0057572202929352945,0.35712007,0.00570708540533893,0.35464,0.005751890852052632,0.3569334,0.005687992975454692,0.3536267,0.00577555955428305,0.35645336,0.005652315137135988,0.3530934,0.0057714247467565705,0.35632002,0.0056513827966852,0.35257336,0.00575773241059746,0.35600007,0.005663355913677337,0.3523067,0.005775947452241803,0.35476008,0.005614046694593033,0.35488006,0.0057360706185200505,0.35664004,0.00555060921592937,0.36272004,0.0055032297891896564,7.680495,0.013061699046362563,7.594488,0.013918693089334688,0.2382012,0.0011343107211967685,0.2377532,0.0011801991651577137,,,,,,,,
