,shots,val_acc,val_conf,test_acc,test_conf,val_acc_me1,val_conf_me1,test_acc_me1,test_conf_me1,val_acc_me2,val_conf_me2,test_acc_me2,test_conf_me2,val_acc_me3,val_conf_me3,test_acc_me3,test_conf_me3,val_acc_me4,val_conf_me4,test_acc_me4,test_conf_me4,val_acc_me5,val_conf_me5,test_acc_me5,test_conf_me5,val_acc_me6,val_conf_me6,test_acc_me6,test_conf_me6,val_acc_me7,val_conf_me7,test_acc_me7,test_conf_me7,val_acc_me8,val_conf_me8,test_acc_me8,test_conf_me8,val_acc_me9,val_conf_me9,test_acc_me9,test_conf_me9,val_acc_med,val_conf_med,test_acc_med,test_conf_med,val_acc_maj,val_conf_maj,test_acc_maj,test_conf_maj,val_acc_lin,val_conf_lin,test_acc_lin,test_conf_lin,val_nld,val_conf_nld,test_nld,test_conf_nld,val_mse,val_conf_mse,test_mse,test_conf_mse,val_svm,val_conf_svm,test_svm,test_conf_svm,val_mvm,val_conf_mvm,test_mvm,test_conf_mvm
0,5,0.5005467,0.0064265991760789065,0.55328006,0.0060505085541643355,0.50116,0.006420752537917962,0.55425334,0.006023629534542274,0.5017467,0.0064815984887908185,0.5554133,0.006032272732272248,0.5018667,0.006557491186195308,0.55649334,0.006047222504314109,0.50169337,0.006618684398097874,0.55649334,0.006045413699189983,0.50124,0.006654504003884787,0.55632,0.006031148289975308,0.5010267,0.006686004088831576,0.5559734,0.0060710823848242335,0.50037336,0.006742264993475855,0.55516005,0.006087636853778666,0.4997867,0.0067689052711399356,0.55457336,0.006090337824207759,0.4989067,0.006800720292286511,0.55396,0.0061528983764147505,0.49752003,0.006855690512651558,0.5521067,0.0061851313114335005,0.5016,0.006432515081732482,0.55413336,0.006017564011104648,0.4958267,0.006217787701723876,0.55152,0.005941486138603236,9.985683,0.01289153744754401,10.029636,0.0128426216678168,0.20994763,0.0012111153251416484,0.19338584,0.0013420908025865985,,,,,,,,
