,shots,val_acc,val_conf,test_acc,test_conf,val_acc_me1,val_conf_me1,test_acc_me1,test_conf_me1,val_acc_me2,val_conf_me2,test_acc_me2,test_conf_me2,val_acc_me3,val_conf_me3,test_acc_me3,test_conf_me3,val_acc_me4,val_conf_me4,test_acc_me4,test_conf_me4,val_acc_me5,val_conf_me5,test_acc_me5,test_conf_me5,val_acc_me6,val_conf_me6,test_acc_me6,test_conf_me6,val_acc_me7,val_conf_me7,test_acc_me7,test_conf_me7,val_acc_me8,val_conf_me8,test_acc_me8,test_conf_me8,val_acc_me9,val_conf_me9,test_acc_me9,test_conf_me9,val_acc_med,val_conf_med,test_acc_med,test_conf_med,val_acc_maj,val_conf_maj,test_acc_maj,test_conf_maj,val_acc_lin,val_conf_lin,test_acc_lin,test_conf_lin,val_nld,val_conf_nld,test_nld,test_conf_nld,val_mse,val_conf_mse,test_mse,test_conf_mse,val_svm,val_conf_svm,test_svm,test_conf_svm,val_mvm,val_conf_mvm,test_mvm,test_conf_mvm
0,5,0.28594667,0.005046983286591089,0.2988667,0.005739539534550808,0.2859867,0.005025693691840749,0.299,0.005765422487628846,0.28604004,0.00504242363844315,0.29904005,0.005768767645739414,0.286,0.005053238141175254,0.29906672,0.005755497379502039,0.28565335,0.005076771079120135,0.29912004,0.0057592096553235606,0.28541335,0.005085713512418211,0.29938668,0.005739724709647731,0.28514668,0.005083955503455362,0.2991867,0.005762095339066353,0.28512004,0.005097487600814854,0.29926667,0.005775882802582011,0.2848267,0.00508502776424119,0.29937336,0.00580697467110558,0.28438672,0.0050716877687279616,0.29937336,0.00579813890974612,0.28417337,0.0050517179506037735,0.29925334,0.005832058739101975,0.28654668,0.005023961080958539,0.3009867,0.005685193645185993,0.28293335,0.004751486315913878,0.29761335,0.005407466557067142,5.1190534,0.016019385885979176,4.931615,0.012928119919315861,0.24919614,0.0008135098159569032,0.24674009,0.0009520913835984468,,,,,,,,
