,shots,val_acc,val_conf,test_acc,test_conf,val_acc_me1,val_conf_me1,test_acc_me1,test_conf_me1,val_acc_me2,val_conf_me2,test_acc_me2,test_conf_me2,val_acc_me3,val_conf_me3,test_acc_me3,test_conf_me3,val_acc_me4,val_conf_me4,test_acc_me4,test_conf_me4,val_acc_me5,val_conf_me5,test_acc_me5,test_conf_me5,val_acc_me6,val_conf_me6,test_acc_me6,test_conf_me6,val_acc_me7,val_conf_me7,test_acc_me7,test_conf_me7,val_acc_me8,val_conf_me8,test_acc_me8,test_conf_me8,val_acc_me9,val_conf_me9,test_acc_me9,test_conf_me9,val_acc_med,val_conf_med,test_acc_med,test_conf_med,val_acc_maj,val_conf_maj,test_acc_maj,test_conf_maj,val_acc_lin,val_conf_lin,test_acc_lin,test_conf_lin,val_nld,val_conf_nld,test_nld,test_conf_nld,val_mse,val_conf_mse,test_mse,test_conf_mse,val_svm,val_conf_svm,test_svm,test_conf_svm,val_mvm,val_conf_mvm,test_mvm,test_conf_mvm
0,5,0.68609345,0.0066534151189007185,0.7581602,0.0061065699684298425,0.68642676,0.006642799644764108,0.7583201,0.006120278005220636,0.68685347,0.006654630070721423,0.7585201,0.006123212176208259,0.68700004,0.006657689384979015,0.75896007,0.006112889472673855,0.6872667,0.0066631596697633855,0.75918674,0.00611464286380381,0.68754673,0.0066603718840768655,0.7595734,0.0061293659002531475,0.6878801,0.006657809448632923,0.7598801,0.006138946979833304,0.68800014,0.006673412644021992,0.7602935,0.006140650036585371,0.6880934,0.006685109152826829,0.76061344,0.006125400567192019,0.6882934,0.006673777452816387,0.7608534,0.006135436965090224,0.6882401,0.006675874872493215,0.76094675,0.0061258508058940064,0.6871868,0.006649629419537062,0.75925344,0.006007358138741092,0.67334676,0.006526225225373605,0.7456401,0.006174597111154978,4.5184765,0.010351991677481465,4.602216,0.011991351890435986,0.17541973,0.0012816213205361637,0.16147976,0.001250877405717249,,,,,,,,
