,shots,val_acc,val_conf,test_acc,test_conf,val_acc_me1,val_conf_me1,test_acc_me1,test_conf_me1,val_acc_me2,val_conf_me2,test_acc_me2,test_conf_me2,val_acc_me3,val_conf_me3,test_acc_me3,test_conf_me3,val_acc_me4,val_conf_me4,test_acc_me4,test_conf_me4,val_acc_me5,val_conf_me5,test_acc_me5,test_conf_me5,val_acc_me6,val_conf_me6,test_acc_me6,test_conf_me6,val_acc_me7,val_conf_me7,test_acc_me7,test_conf_me7,val_acc_me8,val_conf_me8,test_acc_me8,test_conf_me8,val_acc_me9,val_conf_me9,test_acc_me9,test_conf_me9,val_acc_med,val_conf_med,test_acc_med,test_conf_med,val_acc_maj,val_conf_maj,test_acc_maj,test_conf_maj,val_acc_lin,val_conf_lin,test_acc_lin,test_conf_lin,val_nld,val_conf_nld,test_nld,test_conf_nld,val_mse,val_conf_mse,test_mse,test_conf_mse,val_svm,val_conf_svm,test_svm,test_conf_svm,val_mvm,val_conf_mvm,test_mvm,test_conf_mvm
0,5,0.59916,0.006651507492153819,0.66328,0.006267364755113025,0.59889334,0.0066597798779065576,0.6634001,0.006250079283219745,0.5990934,0.006651730995263283,0.6636401,0.006254916924904763,0.59932005,0.006656817538138515,0.6639734,0.006249325652899929,0.59940004,0.006676943900795984,0.66444004,0.006218066618827511,0.59950674,0.006683220459194561,0.6641868,0.006211372608340149,0.59936005,0.006699569434587493,0.66410667,0.0061785846098137975,0.5994534,0.00669781558167426,0.6640801,0.006162255952885332,0.59932005,0.006695318719456722,0.6644001,0.006154748280251199,0.59932005,0.006703889878994285,0.6644134,0.0061489335051369,0.5990534,0.006685180267452573,0.6644134,0.00615593367794165,0.59862673,0.006684691238954654,0.6639867,0.006228035134583032,0.58769333,0.006568046166721686,0.6541868,0.006329686565362147,4.4347715,0.00907003602584755,4.472005,0.009644134240400781,0.19238934,0.0011706206253856988,0.18055722,0.0011086028994292396,,,,,,,,
