,shots,val_acc,val_conf,test_acc,test_conf,val_acc_me1,val_conf_me1,test_acc_me1,test_conf_me1,val_acc_me2,val_conf_me2,test_acc_me2,test_conf_me2,val_acc_me3,val_conf_me3,test_acc_me3,test_conf_me3,val_acc_me4,val_conf_me4,test_acc_me4,test_conf_me4,val_acc_me5,val_conf_me5,test_acc_me5,test_conf_me5,val_acc_me6,val_conf_me6,test_acc_me6,test_conf_me6,val_acc_me7,val_conf_me7,test_acc_me7,test_conf_me7,val_acc_me8,val_conf_me8,test_acc_me8,test_conf_me8,val_acc_me9,val_conf_me9,test_acc_me9,test_conf_me9,val_acc_med,val_conf_med,test_acc_med,test_conf_med,val_acc_maj,val_conf_maj,test_acc_maj,test_conf_maj,val_acc_lin,val_conf_lin,test_acc_lin,test_conf_lin,val_nld,val_conf_nld,test_nld,test_conf_nld,val_mse,val_conf_mse,test_mse,test_conf_mse,val_svm,val_conf_svm,test_svm,test_conf_svm,val_mvm,val_conf_mvm,test_mvm,test_conf_mvm
0,5,0.79340017,0.004687491003042887,0.7963068,0.004575484082116277,0.79364014,0.004690224298302015,0.7963201,0.0045604853610462515,0.79341346,0.004701760106524011,0.7958401,0.004572971981050333,0.7931467,0.004690102849298272,0.79577345,0.004576995960588581,0.79294676,0.004692532752939571,0.79578674,0.004585622995903593,0.7925868,0.004712862762025427,0.7956134,0.004568642762761144,0.7920001,0.004711929498008027,0.7955201,0.004553680522570547,0.79162675,0.004724362089367995,0.79518676,0.004563246363302298,0.7911468,0.004737186272952831,0.7945601,0.004561512828853531,0.7907468,0.004753555105026952,0.7943468,0.004550460969513281,0.7902401,0.004771771070237851,0.7940668,0.004571351583506189,0.7924001,0.004618818287286608,0.7959335,0.004597818692438693,0.78440017,0.004659048385220688,0.78930676,0.0046552095807793625,4.890529,0.013244325099588394,4.837415,0.014674118822518345,0.14581628,0.0010288037463322963,0.14607866,0.001001740590625716,,,,,,,,
