,shots,val_acc,val_conf,test_acc,test_conf,val_acc_me1,val_conf_me1,test_acc_me1,test_conf_me1,val_acc_me2,val_conf_me2,test_acc_me2,test_conf_me2,val_acc_me3,val_conf_me3,test_acc_me3,test_conf_me3,val_acc_me4,val_conf_me4,test_acc_me4,test_conf_me4,val_acc_me5,val_conf_me5,test_acc_me5,test_conf_me5,val_acc_me6,val_conf_me6,test_acc_me6,test_conf_me6,val_acc_me7,val_conf_me7,test_acc_me7,test_conf_me7,val_acc_me8,val_conf_me8,test_acc_me8,test_conf_me8,val_acc_me9,val_conf_me9,test_acc_me9,test_conf_me9,val_acc_med,val_conf_med,test_acc_med,test_conf_med,val_acc_maj,val_conf_maj,test_acc_maj,test_conf_maj,val_acc_lin,val_conf_lin,test_acc_lin,test_conf_lin,val_nld,val_conf_nld,test_nld,test_conf_nld,val_mse,val_conf_mse,test_mse,test_conf_mse,val_svm,val_conf_svm,test_svm,test_conf_svm,val_mvm,val_conf_mvm,test_mvm,test_conf_mvm
0,5,0.7668001,0.005725893838503415,0.8285335,0.005073550602496257,0.76685345,0.005732688979530054,0.82881343,0.005071305412168603,0.7666935,0.00573222350197955,0.8284134,0.0050829358859638685,0.7667468,0.005728404092436135,0.82816017,0.0050975485562083644,0.7667601,0.005731863311017937,0.8279468,0.005094015452301148,0.7666801,0.00573222350197955,0.8276134,0.005090873017052355,0.76638687,0.005745419882891456,0.82722676,0.005088876727914804,0.76622677,0.005749068432619797,0.82686675,0.0050878381773087344,0.7657468,0.005761322313848627,0.8262135,0.005095629846662564,0.7655468,0.005760355801434858,0.8258801,0.005097418795105502,0.76542675,0.005742193864868184,0.8255868,0.00510136796575178,0.7663734,0.005698465296773203,0.8285868,0.005041032285407976,0.75701344,0.005683347897399105,0.8242135,0.005115399250841479,5.1607966,0.012833472817391112,5.3213973,0.015044822742423136,0.14465423,0.001394136318521283,0.12808916,0.0012830878288008774,,,,,,,,
