,shots,val_acc,val_conf,test_acc,test_conf,val_acc_me1,val_conf_me1,test_acc_me1,test_conf_me1,val_acc_me2,val_conf_me2,test_acc_me2,test_conf_me2,val_acc_me3,val_conf_me3,test_acc_me3,test_conf_me3,val_acc_me4,val_conf_me4,test_acc_me4,test_conf_me4,val_acc_me5,val_conf_me5,test_acc_me5,test_conf_me5,val_acc_me6,val_conf_me6,test_acc_me6,test_conf_me6,val_acc_me7,val_conf_me7,test_acc_me7,test_conf_me7,val_acc_me8,val_conf_me8,test_acc_me8,test_conf_me8,val_acc_me9,val_conf_me9,test_acc_me9,test_conf_me9,val_acc_med,val_conf_med,test_acc_med,test_conf_med,val_acc_maj,val_conf_maj,test_acc_maj,test_conf_maj,val_acc_lin,val_conf_lin,test_acc_lin,test_conf_lin,val_nld,val_conf_nld,test_nld,test_conf_nld,val_mse,val_conf_mse,test_mse,test_conf_mse,val_svm,val_conf_svm,test_svm,test_conf_svm,val_mvm,val_conf_mvm,test_mvm,test_conf_mvm
0,5,0.7558668,0.006053892963854057,0.80732006,0.005334000530821004,0.7552934,0.006044767202592172,0.80697346,0.005334505259950606,0.7548001,0.006041345850239743,0.80666673,0.005345932087317595,0.7546001,0.00603835072385861,0.80617344,0.00534213484337176,0.75420016,0.006030919245466282,0.8058801,0.005341743712930058,0.7541201,0.006020864838020001,0.8054535,0.005351026942291837,0.75365347,0.006036677221236686,0.8050001,0.005375032284536507,0.7530401,0.006028750711163822,0.8048001,0.0053841834438790315,0.75246674,0.0060381697048111915,0.80445343,0.005382789320144021,0.7520668,0.006054856705568157,0.80376005,0.005389771945184085,0.75190675,0.006054042581638108,0.8032801,0.005395920127829634,0.7567334,0.00601089078086503,0.8091334,0.005320153035478392,0.74389344,0.005848438653974997,0.8050401,0.005301961544781575,4.4463415,0.009925233731844507,4.5444202,0.010690775289651455,0.1581258,0.0012700716588156524,0.14691624,0.0011092487033521614,,,,,,,,
