,shots,val_acc,val_conf,test_acc,test_conf,val_acc_me1,val_conf_me1,test_acc_me1,test_conf_me1,val_acc_me2,val_conf_me2,test_acc_me2,test_conf_me2,val_acc_me3,val_conf_me3,test_acc_me3,test_conf_me3,val_acc_me4,val_conf_me4,test_acc_me4,test_conf_me4,val_acc_me5,val_conf_me5,test_acc_me5,test_conf_me5,val_acc_me6,val_conf_me6,test_acc_me6,test_conf_me6,val_acc_me7,val_conf_me7,test_acc_me7,test_conf_me7,val_acc_me8,val_conf_me8,test_acc_me8,test_conf_me8,val_acc_me9,val_conf_me9,test_acc_me9,test_conf_me9,val_acc_med,val_conf_med,test_acc_med,test_conf_med,val_acc_maj,val_conf_maj,test_acc_maj,test_conf_maj,val_acc_lin,val_conf_lin,test_acc_lin,test_conf_lin,val_nld,val_conf_nld,test_nld,test_conf_nld,val_mse,val_conf_mse,test_mse,test_conf_mse,val_svm,val_conf_svm,test_svm,test_conf_svm,val_mvm,val_conf_mvm,test_mvm,test_conf_mvm
0,5,0.56101334,0.0058155873911387435,0.6001067,0.006016628438170968,0.5607733,0.005806082505800503,0.5996533,0.005997361454205263,0.5602667,0.005792229469058552,0.5993867,0.006009690606109452,0.55969334,0.005807250355726157,0.59920007,0.006000043491519724,0.55916,0.0058138714044547735,0.59884,0.005982073656799369,0.55865335,0.005812564557760469,0.59833336,0.005982299007042058,0.55840003,0.005822364522617307,0.59792006,0.00600284928675443,0.5581867,0.005822593567126222,0.5976134,0.005995516629984987,0.5579867,0.005830378309730877,0.59702665,0.005997585880881395,0.5573067,0.005836530186642652,0.5963734,0.00598998723694022,0.55652004,0.005836160298232085,0.59609336,0.006006121944889364,0.5626134,0.005793644373041307,0.6025334,0.00596665378937411,0.56269336,0.005670906993940128,0.59933335,0.005886464198510466,5.238974,0.0141971225498283,5.137674,0.0142138104741516,0.19838898,0.0009628192442418804,0.18811171,0.0010312567391378424,,,,,,,,
