,shots,val_acc,val_conf,test_acc,test_conf,val_acc_me1,val_conf_me1,test_acc_me1,test_conf_me1,val_acc_me2,val_conf_me2,test_acc_me2,test_conf_me2,val_acc_me3,val_conf_me3,test_acc_me3,test_conf_me3,val_acc_me4,val_conf_me4,test_acc_me4,test_conf_me4,val_acc_me5,val_conf_me5,test_acc_me5,test_conf_me5,val_acc_me6,val_conf_me6,test_acc_me6,test_conf_me6,val_acc_me7,val_conf_me7,test_acc_me7,test_conf_me7,val_acc_me8,val_conf_me8,test_acc_me8,test_conf_me8,val_acc_me9,val_conf_me9,test_acc_me9,test_conf_me9,val_acc_med,val_conf_med,test_acc_med,test_conf_med,val_acc_maj,val_conf_maj,test_acc_maj,test_conf_maj,val_acc_lin,val_conf_lin,test_acc_lin,test_conf_lin,val_nld,val_conf_nld,test_nld,test_conf_nld,val_mse,val_conf_mse,test_mse,test_conf_mse,val_svm,val_conf_svm,test_svm,test_conf_svm,val_mvm,val_conf_mvm,test_mvm,test_conf_mvm
0,5,0.6750401,0.006760511436383454,0.7392668,0.006177912253352069,0.6754268,0.006779077895107011,0.7399468,0.0061775257407431505,0.67573345,0.006787153561180759,0.7404801,0.00618751688387964,0.6760801,0.006804051596898564,0.7410935,0.006180584131434297,0.6763734,0.006818526655724355,0.74145347,0.006182731885489012,0.6768134,0.006819221639567052,0.74162686,0.006177588081486496,0.6769334,0.006797695611775123,0.7419201,0.006162084631286868,0.6772401,0.006808098665601059,0.7418934,0.006186142616825929,0.6773334,0.00683034599888277,0.7420668,0.006174757811737819,0.67742676,0.006822522466482295,0.74214673,0.006181070851015824,0.67734677,0.00683011556902402,0.7422667,0.00620122307353721,0.67640007,0.006655621057649164,0.73812014,0.006203042961460126,0.66009337,0.006557780724314455,0.7227867,0.006355414821039962,4.8924227,0.011150087109689899,4.949368,0.012944197366137722,0.17348883,0.0013518879967436837,0.16056378,0.0013332416495119292,,,,,,,,
