,shots,val_acc,val_conf,test_acc,test_conf,val_acc_me1,val_conf_me1,test_acc_me1,test_conf_me1,val_acc_me2,val_conf_me2,test_acc_me2,test_conf_me2,val_acc_me3,val_conf_me3,test_acc_me3,test_conf_me3,val_acc_me4,val_conf_me4,test_acc_me4,test_conf_me4,val_acc_me5,val_conf_me5,test_acc_me5,test_conf_me5,val_acc_me6,val_conf_me6,test_acc_me6,test_conf_me6,val_acc_me7,val_conf_me7,test_acc_me7,test_conf_me7,val_acc_me8,val_conf_me8,test_acc_me8,test_conf_me8,val_acc_me9,val_conf_me9,test_acc_me9,test_conf_me9,val_acc_med,val_conf_med,test_acc_med,test_conf_med,val_acc_maj,val_conf_maj,test_acc_maj,test_conf_maj,val_acc_lin,val_conf_lin,test_acc_lin,test_conf_lin,val_nld,val_conf_nld,test_nld,test_conf_nld,val_mse,val_conf_mse,test_mse,test_conf_mse,val_svm,val_conf_svm,test_svm,test_conf_svm,val_mvm,val_conf_mvm,test_mvm,test_conf_mvm
0,5,0.24624002,0.004450570318396796,0.27953333,0.00574531321095284,0.24638668,0.004449232532222569,0.2802,0.005738586413852276,0.24665335,0.004448804920901439,0.27976,0.005709021662649472,0.24614668,0.004425269674040111,0.27960002,0.005680777149856153,0.24612,0.00442371207902259,0.27981335,0.005699081315674315,0.24586667,0.004415520967127884,0.27972004,0.005711707856013493,0.24537335,0.004435461692905152,0.27981335,0.00571513244084898,0.24545336,0.004426292062231274,0.27949336,0.0057114677287057325,0.24546668,0.004437566039331153,0.27944002,0.0057161155774609895,0.24573334,0.004409997577265845,0.27833334,0.005726697341417841,0.24526669,0.004427315373989021,0.2780267,0.005727337373049757,0.24674667,0.004449570557586602,0.28280005,0.005679381640771364,0.24864002,0.004318600044311949,0.27828002,0.005562288176969465,7.9135213,0.015257022320733782,7.8323693,0.015636296014826634,0.26316193,0.0009797918002372175,0.25644946,0.001248073803953198,,,,,,,,
