,shots,val_acc,val_conf,test_acc,test_conf,val_acc_me1,val_conf_me1,test_acc_me1,test_conf_me1,val_acc_me2,val_conf_me2,test_acc_me2,test_conf_me2,val_acc_me3,val_conf_me3,test_acc_me3,test_conf_me3,val_acc_me4,val_conf_me4,test_acc_me4,test_conf_me4,val_acc_me5,val_conf_me5,test_acc_me5,test_conf_me5,val_acc_me6,val_conf_me6,test_acc_me6,test_conf_me6,val_acc_me7,val_conf_me7,test_acc_me7,test_conf_me7,val_acc_me8,val_conf_me8,test_acc_me8,test_conf_me8,val_acc_me9,val_conf_me9,test_acc_me9,test_conf_me9,val_acc_med,val_conf_med,test_acc_med,test_conf_med,val_acc_maj,val_conf_maj,test_acc_maj,test_conf_maj,val_acc_lin,val_conf_lin,test_acc_lin,test_conf_lin,val_nld,val_conf_nld,test_nld,test_conf_nld,val_mse,val_conf_mse,test_mse,test_conf_mse,val_svm,val_conf_svm,test_svm,test_conf_svm,val_mvm,val_conf_mvm,test_mvm,test_conf_mvm
0,5,0.38613337,0.007688788656016965,0.41094673,0.00845249693418576,0.3864667,0.007703816931217189,0.41070673,0.00845941814204898,0.38706672,0.007725540602254666,0.41057336,0.008461518332425422,0.3868667,0.007739936696138872,0.41038668,0.00847798367720598,0.3868534,0.007767048916319408,0.41017336,0.00851204943007966,0.38628003,0.0077897400233372105,0.40970665,0.008531910729132064,0.38637334,0.007808293552128864,0.40952003,0.008530877258142056,0.38620004,0.0078034882352737145,0.40932003,0.008538174357598627,0.38633338,0.007846148698632427,0.4087467,0.008560133999894304,0.38617337,0.007849687805722372,0.4077067,0.008573788931607373,0.38612005,0.007851937613882864,0.40762672,0.008600335005481519,0.39016002,0.0077038423292978275,0.41573334,0.008295045458480033,0.38332,0.007417430482953458,0.4061067,0.008022594244382897,4.703781,0.012390026023862966,4.8064127,0.013043842810330553,0.23072171,0.001261966438611789,0.22686721,0.0013448349497528211,,,,,,,,
