,shots,val_acc,val_conf,test_acc,test_conf,val_acc_me1,val_conf_me1,test_acc_me1,test_conf_me1,val_acc_me2,val_conf_me2,test_acc_me2,test_conf_me2,val_acc_me3,val_conf_me3,test_acc_me3,test_conf_me3,val_acc_me4,val_conf_me4,test_acc_me4,test_conf_me4,val_acc_me5,val_conf_me5,test_acc_me5,test_conf_me5,val_acc_me6,val_conf_me6,test_acc_me6,test_conf_me6,val_acc_me7,val_conf_me7,test_acc_me7,test_conf_me7,val_acc_me8,val_conf_me8,test_acc_me8,test_conf_me8,val_acc_me9,val_conf_me9,test_acc_me9,test_conf_me9,val_acc_med,val_conf_med,test_acc_med,test_conf_med,val_acc_maj,val_conf_maj,test_acc_maj,test_conf_maj,val_acc_lin,val_conf_lin,test_acc_lin,test_conf_lin,val_nld,val_conf_nld,test_nld,test_conf_nld,val_mse,val_conf_mse,test_mse,test_conf_mse,val_svm,val_conf_svm,test_svm,test_conf_svm,val_mvm,val_conf_mvm,test_mvm,test_conf_mvm
0,5,0.48710668,0.006066696367191149,0.51213336,0.006436037102840908,0.48717335,0.006051670400907316,0.51212,0.006443140253318158,0.4875334,0.006032618607952067,0.51273334,0.006455555758696496,0.4875067,0.00604406806269997,0.51296,0.006474865226724247,0.48764002,0.00604806110275824,0.51326674,0.0064745881567537245,0.48745337,0.006045452488985914,0.51348,0.006471309495436173,0.48748,0.006042837410247637,0.51332,0.006465185787304706,0.48761335,0.00603880188612721,0.5134133,0.006449092178067883,0.48744,0.006054498823522936,0.51388,0.006429895846944644,0.48729333,0.006072602113612435,0.5138933,0.006452709326532857,0.48708,0.0060699699488926395,0.5140667,0.00646375702982338,0.4865467,0.006052312741455623,0.51318663,0.006439540652617981,0.48269337,0.005818112883919868,0.50666666,0.006306320331182835,4.8422666,0.01170187010881829,4.7259607,0.009925039782864964,0.21403952,0.0009217239953248635,0.20776318,0.0010167461229991792,,,,,,,,
