,shots,val_acc,val_conf,test_acc,test_conf,val_acc_me1,val_conf_me1,test_acc_me1,test_conf_me1,val_acc_me2,val_conf_me2,test_acc_me2,test_conf_me2,val_acc_me3,val_conf_me3,test_acc_me3,test_conf_me3,val_acc_me4,val_conf_me4,test_acc_me4,test_conf_me4,val_acc_me5,val_conf_me5,test_acc_me5,test_conf_me5,val_acc_me6,val_conf_me6,test_acc_me6,test_conf_me6,val_acc_me7,val_conf_me7,test_acc_me7,test_conf_me7,val_acc_me8,val_conf_me8,test_acc_me8,test_conf_me8,val_acc_me9,val_conf_me9,test_acc_me9,test_conf_me9,val_acc_med,val_conf_med,test_acc_med,test_conf_med,val_acc_maj,val_conf_maj,test_acc_maj,test_conf_maj,val_acc_lin,val_conf_lin,test_acc_lin,test_conf_lin,val_nld,val_conf_nld,test_nld,test_conf_nld,val_mse,val_conf_mse,test_mse,test_conf_mse,val_svm,val_conf_svm,test_svm,test_conf_svm,val_mvm,val_conf_mvm,test_mvm,test_conf_mvm
0,5,0.40056005,0.007256720202611311,0.4419067,0.007657077997892614,0.40533337,0.007355515503777721,0.44632003,0.007673254728120582,0.4107467,0.007386045843827738,0.44901335,0.0076724396806240325,0.41577336,0.007485936956727501,0.45220006,0.007695692777898722,0.4202534,0.007523381577891508,0.4538667,0.007655107106835757,0.42376,0.007656985641235792,0.45629337,0.007663778473346039,0.4276267,0.007734902334774807,0.45905334,0.007682231333381695,0.42940003,0.007868969104969814,0.46132004,0.0077316924791664965,0.4317067,0.007957007164531404,0.46201336,0.007795575116916087,0.43240002,0.008073510469296108,0.46321335,0.00784081233100048,0.43280005,0.00815645690636635,0.46284002,0.007869647926397605,0.40858674,0.007170531123319612,0.4492,0.00758339724241941,0.4198534,0.0071616888969942005,0.46080005,0.007400933736909587,10.074351,0.02334766864413851,10.108329,0.02098257351604005,0.22486112,0.001100371958726254,0.21609972,0.0012904314529233185,,,,,,,,
