,shots,val_acc,val_conf,test_acc,test_conf,val_acc_me1,val_conf_me1,test_acc_me1,test_conf_me1,val_acc_me2,val_conf_me2,test_acc_me2,test_conf_me2,val_acc_me3,val_conf_me3,test_acc_me3,test_conf_me3,val_acc_me4,val_conf_me4,test_acc_me4,test_conf_me4,val_acc_me5,val_conf_me5,test_acc_me5,test_conf_me5,val_acc_me6,val_conf_me6,test_acc_me6,test_conf_me6,val_acc_me7,val_conf_me7,test_acc_me7,test_conf_me7,val_acc_me8,val_conf_me8,test_acc_me8,test_conf_me8,val_acc_me9,val_conf_me9,test_acc_me9,test_conf_me9,val_acc_med,val_conf_med,test_acc_med,test_conf_med,val_acc_maj,val_conf_maj,test_acc_maj,test_conf_maj,val_acc_lin,val_conf_lin,test_acc_lin,test_conf_lin,val_nld,val_conf_nld,test_nld,test_conf_nld,val_mse,val_conf_mse,test_mse,test_conf_mse,val_svm,val_conf_svm,test_svm,test_conf_svm,val_mvm,val_conf_mvm,test_mvm,test_conf_mvm
0,5,0.2924267,0.00550850612499465,0.3140267,0.0058738976899981865,0.29241332,0.0055071946604675626,0.31425336,0.005879012401653727,0.2922,0.00550791042455806,0.31396002,0.005891240884801974,0.29193336,0.005494128964225131,0.3136667,0.005899913636662091,0.29145336,0.00549507054034154,0.3136267,0.0059247811282981955,0.29192004,0.00548683186476856,0.31334668,0.005907129000477296,0.29173332,0.00547840570518221,0.31312004,0.0059032938903022525,0.29152003,0.005474655101348147,0.31284,0.005902766533791681,0.29160002,0.00548386213646801,0.31272003,0.005918452850171896,0.29128003,0.005493650556742724,0.31262672,0.0059241849660783275,0.29104003,0.005482946420215518,0.31252003,0.0059499247663383215,0.29325336,0.005380726072430342,0.31485337,0.0058082233331059885,0.28893334,0.0051944994949377765,0.3073067,0.00557513775863494,5.2658877,0.016099590253907614,5.060482,0.01262236027693131,0.24730335,0.000854787988777389,0.24393015,0.0009376894597002972,,,,,,,,
