,shots,val_acc,val_conf,test_acc,test_conf,val_acc_me1,val_conf_me1,test_acc_me1,test_conf_me1,val_acc_me2,val_conf_me2,test_acc_me2,test_conf_me2,val_acc_me3,val_conf_me3,test_acc_me3,test_conf_me3,val_acc_me4,val_conf_me4,test_acc_me4,test_conf_me4,val_acc_me5,val_conf_me5,test_acc_me5,test_conf_me5,val_acc_me6,val_conf_me6,test_acc_me6,test_conf_me6,val_acc_me7,val_conf_me7,test_acc_me7,test_conf_me7,val_acc_me8,val_conf_me8,test_acc_me8,test_conf_me8,val_acc_me9,val_conf_me9,test_acc_me9,test_conf_me9,val_acc_med,val_conf_med,test_acc_med,test_conf_med,val_acc_maj,val_conf_maj,test_acc_maj,test_conf_maj,val_acc_lin,val_conf_lin,test_acc_lin,test_conf_lin,val_nld,val_conf_nld,test_nld,test_conf_nld,val_mse,val_conf_mse,test_mse,test_conf_mse,val_svm,val_conf_svm,test_svm,test_conf_svm,val_mvm,val_conf_mvm,test_mvm,test_conf_mvm
0,5,0.56524,0.005583643806729488,0.5964268,0.005933811300420255,0.56488,0.00559290948832647,0.5959734,0.005938223639700535,0.56416005,0.005620624335692881,0.59566677,0.005928809263886059,0.56376,0.005624017981048279,0.59504,0.005934124851270206,0.5636,0.005622597073882796,0.59488,0.00593475426188661,0.56290674,0.005635796225494372,0.59470665,0.005925234599483242,0.56284004,0.005627976387360234,0.59452003,0.005921465986101104,0.56188005,0.0056328015608965165,0.5941201,0.005909703904069863,0.5610801,0.005624258570139262,0.59389335,0.005908068267677313,0.5609467,0.0056236213092071274,0.5934,0.005904118173464479,0.5604,0.0056216240965030195,0.5931467,0.005919140907265308,0.56772006,0.005599000409844734,0.59901345,0.0058467891640838765,0.5686,0.00555063830827629,0.59774673,0.005764477217246156,4.9795756,0.012487900990944212,4.865593,0.010780400960143766,0.19694094,0.0009665088926824328,0.18805262,0.0010367370677086263,,,,,,,,
