,shots,val_acc,val_conf,test_acc,test_conf,val_acc_me1,val_conf_me1,test_acc_me1,test_conf_me1,val_acc_me2,val_conf_me2,test_acc_me2,test_conf_me2,val_acc_me3,val_conf_me3,test_acc_me3,test_conf_me3,val_acc_me4,val_conf_me4,test_acc_me4,test_conf_me4,val_acc_me5,val_conf_me5,test_acc_me5,test_conf_me5,val_acc_me6,val_conf_me6,test_acc_me6,test_conf_me6,val_acc_me7,val_conf_me7,test_acc_me7,test_conf_me7,val_acc_me8,val_conf_me8,test_acc_me8,test_conf_me8,val_acc_me9,val_conf_me9,test_acc_me9,test_conf_me9,val_acc_med,val_conf_med,test_acc_med,test_conf_med,val_acc_maj,val_conf_maj,test_acc_maj,test_conf_maj,val_acc_lin,val_conf_lin,test_acc_lin,test_conf_lin,val_nld,val_conf_nld,test_nld,test_conf_nld,val_mse,val_conf_mse,test_mse,test_conf_mse,val_svm,val_conf_svm,test_svm,test_conf_svm,val_mvm,val_conf_mvm,test_mvm,test_conf_mvm
0,5,0.5931467,0.0075060134467903605,0.57960004,0.007385616847156773,0.5936934,0.00752890542953677,0.58008003,0.007388432801623601,0.59416,0.007557583095050724,0.5807334,0.007434137802174945,0.5946,0.007581011208190103,0.5811867,0.007433360620907714,0.5950667,0.007598040390360605,0.5814667,0.007461165977797779,0.59557337,0.007640330041742138,0.58194673,0.007470084398365051,0.5959867,0.007671253359367025,0.58165336,0.007486809727134558,0.59609336,0.00769264408465653,0.58208,0.007515018220831782,0.59645337,0.007698600165455871,0.5824133,0.007536890124303475,0.5968134,0.007703066533380376,0.58292,0.007546987477595302,0.59678674,0.007731281953826885,0.5828534,0.007557946980278563,0.5941868,0.007369438269795636,0.57869333,0.007346605857092903,0.57658666,0.0070605856029735126,0.5670533,0.0069860611694400054,4.6294956,0.012205833601737659,4.5712056,0.011962986390422259,0.19671623,0.0011946480177821017,0.19847244,0.001169328555756577,,,,,,,,
