,shots,val_acc,val_conf,test_acc,test_conf,val_acc_me1,val_conf_me1,test_acc_me1,test_conf_me1,val_acc_me2,val_conf_me2,test_acc_me2,test_conf_me2,val_acc_me3,val_conf_me3,test_acc_me3,test_conf_me3,val_acc_me4,val_conf_me4,test_acc_me4,test_conf_me4,val_acc_me5,val_conf_me5,test_acc_me5,test_conf_me5,val_acc_me6,val_conf_me6,test_acc_me6,test_conf_me6,val_acc_me7,val_conf_me7,test_acc_me7,test_conf_me7,val_acc_me8,val_conf_me8,test_acc_me8,test_conf_me8,val_acc_me9,val_conf_me9,test_acc_me9,test_conf_me9,val_acc_med,val_conf_med,test_acc_med,test_conf_med,val_acc_maj,val_conf_maj,test_acc_maj,test_conf_maj,val_acc_lin,val_conf_lin,test_acc_lin,test_conf_lin,val_nld,val_conf_nld,test_nld,test_conf_nld,val_mse,val_conf_mse,test_mse,test_conf_mse,val_svm,val_conf_svm,test_svm,test_conf_svm,val_mvm,val_conf_mvm,test_mvm,test_conf_mvm
0,5,0.28069335,0.004916498569331407,0.30205333,0.005841394149974866,0.28072003,0.004935080728686647,0.3015067,0.0058412159016271725,0.28070667,0.004979011096076846,0.30158666,0.005850723557665083,0.28066668,0.004985001348839169,0.30200002,0.005857243475854368,0.28036004,0.004986699325975064,0.30185336,0.005843874387994219,0.28057337,0.005000312697192588,0.30158666,0.005837036762905423,0.28068003,0.005025353819343603,0.30145338,0.0058506228889091405,0.28046668,0.00503591064700315,0.30104005,0.005839500376726481,0.28047997,0.005038416744886365,0.30105335,0.005849783828681787,0.28040004,0.005027713531925715,0.30094668,0.005861761563506762,0.28044003,0.005044600484844786,0.30029336,0.005866107867777415,0.28316,0.004907419909964517,0.30256003,0.005800457985399243,0.27992,0.004803454021365172,0.29749334,0.005661463525778787,5.2479277,0.013904343635561922,5.1065593,0.013697823991646096,0.25050265,0.000862536250502588,0.24728386,0.0010045370347488702,,,,,,,,
