,shots,val_acc,val_conf,test_acc,test_conf,val_acc_me1,val_conf_me1,test_acc_me1,test_conf_me1,val_acc_me2,val_conf_me2,test_acc_me2,test_conf_me2,val_acc_me3,val_conf_me3,test_acc_me3,test_conf_me3,val_acc_me4,val_conf_me4,test_acc_me4,test_conf_me4,val_acc_me5,val_conf_me5,test_acc_me5,test_conf_me5,val_acc_me6,val_conf_me6,test_acc_me6,test_conf_me6,val_acc_me7,val_conf_me7,test_acc_me7,test_conf_me7,val_acc_me8,val_conf_me8,test_acc_me8,test_conf_me8,val_acc_me9,val_conf_me9,test_acc_me9,test_conf_me9,val_acc_med,val_conf_med,test_acc_med,test_conf_med,val_acc_maj,val_conf_maj,test_acc_maj,test_conf_maj,val_acc_lin,val_conf_lin,test_acc_lin,test_conf_lin,val_nld,val_conf_nld,test_nld,test_conf_nld,val_mse,val_conf_mse,test_mse,test_conf_mse,val_svm,val_conf_svm,test_svm,test_conf_svm,val_mvm,val_conf_mvm,test_mvm,test_conf_mvm
0,5,0.5918667,0.007459791710744068,0.57802665,0.007251058739547345,0.59300005,0.007485108517515715,0.5786667,0.007304313896794867,0.5935734,0.007525563042125927,0.5792267,0.007325090912099874,0.5938934,0.007545818242319702,0.5799867,0.007361646600441696,0.59448004,0.007526150430463452,0.5806801,0.007401626411835838,0.5949067,0.007521947279010788,0.5810934,0.007413617538375994,0.5952267,0.0075453476851531365,0.58132,0.007449443147345636,0.59565336,0.007572383249308534,0.5814401,0.00746805486083113,0.5963333,0.007596433384531642,0.5817734,0.007484786192783366,0.59648,0.007625217721984212,0.5816667,0.007525140972204247,0.59664,0.007619307357730087,0.58224,0.007542807415306885,0.5926934,0.007404779006316864,0.5793201,0.0070545283916348955,0.5755067,0.006999907279432782,0.5646267,0.006891453780877854,4.750792,0.01242422661745568,4.6604967,0.011814340198379014,0.19630325,0.001226012453889147,0.19827609,0.0011676903795559412,,,,,,,,
