,shots,val_acc,val_conf,test_acc,test_conf,val_acc_me1,val_conf_me1,test_acc_me1,test_conf_me1,val_acc_me2,val_conf_me2,test_acc_me2,test_conf_me2,val_acc_me3,val_conf_me3,test_acc_me3,test_conf_me3,val_acc_me4,val_conf_me4,test_acc_me4,test_conf_me4,val_acc_me5,val_conf_me5,test_acc_me5,test_conf_me5,val_acc_me6,val_conf_me6,test_acc_me6,test_conf_me6,val_acc_me7,val_conf_me7,test_acc_me7,test_conf_me7,val_acc_me8,val_conf_me8,test_acc_me8,test_conf_me8,val_acc_me9,val_conf_me9,test_acc_me9,test_conf_me9,val_acc_med,val_conf_med,test_acc_med,test_conf_med,val_acc_maj,val_conf_maj,test_acc_maj,test_conf_maj,val_acc_lin,val_conf_lin,test_acc_lin,test_conf_lin,val_nld,val_conf_nld,test_nld,test_conf_nld,val_mse,val_conf_mse,test_mse,test_conf_mse,val_svm,val_conf_svm,test_svm,test_conf_svm,val_mvm,val_conf_mvm,test_mvm,test_conf_mvm
0,5,0.43141338,0.0061858900213694334,0.47781336,0.006729268564725999,0.43244007,0.0062319256587522465,0.48052,0.006722376449209699,0.43241337,0.006260257910369549,0.48232,0.0067165903046589315,0.4327467,0.006251560683995405,0.4827867,0.0067468315683730795,0.43252003,0.006272532571846234,0.48377335,0.006730477975147253,0.43169338,0.006325309321611405,0.48456004,0.006748336981879488,0.4309067,0.006341284252544155,0.48437336,0.006783265345927936,0.4299867,0.0063408598737060284,0.48436,0.006803976788006538,0.42937335,0.006315841378935927,0.48404002,0.0068832451212182955,0.4281467,0.006319243798173724,0.48370668,0.0068862998176431045,0.42710668,0.0063175795312175875,0.48288,0.006955080128904667,0.43214673,0.006233711836495404,0.48149338,0.0066831091694230516,0.43854672,0.006228612363688268,0.47652003,0.006719294507571083,9.365017,0.012859913604676976,9.57442,0.015250944329148197,0.21922544,0.0013204881187695583,0.20870459,0.0013873416392779225,,,,,,,,
