,shots,val_acc,val_conf,test_acc,test_conf,val_acc_me1,val_conf_me1,test_acc_me1,test_conf_me1,val_acc_me2,val_conf_me2,test_acc_me2,test_conf_me2,val_acc_me3,val_conf_me3,test_acc_me3,test_conf_me3,val_acc_me4,val_conf_me4,test_acc_me4,test_conf_me4,val_acc_me5,val_conf_me5,test_acc_me5,test_conf_me5,val_acc_me6,val_conf_me6,test_acc_me6,test_conf_me6,val_acc_me7,val_conf_me7,test_acc_me7,test_conf_me7,val_acc_me8,val_conf_me8,test_acc_me8,test_conf_me8,val_acc_me9,val_conf_me9,test_acc_me9,test_conf_me9,val_acc_med,val_conf_med,test_acc_med,test_conf_med,val_acc_maj,val_conf_maj,test_acc_maj,test_conf_maj,val_acc_lin,val_conf_lin,test_acc_lin,test_conf_lin,val_nld,val_conf_nld,test_nld,test_conf_nld,val_mse,val_conf_mse,test_mse,test_conf_mse,val_svm,val_conf_svm,test_svm,test_conf_svm,val_mvm,val_conf_mvm,test_mvm,test_conf_mvm
0,5,0.26969334,0.004305550510484424,0.32649335,0.005831060363641616,0.27,0.004296652408381618,0.32749337,0.005865445208764641,0.26977333,0.0042744166196819755,0.32782668,0.005911896912886405,0.26974666,0.004239322475434459,0.3283467,0.005954509812566899,0.26860005,0.004253676547039786,0.3285467,0.0059676978813796855,0.26865333,0.004220020857722495,0.32834667,0.005960476514381696,0.26849335,0.004212192245705848,0.32766673,0.006002776324995518,0.26847997,0.004209373058755961,0.32704005,0.005972798277753377,0.26822668,0.0042344552796192425,0.32620007,0.006033581887882888,0.26809332,0.004228335265754057,0.32609338,0.006064061431771628,0.26758668,0.004237757953667709,0.32557335,0.006076624246017626,0.27048,0.004260279124436939,0.32668006,0.005751748161017811,0.26681337,0.004294693523690163,0.3207067,0.005564613255805317,9.158191,0.013203734348909535,9.052272,0.01284416864181992,0.25695056,0.0008695049065982619,0.24601778,0.0011191121634105128,,,,,,,,
