,shots,val_acc,val_conf,test_acc,test_conf,val_acc_me1,val_conf_me1,test_acc_me1,test_conf_me1,val_acc_me2,val_conf_me2,test_acc_me2,test_conf_me2,val_acc_me3,val_conf_me3,test_acc_me3,test_conf_me3,val_acc_me4,val_conf_me4,test_acc_me4,test_conf_me4,val_acc_me5,val_conf_me5,test_acc_me5,test_conf_me5,val_acc_me6,val_conf_me6,test_acc_me6,test_conf_me6,val_acc_me7,val_conf_me7,test_acc_me7,test_conf_me7,val_acc_me8,val_conf_me8,test_acc_me8,test_conf_me8,val_acc_me9,val_conf_me9,test_acc_me9,test_conf_me9,val_acc_med,val_conf_med,test_acc_med,test_conf_med,val_acc_maj,val_conf_maj,test_acc_maj,test_conf_maj,val_acc_lin,val_conf_lin,test_acc_lin,test_conf_lin,val_nld,val_conf_nld,test_nld,test_conf_nld,val_mse,val_conf_mse,test_mse,test_conf_mse,val_svm,val_conf_svm,test_svm,test_conf_svm,val_mvm,val_conf_mvm,test_mvm,test_conf_mvm
0,5,0.37390667,0.007595613719202254,0.4134667,0.008037477519631853,0.3738667,0.007617957103407125,0.41322672,0.008057442258139924,0.37390667,0.007630901350645869,0.41309336,0.008074974322306971,0.37345338,0.007653611852561637,0.4131867,0.0080696056298451,0.37312004,0.007676213373622287,0.41300002,0.008086255687939359,0.37269336,0.007677992162832936,0.4126267,0.008103306573924274,0.37258667,0.007672789250570133,0.41253337,0.008115791346795243,0.37190667,0.007691062476908261,0.41177338,0.008118945326626159,0.37172005,0.007723207211319749,0.41173336,0.008157848721184857,0.37156004,0.007745169162531873,0.41088,0.00818272221600369,0.37133336,0.007776448053285534,0.41026673,0.00821236593214808,0.37645337,0.007496875217379795,0.41546667,0.007974912349592023,0.36849338,0.007195939363181525,0.40713337,0.007853916817038842,4.4977107,0.011379240599496576,4.597995,0.013277326903775588,0.23274982,0.0011516109701551203,0.2263219,0.001268610345612875,,,,,,,,
