,shots,val_acc,val_conf,test_acc,test_conf,val_acc_me1,val_conf_me1,test_acc_me1,test_conf_me1,val_acc_me2,val_conf_me2,test_acc_me2,test_conf_me2,val_acc_me3,val_conf_me3,test_acc_me3,test_conf_me3,val_acc_me4,val_conf_me4,test_acc_me4,test_conf_me4,val_acc_me5,val_conf_me5,test_acc_me5,test_conf_me5,val_acc_me6,val_conf_me6,test_acc_me6,test_conf_me6,val_acc_me7,val_conf_me7,test_acc_me7,test_conf_me7,val_acc_me8,val_conf_me8,test_acc_me8,test_conf_me8,val_acc_me9,val_conf_me9,test_acc_me9,test_conf_me9,val_acc_med,val_conf_med,test_acc_med,test_conf_med,val_acc_maj,val_conf_maj,test_acc_maj,test_conf_maj,val_acc_lin,val_conf_lin,test_acc_lin,test_conf_lin,val_nld,val_conf_nld,test_nld,test_conf_nld,val_mse,val_conf_mse,test_mse,test_conf_mse,val_svm,val_conf_svm,test_svm,test_conf_svm,val_mvm,val_conf_mvm,test_mvm,test_conf_mvm
0,5,0.38508004,0.007657001341867475,0.4241867,0.008332532101922863,0.3849867,0.007678545379207424,0.42412004,0.008336105380975845,0.38520002,0.007716722388660058,0.42406672,0.008373190272961406,0.38509336,0.007741936679542649,0.42393336,0.008386568134704009,0.38508,0.007760579332508122,0.42309338,0.008401440327154175,0.38501337,0.007778870568394325,0.42300004,0.008397011825458933,0.38524002,0.007790940659876067,0.4224267,0.008404315389881456,0.38509336,0.007803939859325648,0.42220002,0.008415935704444433,0.38486668,0.007806772437990772,0.4219867,0.008438933435562956,0.38509333,0.0078054286486338165,0.4217467,0.0084767202381405,0.38496003,0.00781197396490374,0.42166668,0.008495230359303385,0.38794672,0.007632766493330612,0.42740002,0.00831374768148918,0.37709334,0.007411090660245034,0.41865334,0.008032368349375762,4.596946,0.010107637205527098,4.7238255,0.014219084962824091,0.23177752,0.0012142298225017722,0.22526392,0.0013114267762758258,,,,,,,,
