,shots,val_acc,val_conf,test_acc,test_conf,val_acc_me1,val_conf_me1,test_acc_me1,test_conf_me1,val_acc_me2,val_conf_me2,test_acc_me2,test_conf_me2,val_acc_me3,val_conf_me3,test_acc_me3,test_conf_me3,val_acc_me4,val_conf_me4,test_acc_me4,test_conf_me4,val_acc_me5,val_conf_me5,test_acc_me5,test_conf_me5,val_acc_me6,val_conf_me6,test_acc_me6,test_conf_me6,val_acc_me7,val_conf_me7,test_acc_me7,test_conf_me7,val_acc_me8,val_conf_me8,test_acc_me8,test_conf_me8,val_acc_me9,val_conf_me9,test_acc_me9,test_conf_me9,val_acc_med,val_conf_med,test_acc_med,test_conf_med,val_acc_maj,val_conf_maj,test_acc_maj,test_conf_maj,val_acc_lin,val_conf_lin,test_acc_lin,test_conf_lin,val_nld,val_conf_nld,test_nld,test_conf_nld,val_mse,val_conf_mse,test_mse,test_conf_mse,val_svm,val_conf_svm,test_svm,test_conf_svm,val_mvm,val_conf_mvm,test_mvm,test_conf_mvm
0,5,0.5554,0.007657855640943234,0.61740005,0.007627175221325833,0.55560005,0.007660583856586078,0.6177467,0.007665772915350422,0.5556667,0.007674860348599655,0.6185601,0.007698470866136287,0.5558267,0.007702141119678929,0.61869335,0.0076982071878810565,0.55660003,0.007732831698528564,0.6185334,0.007722655380295151,0.55676,0.0077487272027364495,0.61884004,0.007718606002676265,0.5566934,0.00773002544151058,0.61901337,0.007722771287899444,0.5567467,0.007734532908147407,0.6191067,0.007744118605560346,0.55681336,0.0077269024011596965,0.6194534,0.007748742903368133,0.5569467,0.007740544864724086,0.6199468,0.007766000668264272,0.5568667,0.0077651990124829595,0.6198667,0.007783142987339509,0.55692005,0.0074821978974755066,0.61772007,0.007555891582880725,0.5436533,0.007384312771162249,0.60104007,0.0074254401140174675,4.4397955,0.01036620906123531,4.509213,0.011857462445021838,0.20303364,0.001224623640661976,0.19315019,0.0012669807124030263,,,,,,,,
