,shots,val_acc,val_conf,test_acc,test_conf,val_acc_me1,val_conf_me1,test_acc_me1,test_conf_me1,val_acc_me2,val_conf_me2,test_acc_me2,test_conf_me2,val_acc_me3,val_conf_me3,test_acc_me3,test_conf_me3,val_acc_me4,val_conf_me4,test_acc_me4,test_conf_me4,val_acc_me5,val_conf_me5,test_acc_me5,test_conf_me5,val_acc_me6,val_conf_me6,test_acc_me6,test_conf_me6,val_acc_me7,val_conf_me7,test_acc_me7,test_conf_me7,val_acc_me8,val_conf_me8,test_acc_me8,test_conf_me8,val_acc_me9,val_conf_me9,test_acc_me9,test_conf_me9,val_acc_med,val_conf_med,test_acc_med,test_conf_med,val_acc_maj,val_conf_maj,test_acc_maj,test_conf_maj,val_acc_lin,val_conf_lin,test_acc_lin,test_conf_lin,val_nld,val_conf_nld,test_nld,test_conf_nld,val_mse,val_conf_mse,test_mse,test_conf_mse,val_svm,val_conf_svm,test_svm,test_conf_svm,val_mvm,val_conf_mvm,test_mvm,test_conf_mvm
0,5,0.43817338,0.006204921957643494,0.48876002,0.006242219731723064,0.4384667,0.00624224328267059,0.4905467,0.006253269282146812,0.43924,0.006287960751370558,0.4917867,0.0063088425914809565,0.44048005,0.006314267159720166,0.49324003,0.0063561476711119225,0.44068003,0.006334139541571415,0.49462667,0.006405998100205257,0.4417867,0.00636867031021221,0.49570668,0.006446778182030877,0.4427467,0.0063718640034055585,0.49629334,0.006455912255391882,0.44284007,0.006387404858051227,0.49610668,0.006480643982742507,0.44280005,0.0064078281473604615,0.49609336,0.00650051913529337,0.44238672,0.006439491703589817,0.4955467,0.006518072903274774,0.44270673,0.006477218012557129,0.4951067,0.006562228159124328,0.4394134,0.006209317672725534,0.49009338,0.0063396172148882934,0.44345337,0.006059536879153282,0.49733338,0.006258442640279416,9.214697,0.015922280249849763,9.268685,0.014622203298577219,0.21886826,0.0011924914898450156,0.20521207,0.0013434541022873114,,,,,,,,
