,shots,val_acc,val_conf,test_acc,test_conf,val_acc_me1,val_conf_me1,test_acc_me1,test_conf_me1,val_acc_me2,val_conf_me2,test_acc_me2,test_conf_me2,val_acc_me3,val_conf_me3,test_acc_me3,test_conf_me3,val_acc_me4,val_conf_me4,test_acc_me4,test_conf_me4,val_acc_me5,val_conf_me5,test_acc_me5,test_conf_me5,val_acc_me6,val_conf_me6,test_acc_me6,test_conf_me6,val_acc_me7,val_conf_me7,test_acc_me7,test_conf_me7,val_acc_me8,val_conf_me8,test_acc_me8,test_conf_me8,val_acc_me9,val_conf_me9,test_acc_me9,test_conf_me9,val_acc_med,val_conf_med,test_acc_med,test_conf_med,val_acc_maj,val_conf_maj,test_acc_maj,test_conf_maj,val_acc_lin,val_conf_lin,test_acc_lin,test_conf_lin,val_nld,val_conf_nld,test_nld,test_conf_nld,val_mse,val_conf_mse,test_mse,test_conf_mse,val_svm,val_conf_svm,test_svm,test_conf_svm,val_mvm,val_conf_mvm,test_mvm,test_conf_mvm
0,5,0.54164004,0.007065928435571411,0.53168005,0.007329475082599735,0.54230666,0.007103521289169579,0.5322933,0.007326736707724657,0.5428534,0.0071081451251939765,0.5327733,0.007351435648462079,0.5435467,0.007120206442793431,0.5332134,0.007352862097026902,0.5442667,0.007130297792902529,0.53362674,0.0073578156463162125,0.54448,0.007150665668217648,0.53436005,0.007347661031897212,0.54429334,0.007168960136586855,0.5348934,0.007351950536823915,0.5449467,0.007181157680255068,0.5351467,0.007358001283196414,0.54546666,0.007221858797138991,0.5349734,0.007372126310292826,0.5458267,0.007233451404704994,0.5351067,0.007380719173644801,0.5465067,0.00727194704462375,0.5354401,0.007378482757199545,0.54258674,0.00702719543904462,0.5327867,0.007224292395046628,0.5263467,0.006816792197708921,0.51828,0.0069209400289222955,4.356845,0.009861894613020006,4.329094,0.01042599337233785,0.20725538,0.0010749748016631588,0.20859024,0.0010713069724827828,,,,,,,,
