,shots,val_acc,val_conf,test_acc,test_conf,val_acc_me1,val_conf_me1,test_acc_me1,test_conf_me1,val_acc_me2,val_conf_me2,test_acc_me2,test_conf_me2,val_acc_me3,val_conf_me3,test_acc_me3,test_conf_me3,val_acc_me4,val_conf_me4,test_acc_me4,test_conf_me4,val_acc_me5,val_conf_me5,test_acc_me5,test_conf_me5,val_acc_me6,val_conf_me6,test_acc_me6,test_conf_me6,val_acc_me7,val_conf_me7,test_acc_me7,test_conf_me7,val_acc_me8,val_conf_me8,test_acc_me8,test_conf_me8,val_acc_me9,val_conf_me9,test_acc_me9,test_conf_me9,val_acc_med,val_conf_med,test_acc_med,test_conf_med,val_acc_maj,val_conf_maj,test_acc_maj,test_conf_maj,val_acc_lin,val_conf_lin,test_acc_lin,test_conf_lin,val_nld,val_conf_nld,test_nld,test_conf_nld,val_mse,val_conf_mse,test_mse,test_conf_mse,val_svm,val_conf_svm,test_svm,test_conf_svm,val_mvm,val_conf_mvm,test_mvm,test_conf_mvm
0,5,0.81520015,0.00437180024934869,0.8014135,0.00450156504646837,0.8156001,0.0043555625637271556,0.80165344,0.004488018172043806,0.8158801,0.004371496395947694,0.8015735,0.004498626257647853,0.81593347,0.004375283480661185,0.8017068,0.004489160162105543,0.8157868,0.004369746699083965,0.8016268,0.004499464856091873,0.81553346,0.00437206392760392,0.8019202,0.0045087342319551915,0.8154135,0.0043801783834734875,0.8017201,0.004525917649742639,0.8148934,0.00439650796396851,0.8017468,0.004503772370566761,0.8148001,0.004409595364025298,0.80132014,0.004517515041103759,0.8148401,0.004427103877244876,0.80106676,0.004532954303426928,0.81454676,0.0044172484983939775,0.8007868,0.004551759965891744,0.8140535,0.00435352055804461,0.8014001,0.004451876241524433,0.8053468,0.004468446411110549,0.7942001,0.004513168275049884,5.364507,0.016353992206560086,5.332256,0.01787990704365683,0.13510382,0.0011087521708758319,0.13857614,0.0010437487850955551,,,,,,,,
