,shots,val_acc,val_conf,test_acc,test_conf,val_acc_me1,val_conf_me1,test_acc_me1,test_conf_me1,val_acc_me2,val_conf_me2,test_acc_me2,test_conf_me2,val_acc_me3,val_conf_me3,test_acc_me3,test_conf_me3,val_acc_me4,val_conf_me4,test_acc_me4,test_conf_me4,val_acc_me5,val_conf_me5,test_acc_me5,test_conf_me5,val_acc_me6,val_conf_me6,test_acc_me6,test_conf_me6,val_acc_me7,val_conf_me7,test_acc_me7,test_conf_me7,val_acc_me8,val_conf_me8,test_acc_me8,test_conf_me8,val_acc_me9,val_conf_me9,test_acc_me9,test_conf_me9,val_acc_med,val_conf_med,test_acc_med,test_conf_med,val_acc_maj,val_conf_maj,test_acc_maj,test_conf_maj,val_acc_lin,val_conf_lin,test_acc_lin,test_conf_lin,val_nld,val_conf_nld,test_nld,test_conf_nld,val_mse,val_conf_mse,test_mse,test_conf_mse,val_svm,val_conf_svm,test_svm,test_conf_svm,val_mvm,val_conf_mvm,test_mvm,test_conf_mvm
0,5,0.34985334,0.00784237962346701,0.3690934,0.008186093233978176,0.3498667,0.007894270211109833,0.36910668,0.008199678898198615,0.34897336,0.007895337854062823,0.36896002,0.008261717635294485,0.34856007,0.007968027160824953,0.36861336,0.008250633912907701,0.34810668,0.00796598977297519,0.36809337,0.008259572190156217,0.34764004,0.007973423560283854,0.36713335,0.00828536371014399,0.34709334,0.007972878656008542,0.36648005,0.008326228760093868,0.34620002,0.007972484293083837,0.3651467,0.008336124775873754,0.34550673,0.008009767751881613,0.3646667,0.008360710117923276,0.3453067,0.00803219010102807,0.36366668,0.008359479003687664,0.34476,0.008049998311599027,0.36214668,0.008343832862453215,0.35297337,0.00781379708530966,0.37305337,0.008083049988380608,0.36653337,0.007893209033122794,0.38669336,0.008176364383747137,7.4294734,0.02264872454800937,7.577453,0.023022528880884074,0.23488489,0.001485650220862833,0.23084024,0.0015734220623610518,,,,,,,,
