,shots,val_acc,val_conf,test_acc,test_conf,val_acc_me1,val_conf_me1,test_acc_me1,test_conf_me1,val_acc_me2,val_conf_me2,test_acc_me2,test_conf_me2,val_acc_me3,val_conf_me3,test_acc_me3,test_conf_me3,val_acc_me4,val_conf_me4,test_acc_me4,test_conf_me4,val_acc_me5,val_conf_me5,test_acc_me5,test_conf_me5,val_acc_me6,val_conf_me6,test_acc_me6,test_conf_me6,val_acc_me7,val_conf_me7,test_acc_me7,test_conf_me7,val_acc_me8,val_conf_me8,test_acc_me8,test_conf_me8,val_acc_me9,val_conf_me9,test_acc_me9,test_conf_me9,val_acc_med,val_conf_med,test_acc_med,test_conf_med,val_acc_maj,val_conf_maj,test_acc_maj,test_conf_maj,val_acc_lin,val_conf_lin,test_acc_lin,test_conf_lin,val_nld,val_conf_nld,test_nld,test_conf_nld,val_mse,val_conf_mse,test_mse,test_conf_mse,val_svm,val_conf_svm,test_svm,test_conf_svm,val_mvm,val_conf_mvm,test_mvm,test_conf_mvm
0,5,0.5170134,0.006546923275736916,0.57654667,0.006016684313948306,0.51736003,0.006616356548562297,0.5780267,0.005990334036186651,0.51768,0.0066400224800929886,0.57868004,0.006006978091098181,0.51805335,0.0066428509027086635,0.57928,0.0060294059816440315,0.51777333,0.006646577032028644,0.57916003,0.006059881369483211,0.51690674,0.00665783253779717,0.5787334,0.006076719835157451,0.5163334,0.006690261730711633,0.57848006,0.006107131958686729,0.51524,0.006711286723640186,0.5777734,0.006154693789823695,0.51460004,0.006755926851938154,0.5773733,0.006138293094702929,0.51401335,0.006771512961345705,0.5763867,0.006187508109997242,0.5122133,0.0067745182469590715,0.5751067,0.006197705208478399,0.51709336,0.006520905943723121,0.57590675,0.006015141034212634,0.51301336,0.006183798143092112,0.5746934,0.005924554392705672,9.637653,0.013228390805585022,9.775961,0.014650190136299202,0.20378011,0.0013374802428315624,0.18684714,0.0013652748632602962,,,,,,,,
