,shots,val_acc,val_conf,test_acc,test_conf,val_acc_me1,val_conf_me1,test_acc_me1,test_conf_me1,val_acc_me2,val_conf_me2,test_acc_me2,test_conf_me2,val_acc_me3,val_conf_me3,test_acc_me3,test_conf_me3,val_acc_me4,val_conf_me4,test_acc_me4,test_conf_me4,val_acc_me5,val_conf_me5,test_acc_me5,test_conf_me5,val_acc_me6,val_conf_me6,test_acc_me6,test_conf_me6,val_acc_me7,val_conf_me7,test_acc_me7,test_conf_me7,val_acc_me8,val_conf_me8,test_acc_me8,test_conf_me8,val_acc_me9,val_conf_me9,test_acc_me9,test_conf_me9,val_acc_med,val_conf_med,test_acc_med,test_conf_med,val_acc_maj,val_conf_maj,test_acc_maj,test_conf_maj,val_acc_lin,val_conf_lin,test_acc_lin,test_conf_lin,val_nld,val_conf_nld,test_nld,test_conf_nld,val_mse,val_conf_mse,test_mse,test_conf_mse,val_svm,val_conf_svm,test_svm,test_conf_svm,val_mvm,val_conf_mvm,test_mvm,test_conf_mvm
0,5,0.8294135,0.004183150233180721,0.8107868,0.004354889283698871,0.82940006,0.00419012316077183,0.81053346,0.004362212243019359,0.82925344,0.004200176644651554,0.81052005,0.0043624145040978,0.8291868,0.004194224719901829,0.81053346,0.004358606639136453,0.82902676,0.004201910179100432,0.81038684,0.004367244295466977,0.82854676,0.004207880575181511,0.8101068,0.004364995872656374,0.8285067,0.00422213951943029,0.8100935,0.0043559430731533455,0.82844007,0.004223463452106002,0.8097201,0.004369075266188793,0.8281334,0.004221406207575051,0.8093601,0.004391520704499441,0.82785344,0.0042405669813853075,0.8092001,0.00440385539780308,0.8275468,0.00424174083449369,0.80873346,0.00440975606460825,0.8288668,0.004078076064699343,0.8107867,0.004363043914714093,0.8206935,0.004196507314675579,0.8046001,0.0045157574939241885,5.0341043,0.014633335046426055,4.985747,0.01536764989499062,0.13544124,0.0010318011816299044,0.14066271,0.001002212764033783,,,,,,,,
