,shots,val_acc,val_conf,test_acc,test_conf,val_acc_me1,val_conf_me1,test_acc_me1,test_conf_me1,val_acc_me2,val_conf_me2,test_acc_me2,test_conf_me2,val_acc_me3,val_conf_me3,test_acc_me3,test_conf_me3,val_acc_me4,val_conf_me4,test_acc_me4,test_conf_me4,val_acc_me5,val_conf_me5,test_acc_me5,test_conf_me5,val_acc_me6,val_conf_me6,test_acc_me6,test_conf_me6,val_acc_me7,val_conf_me7,test_acc_me7,test_conf_me7,val_acc_me8,val_conf_me8,test_acc_me8,test_conf_me8,val_acc_me9,val_conf_me9,test_acc_me9,test_conf_me9,val_acc_med,val_conf_med,test_acc_med,test_conf_med,val_acc_maj,val_conf_maj,test_acc_maj,test_conf_maj,val_acc_lin,val_conf_lin,test_acc_lin,test_conf_lin,val_nld,val_conf_nld,test_nld,test_conf_nld,val_mse,val_conf_mse,test_mse,test_conf_mse,val_svm,val_conf_svm,test_svm,test_conf_svm,val_mvm,val_conf_mvm,test_mvm,test_conf_mvm
0,5,0.26749334,0.004173873007001672,0.35448003,0.00553989076412037,0.26786667,0.0041567837930041596,0.3553467,0.005527326564524537,0.26829332,0.0041555679176169535,0.35662672,0.005541024903866321,0.2687467,0.004171047355085777,0.35748005,0.005589073454584814,0.2682,0.0041797339604444095,0.3580534,0.005641264663145629,0.26814666,0.004188467205914759,0.3580267,0.005662999878765229,0.26740003,0.0041981909765296255,0.35813338,0.005720070289506662,0.26684004,0.004142363224605927,0.35728002,0.005731172945008078,0.26724002,0.004134130090432342,0.3564134,0.00574500797220201,0.26646668,0.00412035093901586,0.35554668,0.005721746101044922,0.26617333,0.004131853960624654,0.35426673,0.0057731675168710694,0.26876,0.00416076575026364,0.3564134,0.005521228254473709,0.27029333,0.004160738043266554,0.35204005,0.005492051863012881,10.063907,0.012375604531898787,10.169502,0.01405863004863761,0.2540247,0.0007773051406338993,0.23874414,0.0009637474286430525,,,,,,,,
