,shots,val_acc,val_conf,test_acc,test_conf,val_acc_me1,val_conf_me1,test_acc_me1,test_conf_me1,val_acc_me2,val_conf_me2,test_acc_me2,test_conf_me2,val_acc_me3,val_conf_me3,test_acc_me3,test_conf_me3,val_acc_me4,val_conf_me4,test_acc_me4,test_conf_me4,val_acc_me5,val_conf_me5,test_acc_me5,test_conf_me5,val_acc_me6,val_conf_me6,test_acc_me6,test_conf_me6,val_acc_me7,val_conf_me7,test_acc_me7,test_conf_me7,val_acc_me8,val_conf_me8,test_acc_me8,test_conf_me8,val_acc_me9,val_conf_me9,test_acc_me9,test_conf_me9,val_acc_med,val_conf_med,test_acc_med,test_conf_med,val_acc_maj,val_conf_maj,test_acc_maj,test_conf_maj,val_acc_lin,val_conf_lin,test_acc_lin,test_conf_lin,val_nld,val_conf_nld,test_nld,test_conf_nld,val_mse,val_conf_mse,test_mse,test_conf_mse,val_svm,val_conf_svm,test_svm,test_conf_svm,val_mvm,val_conf_mvm,test_mvm,test_conf_mvm
0,5,0.55660003,0.005883355473441321,0.5927067,0.005978436651653207,0.5567467,0.005864996817195656,0.5925067,0.005979600807312635,0.5563067,0.005854135212568612,0.5920934,0.0059914330804030635,0.55634665,0.005858609430808959,0.5923066,0.005960243775606444,0.5559867,0.0058789634526256185,0.5919468,0.005965237038258242,0.5557467,0.005875987721142395,0.5916534,0.005960705558890722,0.5553867,0.005898459481100238,0.59125334,0.005947475467799057,0.55504006,0.00591832124193592,0.5909334,0.005951378460116841,0.55442667,0.005912870813832738,0.5904134,0.005965859522125361,0.55380005,0.005923699170063412,0.5898267,0.005972890172626921,0.5531201,0.005893326298113344,0.58948004,0.005972183644202156,0.5589867,0.005839166507412008,0.5953067,0.006022202624194173,0.56081337,0.0056958100428892156,0.59356004,0.00596091151423539,4.941526,0.012912372185758692,4.8226924,0.011001452924012334,0.19863315,0.0009824051472881734,0.18959914,0.0010567209702229685,,,,,,,,
