,shots,val_acc,val_conf,test_acc,test_conf,val_acc_me1,val_conf_me1,test_acc_me1,test_conf_me1,val_acc_me2,val_conf_me2,test_acc_me2,test_conf_me2,val_acc_me3,val_conf_me3,test_acc_me3,test_conf_me3,val_acc_me4,val_conf_me4,test_acc_me4,test_conf_me4,val_acc_me5,val_conf_me5,test_acc_me5,test_conf_me5,val_acc_me6,val_conf_me6,test_acc_me6,test_conf_me6,val_acc_me7,val_conf_me7,test_acc_me7,test_conf_me7,val_acc_me8,val_conf_me8,test_acc_me8,test_conf_me8,val_acc_me9,val_conf_me9,test_acc_me9,test_conf_me9,val_acc_med,val_conf_med,test_acc_med,test_conf_med,val_acc_maj,val_conf_maj,test_acc_maj,test_conf_maj,val_acc_lin,val_conf_lin,test_acc_lin,test_conf_lin,val_nld,val_conf_nld,test_nld,test_conf_nld,val_mse,val_conf_mse,test_mse,test_conf_mse,val_svm,val_conf_svm,test_svm,test_conf_svm,val_mvm,val_conf_mvm,test_mvm,test_conf_mvm
0,5,0.36481342,0.007277717488542779,0.39956006,0.007933810866600666,0.36465338,0.007283469922913788,0.39920002,0.007979710277914609,0.36449334,0.007290235509810228,0.39897338,0.007994973139023198,0.36450672,0.007314402937987574,0.3988667,0.008004660428758636,0.36449334,0.007346933261441313,0.39896002,0.008043259969916339,0.36406672,0.007330378330703657,0.39881337,0.008069444005695647,0.36413336,0.007351141492510038,0.39852002,0.00807654069120689,0.36406672,0.007378805081931894,0.39826673,0.00809642415585693,0.36424005,0.007391435778320632,0.39805335,0.008135658187247041,0.36393335,0.0074131890034883074,0.39793336,0.008125075961506911,0.36421338,0.007448522813260305,0.39748004,0.008130387392841498,0.3663867,0.007324481358164714,0.4019867,0.007883715692366733,0.3599067,0.006938430070810464,0.3939334,0.007619643074177618,4.4953666,0.010716264803370734,4.5435395,0.011582181422959081,0.23467447,0.0011509731319938599,0.22903694,0.0012340674551608588,,,,,,,,
