,shots,val_acc,val_conf,test_acc,test_conf,val_acc_me1,val_conf_me1,test_acc_me1,test_conf_me1,val_acc_me2,val_conf_me2,test_acc_me2,test_conf_me2,val_acc_me3,val_conf_me3,test_acc_me3,test_conf_me3,val_acc_me4,val_conf_me4,test_acc_me4,test_conf_me4,val_acc_me5,val_conf_me5,test_acc_me5,test_conf_me5,val_acc_me6,val_conf_me6,test_acc_me6,test_conf_me6,val_acc_me7,val_conf_me7,test_acc_me7,test_conf_me7,val_acc_me8,val_conf_me8,test_acc_me8,test_conf_me8,val_acc_me9,val_conf_me9,test_acc_me9,test_conf_me9,val_acc_med,val_conf_med,test_acc_med,test_conf_med,val_acc_maj,val_conf_maj,test_acc_maj,test_conf_maj,val_acc_lin,val_conf_lin,test_acc_lin,test_conf_lin,val_nld,val_conf_nld,test_nld,test_conf_nld,val_mse,val_conf_mse,test_mse,test_conf_mse,val_svm,val_conf_svm,test_svm,test_conf_svm,val_mvm,val_conf_mvm,test_mvm,test_conf_mvm
0,5,0.3849867,0.005713955355257594,0.42057335,0.006043169894212219,0.38537335,0.005720260544219757,0.42057335,0.006035246154839025,0.38534668,0.005715814032976385,0.42052004,0.006049971961988143,0.38574672,0.005715636708195304,0.42076004,0.006060937467854188,0.38570672,0.005722245750558408,0.42052004,0.006077367255321875,0.38588002,0.005756946917231109,0.4206667,0.006109398391045406,0.3852934,0.005759254910085387,0.4206134,0.006141449383450237,0.38526672,0.005775705477800874,0.42088005,0.006139209734521978,0.38554668,0.005778484489605051,0.42109337,0.006132727220778733,0.38548005,0.005785585792949077,0.42153338,0.006138159177550451,0.38521338,0.005780859902818847,0.4215734,0.0061457993819871715,0.38561338,0.005612841440221339,0.4218667,0.0059519995586341246,0.3777467,0.005557313847432299,0.4111867,0.005786767496373302,4.8078456,0.01211287662663274,4.739834,0.010637354352204476,0.23207109,0.0008262989040121738,0.22575735,0.0008988200639359345,,,,,,,,
