,shots,val_acc,val_conf,test_acc,test_conf,val_acc_me1,val_conf_me1,test_acc_me1,test_conf_me1,val_acc_me2,val_conf_me2,test_acc_me2,test_conf_me2,val_acc_me3,val_conf_me3,test_acc_me3,test_conf_me3,val_acc_me4,val_conf_me4,test_acc_me4,test_conf_me4,val_acc_me5,val_conf_me5,test_acc_me5,test_conf_me5,val_acc_me6,val_conf_me6,test_acc_me6,test_conf_me6,val_acc_me7,val_conf_me7,test_acc_me7,test_conf_me7,val_acc_me8,val_conf_me8,test_acc_me8,test_conf_me8,val_acc_me9,val_conf_me9,test_acc_me9,test_conf_me9,val_acc_med,val_conf_med,test_acc_med,test_conf_med,val_acc_maj,val_conf_maj,test_acc_maj,test_conf_maj,val_acc_lin,val_conf_lin,test_acc_lin,test_conf_lin,val_nld,val_conf_nld,test_nld,test_conf_nld,val_mse,val_conf_mse,test_mse,test_conf_mse,val_svm,val_conf_svm,test_svm,test_conf_svm,val_mvm,val_conf_mvm,test_mvm,test_conf_mvm
0,5,0.5096934,0.007686168497662571,0.5567733,0.007593285869666788,0.51684004,0.007627751065081179,0.5628667,0.007482341050293662,0.52512,0.007616527422359298,0.56828004,0.007427347740764478,0.5334,0.007559790419149004,0.5735333,0.00735257671495726,0.5408933,0.007563792694872951,0.5794934,0.007278181118960059,0.54873335,0.007620405016596554,0.58624,0.007279140704624654,0.55612,0.007576381368982865,0.59304005,0.007264500789166406,0.56309336,0.007541193944512026,0.59816,0.007264097652359358,0.5682267,0.007535396255379134,0.6018134,0.007198896161550117,0.57177335,0.007501618655274878,0.6033067,0.007184304733336755,0.57328004,0.007527484984154675,0.60316,0.007249113246571071,0.5181866,0.00751046180516679,0.56392,0.007197000079385285,0.5378534,0.0072711112168794,0.56768006,0.0070076079774796796,10.998877,0.024793759622733447,11.071073,0.027128853614426518,0.21493115,0.000820336473692701,0.20758273,0.0009127691516010172,,,,,,,,
