,shots,val_acc,val_conf,test_acc,test_conf,val_acc_me1,val_conf_me1,test_acc_me1,test_conf_me1,val_acc_me2,val_conf_me2,test_acc_me2,test_conf_me2,val_acc_me3,val_conf_me3,test_acc_me3,test_conf_me3,val_acc_me4,val_conf_me4,test_acc_me4,test_conf_me4,val_acc_me5,val_conf_me5,test_acc_me5,test_conf_me5,val_acc_me6,val_conf_me6,test_acc_me6,test_conf_me6,val_acc_me7,val_conf_me7,test_acc_me7,test_conf_me7,val_acc_me8,val_conf_me8,test_acc_me8,test_conf_me8,val_acc_me9,val_conf_me9,test_acc_me9,test_conf_me9,val_acc_med,val_conf_med,test_acc_med,test_conf_med,val_acc_maj,val_conf_maj,test_acc_maj,test_conf_maj,val_acc_lin,val_conf_lin,test_acc_lin,test_conf_lin,val_nld,val_conf_nld,test_nld,test_conf_nld,val_mse,val_conf_mse,test_mse,test_conf_mse,val_svm,val_conf_svm,test_svm,test_conf_svm,val_mvm,val_conf_mvm,test_mvm,test_conf_mvm
0,5,0.7182268,0.005738023038245554,0.7226001,0.005736096478384023,0.71898675,0.005738673229109703,0.72313344,0.0057287504298992875,0.7197068,0.005728496449093012,0.7243334,0.005735763070852773,0.7206801,0.005720548235205736,0.7246001,0.00572673382229727,0.7216134,0.005718633681709551,0.72521347,0.005737713643445108,0.72228014,0.005715847743156144,0.7257201,0.00573108797688382,0.7227334,0.005708380707451055,0.72640014,0.0057304110025891974,0.7232267,0.005727298121470548,0.7268135,0.0057440105203081515,0.7237467,0.00573413389942623,0.7272268,0.005756039513077682,0.72394675,0.005728190286775625,0.72742677,0.005749534371953469,0.7243335,0.005741837829956187,0.7272668,0.005749250375233772,0.7181468,0.005627858170839439,0.7224001,0.005706501711267742,0.6993467,0.005764783841346821,0.7082001,0.005755299736256436,4.651747,0.011623942332480652,4.60943,0.011170205160248692,0.17094351,0.0010946899463061266,0.16985488,0.0010804480880388656,,,,,,,,
