,shots,val_acc,val_conf,test_acc,test_conf,val_acc_me1,val_conf_me1,test_acc_me1,test_conf_me1,val_acc_me2,val_conf_me2,test_acc_me2,test_conf_me2,val_acc_me3,val_conf_me3,test_acc_me3,test_conf_me3,val_acc_me4,val_conf_me4,test_acc_me4,test_conf_me4,val_acc_me5,val_conf_me5,test_acc_me5,test_conf_me5,val_acc_me6,val_conf_me6,test_acc_me6,test_conf_me6,val_acc_me7,val_conf_me7,test_acc_me7,test_conf_me7,val_acc_me8,val_conf_me8,test_acc_me8,test_conf_me8,val_acc_me9,val_conf_me9,test_acc_me9,test_conf_me9,val_acc_med,val_conf_med,test_acc_med,test_conf_med,val_acc_maj,val_conf_maj,test_acc_maj,test_conf_maj,val_acc_lin,val_conf_lin,test_acc_lin,test_conf_lin,val_nld,val_conf_nld,test_nld,test_conf_nld,val_mse,val_conf_mse,test_mse,test_conf_mse,val_svm,val_conf_svm,test_svm,test_conf_svm,val_mvm,val_conf_mvm,test_mvm,test_conf_mvm
0,5,0.22313336,0.0041120471519997814,0.23024002,0.004547000365581699,0.22276,0.004123201527229059,0.23008002,0.0045431116885456535,0.2229067,0.004148764926274445,0.22982669,0.004547951639147091,0.22306669,0.004161320351987907,0.22997336,0.00450897897709579,0.22329335,0.004180814533329386,0.23013335,0.004565921012084223,0.22322668,0.004170209218425008,0.2300267,0.004585350543765937,0.22268,0.004158403266981775,0.22956003,0.004503473134998576,0.22257337,0.004136411299856174,0.22973336,0.00453004922478617,0.22325334,0.0041301024166277844,0.23033334,0.004549194759748104,0.22244,0.004130437209508814,0.23046668,0.004582463012889976,0.22253336,0.004137166777309104,0.23022668,0.004543656592820994,0.22349335,0.00408674835477621,0.23198667,0.004549376702362079,0.22684,0.004071117914173417,0.23768002,0.004789041303282754,10.750114,0.021970893183631546,10.664277,0.023152620620569664,0.25962263,0.0007398757005953605,0.2575088,0.0008072857854069526,,,,,,,,
