,shots,val_acc,val_conf,test_acc,test_conf,val_acc_me1,val_conf_me1,test_acc_me1,test_conf_me1,val_acc_me2,val_conf_me2,test_acc_me2,test_conf_me2,val_acc_me3,val_conf_me3,test_acc_me3,test_conf_me3,val_acc_me4,val_conf_me4,test_acc_me4,test_conf_me4,val_acc_me5,val_conf_me5,test_acc_me5,test_conf_me5,val_acc_me6,val_conf_me6,test_acc_me6,test_conf_me6,val_acc_me7,val_conf_me7,test_acc_me7,test_conf_me7,val_acc_me8,val_conf_me8,test_acc_me8,test_conf_me8,val_acc_me9,val_conf_me9,test_acc_me9,test_conf_me9,val_acc_med,val_conf_med,test_acc_med,test_conf_med,val_acc_maj,val_conf_maj,test_acc_maj,test_conf_maj,val_acc_lin,val_conf_lin,test_acc_lin,test_conf_lin,val_nld,val_conf_nld,test_nld,test_conf_nld,val_mse,val_conf_mse,test_mse,test_conf_mse,val_svm,val_conf_svm,test_svm,test_conf_svm,val_mvm,val_conf_mvm,test_mvm,test_conf_mvm
0,5,0.46564004,0.005609570629219518,0.50624,0.006119096301796412,0.46580005,0.005621239892810659,0.50672,0.006106403264664273,0.46606672,0.005631215335315409,0.5072267,0.006097454828183468,0.4660267,0.005640962195094523,0.50677335,0.006087788780479109,0.46585336,0.005642997274027839,0.50681335,0.00607806408629763,0.46538672,0.005657243750127994,0.50717336,0.006071407018472974,0.46538672,0.0056802775003426675,0.50757337,0.006062776750675014,0.4653067,0.005697629469028853,0.5076533,0.0060804057893317776,0.46508005,0.00570944973575388,0.50780004,0.006085982746054763,0.46508005,0.005727501306115601,0.50764,0.0060604253501920224,0.4650667,0.005732080349161506,0.5077467,0.006067570984731319,0.4676534,0.0056271802729782605,0.50728,0.006105277898800776,0.46089336,0.005506776746595388,0.49889338,0.005965004299483101,4.9001746,0.012188412365558676,4.7968626,0.010917824894814743,0.21803087,0.00083237273954892,0.20954931,0.0009538321334110755,,,,,,,,
