,shots,val_acc,val_conf,test_acc,test_conf,val_acc_me1,val_conf_me1,test_acc_me1,test_conf_me1,val_acc_me2,val_conf_me2,test_acc_me2,test_conf_me2,val_acc_me3,val_conf_me3,test_acc_me3,test_conf_me3,val_acc_me4,val_conf_me4,test_acc_me4,test_conf_me4,val_acc_me5,val_conf_me5,test_acc_me5,test_conf_me5,val_acc_me6,val_conf_me6,test_acc_me6,test_conf_me6,val_acc_me7,val_conf_me7,test_acc_me7,test_conf_me7,val_acc_me8,val_conf_me8,test_acc_me8,test_conf_me8,val_acc_me9,val_conf_me9,test_acc_me9,test_conf_me9,val_acc_med,val_conf_med,test_acc_med,test_conf_med,val_acc_maj,val_conf_maj,test_acc_maj,test_conf_maj,val_acc_lin,val_conf_lin,test_acc_lin,test_conf_lin,val_nld,val_conf_nld,test_nld,test_conf_nld,val_mse,val_conf_mse,test_mse,test_conf_mse,val_svm,val_conf_svm,test_svm,test_conf_svm,val_mvm,val_conf_mvm,test_mvm,test_conf_mvm
0,5,0.4770934,0.00575771578639922,0.52169335,0.006168160775740117,0.47749338,0.00572737108322946,0.52225333,0.006149933727730428,0.47788003,0.005728628057328988,0.52296,0.006156837387828795,0.47813335,0.005692996397338723,0.5234134,0.006178879227549117,0.47812003,0.00569075767197702,0.5234,0.006144236707353534,0.47820002,0.005682562865816032,0.5236666,0.006131283224449113,0.47805333,0.005689890442969359,0.52349335,0.006157872244168638,0.47846672,0.005708308669258699,0.5237334,0.006161769695087083,0.47844005,0.005683797674317925,0.5235867,0.006175901187149391,0.478,0.005688618230021425,0.52361333,0.00616354201933178,0.4777467,0.0056931187699090224,0.5236267,0.006171326761936435,0.4786267,0.005680012436737547,0.52252,0.006085842363936389,0.47354668,0.005566059561051329,0.5147067,0.006137636438872773,5.0411005,0.012723822376563554,4.914325,0.01053636419508841,0.21452065,0.0009272927553945487,0.20517068,0.0010163735793346784,,,,,,,,
