,shots,val_acc,val_conf,test_acc,test_conf,val_acc_me1,val_conf_me1,test_acc_me1,test_conf_me1,val_acc_me2,val_conf_me2,test_acc_me2,test_conf_me2,val_acc_me3,val_conf_me3,test_acc_me3,test_conf_me3,val_acc_me4,val_conf_me4,test_acc_me4,test_conf_me4,val_acc_me5,val_conf_me5,test_acc_me5,test_conf_me5,val_acc_me6,val_conf_me6,test_acc_me6,test_conf_me6,val_acc_me7,val_conf_me7,test_acc_me7,test_conf_me7,val_acc_me8,val_conf_me8,test_acc_me8,test_conf_me8,val_acc_me9,val_conf_me9,test_acc_me9,test_conf_me9,val_acc_med,val_conf_med,test_acc_med,test_conf_med,val_acc_maj,val_conf_maj,test_acc_maj,test_conf_maj,val_acc_lin,val_conf_lin,test_acc_lin,test_conf_lin,val_nld,val_conf_nld,test_nld,test_conf_nld,val_mse,val_conf_mse,test_mse,test_conf_mse,val_svm,val_conf_svm,test_svm,test_conf_svm,val_mvm,val_conf_mvm,test_mvm,test_conf_mvm
0,5,0.3671467,0.004813458556216843,0.41916004,0.005645222607674305,0.3669867,0.004802276935773786,0.42010668,0.005618513062517594,0.36680004,0.004783341050422885,0.4202667,0.00563950249813322,0.3660934,0.004811430404032702,0.42076004,0.0056324159718542655,0.3662667,0.004818738586288118,0.42089337,0.005649186093602376,0.36534673,0.004818816627663147,0.4205467,0.005630325940710057,0.3648267,0.00480736578756541,0.4203334,0.00560605461129382,0.36441335,0.004824150224595369,0.41977337,0.005578448282999193,0.36337337,0.004840811365488418,0.41917336,0.00554011011118033,0.36257336,0.004839734948652974,0.41861337,0.005562338973130743,0.36125338,0.004865614207464786,0.41768005,0.0055416866393125375,0.36661336,0.004816530800406449,0.42076007,0.005584146226942643,0.3675334,0.004765434018229098,0.41772002,0.005401572355227924,8.616335,0.014897779861941629,8.553131,0.015910822483002462,0.23484589,0.0009059108039873587,0.22250956,0.00112187443557063,,,,,,,,
