,shots,val_acc,val_conf,test_acc,test_conf,val_acc_me1,val_conf_me1,test_acc_me1,test_conf_me1,val_acc_me2,val_conf_me2,test_acc_me2,test_conf_me2,val_acc_me3,val_conf_me3,test_acc_me3,test_conf_me3,val_acc_me4,val_conf_me4,test_acc_me4,test_conf_me4,val_acc_me5,val_conf_me5,test_acc_me5,test_conf_me5,val_acc_me6,val_conf_me6,test_acc_me6,test_conf_me6,val_acc_me7,val_conf_me7,test_acc_me7,test_conf_me7,val_acc_me8,val_conf_me8,test_acc_me8,test_conf_me8,val_acc_me9,val_conf_me9,test_acc_me9,test_conf_me9,val_acc_med,val_conf_med,test_acc_med,test_conf_med,val_acc_maj,val_conf_maj,test_acc_maj,test_conf_maj,val_acc_lin,val_conf_lin,test_acc_lin,test_conf_lin,val_nld,val_conf_nld,test_nld,test_conf_nld,val_mse,val_conf_mse,test_mse,test_conf_mse,val_svm,val_conf_svm,test_svm,test_conf_svm,val_mvm,val_conf_mvm,test_mvm,test_conf_mvm
0,5,0.58558667,0.0074804980732064985,0.5724401,0.007268498908840737,0.5864534,0.007481837244730616,0.573,0.007287559937461663,0.58726674,0.007503881393367329,0.57356006,0.007303785154934461,0.5877467,0.007525779618486217,0.57417333,0.007324176119413828,0.58834666,0.007553691185531619,0.5747467,0.0073377784078325625,0.5887067,0.007571113345277047,0.57534677,0.007386593057019497,0.5889867,0.007591677940271269,0.57578677,0.00738733098670763,0.5892134,0.007656451819759269,0.5758667,0.007393424217142286,0.5893467,0.007675360459896474,0.5759867,0.007425140416666087,0.58958673,0.007714380685626021,0.57624006,0.0074356773876443905,0.59013337,0.007719755843053844,0.5765334,0.007453305502734486,0.58570665,0.007400028641672551,0.57412,0.007267229004809361,0.56886667,0.007202089854743465,0.55565333,0.006951067693948487,4.7416897,0.012180430903274697,4.7322226,0.012080258102571406,0.19700858,0.0012594629959824521,0.19938318,0.0011845796413914034,,,,,,,,
