,shots,val_acc,val_conf,test_acc,test_conf,val_acc_me1,val_conf_me1,test_acc_me1,test_conf_me1,val_acc_me2,val_conf_me2,test_acc_me2,test_conf_me2,val_acc_me3,val_conf_me3,test_acc_me3,test_conf_me3,val_acc_me4,val_conf_me4,test_acc_me4,test_conf_me4,val_acc_me5,val_conf_me5,test_acc_me5,test_conf_me5,val_acc_me6,val_conf_me6,test_acc_me6,test_conf_me6,val_acc_me7,val_conf_me7,test_acc_me7,test_conf_me7,val_acc_me8,val_conf_me8,test_acc_me8,test_conf_me8,val_acc_me9,val_conf_me9,test_acc_me9,test_conf_me9,val_acc_med,val_conf_med,test_acc_med,test_conf_med,val_acc_maj,val_conf_maj,test_acc_maj,test_conf_maj,val_acc_lin,val_conf_lin,test_acc_lin,test_conf_lin,val_nld,val_conf_nld,test_nld,test_conf_nld,val_mse,val_conf_mse,test_mse,test_conf_mse,val_svm,val_conf_svm,test_svm,test_conf_svm,val_mvm,val_conf_mvm,test_mvm,test_conf_mvm
0,5,0.82454675,0.004322051412577799,0.81605345,0.004330005167864526,0.8244401,0.004324849357496663,0.81594676,0.0043334140520683295,0.82432014,0.00432847666519387,0.81561345,0.004336581423614483,0.8243335,0.004334580516644149,0.81566674,0.004343875290587995,0.8241601,0.004345156277418272,0.8152401,0.004354264029132082,0.8240267,0.004345796309050187,0.8152268,0.0043538936789382365,0.8235734,0.004341341023924472,0.8149868,0.004348299174450454,0.8233868,0.004349153011742879,0.8149601,0.004341572377349778,0.82330674,0.004347817534484988,0.8147334,0.004344630768040925,0.8232268,0.004349778266309667,0.8146268,0.004365634057155066,0.8230267,0.004342308921688076,0.8144268,0.004373432191475013,0.8233601,0.004314672577479972,0.81542677,0.004364440809148773,0.8107068,0.004393776515842607,0.80521345,0.004487979844031154,24.67466,0.03638348011958925,24.499943,0.039088118955145745,0.11866491,0.0012205779573093295,0.12198173,0.0011706072336704482,,,,,,,,
