,shots,val_acc,val_conf,test_acc,test_conf,val_acc_me1,val_conf_me1,test_acc_me1,test_conf_me1,val_acc_me2,val_conf_me2,test_acc_me2,test_conf_me2,val_acc_me3,val_conf_me3,test_acc_me3,test_conf_me3,val_acc_me4,val_conf_me4,test_acc_me4,test_conf_me4,val_acc_me5,val_conf_me5,test_acc_me5,test_conf_me5,val_acc_me6,val_conf_me6,test_acc_me6,test_conf_me6,val_acc_me7,val_conf_me7,test_acc_me7,test_conf_me7,val_acc_me8,val_conf_me8,test_acc_me8,test_conf_me8,val_acc_me9,val_conf_me9,test_acc_me9,test_conf_me9,val_acc_med,val_conf_med,test_acc_med,test_conf_med,val_acc_maj,val_conf_maj,test_acc_maj,test_conf_maj,val_acc_lin,val_conf_lin,test_acc_lin,test_conf_lin,val_nld,val_conf_nld,test_nld,test_conf_nld,val_mse,val_conf_mse,test_mse,test_conf_mse,val_svm,val_conf_svm,test_svm,test_conf_svm,val_mvm,val_conf_mvm,test_mvm,test_conf_mvm
0,5,0.78140014,0.00547624548297887,0.85229343,0.004977619281258394,0.78144014,0.0054975101414318495,0.8523201,0.004985462208556779,0.7813868,0.005501167926825756,0.8521201,0.004994264259736481,0.7811201,0.005494313677538831,0.8519468,0.005015467039229393,0.78120005,0.005510648337649915,0.8515601,0.005016157405239197,0.7812001,0.005513252795372736,0.8512668,0.005014226227544771,0.7807201,0.0055163014886148165,0.8509868,0.005014639061800885,0.7807334,0.005516790517112735,0.8508401,0.00502138248309969,0.7803601,0.005534499906060919,0.8505868,0.005041323670660236,0.7801467,0.005542437037149295,0.85001343,0.005054556994234849,0.7797335,0.00554895279928902,0.8496668,0.0050637704943207185,0.7821601,0.005468548940981477,0.8519335,0.004986130870752281,0.76992005,0.005463215344049255,0.8465734,0.005070015651455928,4.7177534,0.012834019568799704,4.8742957,0.013785178611946947,0.14781544,0.0013170382512993073,0.12964526,0.0011676983453176026,,,,,,,,
