,shots,val_acc,val_conf,test_acc,test_conf,val_acc_me1,val_conf_me1,test_acc_me1,test_conf_me1,val_acc_me2,val_conf_me2,test_acc_me2,test_conf_me2,val_acc_me3,val_conf_me3,test_acc_me3,test_conf_me3,val_acc_me4,val_conf_me4,test_acc_me4,test_conf_me4,val_acc_me5,val_conf_me5,test_acc_me5,test_conf_me5,val_acc_me6,val_conf_me6,test_acc_me6,test_conf_me6,val_acc_me7,val_conf_me7,test_acc_me7,test_conf_me7,val_acc_me8,val_conf_me8,test_acc_me8,test_conf_me8,val_acc_me9,val_conf_me9,test_acc_me9,test_conf_me9,val_acc_med,val_conf_med,test_acc_med,test_conf_med,val_acc_maj,val_conf_maj,test_acc_maj,test_conf_maj,val_acc_lin,val_conf_lin,test_acc_lin,test_conf_lin,val_nld,val_conf_nld,test_nld,test_conf_nld,val_mse,val_conf_mse,test_mse,test_conf_mse,val_svm,val_conf_svm,test_svm,test_conf_svm,val_mvm,val_conf_mvm,test_mvm,test_conf_mvm
0,5,0.72324014,0.005616201837180257,0.7162801,0.0057351539787009465,0.72409344,0.005625614827644898,0.71744007,0.005714853061962066,0.7247334,0.005630850988304181,0.7184801,0.005727272261606631,0.72544014,0.0056361033113784265,0.71913344,0.005724512644700419,0.72589344,0.005635927833730459,0.71989346,0.005739608802043383,0.72664016,0.005652965328000081,0.7198401,0.005715733682684965,0.7267334,0.0056546573019532476,0.72042674,0.005695312702292177,0.72676015,0.005641947178839701,0.7210134,0.005719223378963467,0.7271068,0.005648544214837403,0.7212668,0.005720283633383949,0.7271334,0.005651803481257045,0.72117347,0.005726511242754362,0.7273601,0.005667536899532255,0.7210668,0.005738754964750958,0.72225344,0.005484693346379577,0.7171334,0.005690737353512554,0.7044534,0.005681700716424487,0.7008801,0.005702549769921794,4.735095,0.011279479709482843,4.698505,0.012630728713606487,0.16905265,0.0010858623815999946,0.17032361,0.001070091674324647,,,,,,,,
