,shots,val_acc,val_conf,test_acc,test_conf,val_acc_me1,val_conf_me1,test_acc_me1,test_conf_me1,val_acc_me2,val_conf_me2,test_acc_me2,test_conf_me2,val_acc_me3,val_conf_me3,test_acc_me3,test_conf_me3,val_acc_me4,val_conf_me4,test_acc_me4,test_conf_me4,val_acc_me5,val_conf_me5,test_acc_me5,test_conf_me5,val_acc_me6,val_conf_me6,test_acc_me6,test_conf_me6,val_acc_me7,val_conf_me7,test_acc_me7,test_conf_me7,val_acc_me8,val_conf_me8,test_acc_me8,test_conf_me8,val_acc_me9,val_conf_me9,test_acc_me9,test_conf_me9,val_acc_med,val_conf_med,test_acc_med,test_conf_med,val_acc_maj,val_conf_maj,test_acc_maj,test_conf_maj,val_acc_lin,val_conf_lin,test_acc_lin,test_conf_lin,val_nld,val_conf_nld,test_nld,test_conf_nld,val_mse,val_conf_mse,test_mse,test_conf_mse,val_svm,val_conf_svm,test_svm,test_conf_svm,val_mvm,val_conf_mvm,test_mvm,test_conf_mvm
0,5,0.42744005,0.0067657180429125385,0.47372004,0.007230810927886078,0.42754668,0.006782420282517909,0.4741067,0.007276306740609639,0.4282134,0.0068339751537131455,0.4749867,0.007306869867272803,0.42844003,0.006839513320640256,0.4751067,0.007356273290147097,0.42825335,0.006862738710917915,0.47534668,0.0073949638026117315,0.42809337,0.0069286000900402045,0.47552,0.007411857220496754,0.4278667,0.006933253480194856,0.47585335,0.007405729356315727,0.4272667,0.006957322548532652,0.4759067,0.007432748296272884,0.42700002,0.006973388450772389,0.47552,0.0074762325810105446,0.42652005,0.00695368138733693,0.4749467,0.007490129487164543,0.42652002,0.006984579768664401,0.47461337,0.007519070830933727,0.42596006,0.006723022945807511,0.4723067,0.00723028680385851,0.42324007,0.006499614963622946,0.46457335,0.007161997368228035,6.678812,0.01655283978299238,6.741849,0.016517291705776316,0.22211891,0.0013361920983603615,0.2120502,0.0014827486055966899,,,,,,,,
