,shots,val_acc,val_conf,test_acc,test_conf,val_acc_me1,val_conf_me1,test_acc_me1,test_conf_me1,val_acc_me2,val_conf_me2,test_acc_me2,test_conf_me2,val_acc_me3,val_conf_me3,test_acc_me3,test_conf_me3,val_acc_me4,val_conf_me4,test_acc_me4,test_conf_me4,val_acc_me5,val_conf_me5,test_acc_me5,test_conf_me5,val_acc_me6,val_conf_me6,test_acc_me6,test_conf_me6,val_acc_me7,val_conf_me7,test_acc_me7,test_conf_me7,val_acc_me8,val_conf_me8,test_acc_me8,test_conf_me8,val_acc_me9,val_conf_me9,test_acc_me9,test_conf_me9,val_acc_med,val_conf_med,test_acc_med,test_conf_med,val_acc_maj,val_conf_maj,test_acc_maj,test_conf_maj,val_acc_lin,val_conf_lin,test_acc_lin,test_conf_lin,val_nld,val_conf_nld,test_nld,test_conf_nld,val_mse,val_conf_mse,test_mse,test_conf_mse,val_svm,val_conf_svm,test_svm,test_conf_svm,val_mvm,val_conf_mvm,test_mvm,test_conf_mvm
0,5,0.5757467,0.005989086759536133,0.61206675,0.00602026544331713,0.57542676,0.005976409884818956,0.61194664,0.006036210358336458,0.57504004,0.0059922462807664445,0.61168003,0.006027565313473371,0.5744267,0.00600362415910527,0.61096,0.0060192629118072105,0.57457334,0.00599821760041408,0.6105333,0.006018330571356367,0.57433337,0.005993943796119061,0.61028004,0.005998799447352154,0.5741867,0.0059905515361134976,0.61008006,0.005982018242805198,0.57408005,0.005978040441595334,0.60970664,0.006002869605218897,0.5738134,0.005983974356796984,0.60938674,0.006012335238977928,0.5732267,0.005991693987958624,0.60914665,0.006033844180788339,0.5726267,0.006028221507520137,0.6088534,0.006041073398102115,0.57738674,0.005975794327701123,0.6137334,0.0059118193332946545,0.5773734,0.005926377051328369,0.60690665,0.005966640859442207,24.74937,0.028263988965122167,24.472265,0.029960028458376087,0.18715757,0.001346977162408114,0.17786573,0.0013642136852732578,,,,,,,,
