,shots,val_acc,val_conf,test_acc,test_conf,val_acc_me1,val_conf_me1,test_acc_me1,test_conf_me1,val_acc_me2,val_conf_me2,test_acc_me2,test_conf_me2,val_acc_me3,val_conf_me3,test_acc_me3,test_conf_me3,val_acc_me4,val_conf_me4,test_acc_me4,test_conf_me4,val_acc_me5,val_conf_me5,test_acc_me5,test_conf_me5,val_acc_me6,val_conf_me6,test_acc_me6,test_conf_me6,val_acc_me7,val_conf_me7,test_acc_me7,test_conf_me7,val_acc_me8,val_conf_me8,test_acc_me8,test_conf_me8,val_acc_me9,val_conf_me9,test_acc_me9,test_conf_me9,val_acc_med,val_conf_med,test_acc_med,test_conf_med,val_acc_maj,val_conf_maj,test_acc_maj,test_conf_maj,val_acc_lin,val_conf_lin,test_acc_lin,test_conf_lin,val_nld,val_conf_nld,test_nld,test_conf_nld,val_mse,val_conf_mse,test_mse,test_conf_mse,val_svm,val_conf_svm,test_svm,test_conf_svm,val_mvm,val_conf_mvm,test_mvm,test_conf_mvm
0,5,0.7181868,0.0058134290160685165,0.70220006,0.0056147910892471176,0.71930677,0.0058280971003070725,0.7034535,0.0056628077769189655,0.72000015,0.005834586540799602,0.70456004,0.005664746343145954,0.7212534,0.005807879766342561,0.70544004,0.0056577724919884,0.7222401,0.005798256202700358,0.70644015,0.005666415689718263,0.7230134,0.005822794904638107,0.7070668,0.00566945422372811,0.7238001,0.005819321832557844,0.7075468,0.005673465273334455,0.7238801,0.005850167570590981,0.70781344,0.005682311655709427,0.7242401,0.005861873315061494,0.70818675,0.005691231461626645,0.7246135,0.0058883681309911395,0.7084801,0.005704099052840195,0.7248401,0.005892253113760848,0.7087334,0.005715202631908167,0.7172668,0.005793963003507319,0.70378673,0.005615190993571217,0.6997334,0.0057096159777362265,0.6871734,0.005672796611139064,5.147656,0.013983003800188243,5.100891,0.014229106583656836,0.16532272,0.0011911950332746668,0.16867374,0.0011430702883142851,,,,,,,,
