,shots,val_acc,val_conf,test_acc,test_conf,val_acc_me1,val_conf_me1,test_acc_me1,test_conf_me1,val_acc_me2,val_conf_me2,test_acc_me2,test_conf_me2,val_acc_me3,val_conf_me3,test_acc_me3,test_conf_me3,val_acc_me4,val_conf_me4,test_acc_me4,test_conf_me4,val_acc_me5,val_conf_me5,test_acc_me5,test_conf_me5,val_acc_me6,val_conf_me6,test_acc_me6,test_conf_me6,val_acc_me7,val_conf_me7,test_acc_me7,test_conf_me7,val_acc_me8,val_conf_me8,test_acc_me8,test_conf_me8,val_acc_me9,val_conf_me9,test_acc_me9,test_conf_me9,val_acc_med,val_conf_med,test_acc_med,test_conf_med,val_acc_maj,val_conf_maj,test_acc_maj,test_conf_maj,val_acc_lin,val_conf_lin,test_acc_lin,test_conf_lin,val_nld,val_conf_nld,test_nld,test_conf_nld,val_mse,val_conf_mse,test_mse,test_conf_mse,val_svm,val_conf_svm,test_svm,test_conf_svm,val_mvm,val_conf_mvm,test_mvm,test_conf_mvm
0,5,0.37604004,0.005782673325775811,0.40596002,0.006200015510249124,0.37594673,0.005781360475898889,0.40637338,0.0061940765154313016,0.37638673,0.005774200987861022,0.40665337,0.006194323569488347,0.37626672,0.00577520952255367,0.4065334,0.006210740427024075,0.37633342,0.005779160078549783,0.4069067,0.006211828388441587,0.37617338,0.005782190762243844,0.4070134,0.0062177489119280005,0.3761867,0.005787424152203402,0.40713337,0.006229800993861723,0.37570673,0.005805121534786184,0.40709338,0.006237817551675018,0.37532008,0.00579642984981138,0.40726674,0.006245648010824778,0.3751734,0.005815630798767457,0.40748003,0.006235039001654119,0.3755467,0.00579428625180628,0.40760005,0.0062283920930616965,0.3762934,0.00570908307982626,0.40624005,0.006107018359998773,0.36752006,0.005645336206362206,0.39669338,0.006051328681277057,4.905147,0.014156154983989921,4.698961,0.010973439302860655,0.23336716,0.0008540531184035305,0.22782025,0.0009320442167741749,,,,,,,,
