,shots,val_acc,val_conf,test_acc,test_conf,val_acc_me1,val_conf_me1,test_acc_me1,test_conf_me1,val_acc_me2,val_conf_me2,test_acc_me2,test_conf_me2,val_acc_me3,val_conf_me3,test_acc_me3,test_conf_me3,val_acc_me4,val_conf_me4,test_acc_me4,test_conf_me4,val_acc_me5,val_conf_me5,test_acc_me5,test_conf_me5,val_acc_me6,val_conf_me6,test_acc_me6,test_conf_me6,val_acc_me7,val_conf_me7,test_acc_me7,test_conf_me7,val_acc_me8,val_conf_me8,test_acc_me8,test_conf_me8,val_acc_me9,val_conf_me9,test_acc_me9,test_conf_me9,val_acc_med,val_conf_med,test_acc_med,test_conf_med,val_acc_maj,val_conf_maj,test_acc_maj,test_conf_maj,val_acc_lin,val_conf_lin,test_acc_lin,test_conf_lin,val_nld,val_conf_nld,test_nld,test_conf_nld,val_mse,val_conf_mse,test_mse,test_conf_mse,val_svm,val_conf_svm,test_svm,test_conf_svm,val_mvm,val_conf_mvm,test_mvm,test_conf_mvm
0,5,0.36346668,0.007253712608081497,0.40329337,0.008046661465587579,0.36328003,0.007263652493273376,0.4030267,0.008056064296819931,0.36332005,0.007259393004260151,0.40288004,0.008057077449345418,0.36324006,0.0072823787290132724,0.40306672,0.008095157946091724,0.36345336,0.00727702435183325,0.4029067,0.00809690441047245,0.36316004,0.007276503922071964,0.40248004,0.008091200463346326,0.3631067,0.007274243031112626,0.4020267,0.008091432278554966,0.36332005,0.007309599930048871,0.4017467,0.008083695561411863,0.36300007,0.007319010149813787,0.40125334,0.008083582886290575,0.36288002,0.007322043604207518,0.40081334,0.008066232764737502,0.36252,0.00731578274644068,0.40041336,0.008056937067227044,0.3656534,0.0071764853569857845,0.4060667,0.008049719394495392,0.35956004,0.00692506513899982,0.39961338,0.00776926547608342,4.505996,0.010767127461423165,4.5831738,0.012173130109552233,0.23501849,0.001141586694068053,0.22791612,0.0012464845767806987,,,,,,,,
