,shots,val_acc,val_conf,test_acc,test_conf,val_acc_me1,val_conf_me1,test_acc_me1,test_conf_me1,val_acc_me2,val_conf_me2,test_acc_me2,test_conf_me2,val_acc_me3,val_conf_me3,test_acc_me3,test_conf_me3,val_acc_me4,val_conf_me4,test_acc_me4,test_conf_me4,val_acc_me5,val_conf_me5,test_acc_me5,test_conf_me5,val_acc_me6,val_conf_me6,test_acc_me6,test_conf_me6,val_acc_me7,val_conf_me7,test_acc_me7,test_conf_me7,val_acc_me8,val_conf_me8,test_acc_me8,test_conf_me8,val_acc_me9,val_conf_me9,test_acc_me9,test_conf_me9,val_acc_med,val_conf_med,test_acc_med,test_conf_med,val_acc_maj,val_conf_maj,test_acc_maj,test_conf_maj,val_acc_lin,val_conf_lin,test_acc_lin,test_conf_lin,val_nld,val_conf_nld,test_nld,test_conf_nld,val_mse,val_conf_mse,test_mse,test_conf_mse,val_svm,val_conf_svm,test_svm,test_conf_svm,val_mvm,val_conf_mvm,test_mvm,test_conf_mvm
0,5,0.75342673,0.005946573143261746,0.81465346,0.005058896371756272,0.75333345,0.005946230961848209,0.8144268,0.005051328667295185,0.75286674,0.005951102313712986,0.8139868,0.005037595694207142,0.75277346,0.005951645832638408,0.81378675,0.005050893667441492,0.75270677,0.005951619972774491,0.8135334,0.005040727970223702,0.7524934,0.005943358208037375,0.8131201,0.005042149339172353,0.75220007,0.005965558439424035,0.81245345,0.005046208414240305,0.7518534,0.005953335959458461,0.81193346,0.005047314385205892,0.75141346,0.005955149382415481,0.8118934,0.005055864302712321,0.75108016,0.005970636670200147,0.81154674,0.00506071025649657,0.75038683,0.005983887079756278,0.81100005,0.005054650274458283,0.75504017,0.005920516097885575,0.81617343,0.005022308358584415,0.7417468,0.005705737459932414,0.8106935,0.005054002392510526,4.5405536,0.010564013007445361,4.6772275,0.011433755963325964,0.15701245,0.0012569803336009155,0.14327233,0.0011402542184015818,,,,,,,,
