,shots,val_acc,val_conf,test_acc,test_conf,val_acc_me1,val_conf_me1,test_acc_me1,test_conf_me1,val_acc_me2,val_conf_me2,test_acc_me2,test_conf_me2,val_acc_me3,val_conf_me3,test_acc_me3,test_conf_me3,val_acc_me4,val_conf_me4,test_acc_me4,test_conf_me4,val_acc_me5,val_conf_me5,test_acc_me5,test_conf_me5,val_acc_me6,val_conf_me6,test_acc_me6,test_conf_me6,val_acc_me7,val_conf_me7,test_acc_me7,test_conf_me7,val_acc_me8,val_conf_me8,test_acc_me8,test_conf_me8,val_acc_me9,val_conf_me9,test_acc_me9,test_conf_me9,val_acc_med,val_conf_med,test_acc_med,test_conf_med,val_acc_maj,val_conf_maj,test_acc_maj,test_conf_maj,val_acc_lin,val_conf_lin,test_acc_lin,test_conf_lin,val_nld,val_conf_nld,test_nld,test_conf_nld,val_mse,val_conf_mse,test_mse,test_conf_mse,val_svm,val_conf_svm,test_svm,test_conf_svm,val_mvm,val_conf_mvm,test_mvm,test_conf_mvm
0,5,0.34652,0.007592270408224855,0.37258667,0.00805086092277385,0.34632003,0.007623918725605805,0.37214673,0.008089159381230282,0.34645337,0.007656060227534289,0.37076002,0.00812207898799261,0.34638673,0.0076982145764135645,0.36993334,0.008138400256388512,0.34637335,0.007758406180372768,0.36917335,0.008185081928585802,0.34585336,0.007773624710286087,0.36849338,0.00821004039152895,0.34566668,0.007805048139207682,0.36732003,0.008243294329389028,0.34525335,0.007828196411676813,0.3669867,0.008280273011219252,0.34485334,0.007869426270421198,0.36601338,0.008305587970857786,0.3444267,0.007889826008782908,0.36537334,0.008350692191356368,0.3438667,0.007875868147235454,0.36457336,0.008364628810872798,0.35028002,0.007575805987010853,0.37664002,0.00809124664167471,0.35708,0.007512806740683831,0.38048005,0.00794779089374581,7.422175,0.020833574521568643,7.518661,0.02065225254433667,0.23768632,0.0014981835964244516,0.23215613,0.001553007431488368,,,,,,,,
