,shots,val_acc,val_conf,test_acc,test_conf,val_acc_me1,val_conf_me1,test_acc_me1,test_conf_me1,val_acc_me2,val_conf_me2,test_acc_me2,test_conf_me2,val_acc_me3,val_conf_me3,test_acc_me3,test_conf_me3,val_acc_me4,val_conf_me4,test_acc_me4,test_conf_me4,val_acc_me5,val_conf_me5,test_acc_me5,test_conf_me5,val_acc_me6,val_conf_me6,test_acc_me6,test_conf_me6,val_acc_me7,val_conf_me7,test_acc_me7,test_conf_me7,val_acc_me8,val_conf_me8,test_acc_me8,test_conf_me8,val_acc_me9,val_conf_me9,test_acc_me9,test_conf_me9,val_acc_med,val_conf_med,test_acc_med,test_conf_med,val_acc_maj,val_conf_maj,test_acc_maj,test_conf_maj,val_acc_lin,val_conf_lin,test_acc_lin,test_conf_lin,val_nld,val_conf_nld,test_nld,test_conf_nld,val_mse,val_conf_mse,test_mse,test_conf_mse,val_svm,val_conf_svm,test_svm,test_conf_svm,val_mvm,val_conf_mvm,test_mvm,test_conf_mvm
0,5,0.5010667,0.0060409884299778005,0.5254267,0.006083599482525126,0.50417334,0.0060815020628484096,0.52852005,0.006065443087357902,0.5082667,0.006047774797122041,0.5311067,0.006113738692133386,0.5115067,0.0060447011675826,0.5337733,0.006094521118979124,0.51412,0.006042171980535138,0.5363867,0.00612521400674515,0.51726675,0.006004290512384269,0.5382134,0.006122394358011984,0.5188667,0.0060003496538372225,0.5409467,0.006111381750250944,0.5221867,0.005966951639592488,0.5426533,0.006128552238106488,0.52412,0.006003752073075019,0.54470664,0.006149431307517217,0.5264,0.006029661809583531,0.54572004,0.006142232567900141,0.5272001,0.006080173974123082,0.54648,0.006172311745681558,0.5087334,0.005961672071304491,0.53341335,0.006004232789473818,0.57076,0.006128293177684041,0.6059067,0.0058616327259705114,10.125987,0.027492168078218526,10.1013,0.02759680632327921,0.19400178,0.0011484732681849852,0.18276177,0.0012542326076142307,,,,,,,,
