,shots,val_acc,val_conf,test_acc,test_conf,val_acc_me1,val_conf_me1,test_acc_me1,test_conf_me1,val_acc_me2,val_conf_me2,test_acc_me2,test_conf_me2,val_acc_me3,val_conf_me3,test_acc_me3,test_conf_me3,val_acc_me4,val_conf_me4,test_acc_me4,test_conf_me4,val_acc_me5,val_conf_me5,test_acc_me5,test_conf_me5,val_acc_me6,val_conf_me6,test_acc_me6,test_conf_me6,val_acc_me7,val_conf_me7,test_acc_me7,test_conf_me7,val_acc_me8,val_conf_me8,test_acc_me8,test_conf_me8,val_acc_me9,val_conf_me9,test_acc_me9,test_conf_me9,val_acc_med,val_conf_med,test_acc_med,test_conf_med,val_acc_maj,val_conf_maj,test_acc_maj,test_conf_maj,val_acc_lin,val_conf_lin,test_acc_lin,test_conf_lin,val_nld,val_conf_nld,test_nld,test_conf_nld,val_mse,val_conf_mse,test_mse,test_conf_mse,val_svm,val_conf_svm,test_svm,test_conf_svm,val_mvm,val_conf_mvm,test_mvm,test_conf_mvm
0,5,0.38160002,0.007134610848776701,0.39241335,0.007544686411490198,0.3818267,0.007134497711872079,0.39257336,0.007568185639255376,0.3822,0.007170889467148112,0.3925467,0.007571968106136029,0.38184002,0.007188227582335782,0.39238667,0.007572710191873722,0.3815867,0.007201001431542675,0.39246666,0.007588528578273135,0.38132,0.007216476251178661,0.3926667,0.007585362130293538,0.38132003,0.007220074466529003,0.39226672,0.0075989630333623825,0.38116002,0.007234935576180324,0.39210668,0.007594281012644144,0.38084003,0.0072240425702899125,0.39188,0.007630766048143556,0.38080004,0.007234650655894015,0.3917467,0.007648560405215998,0.3807867,0.007251927353904841,0.39173338,0.007662926021403449,0.38200006,0.007029390756777554,0.39313337,0.0074990876210943025,0.3674934,0.00661508387383114,0.37549338,0.0067971253094192274,22.875675,0.02667464542324538,22.895266,0.029360074074176623,0.23583041,0.001447588080002088,0.2333379,0.0014868440460982235,,,,,,,,
