,shots,val_acc,val_conf,test_acc,test_conf,val_acc_me1,val_conf_me1,test_acc_me1,test_conf_me1,val_acc_me2,val_conf_me2,test_acc_me2,test_conf_me2,val_acc_me3,val_conf_me3,test_acc_me3,test_conf_me3,val_acc_me4,val_conf_me4,test_acc_me4,test_conf_me4,val_acc_me5,val_conf_me5,test_acc_me5,test_conf_me5,val_acc_me6,val_conf_me6,test_acc_me6,test_conf_me6,val_acc_me7,val_conf_me7,test_acc_me7,test_conf_me7,val_acc_me8,val_conf_me8,test_acc_me8,test_conf_me8,val_acc_me9,val_conf_me9,test_acc_me9,test_conf_me9,val_acc_med,val_conf_med,test_acc_med,test_conf_med,val_acc_maj,val_conf_maj,test_acc_maj,test_conf_maj,val_acc_lin,val_conf_lin,test_acc_lin,test_conf_lin,val_nld,val_conf_nld,test_nld,test_conf_nld,val_mse,val_conf_mse,test_mse,test_conf_mse,val_svm,val_conf_svm,test_svm,test_conf_svm,val_mvm,val_conf_mvm,test_mvm,test_conf_mvm
0,5,0.28433335,0.005101698602583249,0.3023067,0.005581777740478078,0.2839467,0.00508902080429946,0.3021867,0.005606403719456643,0.28378668,0.005109729937461616,0.3025067,0.005602473481924997,0.28425336,0.005110525590060255,0.3029467,0.005611282459853928,0.28393337,0.005121531732855289,0.30273333,0.005608529307913668,0.28352,0.0051255566359602045,0.30304003,0.00560926308155224,0.28369337,0.005132085328031888,0.30289337,0.005618207361983429,0.28335997,0.005154827692994246,0.3027467,0.005619828221310907,0.28338668,0.005169988961780281,0.3029467,0.0056347456685229,0.28325337,0.0051584051280967325,0.30301335,0.005642975108430204,0.28317335,0.005197674255016493,0.30321336,0.005641460921041397,0.28626665,0.005067125811663575,0.30361336,0.00554556100106679,0.27976,0.004841706763276443,0.29582667,0.0052595596800620315,5.3438363,0.01602432511998675,5.212002,0.015211703832791024,0.24957864,0.0008112815961649478,0.24610306,0.000897420860584891,,,,,,,,
