,shots,val_acc,val_conf,test_acc,test_conf,val_acc_me1,val_conf_me1,test_acc_me1,test_conf_me1,val_acc_me2,val_conf_me2,test_acc_me2,test_conf_me2,val_acc_me3,val_conf_me3,test_acc_me3,test_conf_me3,val_acc_me4,val_conf_me4,test_acc_me4,test_conf_me4,val_acc_me5,val_conf_me5,test_acc_me5,test_conf_me5,val_acc_me6,val_conf_me6,test_acc_me6,test_conf_me6,val_acc_me7,val_conf_me7,test_acc_me7,test_conf_me7,val_acc_me8,val_conf_me8,test_acc_me8,test_conf_me8,val_acc_me9,val_conf_me9,test_acc_me9,test_conf_me9,val_acc_med,val_conf_med,test_acc_med,test_conf_med,val_acc_maj,val_conf_maj,test_acc_maj,test_conf_maj,val_acc_lin,val_conf_lin,test_acc_lin,test_conf_lin,val_nld,val_conf_nld,test_nld,test_conf_nld,val_mse,val_conf_mse,test_mse,test_conf_mse,val_svm,val_conf_svm,test_svm,test_conf_svm,val_mvm,val_conf_mvm,test_mvm,test_conf_mvm
0,5,0.36445338,0.0051976142231895395,0.41897336,0.0059683817824235375,0.36436003,0.005225660169170698,0.4189734,0.005971359361039874,0.36490673,0.0052205888651438714,0.4191067,0.005993381344078952,0.3651067,0.005223582144391892,0.41982672,0.006010257214199177,0.36494672,0.005227183130441904,0.41992006,0.006031723210164097,0.36452004,0.005247852550241627,0.4199067,0.006074637654329085,0.3642534,0.005262107338440847,0.41994673,0.006089924989951756,0.3638534,0.005290497312968656,0.42000005,0.006046101756283451,0.36332005,0.00527830623426645,0.4197467,0.006090691088420197,0.3633067,0.005285003939020094,0.41932008,0.006058943487633084,0.36265337,0.005262247720559221,0.41873336,0.006037784577552163,0.3650534,0.005219330505694508,0.4195467,0.005985810407134917,0.3608667,0.005101658427437539,0.42069337,0.005746236777521174,7.316624,0.018550667582386993,7.1698136,0.017613916177706024,0.23560873,0.000915787598038037,0.22264595,0.0011803104549291954,,,,,,,,
