,shots,val_acc,val_conf,test_acc,test_conf,val_acc_me1,val_conf_me1,test_acc_me1,test_conf_me1,val_acc_me2,val_conf_me2,test_acc_me2,test_conf_me2,val_acc_me3,val_conf_me3,test_acc_me3,test_conf_me3,val_acc_me4,val_conf_me4,test_acc_me4,test_conf_me4,val_acc_me5,val_conf_me5,test_acc_me5,test_conf_me5,val_acc_me6,val_conf_me6,test_acc_me6,test_conf_me6,val_acc_me7,val_conf_me7,test_acc_me7,test_conf_me7,val_acc_me8,val_conf_me8,test_acc_me8,test_conf_me8,val_acc_me9,val_conf_me9,test_acc_me9,test_conf_me9,val_acc_med,val_conf_med,test_acc_med,test_conf_med,val_acc_maj,val_conf_maj,test_acc_maj,test_conf_maj,val_acc_lin,val_conf_lin,test_acc_lin,test_conf_lin,val_nld,val_conf_nld,test_nld,test_conf_nld,val_mse,val_conf_mse,test_mse,test_conf_mse,val_svm,val_conf_svm,test_svm,test_conf_svm,val_mvm,val_conf_mvm,test_mvm,test_conf_mvm
0,5,0.8208001,0.0044066875146848705,0.81342673,0.0045137113321920275,0.8206268,0.004408966415192284,0.81381345,0.004483604909196859,0.8204401,0.004435332855368901,0.81429344,0.004479189337433631,0.8205601,0.004438516389330016,0.8143601,0.004475086392953687,0.82066673,0.004426275899816368,0.81410676,0.004489084891430184,0.8206935,0.004436749606484769,0.8139601,0.004493663010909588,0.8204401,0.004441032184662186,0.81354684,0.004507557608147139,0.8205868,0.0044324924263878795,0.81342673,0.004513862797109192,0.8202001,0.004428458287617398,0.8133335,0.004512124183044364,0.8200001,0.004416263976432133,0.81330675,0.004518180470816313,0.8200401,0.004411617051243488,0.8130668,0.004520873129146286,0.8196935,0.004402424793188642,0.8129334,0.004494751434110378,0.81132007,0.004442054572853293,0.8056268,0.004509541890919233,5.2646065,0.015865325746712067,5.2257667,0.017769840074307375,0.13457589,0.0010966870435643594,0.13827112,0.0010678334386192145,,,,,,,,
