,shots,val_acc,val_conf,test_acc,test_conf,val_acc_me1,val_conf_me1,test_acc_me1,test_conf_me1,val_acc_me2,val_conf_me2,test_acc_me2,test_conf_me2,val_acc_me3,val_conf_me3,test_acc_me3,test_conf_me3,val_acc_me4,val_conf_me4,test_acc_me4,test_conf_me4,val_acc_me5,val_conf_me5,test_acc_me5,test_conf_me5,val_acc_me6,val_conf_me6,test_acc_me6,test_conf_me6,val_acc_me7,val_conf_me7,test_acc_me7,test_conf_me7,val_acc_me8,val_conf_me8,test_acc_me8,test_conf_me8,val_acc_me9,val_conf_me9,test_acc_me9,test_conf_me9,val_acc_med,val_conf_med,test_acc_med,test_conf_med,val_acc_maj,val_conf_maj,test_acc_maj,test_conf_maj,val_acc_lin,val_conf_lin,test_acc_lin,test_conf_lin,val_nld,val_conf_nld,test_nld,test_conf_nld,val_mse,val_conf_mse,test_mse,test_conf_mse,val_svm,val_conf_svm,test_svm,test_conf_svm,val_mvm,val_conf_mvm,test_mvm,test_conf_mvm
0,5,0.35829335,0.0069009221853365554,0.38497338,0.007371524144890285,0.35844004,0.006920888309194462,0.38540003,0.007357001060602941,0.3585467,0.006937551759003957,0.38537335,0.007365805420699034,0.3584934,0.0069609207638829385,0.38541335,0.007357149293037157,0.35861337,0.00697813235045075,0.38544002,0.007359303512057824,0.3585067,0.00699692970081639,0.3853867,0.0073665101019906865,0.35844004,0.00701672819734217,0.38537335,0.007370722489108916,0.3581734,0.007029231903327771,0.38504004,0.007400781810209089,0.35796005,0.0070272554708715185,0.38509336,0.007410979832256803,0.35817337,0.007031079036464494,0.38504004,0.007432856815344668,0.35804003,0.007045316738682195,0.38486668,0.007459557586618981,0.35890672,0.006784920839001729,0.38637337,0.007354192032885287,0.35185337,0.006620327423022931,0.37629336,0.007010070667734181,4.3944654,0.010261596676037321,4.4227185,0.01180442016986838,0.2359779,0.0010655719704307787,0.2321051,0.0011073618568530064,,,,,,,,
