,shots,val_acc,val_conf,test_acc,test_conf,val_acc_me1,val_conf_me1,test_acc_me1,test_conf_me1,val_acc_me2,val_conf_me2,test_acc_me2,test_conf_me2,val_acc_me3,val_conf_me3,test_acc_me3,test_conf_me3,val_acc_me4,val_conf_me4,test_acc_me4,test_conf_me4,val_acc_me5,val_conf_me5,test_acc_me5,test_conf_me5,val_acc_me6,val_conf_me6,test_acc_me6,test_conf_me6,val_acc_me7,val_conf_me7,test_acc_me7,test_conf_me7,val_acc_me8,val_conf_me8,test_acc_me8,test_conf_me8,val_acc_me9,val_conf_me9,test_acc_me9,test_conf_me9,val_acc_med,val_conf_med,test_acc_med,test_conf_med,val_acc_maj,val_conf_maj,test_acc_maj,test_conf_maj,val_acc_lin,val_conf_lin,test_acc_lin,test_conf_lin,val_nld,val_conf_nld,test_nld,test_conf_nld,val_mse,val_conf_mse,test_mse,test_conf_mse,val_svm,val_conf_svm,test_svm,test_conf_svm,val_mvm,val_conf_mvm,test_mvm,test_conf_mvm
0,5,0.3568667,0.007126566583966376,0.37817338,0.007750900354871748,0.35657337,0.007128828860275549,0.37792003,0.007798663523520655,0.35697338,0.007131825833789851,0.37785336,0.007808406227250209,0.35664,0.0071308205315802065,0.37760004,0.007821331541374266,0.3567467,0.007135323380384195,0.37738672,0.007828669277759825,0.35669336,0.007127559879810619,0.37734672,0.007882571393388549,0.35641333,0.007144331848691898,0.3776534,0.007916607592131975,0.3557734,0.007139347821705777,0.37737334,0.007904429443361727,0.3552667,0.007142912326876361,0.37745336,0.007941630704734914,0.35485336,0.007175093542167277,0.37729338,0.007976385438268563,0.3545867,0.007190138903349019,0.3766667,0.008006782784732713,0.3604267,0.007119426490826419,0.38124004,0.007681715059669969,0.35316002,0.006854814509761442,0.37262672,0.007443567416837826,5.335254,0.013972386478918963,5.428018,0.014343901290270189,0.23742567,0.0013279788208680199,0.23331387,0.0013670602328827441,,,,,,,,
