,shots,val_acc,val_conf,test_acc,test_conf,val_acc_me1,val_conf_me1,test_acc_me1,test_conf_me1,val_acc_me2,val_conf_me2,test_acc_me2,test_conf_me2,val_acc_me3,val_conf_me3,test_acc_me3,test_conf_me3,val_acc_me4,val_conf_me4,test_acc_me4,test_conf_me4,val_acc_me5,val_conf_me5,test_acc_me5,test_conf_me5,val_acc_me6,val_conf_me6,test_acc_me6,test_conf_me6,val_acc_me7,val_conf_me7,test_acc_me7,test_conf_me7,val_acc_me8,val_conf_me8,test_acc_me8,test_conf_me8,val_acc_me9,val_conf_me9,test_acc_me9,test_conf_me9,val_acc_med,val_conf_med,test_acc_med,test_conf_med,val_acc_maj,val_conf_maj,test_acc_maj,test_conf_maj,val_acc_lin,val_conf_lin,test_acc_lin,test_conf_lin,val_nld,val_conf_nld,test_nld,test_conf_nld,val_mse,val_conf_mse,test_mse,test_conf_mse,val_svm,val_conf_svm,test_svm,test_conf_svm,val_mvm,val_conf_mvm,test_mvm,test_conf_mvm
0,5,0.40517333,0.007978470851579877,0.43650672,0.008795117965446575,0.40520003,0.007979774927574401,0.43650672,0.008806070541380662,0.40560004,0.00799499622818739,0.43640003,0.008789432489651805,0.40537336,0.008025420358082014,0.43606672,0.008791721087608173,0.40532005,0.008037387933674756,0.4358667,0.008812843055026387,0.40525338,0.00804074509815067,0.43556005,0.008828583400050827,0.40512002,0.008044901147708283,0.43504003,0.00884001715416699,0.40498668,0.008050574617137651,0.43457335,0.008862250172166908,0.40465337,0.008053506940992161,0.4343067,0.008870396952866344,0.4048267,0.00808374358687347,0.4339734,0.00888398908205279,0.40481335,0.008084999637406387,0.43352002,0.008905897004620633,0.40849337,0.007948587931694284,0.44217333,0.00879422672370811,0.38889337,0.007469738060901898,0.4236667,0.008110313673478364,23.379961,0.029534232869103505,23.600136,0.033245954550650936,0.23162815,0.0017315463563118139,0.22338687,0.0018904343243687782,,,,,,,,
