,shots,val_acc,val_conf,test_acc,test_conf,val_acc_me1,val_conf_me1,test_acc_me1,test_conf_me1,val_acc_me2,val_conf_me2,test_acc_me2,test_conf_me2,val_acc_me3,val_conf_me3,test_acc_me3,test_conf_me3,val_acc_me4,val_conf_me4,test_acc_me4,test_conf_me4,val_acc_me5,val_conf_me5,test_acc_me5,test_conf_me5,val_acc_me6,val_conf_me6,test_acc_me6,test_conf_me6,val_acc_me7,val_conf_me7,test_acc_me7,test_conf_me7,val_acc_me8,val_conf_me8,test_acc_me8,test_conf_me8,val_acc_me9,val_conf_me9,test_acc_me9,test_conf_me9,val_acc_med,val_conf_med,test_acc_med,test_conf_med,val_acc_maj,val_conf_maj,test_acc_maj,test_conf_maj,val_acc_lin,val_conf_lin,test_acc_lin,test_conf_lin,val_nld,val_conf_nld,test_nld,test_conf_nld,val_mse,val_conf_mse,test_mse,test_conf_mse,val_svm,val_conf_svm,test_svm,test_conf_svm,val_mvm,val_conf_mvm,test_mvm,test_conf_mvm
0,5,0.6723601,0.006707981740675328,0.7290668,0.006256891510227902,0.6732934,0.006728704727335999,0.7296134,0.006240895337264019,0.6739601,0.006740773433467906,0.73052007,0.006246441816290305,0.6747067,0.006729486988219402,0.7313868,0.006255420730467809,0.67504007,0.006739445806525968,0.7318268,0.006238872726479383,0.6757201,0.006744330550105926,0.73197347,0.0062552526413524046,0.6759067,0.006755308524120651,0.73253345,0.0062637055843691725,0.6759468,0.0067371114920244946,0.7325601,0.006259132544506052,0.6763201,0.006752731773394971,0.73264015,0.006275747507070606,0.6766001,0.006762854986550715,0.73252016,0.006268553385286535,0.6766134,0.006750992697546754,0.73250675,0.006265438195251383,0.6732667,0.006696726234906802,0.7278801,0.00622502292222038,0.65568006,0.006795177045743284,0.7116134,0.0062809776645472715,4.941381,0.011741575159158302,5.0328126,0.014628487245508914,0.17331353,0.001425718254555175,0.16163374,0.001329295942240294,,,,,,,,
