,shots,val_acc,val_conf,test_acc,test_conf,val_acc_me1,val_conf_me1,test_acc_me1,test_conf_me1,val_acc_me2,val_conf_me2,test_acc_me2,test_conf_me2,val_acc_me3,val_conf_me3,test_acc_me3,test_conf_me3,val_acc_me4,val_conf_me4,test_acc_me4,test_conf_me4,val_acc_me5,val_conf_me5,test_acc_me5,test_conf_me5,val_acc_me6,val_conf_me6,test_acc_me6,test_conf_me6,val_acc_me7,val_conf_me7,test_acc_me7,test_conf_me7,val_acc_me8,val_conf_me8,test_acc_me8,test_conf_me8,val_acc_me9,val_conf_me9,test_acc_me9,test_conf_me9,val_acc_med,val_conf_med,test_acc_med,test_conf_med,val_acc_maj,val_conf_maj,test_acc_maj,test_conf_maj,val_acc_lin,val_conf_lin,test_acc_lin,test_conf_lin,val_nld,val_conf_nld,test_nld,test_conf_nld,val_mse,val_conf_mse,test_mse,test_conf_mse,val_svm,val_conf_svm,test_svm,test_conf_svm,val_mvm,val_conf_mvm,test_mvm,test_conf_mvm
0,5,0.28864002,0.005248113919580466,0.3120667,0.0061179792480319795,0.28872004,0.005254505000233445,0.31174672,0.00613086346344377,0.28884003,0.0052634188029678786,0.31165335,0.006136117633651128,0.2888667,0.005247636897447894,0.31145337,0.006129317413008373,0.28880006,0.005251519109517988,0.31190667,0.006155051671868916,0.2887734,0.005246872646112566,0.31185335,0.006159998756192275,0.28857335,0.005232815962942283,0.31129333,0.006176009244437952,0.28834668,0.0052188567160449395,0.31113335,0.006175797747693779,0.2883867,0.005233325771688002,0.31124002,0.006168852065316477,0.2887067,0.005209841320987951,0.31109336,0.00617684969001514,0.2883867,0.005208316512583633,0.31110668,0.006208769997750496,0.29076,0.005148009924586694,0.31412,0.006068025841266256,0.28736,0.005072397991419009,0.30882668,0.005774863646873796,5.1769404,0.01537399572088205,5.033192,0.012537297948852277,0.24827273,0.0008510002691118346,0.24408634,0.001014096064177128,,,,,,,,
