,shots,val_acc,val_conf,test_acc,test_conf,val_acc_me1,val_conf_me1,test_acc_me1,test_conf_me1,val_acc_me2,val_conf_me2,test_acc_me2,test_conf_me2,val_acc_me3,val_conf_me3,test_acc_me3,test_conf_me3,val_acc_me4,val_conf_me4,test_acc_me4,test_conf_me4,val_acc_me5,val_conf_me5,test_acc_me5,test_conf_me5,val_acc_me6,val_conf_me6,test_acc_me6,test_conf_me6,val_acc_me7,val_conf_me7,test_acc_me7,test_conf_me7,val_acc_me8,val_conf_me8,test_acc_me8,test_conf_me8,val_acc_me9,val_conf_me9,test_acc_me9,test_conf_me9,val_acc_med,val_conf_med,test_acc_med,test_conf_med,val_acc_maj,val_conf_maj,test_acc_maj,test_conf_maj,val_acc_lin,val_conf_lin,test_acc_lin,test_conf_lin,val_nld,val_conf_nld,test_nld,test_conf_nld,val_mse,val_conf_mse,test_mse,test_conf_mse,val_svm,val_conf_svm,test_svm,test_conf_svm,val_mvm,val_conf_mvm,test_mvm,test_conf_mvm
0,5,0.6732401,0.006780318245008354,0.7457068,0.006113834281273212,0.6737601,0.006790948034426814,0.7461201,0.006103903169963787,0.67433345,0.006791421362293049,0.7469201,0.006097253490671584,0.67466676,0.006803671549255652,0.7473468,0.006109560476978193,0.6748667,0.006808431149565641,0.74750686,0.006119993084934272,0.67477345,0.006809212486882488,0.74757344,0.0061339592585808456,0.6748401,0.006825101064341199,0.7478401,0.006119837925750771,0.67533344,0.006834023640957976,0.74801344,0.006103314396276427,0.6758934,0.0068371055825965366,0.7479601,0.006128953989563701,0.6757467,0.006823899504235675,0.7479201,0.006137067060083434,0.67562675,0.006842566169931952,0.74793345,0.0061193756806833255,0.6741735,0.006705197187471756,0.7459068,0.006069222321755552,0.6618801,0.00653251332835425,0.7335868,0.006073663291599529,4.34438,0.008971516409301827,4.4300876,0.009403977378498851,0.18045995,0.0012186156092432177,0.16772845,0.0011633148674925764,,,,,,,,
