,shots,val_acc,val_conf,test_acc,test_conf,val_acc_me1,val_conf_me1,test_acc_me1,test_conf_me1,val_acc_me2,val_conf_me2,test_acc_me2,test_conf_me2,val_acc_me3,val_conf_me3,test_acc_me3,test_conf_me3,val_acc_me4,val_conf_me4,test_acc_me4,test_conf_me4,val_acc_me5,val_conf_me5,test_acc_me5,test_conf_me5,val_acc_me6,val_conf_me6,test_acc_me6,test_conf_me6,val_acc_me7,val_conf_me7,test_acc_me7,test_conf_me7,val_acc_me8,val_conf_me8,test_acc_me8,test_conf_me8,val_acc_me9,val_conf_me9,test_acc_me9,test_conf_me9,val_acc_med,val_conf_med,test_acc_med,test_conf_med,val_acc_maj,val_conf_maj,test_acc_maj,test_conf_maj,val_acc_lin,val_conf_lin,test_acc_lin,test_conf_lin,val_nld,val_conf_nld,test_nld,test_conf_nld,val_mse,val_conf_mse,test_mse,test_conf_mse,val_svm,val_conf_svm,test_svm,test_conf_svm,val_mvm,val_conf_mvm,test_mvm,test_conf_mvm
0,5,0.3910667,0.00676190094228557,0.4277734,0.007274214862332318,0.39600003,0.006756282886850262,0.4312667,0.007304312973228311,0.40020007,0.006917008406040814,0.43380004,0.007269357825749334,0.40401337,0.006973389836122279,0.43693337,0.0072783011826139665,0.40756005,0.007039206884049243,0.4398667,0.007292132053758338,0.41049337,0.007154227864471785,0.4409067,0.007335570160167615,0.4136667,0.0072705612329879155,0.44206667,0.007394491398312053,0.41617337,0.00741344944926059,0.44345337,0.007417702935091142,0.41936004,0.007574819156132562,0.44548005,0.007496822112302126,0.42081335,0.0077007770118574514,0.44757336,0.007584905888408822,0.4199467,0.00779201292066195,0.44705337,0.007646384482380975,0.39676005,0.006815414698172262,0.43444005,0.007202675395947822,0.4047467,0.0068792756321074955,0.44352004,0.00721865910076297,10.245658,0.02269918083677247,10.231701,0.019969422837691653,0.22713433,0.0010722568606983118,0.21973978,0.0012298968594298132,,,,,,,,
