,shots,val_acc,val_conf,test_acc,test_conf,val_acc_me1,val_conf_me1,test_acc_me1,test_conf_me1,val_acc_me2,val_conf_me2,test_acc_me2,test_conf_me2,val_acc_me3,val_conf_me3,test_acc_me3,test_conf_me3,val_acc_me4,val_conf_me4,test_acc_me4,test_conf_me4,val_acc_me5,val_conf_me5,test_acc_me5,test_conf_me5,val_acc_me6,val_conf_me6,test_acc_me6,test_conf_me6,val_acc_me7,val_conf_me7,test_acc_me7,test_conf_me7,val_acc_me8,val_conf_me8,test_acc_me8,test_conf_me8,val_acc_me9,val_conf_me9,test_acc_me9,test_conf_me9,val_acc_med,val_conf_med,test_acc_med,test_conf_med,val_acc_maj,val_conf_maj,test_acc_maj,test_conf_maj,val_acc_lin,val_conf_lin,test_acc_lin,test_conf_lin,val_nld,val_conf_nld,test_nld,test_conf_nld,val_mse,val_conf_mse,test_mse,test_conf_mse,val_svm,val_conf_svm,test_svm,test_conf_svm,val_mvm,val_conf_mvm,test_mvm,test_conf_mvm
0,5,0.28990668,0.005249602247105356,0.30917335,0.006187513651396637,0.28993335,0.0052605959217517095,0.30932,0.006197490017467944,0.28973335,0.005265604885035191,0.30933338,0.006200501306264039,0.2896,0.005248211817636683,0.30914667,0.006202121703808239,0.28953335,0.005259023549669117,0.30956003,0.006227449131595397,0.28921336,0.005250680972857191,0.3094267,0.00627317953022738,0.28892004,0.005260821271994398,0.30937335,0.006294156497694325,0.2887467,0.005278607778750999,0.30881336,0.006334931961687051,0.28881335,0.005268264294968739,0.30889338,0.006328455912909758,0.28865334,0.005264221844099082,0.3091467,0.006334733394874836,0.28834668,0.005224878370070574,0.30869335,0.006347535412862038,0.29024002,0.00509008152050322,0.3098667,0.006050305831302616,0.28426668,0.004792742496305402,0.30138668,0.005578171213028671,24.502258,0.03493759601990831,24.085848,0.028649618644337238,0.26123804,0.0012579273356709275,0.25560647,0.0014636981979913033,,,,,,,,
