,shots,val_acc,val_conf,test_acc,test_conf,val_acc_me1,val_conf_me1,test_acc_me1,test_conf_me1,val_acc_me2,val_conf_me2,test_acc_me2,test_conf_me2,val_acc_me3,val_conf_me3,test_acc_me3,test_conf_me3,val_acc_me4,val_conf_me4,test_acc_me4,test_conf_me4,val_acc_me5,val_conf_me5,test_acc_me5,test_conf_me5,val_acc_me6,val_conf_me6,test_acc_me6,test_conf_me6,val_acc_me7,val_conf_me7,test_acc_me7,test_conf_me7,val_acc_me8,val_conf_me8,test_acc_me8,test_conf_me8,val_acc_me9,val_conf_me9,test_acc_me9,test_conf_me9,val_acc_med,val_conf_med,test_acc_med,test_conf_med,val_acc_maj,val_conf_maj,test_acc_maj,test_conf_maj,val_acc_lin,val_conf_lin,test_acc_lin,test_conf_lin,val_nld,val_conf_nld,test_nld,test_conf_nld,val_mse,val_conf_mse,test_mse,test_conf_mse,val_svm,val_conf_svm,test_svm,test_conf_svm,val_mvm,val_conf_mvm,test_mvm,test_conf_mvm
0,5,0.3668134,0.005396831688032566,0.39477336,0.005860325417492984,0.36712003,0.005388146006240491,0.3945334,0.005849441647268194,0.36737338,0.005386264239357452,0.3947467,0.005885492606480525,0.3677467,0.005400223024471518,0.39472002,0.005904419717949028,0.36776003,0.005388046261051105,0.39492005,0.005930796317357878,0.36780006,0.005402458979133495,0.3954267,0.005951250084363868,0.3679867,0.005414556777612378,0.39565337,0.005931250712109537,0.3680667,0.005429105259980305,0.3956934,0.005965093885440198,0.36768004,0.005433211436943197,0.3957334,0.0059849399456441965,0.36777338,0.005432763968940824,0.3956667,0.0059816137206483155,0.3677467,0.005432659144135321,0.39545336,0.00598877228511957,0.36864004,0.0053974786464137114,0.3951067,0.005881516190620495,0.36020002,0.005215885602394554,0.38638672,0.005517879863880137,5.0171623,0.013898982331632226,4.8780885,0.010892501623076534,0.23541415,0.0008773821213055311,0.2298043,0.000948379627283169,,,,,,,,
