,shots,val_acc,val_conf,test_acc,test_conf,val_acc_me1,val_conf_me1,test_acc_me1,test_conf_me1,val_acc_me2,val_conf_me2,test_acc_me2,test_conf_me2,val_acc_me3,val_conf_me3,test_acc_me3,test_conf_me3,val_acc_me4,val_conf_me4,test_acc_me4,test_conf_me4,val_acc_me5,val_conf_me5,test_acc_me5,test_conf_me5,val_acc_me6,val_conf_me6,test_acc_me6,test_conf_me6,val_acc_me7,val_conf_me7,test_acc_me7,test_conf_me7,val_acc_me8,val_conf_me8,test_acc_me8,test_conf_me8,val_acc_me9,val_conf_me9,test_acc_me9,test_conf_me9,val_acc_med,val_conf_med,test_acc_med,test_conf_med,val_acc_maj,val_conf_maj,test_acc_maj,test_conf_maj,val_acc_lin,val_conf_lin,test_acc_lin,test_conf_lin,val_nld,val_conf_nld,test_nld,test_conf_nld,val_mse,val_conf_mse,test_mse,test_conf_mse,val_svm,val_conf_svm,test_svm,test_conf_svm,val_mvm,val_conf_mvm,test_mvm,test_conf_mvm
0,5,0.27940002,0.004818303586434425,0.29996002,0.005735918691819553,0.27925336,0.0048238260527298515,0.3005467,0.005748795056915557,0.27937335,0.004815452536437892,0.30045336,0.005740853769777565,0.27928004,0.0048279493156742626,0.30084002,0.005753413813323838,0.27889338,0.004831419155271577,0.30105335,0.005770245352248793,0.27892005,0.004799216236166304,0.30088,0.005779708215308099,0.27889335,0.004798765997464205,0.30106667,0.005814492964755225,0.27920002,0.00480504994439529,0.30132002,0.005816761706030404,0.27860004,0.004819367996904411,0.30117336,0.005847241249919144,0.27865335,0.004815594765689435,0.30048,0.005843174324535405,0.27852002,0.00483075187842591,0.30017334,0.005851190420565366,0.28073335,0.004822203808052539,0.3022667,0.00563365031857288,0.27617338,0.004637541752326779,0.29581335,0.005384754669801484,5.403249,0.018001127002886363,5.204918,0.014358863068677508,0.25019324,0.0007815674580697318,0.24656488,0.0009471040086835303,,,,,,,,
