,shots,val_acc,val_conf,test_acc,test_conf,val_acc_me1,val_conf_me1,test_acc_me1,test_conf_me1,val_acc_me2,val_conf_me2,test_acc_me2,test_conf_me2,val_acc_me3,val_conf_me3,test_acc_me3,test_conf_me3,val_acc_me4,val_conf_me4,test_acc_me4,test_conf_me4,val_acc_me5,val_conf_me5,test_acc_me5,test_conf_me5,val_acc_me6,val_conf_me6,test_acc_me6,test_conf_me6,val_acc_me7,val_conf_me7,test_acc_me7,test_conf_me7,val_acc_me8,val_conf_me8,test_acc_me8,test_conf_me8,val_acc_me9,val_conf_me9,test_acc_me9,test_conf_me9,val_acc_med,val_conf_med,test_acc_med,test_conf_med,val_acc_maj,val_conf_maj,test_acc_maj,test_conf_maj,val_acc_lin,val_conf_lin,test_acc_lin,test_conf_lin,val_nld,val_conf_nld,test_nld,test_conf_nld,val_mse,val_conf_mse,test_mse,test_conf_mse,val_svm,val_conf_svm,test_svm,test_conf_svm,val_mvm,val_conf_mvm,test_mvm,test_conf_mvm
0,5,0.36318672,0.0052252547234472035,0.36037335,0.005161104713176046,0.36405337,0.0052459961814392275,0.3616267,0.005179740439392233,0.36504003,0.0052719636408583015,0.3622934,0.005180222079357644,0.36521336,0.005266190426239492,0.36201337,0.005197729669010609,0.3657467,0.005275212286262432,0.36260003,0.005183292938197415,0.3662267,0.005307103039867644,0.36266673,0.0052000833784100475,0.36600006,0.005340270624253574,0.3625734,0.005214376494621864,0.36502674,0.005362075569149083,0.36188006,0.005220231444881929,0.3645467,0.005392323297829127,0.3614134,0.005209327817975951,0.36458674,0.0054309112944047055,0.36040002,0.005208824935979461,0.36381334,0.005417207413663527,0.3595334,0.005222238355034936,0.36602673,0.005230734705680473,0.36273336,0.005058340846465392,0.3636667,0.005043344434311814,0.3606934,0.0050701066227629155,9.432439,0.011370414073802237,9.419709,0.009755335349495908,0.23711987,0.0010102205479646797,0.23738502,0.00105121836060873,,,,,,,,
