,shots,val_acc,val_conf,test_acc,test_conf,val_acc_me1,val_conf_me1,test_acc_me1,test_conf_me1,val_acc_me2,val_conf_me2,test_acc_me2,test_conf_me2,val_acc_me3,val_conf_me3,test_acc_me3,test_conf_me3,val_acc_me4,val_conf_me4,test_acc_me4,test_conf_me4,val_acc_me5,val_conf_me5,test_acc_me5,test_conf_me5,val_acc_me6,val_conf_me6,test_acc_me6,test_conf_me6,val_acc_me7,val_conf_me7,test_acc_me7,test_conf_me7,val_acc_me8,val_conf_me8,test_acc_me8,test_conf_me8,val_acc_me9,val_conf_me9,test_acc_me9,test_conf_me9,val_acc_med,val_conf_med,test_acc_med,test_conf_med,val_acc_maj,val_conf_maj,test_acc_maj,test_conf_maj,val_acc_lin,val_conf_lin,test_acc_lin,test_conf_lin,val_nld,val_conf_nld,test_nld,test_conf_nld,val_mse,val_conf_mse,test_mse,test_conf_mse,val_svm,val_conf_svm,test_svm,test_conf_svm,val_mvm,val_conf_mvm,test_mvm,test_conf_mvm
0,5,0.55596,0.005744683338553269,0.59481335,0.005886243004317282,0.5558667,0.005734005985456481,0.59465337,0.005872785715849926,0.55562663,0.005742018387220216,0.5944267,0.005882966190132843,0.55534667,0.005749203735121999,0.5941067,0.0058723451745967825,0.55544007,0.005752403893281355,0.59402674,0.005872965811330677,0.5552534,0.005769149078732161,0.59353334,0.00587008289828761,0.55501336,0.005775595111595977,0.59292006,0.0058642140945289745,0.55436,0.005784344057697899,0.5928,0.005878614344462685,0.55338675,0.005772864125253352,0.59234667,0.005889426076495119,0.5526267,0.005772698806837617,0.5920667,0.005877949838316798,0.55222666,0.005778967053136963,0.5917467,0.00587625555544713,0.55766666,0.00569983494599402,0.5961334,0.005912790925324596,0.56004006,0.005591745332667042,0.5935467,0.005836211094393251,4.9290175,0.012616801329755845,4.7902064,0.010909501712900393,0.19846182,0.000957673939443765,0.1894983,0.0010330506517510496,,,,,,,,
