,shots,val_acc,val_conf,test_acc,test_conf,val_acc_me1,val_conf_me1,test_acc_me1,test_conf_me1,val_acc_me2,val_conf_me2,test_acc_me2,test_conf_me2,val_acc_me3,val_conf_me3,test_acc_me3,test_conf_me3,val_acc_me4,val_conf_me4,test_acc_me4,test_conf_me4,val_acc_me5,val_conf_me5,test_acc_me5,test_conf_me5,val_acc_me6,val_conf_me6,test_acc_me6,test_conf_me6,val_acc_me7,val_conf_me7,test_acc_me7,test_conf_me7,val_acc_me8,val_conf_me8,test_acc_me8,test_conf_me8,val_acc_me9,val_conf_me9,test_acc_me9,test_conf_me9,val_acc_med,val_conf_med,test_acc_med,test_conf_med,val_acc_maj,val_conf_maj,test_acc_maj,test_conf_maj,val_acc_lin,val_conf_lin,test_acc_lin,test_conf_lin,val_nld,val_conf_nld,test_nld,test_conf_nld,val_mse,val_conf_mse,test_mse,test_conf_mse,val_svm,val_conf_svm,test_svm,test_conf_svm,val_mvm,val_conf_mvm,test_mvm,test_conf_mvm
0,5,0.57738674,0.007498622605327077,0.56452,0.007117653704798443,0.5777067,0.007527685859883282,0.5651866,0.007119939532055142,0.5779334,0.007547799292608848,0.56528,0.007150191416784746,0.5785067,0.007570204093990451,0.56582665,0.007168660439235364,0.57912004,0.007607326390422053,0.56641334,0.007195103073653897,0.5794267,0.007592687398530473,0.56716,0.007242404920801859,0.57988006,0.007606979591175733,0.5679734,0.007250695316102673,0.5798534,0.007629052832159311,0.56798667,0.0072569058394915675,0.5800668,0.007628609058423219,0.56848,0.007268357141372528,0.58021337,0.007629226000890887,0.56848,0.007288081290789505,0.58032006,0.007642908639600932,0.5686267,0.007292717594962639,0.5771467,0.0073182551341441915,0.56636006,0.007061989885940645,0.56088,0.007065772352821353,0.55132,0.0067829014607000415,4.5430183,0.012010814208730736,4.527624,0.012717920786191605,0.19970578,0.0011578576280859842,0.20166248,0.0011287592780002131,,,,,,,,
