,shots,val_acc,val_conf,test_acc,test_conf,val_acc_me1,val_conf_me1,test_acc_me1,test_conf_me1,val_acc_me2,val_conf_me2,test_acc_me2,test_conf_me2,val_acc_me3,val_conf_me3,test_acc_me3,test_conf_me3,val_acc_me4,val_conf_me4,test_acc_me4,test_conf_me4,val_acc_me5,val_conf_me5,test_acc_me5,test_conf_me5,val_acc_me6,val_conf_me6,test_acc_me6,test_conf_me6,val_acc_me7,val_conf_me7,test_acc_me7,test_conf_me7,val_acc_me8,val_conf_me8,test_acc_me8,test_conf_me8,val_acc_me9,val_conf_me9,test_acc_me9,test_conf_me9,val_acc_med,val_conf_med,test_acc_med,test_conf_med,val_acc_maj,val_conf_maj,test_acc_maj,test_conf_maj,val_acc_lin,val_conf_lin,test_acc_lin,test_conf_lin,val_nld,val_conf_nld,test_nld,test_conf_nld,val_mse,val_conf_mse,test_mse,test_conf_mse,val_svm,val_conf_svm,test_svm,test_conf_svm,val_mvm,val_conf_mvm,test_mvm,test_conf_mvm
0,5,0.56417334,0.007785388177667163,0.6233601,0.007731263482495532,0.5643867,0.00783334714242856,0.6239334,0.007716769952338387,0.56489336,0.007836555612686924,0.6243201,0.007732259087256166,0.56488,0.007824758896909367,0.6248401,0.007756675416623726,0.5649734,0.007843511916079793,0.62526673,0.007800955815743249,0.5652267,0.007862683310905672,0.62562674,0.007818897019900128,0.56528,0.007891792282006982,0.62548006,0.007843739113455594,0.56538665,0.007924019213843003,0.6254934,0.007844052202522267,0.5658534,0.007942352010224751,0.6253734,0.00788583065980819,0.56564003,0.00795730547653295,0.6253734,0.007895620465432795,0.5656934,0.007993930432367513,0.6255334,0.007903675813041966,0.5638,0.00767888525170457,0.6227467,0.007590770536117786,0.54693335,0.007371372218189731,0.6057467,0.007423383331269795,4.409503,0.01037369918610409,4.4928136,0.011222052340262856,0.20209098,0.001205110295314199,0.19227688,0.0012604375896037023,,,,,,,,
