,shots,val_acc,val_conf,test_acc,test_conf,val_acc_me1,val_conf_me1,test_acc_me1,test_conf_me1,val_acc_me2,val_conf_me2,test_acc_me2,test_conf_me2,val_acc_me3,val_conf_me3,test_acc_me3,test_conf_me3,val_acc_me4,val_conf_me4,test_acc_me4,test_conf_me4,val_acc_me5,val_conf_me5,test_acc_me5,test_conf_me5,val_acc_me6,val_conf_me6,test_acc_me6,test_conf_me6,val_acc_me7,val_conf_me7,test_acc_me7,test_conf_me7,val_acc_me8,val_conf_me8,test_acc_me8,test_conf_me8,val_acc_me9,val_conf_me9,test_acc_me9,test_conf_me9,val_acc_med,val_conf_med,test_acc_med,test_conf_med,val_acc_maj,val_conf_maj,test_acc_maj,test_conf_maj,val_acc_lin,val_conf_lin,test_acc_lin,test_conf_lin,val_nld,val_conf_nld,test_nld,test_conf_nld,val_mse,val_conf_mse,test_mse,test_conf_mse,val_svm,val_conf_svm,test_svm,test_conf_svm,val_mvm,val_conf_mvm,test_mvm,test_conf_mvm
0,5,0.27353334,0.004900655246634633,0.2964667,0.005833869853142548,0.27365336,0.004893651379563491,0.29644,0.005841419548055504,0.2735467,0.004896048034808365,0.29665336,0.005823738327887684,0.2735867,0.004890731523857661,0.29646668,0.005833869853142548,0.27372,0.004895029340883483,0.29641333,0.005828938469450817,0.27356002,0.004904833923573104,0.29629338,0.005847151663961991,0.27353334,0.004909853046088819,0.2965067,0.00584063774895538,0.27330667,0.00488782044203423,0.29660004,0.005856862042861621,0.2733867,0.0049087535400891835,0.29642668,0.005863581451429678,0.27334672,0.004930293421379572,0.2962667,0.005876474902507145,0.27270666,0.004915003315057231,0.29593334,0.005887015105968452,0.27472004,0.0049361954735346325,0.2972667,0.005796145391308349,0.27377334,0.004863629001126135,0.29233336,0.00558602014350984,5.271345,0.01593647362087225,5.12318,0.013955565561008854,0.25244164,0.0008663942766731214,0.24897012,0.0010028586834025244,,,,,,,,
