,shots,val_acc,val_conf,test_acc,test_conf,val_acc_me1,val_conf_me1,test_acc_me1,test_conf_me1,val_acc_me2,val_conf_me2,test_acc_me2,test_conf_me2,val_acc_me3,val_conf_me3,test_acc_me3,test_conf_me3,val_acc_me4,val_conf_me4,test_acc_me4,test_conf_me4,val_acc_me5,val_conf_me5,test_acc_me5,test_conf_me5,val_acc_me6,val_conf_me6,test_acc_me6,test_conf_me6,val_acc_me7,val_conf_me7,test_acc_me7,test_conf_me7,val_acc_me8,val_conf_me8,test_acc_me8,test_conf_me8,val_acc_me9,val_conf_me9,test_acc_me9,test_conf_me9,val_acc_med,val_conf_med,test_acc_med,test_conf_med,val_acc_maj,val_conf_maj,test_acc_maj,test_conf_maj,val_acc_lin,val_conf_lin,test_acc_lin,test_conf_lin,val_nld,val_conf_nld,test_nld,test_conf_nld,val_mse,val_conf_mse,test_mse,test_conf_mse,val_svm,val_conf_svm,test_svm,test_conf_svm,val_mvm,val_conf_mvm,test_mvm,test_conf_mvm
0,5,0.55704004,0.006182543016125752,0.6127334,0.006227177603024381,0.55740005,0.006211128786766107,0.6136267,0.0061886658006906625,0.55793333,0.006253687196019042,0.61380005,0.006164442034952589,0.55852,0.006262300839618762,0.61438674,0.006148728935141956,0.5594,0.006255108103184415,0.6143734,0.006156126703354414,0.55964,0.0062924446670599155,0.6140801,0.0061797866317024885,0.5602001,0.006329300976319785,0.6138267,0.006201252165884075,0.55991995,0.006380247678929751,0.6130533,0.006263713434685014,0.5591867,0.006478140655558962,0.61190677,0.006339595511073992,0.5582267,0.006506151506010527,0.6103467,0.006415074450655811,0.5560934,0.006619577025186119,0.6085334,0.00645102289397903,0.5580801,0.0061268154711746625,0.61262673,0.006143469685318537,0.5598933,0.00626106002793414,0.60552,0.0061760097062212305,10.138517,0.019647220016123512,10.327697,0.017758485746915298,0.1914068,0.0012640884482484072,0.17944473,0.0013632571012000827,,,,,,,,
