,shots,val_acc,val_conf,test_acc,test_conf,val_acc_me1,val_conf_me1,test_acc_me1,test_conf_me1,val_acc_me2,val_conf_me2,test_acc_me2,test_conf_me2,val_acc_me3,val_conf_me3,test_acc_me3,test_conf_me3,val_acc_me4,val_conf_me4,test_acc_me4,test_conf_me4,val_acc_me5,val_conf_me5,test_acc_me5,test_conf_me5,val_acc_me6,val_conf_me6,test_acc_me6,test_conf_me6,val_acc_me7,val_conf_me7,test_acc_me7,test_conf_me7,val_acc_me8,val_conf_me8,test_acc_me8,test_conf_me8,val_acc_me9,val_conf_me9,test_acc_me9,test_conf_me9,val_acc_med,val_conf_med,test_acc_med,test_conf_med,val_acc_maj,val_conf_maj,test_acc_maj,test_conf_maj,val_acc_lin,val_conf_lin,test_acc_lin,test_conf_lin,val_nld,val_conf_nld,test_nld,test_conf_nld,val_mse,val_conf_mse,test_mse,test_conf_mse,val_svm,val_conf_svm,test_svm,test_conf_svm,val_mvm,val_conf_mvm,test_mvm,test_conf_mvm
0,5,0.6940267,0.005734208246535033,0.68037343,0.0058185834410864334,0.69429344,0.005731794967091863,0.6813734,0.005837771921893831,0.69464016,0.00574772926109568,0.6820668,0.005836634549664876,0.6953068,0.005760542361881726,0.6826667,0.005836811412662679,0.69558674,0.005763884287509291,0.6832934,0.005826730221785925,0.69590676,0.005775218296436124,0.68429345,0.005807711677227156,0.6962135,0.005789971810582162,0.6847601,0.005805665977278163,0.6966001,0.005796321792522874,0.68508005,0.0057976697379293896,0.6970934,0.0057968823974299255,0.68522674,0.005814771420075582,0.69730675,0.005794565630693138,0.68516004,0.005819407262465437,0.6971068,0.005795846617523526,0.68505335,0.005820941306535432,0.69345343,0.005649875997828957,0.6795468,0.005777531368906463,0.6760134,0.005649917096541279,0.6652934,0.00577655792974352,4.391675,0.010011565963953473,4.384438,0.01146902419987228,0.17900933,0.0010091579846278065,0.18101166,0.0010177670103946879,,,,,,,,
