,shots,val_acc,val_conf,test_acc,test_conf,val_acc_me1,val_conf_me1,test_acc_me1,test_conf_me1,val_acc_me2,val_conf_me2,test_acc_me2,test_conf_me2,val_acc_me3,val_conf_me3,test_acc_me3,test_conf_me3,val_acc_me4,val_conf_me4,test_acc_me4,test_conf_me4,val_acc_me5,val_conf_me5,test_acc_me5,test_conf_me5,val_acc_me6,val_conf_me6,test_acc_me6,test_conf_me6,val_acc_me7,val_conf_me7,test_acc_me7,test_conf_me7,val_acc_me8,val_conf_me8,test_acc_me8,test_conf_me8,val_acc_me9,val_conf_me9,test_acc_me9,test_conf_me9,val_acc_med,val_conf_med,test_acc_med,test_conf_med,val_acc_maj,val_conf_maj,test_acc_maj,test_conf_maj,val_acc_lin,val_conf_lin,test_acc_lin,test_conf_lin,val_nld,val_conf_nld,test_nld,test_conf_nld,val_mse,val_conf_mse,test_mse,test_conf_mse,val_svm,val_conf_svm,test_svm,test_conf_svm,val_mvm,val_conf_mvm,test_mvm,test_conf_mvm
0,5,0.56984,0.00765345253732852,0.6164135,0.007661321786274211,0.5706534,0.0076560085078064555,0.6169601,0.007700232569365473,0.5713867,0.007696354975128217,0.6177067,0.007672145062888713,0.5715734,0.007724897799923136,0.6177734,0.007716200111765659,0.5721334,0.007725753022565396,0.61821336,0.007747231024895718,0.5722667,0.007753914876150847,0.6188534,0.007756692040821855,0.57240003,0.007792588302634074,0.6187467,0.007769660762574682,0.57246673,0.007829070105650482,0.61888003,0.007798632122257287,0.57268006,0.007871818307833234,0.6193601,0.007808038647756033,0.57257336,0.007889737346392312,0.61970675,0.007821502401189395,0.5726134,0.007910735555890391,0.61980003,0.007814780683705003,0.57080007,0.007614074429553752,0.6163867,0.007532685587501087,0.55362666,0.007431771624626826,0.5968534,0.007386043073128068,4.566913,0.011499579476219601,4.6211834,0.01166523961158461,0.19968568,0.001268116237498812,0.19210203,0.0012743896788601494,,,,,,,,
