,shots,val_acc,val_conf,test_acc,test_conf,val_acc_me1,val_conf_me1,test_acc_me1,test_conf_me1,val_acc_me2,val_conf_me2,test_acc_me2,test_conf_me2,val_acc_me3,val_conf_me3,test_acc_me3,test_conf_me3,val_acc_me4,val_conf_me4,test_acc_me4,test_conf_me4,val_acc_me5,val_conf_me5,test_acc_me5,test_conf_me5,val_acc_me6,val_conf_me6,test_acc_me6,test_conf_me6,val_acc_me7,val_conf_me7,test_acc_me7,test_conf_me7,val_acc_me8,val_conf_me8,test_acc_me8,test_conf_me8,val_acc_me9,val_conf_me9,test_acc_me9,test_conf_me9,val_acc_med,val_conf_med,test_acc_med,test_conf_med,val_acc_maj,val_conf_maj,test_acc_maj,test_conf_maj,val_acc_lin,val_conf_lin,test_acc_lin,test_conf_lin,val_nld,val_conf_nld,test_nld,test_conf_nld,val_mse,val_conf_mse,test_mse,test_conf_mse,val_svm,val_conf_svm,test_svm,test_conf_svm,val_mvm,val_conf_mvm,test_mvm,test_conf_mvm
0,5,0.28728,0.004149374941992856,0.35616004,0.005466254339842436,0.28774667,0.004126374440174607,0.35725334,0.005480898411350188,0.28785333,0.004135528832000135,0.35792005,0.005504427655028787,0.28805333,0.004144701695157016,0.35845336,0.0054945376424316295,0.28812,0.004124608119112638,0.35952002,0.0055185078891465955,0.28812,0.004104171438088167,0.36002672,0.005482546515891418,0.2878267,0.00410019825471114,0.3597467,0.005503370171308031,0.28770667,0.004102821645548538,0.3594267,0.005545844536003264,0.2869867,0.004146535436578447,0.3589867,0.005563386759402544,0.28714666,0.004170640985795726,0.35816005,0.005564782730270557,0.2867067,0.0041764793118575505,0.35808003,0.005548438834493741,0.28922668,0.004148324846804663,0.35964,0.005443773344218861,0.29382667,0.004099131073541373,0.3657067,0.005386875178642447,8.14696,0.018003195791999715,8.062641,0.015803749716466697,0.25147745,0.0007796235236121052,0.23442122,0.0011317993128057702,,,,,,,,
