,shots,val_acc,val_conf,test_acc,test_conf,val_acc_me1,val_conf_me1,test_acc_me1,test_conf_me1,val_acc_me2,val_conf_me2,test_acc_me2,test_conf_me2,val_acc_me3,val_conf_me3,test_acc_me3,test_conf_me3,val_acc_me4,val_conf_me4,test_acc_me4,test_conf_me4,val_acc_me5,val_conf_me5,test_acc_me5,test_conf_me5,val_acc_me6,val_conf_me6,test_acc_me6,test_conf_me6,val_acc_me7,val_conf_me7,test_acc_me7,test_conf_me7,val_acc_me8,val_conf_me8,test_acc_me8,test_conf_me8,val_acc_me9,val_conf_me9,test_acc_me9,test_conf_me9,val_acc_med,val_conf_med,test_acc_med,test_conf_med,val_acc_maj,val_conf_maj,test_acc_maj,test_conf_maj,val_acc_lin,val_conf_lin,test_acc_lin,test_conf_lin,val_nld,val_conf_nld,test_nld,test_conf_nld,val_mse,val_conf_mse,test_mse,test_conf_mse,val_svm,val_conf_svm,test_svm,test_conf_svm,val_mvm,val_conf_mvm,test_mvm,test_conf_mvm
0,5,0.5827601,0.008003437626622145,0.65802675,0.0077120343647590905,0.58294666,0.008031234209629812,0.65858674,0.007713659380136129,0.58337337,0.008050908948235458,0.65894675,0.007738654785741983,0.58374673,0.008070966966966853,0.6591467,0.007762387675848914,0.5842401,0.008081370944359345,0.6595867,0.007793024226054324,0.5844134,0.008089891769518909,0.6598134,0.007826408386800487,0.5845867,0.00808461820441364,0.6605201,0.007846501501061587,0.58502674,0.00811652650578365,0.66097337,0.00788527005490125,0.58524,0.00813552519366123,0.6607201,0.007930586695710562,0.5850668,0.008152484646555824,0.6606134,0.007923808640665442,0.58489335,0.008158590345139216,0.66077346,0.00795346251604201,0.58308005,0.007857216720387528,0.65948004,0.007553707347946581,0.5529734,0.007614585161866083,0.62593335,0.007491709247779754,23.234442,0.026102983577299455,23.500856,0.032747997011128405,0.1915754,0.0017764771771871801,0.17457944,0.0017149410911961316,,,,,,,,
