,shots,val_acc,val_conf,test_acc,test_conf,val_acc_me1,val_conf_me1,test_acc_me1,test_conf_me1,val_acc_me2,val_conf_me2,test_acc_me2,test_conf_me2,val_acc_me3,val_conf_me3,test_acc_me3,test_conf_me3,val_acc_me4,val_conf_me4,test_acc_me4,test_conf_me4,val_acc_me5,val_conf_me5,test_acc_me5,test_conf_me5,val_acc_me6,val_conf_me6,test_acc_me6,test_conf_me6,val_acc_me7,val_conf_me7,test_acc_me7,test_conf_me7,val_acc_me8,val_conf_me8,test_acc_me8,test_conf_me8,val_acc_me9,val_conf_me9,test_acc_me9,test_conf_me9,val_acc_med,val_conf_med,test_acc_med,test_conf_med,val_acc_maj,val_conf_maj,test_acc_maj,test_conf_maj,val_acc_lin,val_conf_lin,test_acc_lin,test_conf_lin,val_nld,val_conf_nld,test_nld,test_conf_nld,val_mse,val_conf_mse,test_mse,test_conf_mse,val_svm,val_conf_svm,test_svm,test_conf_svm,val_mvm,val_conf_mvm,test_mvm,test_conf_mvm
0,5,0.6536401,0.007080020214271343,0.7211334,0.005876252322964182,0.6538134,0.007051005446959913,0.7216001,0.005886702940468336,0.6543867,0.007059825507687689,0.72226673,0.005901171996111398,0.6546401,0.007043424350783645,0.7226801,0.005903922839135323,0.65465343,0.007053743821835101,0.72309345,0.005913269794590281,0.65469337,0.007055119474238647,0.72341347,0.005910857900497057,0.65501344,0.007067246365064395,0.7234801,0.0059338523991325776,0.6549734,0.007067234358699048,0.72345346,0.005944387061194489,0.65521336,0.0070738692609261244,0.7233201,0.0059451388443810815,0.6548801,0.0070601058101411596,0.72341347,0.005960381848808427,0.6548134,0.007062822481202047,0.7231201,0.005958591053232487,0.6552534,0.00700082715173489,0.72069347,0.00592211432983214,0.6444801,0.006900995608878691,0.71252006,0.005855070323719014,4.2487783,0.007865732927714753,4.3114657,0.00892797301630388,0.1848964,0.0012297777193424897,0.17378095,0.0010604566815461403,,,,,,,,
