,shots,val_acc,val_conf,test_acc,test_conf,val_acc_me1,val_conf_me1,test_acc_me1,test_conf_me1,val_acc_me2,val_conf_me2,test_acc_me2,test_conf_me2,val_acc_me3,val_conf_me3,test_acc_me3,test_conf_me3,val_acc_me4,val_conf_me4,test_acc_me4,test_conf_me4,val_acc_me5,val_conf_me5,test_acc_me5,test_conf_me5,val_acc_me6,val_conf_me6,test_acc_me6,test_conf_me6,val_acc_me7,val_conf_me7,test_acc_me7,test_conf_me7,val_acc_me8,val_conf_me8,test_acc_me8,test_conf_me8,val_acc_me9,val_conf_me9,test_acc_me9,test_conf_me9,val_acc_med,val_conf_med,test_acc_med,test_conf_med,val_acc_maj,val_conf_maj,test_acc_maj,test_conf_maj,val_acc_lin,val_conf_lin,test_acc_lin,test_conf_lin,val_nld,val_conf_nld,test_nld,test_conf_nld,val_mse,val_conf_mse,test_mse,test_conf_mse,val_svm,val_conf_svm,test_svm,test_conf_svm,val_mvm,val_conf_mvm,test_mvm,test_conf_mvm
0,5,0.3879734,0.005766727948973205,0.42025337,0.006070905060043097,0.38844007,0.0057634622175875005,0.42069337,0.006059501783623689,0.3887867,0.005768228744646775,0.42153338,0.0060705180856509555,0.3886267,0.005756464353699142,0.42160004,0.006086197937065163,0.3888534,0.005771746609705641,0.42217338,0.006105141210948628,0.3887867,0.005760638874588053,0.42241335,0.006122350026816714,0.38916004,0.005767180034808417,0.42256007,0.0061389589861986504,0.3890267,0.005775687006469521,0.42256004,0.0061431889210817325,0.38896006,0.005790625233929314,0.4223734,0.006152038997722931,0.38916004,0.00580616516500837,0.42217338,0.006158542291713975,0.3889067,0.005794835773914431,0.42236003,0.006152058392620896,0.38928005,0.0057558825067610675,0.4207467,0.0059516813899513354,0.3821067,0.005568103413867098,0.4110667,0.005873071097919513,4.928817,0.012365513643572967,4.821128,0.01084858326205218,0.23114553,0.0008624312525283284,0.22580287,0.0009096384341030495,,,,,,,,
