,shots,val_acc,val_conf,test_acc,test_conf,val_acc_me1,val_conf_me1,test_acc_me1,test_conf_me1,val_acc_me2,val_conf_me2,test_acc_me2,test_conf_me2,val_acc_me3,val_conf_me3,test_acc_me3,test_conf_me3,val_acc_me4,val_conf_me4,test_acc_me4,test_conf_me4,val_acc_me5,val_conf_me5,test_acc_me5,test_conf_me5,val_acc_me6,val_conf_me6,test_acc_me6,test_conf_me6,val_acc_me7,val_conf_me7,test_acc_me7,test_conf_me7,val_acc_me8,val_conf_me8,test_acc_me8,test_conf_me8,val_acc_me9,val_conf_me9,test_acc_me9,test_conf_me9,val_acc_med,val_conf_med,test_acc_med,test_conf_med,val_acc_maj,val_conf_maj,test_acc_maj,test_conf_maj,val_acc_lin,val_conf_lin,test_acc_lin,test_conf_lin,val_nld,val_conf_nld,test_nld,test_conf_nld,val_mse,val_conf_mse,test_mse,test_conf_mse,val_svm,val_conf_svm,test_svm,test_conf_svm,val_mvm,val_conf_mvm,test_mvm,test_conf_mvm
0,5,0.37540004,0.007797231071773103,0.42045337,0.008406591057905866,0.3751867,0.007812414506156828,0.42025337,0.008412476947645964,0.37488002,0.007820586223153625,0.4202667,0.008421003314204978,0.3747067,0.007831498162158668,0.4199734,0.008433836271672213,0.37446672,0.007835485199034264,0.41988,0.008480311064958224,0.37436002,0.00784408729805186,0.41956005,0.008515907167635672,0.37422672,0.007835517523864133,0.41912004,0.0085371030203793,0.37429333,0.00784991315596506,0.41909334,0.008528519392693057,0.37424,0.00785864086003596,0.4184667,0.008551548525074892,0.37408,0.00786140232407534,0.41832003,0.008575232466153715,0.37388003,0.007894828968883716,0.41841337,0.008594412173078658,0.37970668,0.007706954748633199,0.42497337,0.008240444202959107,0.3719067,0.007396921301953352,0.41306672,0.007941807105949439,4.782181,0.011455610319033305,4.891081,0.014336770432795909,0.23295435,0.0012780177946780935,0.2255741,0.00131995937690918,,,,,,,,
