,shots,val_acc,val_conf,test_acc,test_conf,val_acc_me1,val_conf_me1,test_acc_me1,test_conf_me1,val_acc_me2,val_conf_me2,test_acc_me2,test_conf_me2,val_acc_me3,val_conf_me3,test_acc_me3,test_conf_me3,val_acc_me4,val_conf_me4,test_acc_me4,test_conf_me4,val_acc_me5,val_conf_me5,test_acc_me5,test_conf_me5,val_acc_me6,val_conf_me6,test_acc_me6,test_conf_me6,val_acc_me7,val_conf_me7,test_acc_me7,test_conf_me7,val_acc_me8,val_conf_me8,test_acc_me8,test_conf_me8,val_acc_me9,val_conf_me9,test_acc_me9,test_conf_me9,val_acc_med,val_conf_med,test_acc_med,test_conf_med,val_acc_maj,val_conf_maj,test_acc_maj,test_conf_maj,val_acc_lin,val_conf_lin,test_acc_lin,test_conf_lin,val_nld,val_conf_nld,test_nld,test_conf_nld,val_mse,val_conf_mse,test_mse,test_conf_mse,val_svm,val_conf_svm,test_svm,test_conf_svm,val_mvm,val_conf_mvm,test_mvm,test_conf_mvm
0,5,0.7849201,0.005362647256854869,0.84762675,0.0047722462452373104,0.7846801,0.00536742301957982,0.84766674,0.004776080431845742,0.78485346,0.00534845758009872,0.84753346,0.00476529040362772,0.7846534,0.005336345928121378,0.84749347,0.004782787372265118,0.78454673,0.0053358024091958445,0.84732014,0.004787890539338591,0.78438675,0.005331960372271571,0.84698683,0.004796722144648435,0.78392017,0.005343986132558043,0.8468534,0.004805292380619441,0.78361344,0.005342514429231393,0.8464268,0.0048209066588073,0.78294677,0.0053429364991530726,0.84586674,0.004823084428775437,0.78257346,0.005368184038432089,0.8455201,0.004841490186916153,0.78229344,0.005359496509506956,0.84518677,0.0048453765550358074,0.7854935,0.005367515838019976,0.84862685,0.004719640355287269,0.77493346,0.005321555009529244,0.8416268,0.004867998856344258,4.88013,0.013200844509117182,5.022251,0.014420401232693614,0.1441422,0.001318425101947518,0.12723882,0.0011956558597998046,,,,,,,,
