,shots,val_acc,val_conf,test_acc,test_conf,val_acc_me1,val_conf_me1,test_acc_me1,test_conf_me1,val_acc_me2,val_conf_me2,test_acc_me2,test_conf_me2,val_acc_me3,val_conf_me3,test_acc_me3,test_conf_me3,val_acc_me4,val_conf_me4,test_acc_me4,test_conf_me4,val_acc_me5,val_conf_me5,test_acc_me5,test_conf_me5,val_acc_me6,val_conf_me6,test_acc_me6,test_conf_me6,val_acc_me7,val_conf_me7,test_acc_me7,test_conf_me7,val_acc_me8,val_conf_me8,test_acc_me8,test_conf_me8,val_acc_me9,val_conf_me9,test_acc_me9,test_conf_me9,val_acc_med,val_conf_med,test_acc_med,test_conf_med,val_acc_maj,val_conf_maj,test_acc_maj,test_conf_maj,val_acc_lin,val_conf_lin,test_acc_lin,test_conf_lin,val_nld,val_conf_nld,test_nld,test_conf_nld,val_mse,val_conf_mse,test_mse,test_conf_mse,val_svm,val_conf_svm,test_svm,test_conf_svm,val_mvm,val_conf_mvm,test_mvm,test_conf_mvm
0,5,0.26882666,0.00386904593595927,0.3523734,0.005407141461635068,0.26850665,0.0038386425863124463,0.35385337,0.00544730136850996,0.2691067,0.0038868289793412836,0.35624006,0.005560697795338743,0.26914668,0.00396224326926331,0.35789338,0.005547562831603681,0.2688667,0.004004663605314263,0.3593467,0.005546919567488817,0.2684267,0.004007120754169369,0.3591067,0.005597581349812475,0.26800004,0.004025454474117729,0.3595467,0.005628414157913597,0.2675867,0.004047997810484594,0.3587467,0.005658958351462129,0.2667867,0.0040585121540819835,0.35856006,0.0056949137215346335,0.26605335,0.004077749583917489,0.35765338,0.005727751130872372,0.26509336,0.004093660788757059,0.35689336,0.0057533353101655305,0.27038667,0.003970150384438265,0.3553867,0.005487799300748941,0.2762267,0.004084535489278451,0.35653335,0.005438127581786523,10.426351,0.014149941228117413,10.468961,0.015204196160157224,0.2516917,0.0006892280026619124,0.23600127,0.0009733274114878399,,,,,,,,
