,shots,val_acc,val_conf,test_acc,test_conf,val_acc_me1,val_conf_me1,test_acc_me1,test_conf_me1,val_acc_me2,val_conf_me2,test_acc_me2,test_conf_me2,val_acc_me3,val_conf_me3,test_acc_me3,test_conf_me3,val_acc_me4,val_conf_me4,test_acc_me4,test_conf_me4,val_acc_me5,val_conf_me5,test_acc_me5,test_conf_me5,val_acc_me6,val_conf_me6,test_acc_me6,test_conf_me6,val_acc_me7,val_conf_me7,test_acc_me7,test_conf_me7,val_acc_me8,val_conf_me8,test_acc_me8,test_conf_me8,val_acc_me9,val_conf_me9,test_acc_me9,test_conf_me9,val_acc_med,val_conf_med,test_acc_med,test_conf_med,val_acc_maj,val_conf_maj,test_acc_maj,test_conf_maj,val_acc_lin,val_conf_lin,test_acc_lin,test_conf_lin,val_nld,val_conf_nld,test_nld,test_conf_nld,val_mse,val_conf_mse,test_mse,test_conf_mse,val_svm,val_conf_svm,test_svm,test_conf_svm,val_mvm,val_conf_mvm,test_mvm,test_conf_mvm
0,5,0.38808006,0.0058051483182166574,0.46468005,0.0066020828272484455,0.38888007,0.005838711650877126,0.46537334,0.006635381096303794,0.38969335,0.005847195533373983,0.46704003,0.006703217984315779,0.3905067,0.005843311935954054,0.46745336,0.006746234020803321,0.39066672,0.005879754487391364,0.46780002,0.006783031221802904,0.3912134,0.005839664309792381,0.4681067,0.0068136280586458264,0.39098668,0.005833943738468017,0.4691067,0.006859583807520386,0.39120004,0.005864643552983273,0.46928003,0.00690696046356043,0.3909067,0.005832293786793619,0.4695067,0.0069175445364337285,0.3906267,0.005843998607697631,0.46977335,0.006953869333133578,0.39025337,0.00587083237255781,0.47001338,0.006978171602029903,0.39096004,0.005663254783138061,0.46685335,0.006614031931509778,0.39612004,0.005502977655516494,0.47113335,0.006661148603560818,8.321099,0.018785456675393775,8.36308,0.01947661510535248,0.23002097,0.001085502306084174,0.21167135,0.0014585244935212405,,,,,,,,
