,shots,val_acc,val_conf,test_acc,test_conf,val_acc_me1,val_conf_me1,test_acc_me1,test_conf_me1,val_acc_me2,val_conf_me2,test_acc_me2,test_conf_me2,val_acc_me3,val_conf_me3,test_acc_me3,test_conf_me3,val_acc_me4,val_conf_me4,test_acc_me4,test_conf_me4,val_acc_me5,val_conf_me5,test_acc_me5,test_conf_me5,val_acc_me6,val_conf_me6,test_acc_me6,test_conf_me6,val_acc_me7,val_conf_me7,test_acc_me7,test_conf_me7,val_acc_me8,val_conf_me8,test_acc_me8,test_conf_me8,val_acc_me9,val_conf_me9,test_acc_me9,test_conf_me9,val_acc_med,val_conf_med,test_acc_med,test_conf_med,val_acc_maj,val_conf_maj,test_acc_maj,test_conf_maj,val_acc_lin,val_conf_lin,test_acc_lin,test_conf_lin,val_nld,val_conf_nld,test_nld,test_conf_nld,val_mse,val_conf_mse,test_mse,test_conf_mse,val_svm,val_conf_svm,test_svm,test_conf_svm,val_mvm,val_conf_mvm,test_mvm,test_conf_mvm
0,5,0.27088,0.004292564702750079,0.34806672,0.006179848510662556,0.27052003,0.004305710287500708,0.3487867,0.006223704992727341,0.27025333,0.004319276095039959,0.34900007,0.00625791666911879,0.27077335,0.004334324688704649,0.34924006,0.006300016989353785,0.27049336,0.004350185559166275,0.34909335,0.006371183796627988,0.27013338,0.004366480044131704,0.3492667,0.0063866207500347105,0.2697867,0.004373272876241896,0.34928003,0.006392751384915407,0.26877335,0.00433794276073618,0.3486267,0.006418034943290629,0.26845333,0.004326345535337395,0.34801337,0.006432791689919726,0.26776,0.004356360525242242,0.34745336,0.0064364420867811245,0.26720002,0.004371174071215345,0.34690672,0.006424011804337715,0.27155998,0.00435377315350105,0.3487867,0.006095968809575025,0.27026668,0.004253284954814807,0.34209338,0.005815301547285823,8.740482,0.01700458759283663,8.576426,0.015328544239354258,0.25493744,0.0008286972909443691,0.2401945,0.0011581932290877783,,,,,,,,
