,shots,val_acc,val_conf,test_acc,test_conf,val_acc_me1,val_conf_me1,test_acc_me1,test_conf_me1,val_acc_me2,val_conf_me2,test_acc_me2,test_conf_me2,val_acc_me3,val_conf_me3,test_acc_me3,test_conf_me3,val_acc_me4,val_conf_me4,test_acc_me4,test_conf_me4,val_acc_me5,val_conf_me5,test_acc_me5,test_conf_me5,val_acc_me6,val_conf_me6,test_acc_me6,test_conf_me6,val_acc_me7,val_conf_me7,test_acc_me7,test_conf_me7,val_acc_me8,val_conf_me8,test_acc_me8,test_conf_me8,val_acc_me9,val_conf_me9,test_acc_me9,test_conf_me9,val_acc_med,val_conf_med,test_acc_med,test_conf_med,val_acc_maj,val_conf_maj,test_acc_maj,test_conf_maj,val_acc_lin,val_conf_lin,test_acc_lin,test_conf_lin,val_nld,val_conf_nld,test_nld,test_conf_nld,val_mse,val_conf_mse,test_mse,test_conf_mse,val_svm,val_conf_svm,test_svm,test_conf_svm,val_mvm,val_conf_mvm,test_mvm,test_conf_mvm
0,5,0.35772002,0.007044752439508917,0.37160003,0.007413148366559319,0.35784003,0.007065681381514366,0.37196,0.007432824028731466,0.35785338,0.007080049768401486,0.37216005,0.007473449874940141,0.35785335,0.007081401408074284,0.37250668,0.007495183705209851,0.3581867,0.0071095544877773365,0.37252003,0.007480719267399627,0.3583467,0.007140598330839354,0.3724134,0.00751759127729118,0.35824004,0.007158380681546395,0.3726667,0.0075359951882987275,0.35800004,0.007190059938407378,0.37272003,0.007548520136315462,0.35784003,0.007184270099590384,0.3729334,0.007574702324961657,0.35792005,0.007198239505720017,0.37301338,0.0075594496230853014,0.35793334,0.007205041111712607,0.3726934,0.007564253092807338,0.3593867,0.007054358455386378,0.37545338,0.007348900920015222,0.3519334,0.006668544062856885,0.36540002,0.007021581077875538,4.499799,0.012140355502740618,4.4490175,0.01108784057011647,0.23636328,0.0010625931219103713,0.23389289,0.001120186733112788,,,,,,,,
