,shots,val_acc,val_conf,test_acc,test_conf,val_acc_me1,val_conf_me1,test_acc_me1,test_conf_me1,val_acc_me2,val_conf_me2,test_acc_me2,test_conf_me2,val_acc_me3,val_conf_me3,test_acc_me3,test_conf_me3,val_acc_me4,val_conf_me4,test_acc_me4,test_conf_me4,val_acc_me5,val_conf_me5,test_acc_me5,test_conf_me5,val_acc_me6,val_conf_me6,test_acc_me6,test_conf_me6,val_acc_me7,val_conf_me7,test_acc_me7,test_conf_me7,val_acc_me8,val_conf_me8,test_acc_me8,test_conf_me8,val_acc_me9,val_conf_me9,test_acc_me9,test_conf_me9,val_acc_med,val_conf_med,test_acc_med,test_conf_med,val_acc_maj,val_conf_maj,test_acc_maj,test_conf_maj,val_acc_lin,val_conf_lin,test_acc_lin,test_conf_lin,val_nld,val_conf_nld,test_nld,test_conf_nld,val_mse,val_conf_mse,test_mse,test_conf_mse,val_svm,val_conf_svm,test_svm,test_conf_svm,val_mvm,val_conf_mvm,test_mvm,test_conf_mvm
0,5,0.39825335,0.005966764617362341,0.42688006,0.006633740842078406,0.39849335,0.005992053717136958,0.42721337,0.00662288939668354,0.3985067,0.005994062936206412,0.42748004,0.0066170011980270504,0.39842674,0.005984624547661133,0.42780003,0.0065984051851732395,0.39862671,0.005979957765791244,0.42825338,0.006620284015394218,0.39880005,0.00600047110284091,0.42833337,0.006629598184236085,0.3988134,0.005994839655690365,0.42842668,0.006634505093413734,0.39881337,0.005993014688151332,0.4284,0.006627005732878721,0.39834672,0.006009278695420006,0.42857337,0.006650866536955347,0.39832005,0.006029691825497008,0.4285867,0.0066427784027330294,0.39801335,0.006047051182715701,0.4287467,0.006647222605059899,0.39716002,0.0059402282409372065,0.42838672,0.0065864062083172414,0.38764006,0.005718114175514877,0.41093338,0.006240042885321484,23.885448,0.028505276272504432,23.661133,0.02638048392982384,0.23236017,0.0012917860941874526,0.22544177,0.0013956745186408659,,,,,,,,
