,shots,val_acc,val_conf,test_acc,test_conf,val_acc_me1,val_conf_me1,test_acc_me1,test_conf_me1,val_acc_me2,val_conf_me2,test_acc_me2,test_conf_me2,val_acc_me3,val_conf_me3,test_acc_me3,test_conf_me3,val_acc_me4,val_conf_me4,test_acc_me4,test_conf_me4,val_acc_me5,val_conf_me5,test_acc_me5,test_conf_me5,val_acc_me6,val_conf_me6,test_acc_me6,test_conf_me6,val_acc_me7,val_conf_me7,test_acc_me7,test_conf_me7,val_acc_me8,val_conf_me8,test_acc_me8,test_conf_me8,val_acc_me9,val_conf_me9,test_acc_me9,test_conf_me9,val_acc_med,val_conf_med,test_acc_med,test_conf_med,val_acc_maj,val_conf_maj,test_acc_maj,test_conf_maj,val_acc_lin,val_conf_lin,test_acc_lin,test_conf_lin,val_nld,val_conf_nld,test_nld,test_conf_nld,val_mse,val_conf_mse,test_mse,test_conf_mse,val_svm,val_conf_svm,test_svm,test_conf_svm,val_mvm,val_conf_mvm,test_mvm,test_conf_mvm
0,5,0.31361336,0.005224972573860565,0.31025335,0.005294705082254103,0.31441337,0.005212389441150045,0.31096002,0.005325067794971938,0.315,0.0052362654840750755,0.31112,0.005311321891951881,0.3145467,0.005259409600494647,0.31180003,0.00532946027757103,0.31432,0.005276332110726589,0.31193334,0.005366032590111147,0.31389338,0.005295454094741026,0.31152,0.005377646901491451,0.31376,0.005311098850625584,0.3112667,0.0053828862946337375,0.31308,0.005327719816372978,0.31056002,0.005349813837604356,0.31281334,0.005318013131739574,0.3094134,0.005346031832506926,0.31293336,0.005392854348605924,0.3087867,0.00530509382079819,0.31218672,0.005409782400237262,0.30793336,0.0053463139820935646,0.31297338,0.005135747269475355,0.31313336,0.005420082476390808,0.30964002,0.0049410465069348875,0.31005335,0.005393511928002637,9.821058,0.010599460415905426,9.724846,0.00880308926849871,0.2472247,0.0009563498335992959,0.24736686,0.0010717931148351845,,,,,,,,
