,shots,val_acc,val_conf,test_acc,test_conf,val_acc_me1,val_conf_me1,test_acc_me1,test_conf_me1,val_acc_me2,val_conf_me2,test_acc_me2,test_conf_me2,val_acc_me3,val_conf_me3,test_acc_me3,test_conf_me3,val_acc_me4,val_conf_me4,test_acc_me4,test_conf_me4,val_acc_me5,val_conf_me5,test_acc_me5,test_conf_me5,val_acc_me6,val_conf_me6,test_acc_me6,test_conf_me6,val_acc_me7,val_conf_me7,test_acc_me7,test_conf_me7,val_acc_me8,val_conf_me8,test_acc_me8,test_conf_me8,val_acc_me9,val_conf_me9,test_acc_me9,test_conf_me9,val_acc_med,val_conf_med,test_acc_med,test_conf_med,val_acc_maj,val_conf_maj,test_acc_maj,test_conf_maj,val_acc_lin,val_conf_lin,test_acc_lin,test_conf_lin,val_nld,val_conf_nld,test_nld,test_conf_nld,val_mse,val_conf_mse,test_mse,test_conf_mse,val_svm,val_conf_svm,test_svm,test_conf_svm,val_mvm,val_conf_mvm,test_mvm,test_conf_mvm
0,5,0.54384005,0.007770711781329487,0.60232,0.007766341464328086,0.5439733,0.007764117516031455,0.60270673,0.007782172318876124,0.54440004,0.00777449563356003,0.6029467,0.007778673848715223,0.54464006,0.007785733591563759,0.6031733,0.007785051075869687,0.54488003,0.007799468873568194,0.60332006,0.007801614318706518,0.5451067,0.007788560628829488,0.60333335,0.007827617335438464,0.5452134,0.007820086573640084,0.6032667,0.00786218920279158,0.54518676,0.007816745109795797,0.60329336,0.007889228461213205,0.5452,0.007822655012266755,0.6032001,0.007893923873646735,0.54529333,0.007826695616003243,0.6030801,0.007917929215891295,0.54557335,0.007831449213130504,0.60305333,0.007931512109412009,0.54169333,0.0076184715299857375,0.60236007,0.007595006935966819,0.51750666,0.007355609707567767,0.57496,0.007649868175476748,22.377642,0.020514271699024533,22.505672,0.024369144351535255,0.20070992,0.0015429051140262717,0.18885763,0.0015763207914816224,,,,,,,,
