,shots,val_acc,val_conf,test_acc,test_conf,val_acc_me1,val_conf_me1,test_acc_me1,test_conf_me1,val_acc_me2,val_conf_me2,test_acc_me2,test_conf_me2,val_acc_me3,val_conf_me3,test_acc_me3,test_conf_me3,val_acc_me4,val_conf_me4,test_acc_me4,test_conf_me4,val_acc_me5,val_conf_me5,test_acc_me5,test_conf_me5,val_acc_me6,val_conf_me6,test_acc_me6,test_conf_me6,val_acc_me7,val_conf_me7,test_acc_me7,test_conf_me7,val_acc_me8,val_conf_me8,test_acc_me8,test_conf_me8,val_acc_me9,val_conf_me9,test_acc_me9,test_conf_me9,val_acc_med,val_conf_med,test_acc_med,test_conf_med,val_acc_maj,val_conf_maj,test_acc_maj,test_conf_maj,val_acc_lin,val_conf_lin,test_acc_lin,test_conf_lin,val_nld,val_conf_nld,test_nld,test_conf_nld,val_mse,val_conf_mse,test_mse,test_conf_mse,val_svm,val_conf_svm,test_svm,test_conf_svm,val_mvm,val_conf_mvm,test_mvm,test_conf_mvm
0,5,0.26373336,0.005349868789815138,0.3087067,0.006822013581303132,0.26345336,0.005380278604427968,0.30884004,0.0068284660791329554,0.26304004,0.0053704287669765205,0.30889338,0.0068524843513094735,0.26281336,0.005354969647972163,0.30813336,0.006868864727965773,0.26260003,0.005397597786501007,0.30760005,0.006855575990397045,0.2621067,0.005436909859266148,0.30748004,0.006865150605011139,0.26204002,0.005447433900312548,0.30716002,0.006864969124180498,0.2618667,0.005468463972857218,0.30681336,0.006881342574087512,0.26196003,0.005478704478967089,0.30700004,0.006894319146156125,0.2620267,0.005505869804225294,0.30668005,0.00687558413653383,0.26161334,0.005519291535379833,0.30625334,0.006862100988202446,0.26452002,0.005360940967619854,0.31036,0.006808305082729116,0.26817334,0.005382140514629763,0.3123867,0.0066152284119990745,7.852533,0.017272887375209045,7.9032865,0.01982568078412683,0.25791255,0.0011726041000370557,0.24782586,0.001372387364848987,,,,,,,,
