,shots,val_acc,val_conf,test_acc,test_conf,val_acc_me1,val_conf_me1,test_acc_me1,test_conf_me1,val_acc_me2,val_conf_me2,test_acc_me2,test_conf_me2,val_acc_me3,val_conf_me3,test_acc_me3,test_conf_me3,val_acc_me4,val_conf_me4,test_acc_me4,test_conf_me4,val_acc_me5,val_conf_me5,test_acc_me5,test_conf_me5,val_acc_me6,val_conf_me6,test_acc_me6,test_conf_me6,val_acc_me7,val_conf_me7,test_acc_me7,test_conf_me7,val_acc_me8,val_conf_me8,test_acc_me8,test_conf_me8,val_acc_me9,val_conf_me9,test_acc_me9,test_conf_me9,val_acc_med,val_conf_med,test_acc_med,test_conf_med,val_acc_maj,val_conf_maj,test_acc_maj,test_conf_maj,val_acc_lin,val_conf_lin,test_acc_lin,test_conf_lin,val_nld,val_conf_nld,test_nld,test_conf_nld,val_mse,val_conf_mse,test_mse,test_conf_mse,val_svm,val_conf_svm,test_svm,test_conf_svm,val_mvm,val_conf_mvm,test_mvm,test_conf_mvm
0,5,0.62870675,0.007141122916650144,0.6406401,0.006857599524748292,0.62988,0.007134290371177521,0.6416268,0.006859563950839198,0.6311734,0.007099077548625932,0.6430534,0.006825468182052097,0.6320801,0.0070870988902344,0.64433336,0.006817993296031166,0.6322534,0.0071108013026446315,0.6441201,0.006819303375208308,0.63210666,0.007125595453719713,0.6447467,0.006812872119409619,0.6321734,0.007125350246795836,0.64512014,0.0068000807224379844,0.6323868,0.007136879590051826,0.64502674,0.006755719511243541,0.63232005,0.007153395730993717,0.6454134,0.006771703677842078,0.6318534,0.007179887314440303,0.6450534,0.006791268973809328,0.63116,0.0071935736474166845,0.64501345,0.00681474603597676,0.62889344,0.007047825145481856,0.64220005,0.006726661336303508,0.63404006,0.006894061932866791,0.6524934,0.006441618215613509,7.270366,0.01916248979699109,7.489314,0.02381115129080058,0.17226757,0.001620021306242142,0.16931929,0.001455053153128244,,,,,,,,
