,shots,val_acc,val_conf,test_acc,test_conf,val_acc_me1,val_conf_me1,test_acc_me1,test_conf_me1,val_acc_me2,val_conf_me2,test_acc_me2,test_conf_me2,val_acc_me3,val_conf_me3,test_acc_me3,test_conf_me3,val_acc_me4,val_conf_me4,test_acc_me4,test_conf_me4,val_acc_me5,val_conf_me5,test_acc_me5,test_conf_me5,val_acc_me6,val_conf_me6,test_acc_me6,test_conf_me6,val_acc_me7,val_conf_me7,test_acc_me7,test_conf_me7,val_acc_me8,val_conf_me8,test_acc_me8,test_conf_me8,val_acc_me9,val_conf_me9,test_acc_me9,test_conf_me9,val_acc_med,val_conf_med,test_acc_med,test_conf_med,val_acc_maj,val_conf_maj,test_acc_maj,test_conf_maj,val_acc_lin,val_conf_lin,test_acc_lin,test_conf_lin,val_nld,val_conf_nld,test_nld,test_conf_nld,val_mse,val_conf_mse,test_mse,test_conf_mse,val_svm,val_conf_svm,test_svm,test_conf_svm,val_mvm,val_conf_mvm,test_mvm,test_conf_mvm
0,5,0.29373333,0.005435404907543018,0.3076667,0.006116660394972384,0.29360002,0.005414897573676081,0.30806673,0.0061247351374794645,0.29321337,0.0053975308279248235,0.30846667,0.00613693360471429,0.29310668,0.0054158511561578915,0.30880004,0.006162479917778185,0.2928667,0.00542272987995901,0.30856007,0.006186363349235724,0.29253334,0.005416083894933144,0.30861333,0.0062124342481104655,0.29209337,0.005423774895531086,0.30861333,0.006238130178958412,0.29177335,0.005422574720775508,0.30856,0.006262146604001817,0.29214665,0.005423190277893286,0.30864,0.006273067316889314,0.29209337,0.005430199224580545,0.30837336,0.006291431052751095,0.29197332,0.005458904597091474,0.30828002,0.006291036689826446,0.29444,0.0053158034987247915,0.30828002,0.0060715086107955285,0.29005334,0.005166814663484898,0.30393335,0.0056503631791937625,5.420399,0.016683651904600083,5.2694883,0.014399055762165602,0.24771905,0.0009165747653688272,0.24506198,0.0010060291719858616,,,,,,,,
