,shots,val_acc,val_conf,test_acc,test_conf,val_acc_me1,val_conf_me1,test_acc_me1,test_conf_me1,val_acc_me2,val_conf_me2,test_acc_me2,test_conf_me2,val_acc_me3,val_conf_me3,test_acc_me3,test_conf_me3,val_acc_me4,val_conf_me4,test_acc_me4,test_conf_me4,val_acc_me5,val_conf_me5,test_acc_me5,test_conf_me5,val_acc_me6,val_conf_me6,test_acc_me6,test_conf_me6,val_acc_me7,val_conf_me7,test_acc_me7,test_conf_me7,val_acc_me8,val_conf_me8,test_acc_me8,test_conf_me8,val_acc_me9,val_conf_me9,test_acc_me9,test_conf_me9,val_acc_med,val_conf_med,test_acc_med,test_conf_med,val_acc_maj,val_conf_maj,test_acc_maj,test_conf_maj,val_acc_lin,val_conf_lin,test_acc_lin,test_conf_lin,val_nld,val_conf_nld,test_nld,test_conf_nld,val_mse,val_conf_mse,test_mse,test_conf_mse,val_svm,val_conf_svm,test_svm,test_conf_svm,val_mvm,val_conf_mvm,test_mvm,test_conf_mvm
0,5,0.6624801,0.00592604318201384,0.64602673,0.005771070558977631,0.6632001,0.005922639377426209,0.6470134,0.00578489080910638,0.66378677,0.005943203048853873,0.64708006,0.005780618390161196,0.66428006,0.005928324391437645,0.6474934,0.005814172948939267,0.6645467,0.005916016943347868,0.6481334,0.005826372801523982,0.6644401,0.005944339959299438,0.64820004,0.0058533474102857586,0.6645334,0.005957853585327633,0.6487734,0.0058424918088413325,0.6647201,0.005963031099509797,0.6491733,0.005848550405529784,0.66489345,0.005967307212721207,0.6491734,0.0058669889502835915,0.6651068,0.005975778627069439,0.64948004,0.00587157953791162,0.6654934,0.005984634706893366,0.6499601,0.005880858149440504,0.66240007,0.005944483112117593,0.64594674,0.005821395239503757,0.6450668,0.0059153164181057205,0.62834674,0.005735329918132193,4.6955123,0.00971246800722625,4.7265887,0.01150353880609778,0.18034156,0.0011087497465135931,0.18323034,0.001053169164092732,,,,,,,,
