,shots,val_acc,val_conf,test_acc,test_conf,val_acc_me1,val_conf_me1,test_acc_me1,test_conf_me1,val_acc_me2,val_conf_me2,test_acc_me2,test_conf_me2,val_acc_me3,val_conf_me3,test_acc_me3,test_conf_me3,val_acc_me4,val_conf_me4,test_acc_me4,test_conf_me4,val_acc_me5,val_conf_me5,test_acc_me5,test_conf_me5,val_acc_me6,val_conf_me6,test_acc_me6,test_conf_me6,val_acc_me7,val_conf_me7,test_acc_me7,test_conf_me7,val_acc_me8,val_conf_me8,test_acc_me8,test_conf_me8,val_acc_me9,val_conf_me9,test_acc_me9,test_conf_me9,val_acc_med,val_conf_med,test_acc_med,test_conf_med,val_acc_maj,val_conf_maj,test_acc_maj,test_conf_maj,val_acc_lin,val_conf_lin,test_acc_lin,test_conf_lin,val_nld,val_conf_nld,test_nld,test_conf_nld,val_mse,val_conf_mse,test_mse,test_conf_mse,val_svm,val_conf_svm,test_svm,test_conf_svm,val_mvm,val_conf_mvm,test_mvm,test_conf_mvm
0,5,0.38528004,0.008003438550188702,0.4153067,0.00809283517617232,0.3849867,0.008012528292354437,0.41532,0.008105103834466276,0.3852934,0.008047953535216701,0.4149867,0.008108469311041366,0.3854667,0.008035180609576364,0.41473338,0.008127052393963163,0.38578668,0.008038912742079074,0.41464004,0.008152853149616612,0.38600007,0.008051057642452897,0.4145067,0.008173363715966608,0.38592005,0.008047633981184021,0.41417336,0.008189773646753051,0.3856267,0.008037733347571296,0.4135334,0.00818742501696973,0.3854267,0.008049905031375593,0.41296002,0.008178254000946017,0.38518667,0.008036575195094597,0.41253337,0.008172701518737058,0.38528004,0.008059276461344689,0.4118667,0.008195150651313987,0.3873067,0.00789796263025011,0.4186267,0.00814777815132356,0.37833336,0.007476016466433588,0.4077467,0.007785318910174532,4.5293097,0.010163139862018333,4.5927196,0.012677215513257956,0.23172335,0.0012201120179755887,0.22735514,0.0012334530525012488,,,,,,,,
