,shots,val_acc,val_conf,test_acc,test_conf,val_acc_me1,val_conf_me1,test_acc_me1,test_conf_me1,val_acc_me2,val_conf_me2,test_acc_me2,test_conf_me2,val_acc_me3,val_conf_me3,test_acc_me3,test_conf_me3,val_acc_me4,val_conf_me4,test_acc_me4,test_conf_me4,val_acc_me5,val_conf_me5,test_acc_me5,test_conf_me5,val_acc_me6,val_conf_me6,test_acc_me6,test_conf_me6,val_acc_me7,val_conf_me7,test_acc_me7,test_conf_me7,val_acc_me8,val_conf_me8,test_acc_me8,test_conf_me8,val_acc_me9,val_conf_me9,test_acc_me9,test_conf_me9,val_acc_med,val_conf_med,test_acc_med,test_conf_med,val_acc_maj,val_conf_maj,test_acc_maj,test_conf_maj,val_acc_lin,val_conf_lin,test_acc_lin,test_conf_lin,val_nld,val_conf_nld,test_nld,test_conf_nld,val_mse,val_conf_mse,test_mse,test_conf_mse,val_svm,val_conf_svm,test_svm,test_conf_svm,val_mvm,val_conf_mvm,test_mvm,test_conf_mvm
0,5,0.5615734,0.005770263823580146,0.6008133,0.006036668909137566,0.5615867,0.00577646603486992,0.60052,0.0060644738042443525,0.5610133,0.005772759762231128,0.60080004,0.006066779949965517,0.56057334,0.0057937367296980735,0.6006534,0.00608546693412626,0.56006664,0.005825497260417145,0.6002667,0.006095176389459334,0.55952,0.005833923881786829,0.59994674,0.006108753741580708,0.5586667,0.005836343164412616,0.59925336,0.006123444914983511,0.55836,0.005820971784232243,0.5989734,0.006110828533876567,0.5576801,0.005831288022800751,0.59818673,0.0061233687207415954,0.5570533,0.005836937941282594,0.5975867,0.006134675022671399,0.5562533,0.0058432514423438775,0.5972534,0.006135863191061519,0.5625601,0.005748606187552352,0.60249335,0.006051527709872495,0.56373334,0.005717033140846595,0.60116005,0.006015349760257083,4.932506,0.012777962772366536,4.805501,0.011081107769832954,0.19831121,0.000979590693616944,0.18808125,0.0010577928846713658,,,,,,,,
