,shots,val_acc,val_conf,test_acc,test_conf,val_acc_me1,val_conf_me1,test_acc_me1,test_conf_me1,val_acc_me2,val_conf_me2,test_acc_me2,test_conf_me2,val_acc_me3,val_conf_me3,test_acc_me3,test_conf_me3,val_acc_me4,val_conf_me4,test_acc_me4,test_conf_me4,val_acc_me5,val_conf_me5,test_acc_me5,test_conf_me5,val_acc_me6,val_conf_me6,test_acc_me6,test_conf_me6,val_acc_me7,val_conf_me7,test_acc_me7,test_conf_me7,val_acc_me8,val_conf_me8,test_acc_me8,test_conf_me8,val_acc_me9,val_conf_me9,test_acc_me9,test_conf_me9,val_acc_med,val_conf_med,test_acc_med,test_conf_med,val_acc_maj,val_conf_maj,test_acc_maj,test_conf_maj,val_acc_lin,val_conf_lin,test_acc_lin,test_conf_lin,val_nld,val_conf_nld,test_nld,test_conf_nld,val_mse,val_conf_mse,test_mse,test_conf_mse,val_svm,val_conf_svm,test_svm,test_conf_svm,val_mvm,val_conf_mvm,test_mvm,test_conf_mvm
0,5,0.24990667,0.004035033706564661,0.31189337,0.005480822217108328,0.25053334,0.004000062396670723,0.31393334,0.005544661909012483,0.25129336,0.003986340506381469,0.31656003,0.0055587897068085645,0.25164002,0.003969264684099194,0.31844002,0.005645300649049334,0.25174668,0.003931885636161592,0.31981334,0.005733642562011865,0.25073335,0.003978906719072806,0.32081336,0.005767372598437903,0.25008002,0.003959055117469357,0.3213867,0.005812587185141438,0.24949335,0.003952367110164612,0.32217336,0.0058376569378560395,0.24968003,0.003908350851083542,0.32164,0.0058335239774626735,0.24824002,0.003952281680257075,0.32052,0.005871114060361171,0.24797332,0.0039030537350308037,0.31928003,0.005908349031914117,0.25140002,0.003960739702890015,0.31444,0.00542558693313816,0.25493336,0.004068831163350217,0.31257337,0.005413960153609232,10.301117,0.01515880840472228,10.394273,0.01711984870056682,0.2551103,0.0007086432190617775,0.24548358,0.000877262057651651,,,,,,,,
