,shots,val_acc,val_conf,test_acc,test_conf,val_acc_me1,val_conf_me1,test_acc_me1,test_conf_me1,val_acc_me2,val_conf_me2,test_acc_me2,test_conf_me2,val_acc_me3,val_conf_me3,test_acc_me3,test_conf_me3,val_acc_me4,val_conf_me4,test_acc_me4,test_conf_me4,val_acc_me5,val_conf_me5,test_acc_me5,test_conf_me5,val_acc_me6,val_conf_me6,test_acc_me6,test_conf_me6,val_acc_me7,val_conf_me7,test_acc_me7,test_conf_me7,val_acc_me8,val_conf_me8,test_acc_me8,test_conf_me8,val_acc_me9,val_conf_me9,test_acc_me9,test_conf_me9,val_acc_med,val_conf_med,test_acc_med,test_conf_med,val_acc_maj,val_conf_maj,test_acc_maj,test_conf_maj,val_acc_lin,val_conf_lin,test_acc_lin,test_conf_lin,val_nld,val_conf_nld,test_nld,test_conf_nld,val_mse,val_conf_mse,test_mse,test_conf_mse,val_svm,val_conf_svm,test_svm,test_conf_svm,val_mvm,val_conf_mvm,test_mvm,test_conf_mvm
0,5,0.23068002,0.004121149362314169,0.2697067,0.005858323586956038,0.23105334,0.004090376586039973,0.27058667,0.005874494775784611,0.2310267,0.004104834097100968,0.27045336,0.005891215024938057,0.23072,0.0041127795402884915,0.27061334,0.005899972283139154,0.23052002,0.004078218755734192,0.27060002,0.00586193704115473,0.23052002,0.004050128478557791,0.26964003,0.0058263363206444985,0.23038669,0.004026911400379279,0.2692667,0.0058138681719717145,0.23033334,0.004015369588974582,0.26913336,0.005811504765123321,0.23029335,0.004006902792459216,0.26896003,0.00580736487798067,0.23033334,0.003999334164431573,0.26844004,0.005777677754207566,0.22972003,0.00398590920079403,0.26808003,0.005777290318032147,0.23150669,0.004165107436701426,0.27201337,0.005812764509922574,0.23250668,0.00401168825263315,0.27004,0.005514311664443328,8.869455,0.01325652264325683,8.785708,0.013236609624476259,0.26414794,0.0008656515559834488,0.25678027,0.0011487234392791867,,,,,,,,
