,shots,val_acc,val_conf,test_acc,test_conf,val_acc_me1,val_conf_me1,test_acc_me1,test_conf_me1,val_acc_me2,val_conf_me2,test_acc_me2,test_conf_me2,val_acc_me3,val_conf_me3,test_acc_me3,test_conf_me3,val_acc_me4,val_conf_me4,test_acc_me4,test_conf_me4,val_acc_me5,val_conf_me5,test_acc_me5,test_conf_me5,val_acc_me6,val_conf_me6,test_acc_me6,test_conf_me6,val_acc_me7,val_conf_me7,test_acc_me7,test_conf_me7,val_acc_me8,val_conf_me8,test_acc_me8,test_conf_me8,val_acc_me9,val_conf_me9,test_acc_me9,test_conf_me9,val_acc_med,val_conf_med,test_acc_med,test_conf_med,val_acc_maj,val_conf_maj,test_acc_maj,test_conf_maj,val_acc_lin,val_conf_lin,test_acc_lin,test_conf_lin,val_nld,val_conf_nld,test_nld,test_conf_nld,val_mse,val_conf_mse,test_mse,test_conf_mse,val_svm,val_conf_svm,test_svm,test_conf_svm,val_mvm,val_conf_mvm,test_mvm,test_conf_mvm
0,5,0.81226677,0.004418090329321056,0.8000535,0.00428107137859024,0.8123869,0.004420902589521658,0.8003468,0.004279900296181527,0.8126134,0.0044344212951659134,0.80008006,0.00429478033894759,0.8127201,0.0044329412797401435,0.8003735,0.004306642166168162,0.81298673,0.00441497375393618,0.80016017,0.0042974766915439,0.8130535,0.004400024443677486,0.8003335,0.004284773495179528,0.81289345,0.0044004400486332695,0.79993343,0.004300269095063314,0.8126268,0.004395021021793455,0.7999468,0.004302415463768083,0.81241345,0.0044006206058974096,0.7995334,0.004301285941855082,0.8121467,0.00439990945963975,0.79900014,0.004301731562724287,0.81186676,0.004409750061425521,0.79898673,0.004306563201226576,0.8113068,0.004391652774518695,0.7997201,0.004318795378641105,0.8008934,0.004473821568538372,0.79308015,0.004406783565607975,4.9318495,0.014412648814918327,4.8484106,0.014298362993484304,0.14088169,0.001034075579750271,0.14550313,0.0009621358049812789,,,,,,,,
