,shots,val_acc,val_conf,test_acc,test_conf,val_acc_me1,val_conf_me1,test_acc_me1,test_conf_me1,val_acc_me2,val_conf_me2,test_acc_me2,test_conf_me2,val_acc_me3,val_conf_me3,test_acc_me3,test_conf_me3,val_acc_me4,val_conf_me4,test_acc_me4,test_conf_me4,val_acc_me5,val_conf_me5,test_acc_me5,test_conf_me5,val_acc_me6,val_conf_me6,test_acc_me6,test_conf_me6,val_acc_me7,val_conf_me7,test_acc_me7,test_conf_me7,val_acc_me8,val_conf_me8,test_acc_me8,test_conf_me8,val_acc_me9,val_conf_me9,test_acc_me9,test_conf_me9,val_acc_med,val_conf_med,test_acc_med,test_conf_med,val_acc_maj,val_conf_maj,test_acc_maj,test_conf_maj,val_acc_lin,val_conf_lin,test_acc_lin,test_conf_lin,val_nld,val_conf_nld,test_nld,test_conf_nld,val_mse,val_conf_mse,test_mse,test_conf_mse,val_svm,val_conf_svm,test_svm,test_conf_svm,val_mvm,val_conf_mvm,test_mvm,test_conf_mvm
0,5,0.32736003,0.007076197110461591,0.37192005,0.008092440813247614,0.32712004,0.007089301596499953,0.37245336,0.008107921636066329,0.3274667,0.007117765918136565,0.37225336,0.008086258458639084,0.3273067,0.00713423218648368,0.3719467,0.00813004659677774,0.32708,0.007147698710616823,0.37128,0.008152261143446304,0.3269467,0.007168161251505212,0.37121338,0.008142169331553928,0.32725337,0.007166563943125259,0.37072003,0.008120809083961122,0.32716003,0.007182789160598058,0.37042668,0.008125138764033535,0.3266534,0.007187040799295441,0.3701067,0.008121728956263174,0.3265467,0.0072213873164058695,0.36961338,0.008151040188442982,0.32641336,0.007235842518550417,0.36878672,0.008135071722476184,0.33094668,0.007039859845613117,0.37482673,0.007931722682589626,0.3249867,0.006586290762496172,0.3646667,0.00732905024197833,27.090757,0.039889176265337056,27.373465,0.0394541911887103,0.2579253,0.0018887384252576633,0.2465275,0.002042536271618961,,,,,,,,
