,shots,val_acc,val_conf,test_acc,test_conf,val_acc_me1,val_conf_me1,test_acc_me1,test_conf_me1,val_acc_me2,val_conf_me2,test_acc_me2,test_conf_me2,val_acc_me3,val_conf_me3,test_acc_me3,test_conf_me3,val_acc_me4,val_conf_me4,test_acc_me4,test_conf_me4,val_acc_me5,val_conf_me5,test_acc_me5,test_conf_me5,val_acc_me6,val_conf_me6,test_acc_me6,test_conf_me6,val_acc_me7,val_conf_me7,test_acc_me7,test_conf_me7,val_acc_me8,val_conf_me8,test_acc_me8,test_conf_me8,val_acc_me9,val_conf_me9,test_acc_me9,test_conf_me9,val_acc_med,val_conf_med,test_acc_med,test_conf_med,val_acc_maj,val_conf_maj,test_acc_maj,test_conf_maj,val_acc_lin,val_conf_lin,test_acc_lin,test_conf_lin,val_nld,val_conf_nld,test_nld,test_conf_nld,val_mse,val_conf_mse,test_mse,test_conf_mse,val_svm,val_conf_svm,test_svm,test_conf_svm,val_mvm,val_conf_mvm,test_mvm,test_conf_mvm
0,5,0.7165201,0.005727026131116197,0.7126801,0.005715479240095411,0.7172401,0.005722803584765734,0.7132001,0.0057305476904413455,0.71794677,0.005716715895730418,0.7133734,0.00574734875166949,0.7188001,0.005729354904218331,0.7137468,0.005765343522687205,0.71944004,0.005718745895047617,0.7142534,0.005771398886892598,0.72000015,0.005746992254974104,0.7146667,0.005779020158214743,0.7207601,0.0057614714698494,0.7154801,0.005775355907854718,0.7206668,0.005777688837006356,0.71585345,0.0057880193908567135,0.7209201,0.005784709328275683,0.71609336,0.0057794426899197004,0.72118676,0.005798922555979358,0.71641344,0.005796538830666442,0.72141343,0.005801378781267963,0.7164668,0.005792535169592661,0.7151601,0.005732058183563815,0.71278673,0.005708580659613105,0.6999734,0.0057194482674228775,0.69628,0.005776781432852984,4.5135555,0.010355352536223883,4.4927697,0.011361652197768635,0.17271808,0.0010895500674616143,0.17402568,0.001016000920224358,,,,,,,,
