,shots,val_acc,val_conf,test_acc,test_conf,val_acc_me1,val_conf_me1,test_acc_me1,test_conf_me1,val_acc_me2,val_conf_me2,test_acc_me2,test_conf_me2,val_acc_me3,val_conf_me3,test_acc_me3,test_conf_me3,val_acc_me4,val_conf_me4,test_acc_me4,test_conf_me4,val_acc_me5,val_conf_me5,test_acc_me5,test_conf_me5,val_acc_me6,val_conf_me6,test_acc_me6,test_conf_me6,val_acc_me7,val_conf_me7,test_acc_me7,test_conf_me7,val_acc_me8,val_conf_me8,test_acc_me8,test_conf_me8,val_acc_me9,val_conf_me9,test_acc_me9,test_conf_me9,val_acc_med,val_conf_med,test_acc_med,test_conf_med,val_acc_maj,val_conf_maj,test_acc_maj,test_conf_maj,val_acc_lin,val_conf_lin,test_acc_lin,test_conf_lin,val_nld,val_conf_nld,test_nld,test_conf_nld,val_mse,val_conf_mse,test_mse,test_conf_mse,val_svm,val_conf_svm,test_svm,test_conf_svm,val_mvm,val_conf_mvm,test_mvm,test_conf_mvm
0,5,0.35116002,0.006731215443052108,0.38836005,0.007325382297352134,0.35101336,0.006730011574030248,0.38852003,0.007351503068821541,0.3510534,0.006748930373399631,0.38860005,0.0073643378734219445,0.35133338,0.006759191197974024,0.38857338,0.007405465216277163,0.3511867,0.006764173839610255,0.38845336,0.007413007522657611,0.35109335,0.006773652403301245,0.38858667,0.007429276147759123,0.3508667,0.006786658529500056,0.38873336,0.007464330116860929,0.35076,0.0067858014597246274,0.3884267,0.007469621691514328,0.3501867,0.0067979574428972955,0.38856003,0.0074839429765064525,0.3499067,0.006809594843441791,0.38796005,0.007496161762205744,0.34996003,0.0067991479202039184,0.38754672,0.00749242408830364,0.35346672,0.006729512848083319,0.39250672,0.007288018488262882,0.34621337,0.006466711057492303,0.38360003,0.007060326542551065,4.39809,0.009742150513166514,4.4572163,0.011910101121585193,0.23732834,0.00104809866818667,0.23071478,0.0011214504030699346,,,,,,,,
