,shots,val_acc,val_conf,test_acc,test_conf,val_acc_me1,val_conf_me1,test_acc_me1,test_conf_me1,val_acc_me2,val_conf_me2,test_acc_me2,test_conf_me2,val_acc_me3,val_conf_me3,test_acc_me3,test_conf_me3,val_acc_me4,val_conf_me4,test_acc_me4,test_conf_me4,val_acc_me5,val_conf_me5,test_acc_me5,test_conf_me5,val_acc_me6,val_conf_me6,test_acc_me6,test_conf_me6,val_acc_me7,val_conf_me7,test_acc_me7,test_conf_me7,val_acc_me8,val_conf_me8,test_acc_me8,test_conf_me8,val_acc_me9,val_conf_me9,test_acc_me9,test_conf_me9,val_acc_med,val_conf_med,test_acc_med,test_conf_med,val_acc_maj,val_conf_maj,test_acc_maj,test_conf_maj,val_acc_lin,val_conf_lin,test_acc_lin,test_conf_lin,val_nld,val_conf_nld,test_nld,test_conf_nld,val_mse,val_conf_mse,test_mse,test_conf_mse,val_svm,val_conf_svm,test_svm,test_conf_svm,val_mvm,val_conf_mvm,test_mvm,test_conf_mvm
0,5,0.6783201,0.005917195876072312,0.72540015,0.006038916408381723,0.67857337,0.005927205028756877,0.7252268,0.006034690629548201,0.6782534,0.005943232141200738,0.7252401,0.006022569280121903,0.67778677,0.0059557907993972314,0.7249201,0.006038908558065881,0.6771734,0.005983652032064635,0.7242001,0.00605862670430013,0.6773601,0.0059693399827381866,0.72382677,0.006070623372239736,0.67690676,0.0059726241854553,0.72334677,0.00606889814989009,0.6763867,0.00597865230444683,0.7229067,0.006093206883752367,0.67612004,0.005997645912708349,0.72222674,0.006121896093848389,0.6752267,0.006039983589551379,0.72162676,0.006136284799200031,0.67442673,0.006067392274600403,0.7211334,0.006134873127700224,0.67654675,0.005900640483551323,0.72254676,0.006095789175877497,0.67277336,0.005856585434674377,0.72026676,0.006062790142390306,7.3004265,0.02196978305661723,7.305953,0.022981601951974184,0.15509482,0.0014229047244505022,0.13996714,0.001595596664775517,,,,,,,,
