,shots,val_acc,val_conf,test_acc,test_conf,val_acc_me1,val_conf_me1,test_acc_me1,test_conf_me1,val_acc_me2,val_conf_me2,test_acc_me2,test_conf_me2,val_acc_me3,val_conf_me3,test_acc_me3,test_conf_me3,val_acc_me4,val_conf_me4,test_acc_me4,test_conf_me4,val_acc_me5,val_conf_me5,test_acc_me5,test_conf_me5,val_acc_me6,val_conf_me6,test_acc_me6,test_conf_me6,val_acc_me7,val_conf_me7,test_acc_me7,test_conf_me7,val_acc_me8,val_conf_me8,test_acc_me8,test_conf_me8,val_acc_me9,val_conf_me9,test_acc_me9,test_conf_me9,val_acc_med,val_conf_med,test_acc_med,test_conf_med,val_acc_maj,val_conf_maj,test_acc_maj,test_conf_maj,val_acc_lin,val_conf_lin,test_acc_lin,test_conf_lin,val_nld,val_conf_nld,test_nld,test_conf_nld,val_mse,val_conf_mse,test_mse,test_conf_mse,val_svm,val_conf_svm,test_svm,test_conf_svm,val_mvm,val_conf_mvm,test_mvm,test_conf_mvm
0,5,0.25538668,0.005270093880340665,0.25329334,0.00488425224259742,0.25564,0.005244789541717643,0.25296,0.00487418074916951,0.2563067,0.005255479824746334,0.25257334,0.004872113807189549,0.25582668,0.0053364627592922265,0.25178668,0.004853894609495701,0.25542668,0.0053656109819726905,0.25198668,0.004880738533588114,0.25530666,0.005344403122863661,0.25084,0.00487437793063189,0.25449336,0.005356626064612513,0.25066668,0.004871149141908893,0.25496003,0.005383593284841781,0.25056002,0.0048417811103851904,0.25472,0.005375210532884145,0.25036,0.004832491877840683,0.25434667,0.005376675771244843,0.25028002,0.004859385212744538,0.25345334,0.005355062004628985,0.24985336,0.004836564806407151,0.25526667,0.005173722479632881,0.25416005,0.004902076615583284,0.25461334,0.005066024920314105,0.25634667,0.0049136909269635876,9.324476,0.013583094858258704,9.220954,0.013034501858058434,0.25856426,0.001098314598749428,0.25898978,0.0010799401264262598,,,,,,,,
