,shots,val_acc,val_conf,test_acc,test_conf,val_acc_me1,val_conf_me1,test_acc_me1,test_conf_me1,val_acc_me2,val_conf_me2,test_acc_me2,test_conf_me2,val_acc_me3,val_conf_me3,test_acc_me3,test_conf_me3,val_acc_me4,val_conf_me4,test_acc_me4,test_conf_me4,val_acc_me5,val_conf_me5,test_acc_me5,test_conf_me5,val_acc_me6,val_conf_me6,test_acc_me6,test_conf_me6,val_acc_me7,val_conf_me7,test_acc_me7,test_conf_me7,val_acc_me8,val_conf_me8,test_acc_me8,test_conf_me8,val_acc_me9,val_conf_me9,test_acc_me9,test_conf_me9,val_acc_med,val_conf_med,test_acc_med,test_conf_med,val_acc_maj,val_conf_maj,test_acc_maj,test_conf_maj,val_acc_lin,val_conf_lin,test_acc_lin,test_conf_lin,val_nld,val_conf_nld,test_nld,test_conf_nld,val_mse,val_conf_mse,test_mse,test_conf_mse,val_svm,val_conf_svm,test_svm,test_conf_svm,val_mvm,val_conf_mvm,test_mvm,test_conf_mvm
0,5,0.6601201,0.0066899828136079975,0.6911868,0.006215206333165302,0.65989345,0.00668926843486739,0.6914801,0.006207314918622031,0.65980005,0.006679953804242245,0.6912134,0.006200264873222561,0.66026676,0.0066687809576816415,0.69186676,0.0062043525788541,0.6605868,0.0066467284969458085,0.6919601,0.006216378339140571,0.6608268,0.0066397361744569006,0.69202673,0.0062102172265631195,0.66068006,0.006638564630264909,0.69176006,0.006212950521822136,0.6606001,0.0066711572944619935,0.69053346,0.006217780313191312,0.66012007,0.006678323247465867,0.68996006,0.006239243076673229,0.6593734,0.0066827171154147935,0.6890535,0.006262371492461227,0.65894675,0.0066932439271608635,0.68781346,0.006271787253625538,0.6587601,0.006700776536092357,0.6899067,0.006148406148626329,0.65044004,0.0066959065695774145,0.6826001,0.006165395155651177,8.569676,0.018510322500414844,8.560281,0.020453811337194594,0.15931591,0.0018069957417634341,0.15275918,0.0015724909918143348,,,,,,,,
