,shots,val_acc,val_conf,test_acc,test_conf,val_acc_me1,val_conf_me1,test_acc_me1,test_conf_me1,val_acc_me2,val_conf_me2,test_acc_me2,test_conf_me2,val_acc_me3,val_conf_me3,test_acc_me3,test_conf_me3,val_acc_me4,val_conf_me4,test_acc_me4,test_conf_me4,val_acc_me5,val_conf_me5,test_acc_me5,test_conf_me5,val_acc_me6,val_conf_me6,test_acc_me6,test_conf_me6,val_acc_me7,val_conf_me7,test_acc_me7,test_conf_me7,val_acc_me8,val_conf_me8,test_acc_me8,test_conf_me8,val_acc_me9,val_conf_me9,test_acc_me9,test_conf_me9,val_acc_med,val_conf_med,test_acc_med,test_conf_med,val_acc_maj,val_conf_maj,test_acc_maj,test_conf_maj,val_acc_lin,val_conf_lin,test_acc_lin,test_conf_lin,val_nld,val_conf_nld,test_nld,test_conf_nld,val_mse,val_conf_mse,test_mse,test_conf_mse,val_svm,val_conf_svm,test_svm,test_conf_svm,val_mvm,val_conf_mvm,test_mvm,test_conf_mvm
0,5,0.6818801,0.00708998965359342,0.74906677,0.00643538414127709,0.6820668,0.00709326046459513,0.7497068,0.006453121699005582,0.6823734,0.007106515953767434,0.7503868,0.006450215696798267,0.68278676,0.007129709019215169,0.75076014,0.006450830330349544,0.6829334,0.007128667697909319,0.7509868,0.006452115935012603,0.68300015,0.007143266052871966,0.7513068,0.006445219201663521,0.6830001,0.007173443590492878,0.7513601,0.006432223234696943,0.68298674,0.0071951123093195735,0.7516001,0.006426854080451849,0.6830001,0.007169535518558923,0.75192016,0.0064235380146880905,0.68321335,0.007176423016242439,0.75178677,0.00643288497014316,0.68329346,0.0071856134271640615,0.75193346,0.006435351354663887,0.68113345,0.007021522431398419,0.7467335,0.006424932600206379,0.6672668,0.0068412953423339085,0.7314134,0.006411314149372682,4.370802,0.009082724906930295,4.459219,0.010048467066192224,0.17820331,0.0012763601081337284,0.16720378,0.0011867055761859147,,,,,,,,
