,shots,val_acc,val_conf,test_acc,test_conf,val_acc_me1,val_conf_me1,test_acc_me1,test_conf_me1,val_acc_me2,val_conf_me2,test_acc_me2,test_conf_me2,val_acc_me3,val_conf_me3,test_acc_me3,test_conf_me3,val_acc_me4,val_conf_me4,test_acc_me4,test_conf_me4,val_acc_me5,val_conf_me5,test_acc_me5,test_conf_me5,val_acc_me6,val_conf_me6,test_acc_me6,test_conf_me6,val_acc_me7,val_conf_me7,test_acc_me7,test_conf_me7,val_acc_me8,val_conf_me8,test_acc_me8,test_conf_me8,val_acc_me9,val_conf_me9,test_acc_me9,test_conf_me9,val_acc_med,val_conf_med,test_acc_med,test_conf_med,val_acc_maj,val_conf_maj,test_acc_maj,test_conf_maj,val_acc_lin,val_conf_lin,test_acc_lin,test_conf_lin,val_nld,val_conf_nld,test_nld,test_conf_nld,val_mse,val_conf_mse,test_mse,test_conf_mse,val_svm,val_conf_svm,test_svm,test_conf_svm,val_mvm,val_conf_mvm,test_mvm,test_conf_mvm
0,5,0.7435734,0.006009708153874249,0.74237347,0.005648387670304067,0.74425346,0.005994107267401683,0.7428001,0.00566117675835931,0.74476016,0.005990817061501952,0.74349344,0.005669590911580258,0.74521345,0.0059886808520293044,0.7441201,0.005693724167794567,0.7455201,0.00599230308011045,0.7449468,0.00567350821917989,0.74626684,0.006002817885491063,0.74520016,0.005660814720264473,0.74701345,0.005997133795046183,0.7454268,0.005672784604773606,0.7472534,0.005999796899246013,0.74553347,0.005686351335879469,0.7475735,0.006013301289608419,0.74597347,0.005678622930835431,0.74782676,0.006024548945061103,0.74596006,0.005681926066667176,0.7480801,0.006016107546626404,0.74586684,0.0056892730387183565,0.7431601,0.005965733455288835,0.7421068,0.00559797986878674,0.71118677,0.006227457905477851,0.7146134,0.005790292749964676,24.167746,0.03089462610581961,24.012102,0.02860233942457313,0.1504655,0.0015475423417659895,0.15037408,0.0013707503431065748,,,,,,,,
