,shots,val_acc,val_conf,test_acc,test_conf,val_acc_me1,val_conf_me1,test_acc_me1,test_conf_me1,val_acc_me2,val_conf_me2,test_acc_me2,test_conf_me2,val_acc_me3,val_conf_me3,test_acc_me3,test_conf_me3,val_acc_me4,val_conf_me4,test_acc_me4,test_conf_me4,val_acc_me5,val_conf_me5,test_acc_me5,test_conf_me5,val_acc_me6,val_conf_me6,test_acc_me6,test_conf_me6,val_acc_me7,val_conf_me7,test_acc_me7,test_conf_me7,val_acc_me8,val_conf_me8,test_acc_me8,test_conf_me8,val_acc_me9,val_conf_me9,test_acc_me9,test_conf_me9,val_acc_med,val_conf_med,test_acc_med,test_conf_med,val_acc_maj,val_conf_maj,test_acc_maj,test_conf_maj,val_acc_lin,val_conf_lin,test_acc_lin,test_conf_lin,val_nld,val_conf_nld,test_nld,test_conf_nld,val_mse,val_conf_mse,test_mse,test_conf_mse,val_svm,val_conf_svm,test_svm,test_conf_svm,val_mvm,val_conf_mvm,test_mvm,test_conf_mvm
0,5,0.39577338,0.006056072580955363,0.42764005,0.006734375426065697,0.39589337,0.006048539972023925,0.4277867,0.006751674751457493,0.39600006,0.0060406721084281245,0.4276934,0.006761899095152402,0.39582673,0.006049099191581031,0.42816004,0.006785634755959058,0.39556003,0.006055936816669827,0.4282134,0.006792738368219531,0.39568004,0.0060478556091967395,0.42788005,0.006813045749924473,0.3956667,0.006068299678753775,0.42781335,0.006802395642041492,0.39626673,0.00605963200650983,0.42836004,0.006793157205658262,0.39621338,0.006073703004961906,0.42804003,0.006782054550156846,0.39592004,0.006065200651133695,0.42804003,0.006812628297835577,0.39596003,0.006091115005475045,0.42788008,0.006812543791494541,0.3973067,0.0060468479980707035,0.4275867,0.006717125511485289,0.38906673,0.005728381926838555,0.42054668,0.006437121831775472,5.0225763,0.0136388394891922,4.91326,0.01159129517785562,0.22998866,0.0008951525810930172,0.22367084,0.001024483994600478,,,,,,,,
