,shots,val_acc,val_conf,test_acc,test_conf,val_acc_me1,val_conf_me1,test_acc_me1,test_conf_me1,val_acc_me2,val_conf_me2,test_acc_me2,test_conf_me2,val_acc_me3,val_conf_me3,test_acc_me3,test_conf_me3,val_acc_me4,val_conf_me4,test_acc_me4,test_conf_me4,val_acc_me5,val_conf_me5,test_acc_me5,test_conf_me5,val_acc_me6,val_conf_me6,test_acc_me6,test_conf_me6,val_acc_me7,val_conf_me7,test_acc_me7,test_conf_me7,val_acc_me8,val_conf_me8,test_acc_me8,test_conf_me8,val_acc_me9,val_conf_me9,test_acc_me9,test_conf_me9,val_acc_med,val_conf_med,test_acc_med,test_conf_med,val_acc_maj,val_conf_maj,test_acc_maj,test_conf_maj,val_acc_lin,val_conf_lin,test_acc_lin,test_conf_lin,val_nld,val_conf_nld,test_nld,test_conf_nld,val_mse,val_conf_mse,test_mse,test_conf_mse,val_svm,val_conf_svm,test_svm,test_conf_svm,val_mvm,val_conf_mvm,test_mvm,test_conf_mvm
0,5,0.51256,0.0071671637996113535,0.5181866,0.007260358131324085,0.51328003,0.007230755513891962,0.51956,0.0073302818179972196,0.51476,0.0072566407758863916,0.52022666,0.007371794288111522,0.51496005,0.007296969233660078,0.52069336,0.007388494680583779,0.5157467,0.007351761205677376,0.52108,0.007424912295723729,0.51636,0.007374657344473401,0.52132004,0.007487475156847112,0.51680005,0.007420120832367094,0.52170664,0.007506369481702468,0.5171067,0.007441166143760114,0.5223467,0.007557893413417616,0.51729333,0.0074751663234073895,0.5225067,0.0075807262879037385,0.51761335,0.007522078425463485,0.5227334,0.007606307696497172,0.5175467,0.007584039121184438,0.5227867,0.0076547903235028025,0.5125333,0.0071048840116412215,0.5214266,0.007081424035455197,0.4960934,0.006788993767568141,0.5032267,0.006920005379555061,5.849697,0.015168724738966688,5.8570323,0.014591378340792716,0.20761056,0.0013267180370563902,0.20575012,0.0013419858623352765,,,,,,,,
