,shots,val_acc,val_conf,test_acc,test_conf,val_acc_me1,val_conf_me1,test_acc_me1,test_conf_me1,val_acc_me2,val_conf_me2,test_acc_me2,test_conf_me2,val_acc_me3,val_conf_me3,test_acc_me3,test_conf_me3,val_acc_me4,val_conf_me4,test_acc_me4,test_conf_me4,val_acc_me5,val_conf_me5,test_acc_me5,test_conf_me5,val_acc_me6,val_conf_me6,test_acc_me6,test_conf_me6,val_acc_me7,val_conf_me7,test_acc_me7,test_conf_me7,val_acc_me8,val_conf_me8,test_acc_me8,test_conf_me8,val_acc_me9,val_conf_me9,test_acc_me9,test_conf_me9,val_acc_med,val_conf_med,test_acc_med,test_conf_med,val_acc_maj,val_conf_maj,test_acc_maj,test_conf_maj,val_acc_lin,val_conf_lin,test_acc_lin,test_conf_lin,val_nld,val_conf_nld,test_nld,test_conf_nld,val_mse,val_conf_mse,test_mse,test_conf_mse,val_svm,val_conf_svm,test_svm,test_conf_svm,val_mvm,val_conf_mvm,test_mvm,test_conf_mvm
0,5,0.22454669,0.0041320266675729245,0.22345336,0.004056996119560036,0.22496003,0.0041485294167995235,0.22398669,0.004021937532625419,0.22558668,0.004094692874397177,0.22429335,0.004051380834824481,0.22506668,0.004088775583393739,0.22410667,0.004070303790243424,0.22572002,0.004106156644426845,0.22414668,0.004080883245283884,0.22565335,0.004130744757176064,0.22428001,0.004158679413385713,0.22550668,0.00411043922260429,0.22565335,0.0041887567440339335,0.22558668,0.004096695628500652,0.22653335,0.004245627202613317,0.2252667,0.004124761892946277,0.22704001,0.00424508968687054,0.22600001,0.004135977223569065,0.22793335,0.004282027731771776,0.22480002,0.004109521197435351,0.22874667,0.004255418855370979,0.22649334,0.004128312082835012,0.22517334,0.004058557408843838,0.23036002,0.004163715621882946,0.23220001,0.004260164140399175,11.157562,0.02392209010699098,11.192561,0.025897419824781664,0.25638795,0.0007308252100088342,0.2560219,0.0007061755069140419,,,,,,,,
