,shots,val_acc,val_conf,test_acc,test_conf,val_acc_me1,val_conf_me1,test_acc_me1,test_conf_me1,val_acc_me2,val_conf_me2,test_acc_me2,test_conf_me2,val_acc_me3,val_conf_me3,test_acc_me3,test_conf_me3,val_acc_me4,val_conf_me4,test_acc_me4,test_conf_me4,val_acc_me5,val_conf_me5,test_acc_me5,test_conf_me5,val_acc_me6,val_conf_me6,test_acc_me6,test_conf_me6,val_acc_me7,val_conf_me7,test_acc_me7,test_conf_me7,val_acc_me8,val_conf_me8,test_acc_me8,test_conf_me8,val_acc_me9,val_conf_me9,test_acc_me9,test_conf_me9,val_acc_med,val_conf_med,test_acc_med,test_conf_med,val_acc_maj,val_conf_maj,test_acc_maj,test_conf_maj,val_acc_lin,val_conf_lin,test_acc_lin,test_conf_lin,val_nld,val_conf_nld,test_nld,test_conf_nld,val_mse,val_conf_mse,test_mse,test_conf_mse,val_svm,val_conf_svm,test_svm,test_conf_svm,val_mvm,val_conf_mvm,test_mvm,test_conf_mvm
0,5,0.7706802,0.0056463959989994095,0.8355068,0.004950180580295949,0.77061343,0.00565444026380979,0.83540016,0.004953255133401946,0.77052015,0.005672551865998354,0.83546674,0.004942092907856854,0.7701868,0.005680730047961102,0.8352134,0.004964431674228886,0.7701601,0.005680913837708301,0.8347868,0.004975023135634693,0.7700668,0.005657860230812384,0.83461344,0.00498303230491548,0.7697734,0.005641690889116924,0.83454674,0.004989813592443548,0.76953346,0.005642421892055771,0.83385336,0.004983011062884346,0.7692134,0.005647008323634184,0.8334801,0.004980088436478791,0.7692667,0.005643887130416414,0.8334535,0.004977756892676988,0.76877344,0.005664143254176857,0.83298683,0.004980736780209827,0.7716802,0.005600518753283046,0.8362534,0.004941929436574233,0.75413346,0.005636762276124974,0.8271201,0.005070345826504119,23.388535,0.028483596470877615,23.708973,0.02859638611447224,0.13685091,0.0015091569526063386,0.11767651,0.0013399607117425133,,,,,,,,
