,shots,val_acc,val_conf,test_acc,test_conf,val_acc_me1,val_conf_me1,test_acc_me1,test_conf_me1,val_acc_me2,val_conf_me2,test_acc_me2,test_conf_me2,val_acc_me3,val_conf_me3,test_acc_me3,test_conf_me3,val_acc_me4,val_conf_me4,test_acc_me4,test_conf_me4,val_acc_me5,val_conf_me5,test_acc_me5,test_conf_me5,val_acc_me6,val_conf_me6,test_acc_me6,test_conf_me6,val_acc_me7,val_conf_me7,test_acc_me7,test_conf_me7,val_acc_me8,val_conf_me8,test_acc_me8,test_conf_me8,val_acc_me9,val_conf_me9,test_acc_me9,test_conf_me9,val_acc_med,val_conf_med,test_acc_med,test_conf_med,val_acc_maj,val_conf_maj,test_acc_maj,test_conf_maj,val_acc_lin,val_conf_lin,test_acc_lin,test_conf_lin,val_nld,val_conf_nld,test_nld,test_conf_nld,val_mse,val_conf_mse,test_mse,test_conf_mse,val_svm,val_conf_svm,test_svm,test_conf_svm,val_mvm,val_conf_mvm,test_mvm,test_conf_mvm
0,5,0.7948001,0.004693460937340799,0.7916001,0.004400532405290147,0.7945735,0.00469938884935972,0.79140013,0.004389479160600063,0.7942534,0.004720426310436898,0.7912668,0.004397336864963575,0.79420006,0.004722926405137495,0.79106677,0.004405966209194978,0.79393345,0.004721493491606665,0.79088014,0.00441038916949088,0.79381347,0.004710819832776214,0.7906801,0.0044251094352405484,0.7933468,0.004730463170118493,0.7905601,0.004413689072839566,0.7930668,0.004740683819547176,0.7901201,0.004419043450019533,0.7927468,0.004742303293524763,0.7901868,0.0044346701963561275,0.7922401,0.004764107314853661,0.7901201,0.004442187104655937,0.7917068,0.004753321904468422,0.7899068,0.004433254830590094,0.79293346,0.004691654441133064,0.79185337,0.004416394199318274,0.78589344,0.004625882647967927,0.7857201,0.004561844389251557,4.9254465,0.014561647809390621,4.8827906,0.014109706050567716,0.14534034,0.0010271146585246194,0.14637825,0.0009589424004024794,,,,,,,,
