,shots,val_acc,val_conf,test_acc,test_conf,val_acc_me1,val_conf_me1,test_acc_me1,test_conf_me1,val_acc_me2,val_conf_me2,test_acc_me2,test_conf_me2,val_acc_me3,val_conf_me3,test_acc_me3,test_conf_me3,val_acc_me4,val_conf_me4,test_acc_me4,test_conf_me4,val_acc_me5,val_conf_me5,test_acc_me5,test_conf_me5,val_acc_me6,val_conf_me6,test_acc_me6,test_conf_me6,val_acc_me7,val_conf_me7,test_acc_me7,test_conf_me7,val_acc_me8,val_conf_me8,test_acc_me8,test_conf_me8,val_acc_me9,val_conf_me9,test_acc_me9,test_conf_me9,val_acc_med,val_conf_med,test_acc_med,test_conf_med,val_acc_maj,val_conf_maj,test_acc_maj,test_conf_maj,val_acc_lin,val_conf_lin,test_acc_lin,test_conf_lin,val_nld,val_conf_nld,test_nld,test_conf_nld,val_mse,val_conf_mse,test_mse,test_conf_mse,val_svm,val_conf_svm,test_svm,test_conf_svm,val_mvm,val_conf_mvm,test_mvm,test_conf_mvm
0,5,0.5644133,0.005888899181767937,0.59245336,0.005964804809104329,0.56390667,0.005893292126150307,0.59205335,0.00596062844108225,0.56364,0.005883035919408752,0.59166676,0.005960720335955738,0.56325334,0.005892788320587261,0.59156007,0.005954864462129117,0.56313336,0.005903874351890437,0.5910134,0.00591982896435872,0.56285334,0.005919972117176764,0.59064007,0.005926723388791411,0.56232,0.005923292338990027,0.59002674,0.005904958157258444,0.5615067,0.005918703136711945,0.58996004,0.005910136595007165,0.56144005,0.005927711605019592,0.58970666,0.005889281076543962,0.5610666,0.005935045185355592,0.58945346,0.005894925915409632,0.56056005,0.005935657971773645,0.58913344,0.0058892090383515505,0.56670666,0.005858788602723264,0.59422666,0.005873443757029806,0.56729335,0.005805090595306095,0.59126675,0.00578327502939513,4.9535265,0.012677390067339367,4.8394814,0.011427070264938166,0.1965523,0.0010129033933999332,0.18950513,0.0010256299098201638,,,,,,,,
