,shots,val_acc,val_conf,test_acc,test_conf,val_acc_me1,val_conf_me1,test_acc_me1,test_conf_me1,val_acc_me2,val_conf_me2,test_acc_me2,test_conf_me2,val_acc_me3,val_conf_me3,test_acc_me3,test_conf_me3,val_acc_me4,val_conf_me4,test_acc_me4,test_conf_me4,val_acc_me5,val_conf_me5,test_acc_me5,test_conf_me5,val_acc_me6,val_conf_me6,test_acc_me6,test_conf_me6,val_acc_me7,val_conf_me7,test_acc_me7,test_conf_me7,val_acc_me8,val_conf_me8,test_acc_me8,test_conf_me8,val_acc_me9,val_conf_me9,test_acc_me9,test_conf_me9,val_acc_med,val_conf_med,test_acc_med,test_conf_med,val_acc_maj,val_conf_maj,test_acc_maj,test_conf_maj,val_acc_lin,val_conf_lin,test_acc_lin,test_conf_lin,val_nld,val_conf_nld,test_nld,test_conf_nld,val_mse,val_conf_mse,test_mse,test_conf_mse,val_svm,val_conf_svm,test_svm,test_conf_svm,val_mvm,val_conf_mvm,test_mvm,test_conf_mvm
0,5,0.6780401,0.006616284048586718,0.7552801,0.0059606233614660775,0.6783334,0.006608943541501433,0.7561467,0.005960325049464532,0.6787334,0.006612180180540217,0.7563335,0.005984470773827466,0.6790534,0.006627875732586053,0.75678676,0.005987870422365593,0.6792534,0.006634210475678359,0.75733346,0.0059566838882687545,0.6793734,0.006649645581952024,0.75749344,0.005969217610167887,0.6793334,0.006652251425024569,0.75729346,0.005984037621106997,0.6792401,0.006650003463997245,0.7574801,0.005990858621997552,0.67901343,0.0066688280595766924,0.75752014,0.005997822313922874,0.6790001,0.006684843627438486,0.75788015,0.005993964114583639,0.6793734,0.0066912531794227625,0.75788015,0.006014116798888303,0.6773468,0.0065726418339657755,0.75513345,0.0059938532865954075,0.6646134,0.006552166363145484,0.73985344,0.006043833476791605,4.3421693,0.008967908958285697,4.4269276,0.010340236522199397,0.17986608,0.0012280516888720783,0.16614582,0.0011736582358289893,,,,,,,,
