,shots,val_acc,val_conf,test_acc,test_conf,val_acc_me1,val_conf_me1,test_acc_me1,test_conf_me1,val_acc_me2,val_conf_me2,test_acc_me2,test_conf_me2,val_acc_me3,val_conf_me3,test_acc_me3,test_conf_me3,val_acc_me4,val_conf_me4,test_acc_me4,test_conf_me4,val_acc_me5,val_conf_me5,test_acc_me5,test_conf_me5,val_acc_me6,val_conf_me6,test_acc_me6,test_conf_me6,val_acc_me7,val_conf_me7,test_acc_me7,test_conf_me7,val_acc_me8,val_conf_me8,test_acc_me8,test_conf_me8,val_acc_me9,val_conf_me9,test_acc_me9,test_conf_me9,val_acc_med,val_conf_med,test_acc_med,test_conf_med,val_acc_maj,val_conf_maj,test_acc_maj,test_conf_maj,val_acc_lin,val_conf_lin,test_acc_lin,test_conf_lin,val_nld,val_conf_nld,test_nld,test_conf_nld,val_mse,val_conf_mse,test_mse,test_conf_mse,val_svm,val_conf_svm,test_svm,test_conf_svm,val_mvm,val_conf_mvm,test_mvm,test_conf_mvm
0,5,0.6440134,0.006805901500735012,0.7200934,0.005970723023674296,0.64416003,0.0068163525800224445,0.72018677,0.0059624081538594,0.6442267,0.006825766032270364,0.7208268,0.005959102247327985,0.6445867,0.006810182693562594,0.7207468,0.005953059813054606,0.64458674,0.006810483776263809,0.7210134,0.0059542863094573795,0.64448005,0.006821187451007793,0.7210402,0.005954268299909304,0.64433336,0.006826510426924504,0.7212668,0.005987017508639725,0.6446134,0.006830059693246682,0.72141343,0.005983521347395215,0.6448534,0.006829820951288701,0.7213601,0.0059942989074646125,0.64533335,0.006823436335601674,0.72166675,0.006013188152703797,0.64517343,0.006818599155699934,0.7216268,0.006020671350823847,0.64352,0.006682231781183101,0.7204801,0.005947535961409289,0.63282675,0.0066683173272643614,0.7094934,0.005958923998980348,4.265078,0.00789397189910801,4.33271,0.008665930397431687,0.1870231,0.0011833491043848898,0.17381638,0.001070753640662503,,,,,,,,
