,shots,val_acc,val_conf,test_acc,test_conf,val_acc_me1,val_conf_me1,test_acc_me1,test_conf_me1,val_acc_me2,val_conf_me2,test_acc_me2,test_conf_me2,val_acc_me3,val_conf_me3,test_acc_me3,test_conf_me3,val_acc_me4,val_conf_me4,test_acc_me4,test_conf_me4,val_acc_me5,val_conf_me5,test_acc_me5,test_conf_me5,val_acc_me6,val_conf_me6,test_acc_me6,test_conf_me6,val_acc_me7,val_conf_me7,test_acc_me7,test_conf_me7,val_acc_me8,val_conf_me8,test_acc_me8,test_conf_me8,val_acc_me9,val_conf_me9,test_acc_me9,test_conf_me9,val_acc_med,val_conf_med,test_acc_med,test_conf_med,val_acc_maj,val_conf_maj,test_acc_maj,test_conf_maj,val_acc_lin,val_conf_lin,test_acc_lin,test_conf_lin,val_nld,val_conf_nld,test_nld,test_conf_nld,val_mse,val_conf_mse,test_mse,test_conf_mse,val_svm,val_conf_svm,test_svm,test_conf_svm,val_mvm,val_conf_mvm,test_mvm,test_conf_mvm
0,5,0.7544934,0.00595418333178499,0.8129068,0.00534957371029654,0.7547468,0.0059385676682472965,0.8123468,0.0053506949201105325,0.7548534,0.005949621836503938,0.81212014,0.005340860783290768,0.7546935,0.005946897776910487,0.8117201,0.0053348183490172785,0.7544935,0.005946255898145569,0.8110401,0.005334565753560838,0.75430673,0.005942244848539224,0.81054676,0.005348700939889484,0.75430673,0.005944430007039925,0.80998677,0.005330821614692782,0.7540402,0.005935943815626565,0.8093468,0.005353062944791764,0.75385344,0.005939011903766667,0.80870676,0.00537708075518506,0.7538134,0.005937873607971156,0.8085067,0.0053776122677451355,0.7535334,0.005938970805054344,0.8082134,0.00539129767715496,0.7562268,0.005989924896196874,0.8133868,0.0053101341853449835,0.7430268,0.005772893217600217,0.8062934,0.0051987169616721784,4.491458,0.010366145335141574,4.602133,0.011031586130437532,0.15805264,0.0012819061253766806,0.14503138,0.0011243814570204291,,,,,,,,
