,shots,val_acc,val_conf,test_acc,test_conf,val_acc_me1,val_conf_me1,test_acc_me1,test_conf_me1,val_acc_me2,val_conf_me2,test_acc_me2,test_conf_me2,val_acc_me3,val_conf_me3,test_acc_me3,test_conf_me3,val_acc_me4,val_conf_me4,test_acc_me4,test_conf_me4,val_acc_me5,val_conf_me5,test_acc_me5,test_conf_me5,val_acc_me6,val_conf_me6,test_acc_me6,test_conf_me6,val_acc_me7,val_conf_me7,test_acc_me7,test_conf_me7,val_acc_me8,val_conf_me8,test_acc_me8,test_conf_me8,val_acc_me9,val_conf_me9,test_acc_me9,test_conf_me9,val_acc_med,val_conf_med,test_acc_med,test_conf_med,val_acc_maj,val_conf_maj,test_acc_maj,test_conf_maj,val_acc_lin,val_conf_lin,test_acc_lin,test_conf_lin,val_nld,val_conf_nld,test_nld,test_conf_nld,val_mse,val_conf_mse,test_mse,test_conf_mse,val_svm,val_conf_svm,test_svm,test_conf_svm,val_mvm,val_conf_mvm,test_mvm,test_conf_mvm
0,5,0.23440002,0.004090781108196911,0.26938665,0.005653472366046131,0.23452,0.004106333045641397,0.2695067,0.005656570008316375,0.23448001,0.004120668645915343,0.26908,0.005646567320597817,0.23448001,0.00412547673347019,0.26881334,0.005681859108090936,0.23450668,0.004125448102906576,0.26880002,0.005675799126052705,0.23402669,0.004128681509462356,0.26798669,0.005729074139981527,0.23392001,0.00412195101809551,0.2676667,0.005743623084132787,0.23374669,0.004108909334583799,0.26750672,0.0057800273075575,0.23353335,0.004114955463123515,0.26721334,0.0057788613047649595,0.23281336,0.004117837452600054,0.26680002,0.005803212984472672,0.23324002,0.004129894152366614,0.2663467,0.0058029493062173865,0.23536001,0.004143853399263958,0.27126667,0.005667819049118894,0.23532002,0.004017277677504816,0.27210665,0.005628578090979497,8.554639,0.013932858753360478,8.458192,0.013816570639605175,0.26505727,0.0009148549689727559,0.2572238,0.0012526389935005322,,,,,,,,
