,shots,val_acc,val_conf,test_acc,test_conf,val_acc_me1,val_conf_me1,test_acc_me1,test_conf_me1,val_acc_me2,val_conf_me2,test_acc_me2,test_conf_me2,val_acc_me3,val_conf_me3,test_acc_me3,test_conf_me3,val_acc_me4,val_conf_me4,test_acc_me4,test_conf_me4,val_acc_me5,val_conf_me5,test_acc_me5,test_conf_me5,val_acc_me6,val_conf_me6,test_acc_me6,test_conf_me6,val_acc_me7,val_conf_me7,test_acc_me7,test_conf_me7,val_acc_me8,val_conf_me8,test_acc_me8,test_conf_me8,val_acc_me9,val_conf_me9,test_acc_me9,test_conf_me9,val_acc_med,val_conf_med,test_acc_med,test_conf_med,val_acc_maj,val_conf_maj,test_acc_maj,test_conf_maj,val_acc_lin,val_conf_lin,test_acc_lin,test_conf_lin,val_nld,val_conf_nld,test_nld,test_conf_nld,val_mse,val_conf_mse,test_mse,test_conf_mse,val_svm,val_conf_svm,test_svm,test_conf_svm,val_mvm,val_conf_mvm,test_mvm,test_conf_mvm
0,5,0.4721467,0.005895897507439574,0.5237467,0.006150689205183246,0.47269335,0.0059074587137422085,0.52414674,0.006160697434301254,0.4728267,0.005917220812369672,0.52430665,0.006183756582596511,0.47272003,0.00594070341593661,0.5247867,0.0061938885696346535,0.4729867,0.0059449273476369635,0.52470666,0.006185841534124603,0.47330672,0.005946575452178193,0.52470666,0.006177104594388028,0.47374672,0.005942150644749233,0.5247201,0.006195023171163827,0.47357336,0.005928019614470148,0.5245067,0.006209410952948913,0.47360003,0.005928937639639087,0.52469337,0.006211520840774365,0.47332,0.005941515230950156,0.5246133,0.0061871613107508106,0.47296003,0.005933410472529599,0.5248667,0.006185696995956613,0.4753867,0.0058832575753851035,0.52514666,0.006200225159860073,0.47053334,0.005835049247650326,0.51566666,0.0060693128312793165,5.0707655,0.013289277855170312,4.9323,0.011516566636110781,0.21545395,0.0009233342913596843,0.20536242,0.0010362423823654654,,,,,,,,
