,shots,val_acc,val_conf,test_acc,test_conf,val_acc_me1,val_conf_me1,test_acc_me1,test_conf_me1,val_acc_me2,val_conf_me2,test_acc_me2,test_conf_me2,val_acc_me3,val_conf_me3,test_acc_me3,test_conf_me3,val_acc_me4,val_conf_me4,test_acc_me4,test_conf_me4,val_acc_me5,val_conf_me5,test_acc_me5,test_conf_me5,val_acc_me6,val_conf_me6,test_acc_me6,test_conf_me6,val_acc_me7,val_conf_me7,test_acc_me7,test_conf_me7,val_acc_me8,val_conf_me8,test_acc_me8,test_conf_me8,val_acc_me9,val_conf_me9,test_acc_me9,test_conf_me9,val_acc_med,val_conf_med,test_acc_med,test_conf_med,val_acc_maj,val_conf_maj,test_acc_maj,test_conf_maj,val_acc_lin,val_conf_lin,test_acc_lin,test_conf_lin,val_nld,val_conf_nld,test_nld,test_conf_nld,val_mse,val_conf_mse,test_mse,test_conf_mse,val_svm,val_conf_svm,test_svm,test_conf_svm,val_mvm,val_conf_mvm,test_mvm,test_conf_mvm
0,5,0.52158666,0.007033539417802603,0.5233867,0.006857289668164679,0.52220005,0.007054352913986928,0.52392006,0.006883661187957357,0.52290666,0.0070765434479247435,0.52424,0.006876771381357449,0.52312,0.007095296467095169,0.52433336,0.00691733442503939,0.5236934,0.007126877364116657,0.52466667,0.006926229294659247,0.52429336,0.007162664183290368,0.52493334,0.00695241379222189,0.52469337,0.007190373027474051,0.5254667,0.006976011379826508,0.52466667,0.007186826531851653,0.5257467,0.006997993187719875,0.52484,0.007201542179768428,0.52605337,0.007029311791835968,0.52510667,0.007216480869011499,0.5264934,0.007066748562684078,0.5254534,0.0072099138489272185,0.5269067,0.00709425745470571,0.5224267,0.007030332794677241,0.52552,0.006743045407226145,0.5041067,0.006908620112683783,0.5072667,0.006581246703683097,4.498815,0.009188742960444252,4.501586,0.01001493882906157,0.20932996,0.0011336673416360854,0.20893995,0.0010758475720702432,,,,,,,,
