,shots,val_acc,val_conf,test_acc,test_conf,val_acc_me1,val_conf_me1,test_acc_me1,test_conf_me1,val_acc_me2,val_conf_me2,test_acc_me2,test_conf_me2,val_acc_me3,val_conf_me3,test_acc_me3,test_conf_me3,val_acc_me4,val_conf_me4,test_acc_me4,test_conf_me4,val_acc_me5,val_conf_me5,test_acc_me5,test_conf_me5,val_acc_me6,val_conf_me6,test_acc_me6,test_conf_me6,val_acc_me7,val_conf_me7,test_acc_me7,test_conf_me7,val_acc_me8,val_conf_me8,test_acc_me8,test_conf_me8,val_acc_me9,val_conf_me9,test_acc_me9,test_conf_me9,val_acc_med,val_conf_med,test_acc_med,test_conf_med,val_acc_maj,val_conf_maj,test_acc_maj,test_conf_maj,val_acc_lin,val_conf_lin,test_acc_lin,test_conf_lin,val_nld,val_conf_nld,test_nld,test_conf_nld,val_mse,val_conf_mse,test_mse,test_conf_mse,val_svm,val_conf_svm,test_svm,test_conf_svm,val_mvm,val_conf_mvm,test_mvm,test_conf_mvm
0,5,0.40781334,0.006751353812074978,0.42672005,0.006805880720487212,0.40976003,0.006747685867448783,0.42908,0.006812018282117194,0.41184002,0.0068061559433245655,0.43188003,0.006834154325627395,0.41453335,0.006808889238583582,0.43469337,0.006886939387491686,0.41592005,0.00681683976138725,0.43678668,0.006964488963319748,0.41769335,0.006835652350601296,0.43896002,0.0069748366031515685,0.41872004,0.006871197657117412,0.44097337,0.0070333851821856586,0.41980004,0.006911619856897755,0.44269335,0.007060040236914866,0.42080006,0.006940668334388833,0.44452006,0.007093602646008779,0.42145336,0.007000380607299073,0.44585338,0.007145462294171567,0.42088005,0.007013040857818009,0.44689336,0.007139788362958865,0.4179734,0.006671819491691544,0.43768004,0.006767591497696457,0.4650267,0.0073223483811751255,0.49978667,0.007475530208635339,7.9808974,0.02953692044781775,8.14738,0.030584896974325204,0.21532643,0.0012402690892215074,0.2098711,0.0012160822661462234,,,,,,,,
