,shots,val_acc,val_conf,test_acc,test_conf,val_acc_me1,val_conf_me1,test_acc_me1,test_conf_me1,val_acc_me2,val_conf_me2,test_acc_me2,test_conf_me2,val_acc_me3,val_conf_me3,test_acc_me3,test_conf_me3,val_acc_me4,val_conf_me4,test_acc_me4,test_conf_me4,val_acc_me5,val_conf_me5,test_acc_me5,test_conf_me5,val_acc_me6,val_conf_me6,test_acc_me6,test_conf_me6,val_acc_me7,val_conf_me7,test_acc_me7,test_conf_me7,val_acc_me8,val_conf_me8,test_acc_me8,test_conf_me8,val_acc_me9,val_conf_me9,test_acc_me9,test_conf_me9,val_acc_med,val_conf_med,test_acc_med,test_conf_med,val_acc_maj,val_conf_maj,test_acc_maj,test_conf_maj,val_acc_lin,val_conf_lin,test_acc_lin,test_conf_lin,val_nld,val_conf_nld,test_nld,test_conf_nld,val_mse,val_conf_mse,test_mse,test_conf_mse,val_svm,val_conf_svm,test_svm,test_conf_svm,val_mvm,val_conf_mvm,test_mvm,test_conf_mvm
0,5,0.50649333,0.006558451695426348,0.57354677,0.0062971941081376714,0.5060933,0.0065101343868364525,0.57401335,0.006269922572724074,0.50676,0.006498563483084863,0.5743201,0.006253772164143245,0.50669336,0.006480288409613677,0.57428,0.006284382854484738,0.5072,0.006458119117706884,0.5745867,0.006275522156828028,0.5074934,0.0064394487577443815,0.5742134,0.00625022520673757,0.50710666,0.006451314741014569,0.5739201,0.006268377445855178,0.50649333,0.006484761704287467,0.5737333,0.006286293713714697,0.5056133,0.006454961443609686,0.57317334,0.006291987501608531,0.50436,0.006431318139459963,0.57269335,0.006332806835013249,0.50317335,0.006417393526308879,0.57181334,0.0063512015103551756,0.5045467,0.0065390817337883655,0.5721867,0.00630895388125241,0.50156003,0.00635073372388828,0.5655467,0.006256964471986759,9.280827,0.01769417226536163,9.277793,0.01495805735759248,0.20080756,0.0014587399154233072,0.18517841,0.001534021558096954,,,,,,,,
