,shots,val_acc,val_conf,test_acc,test_conf,val_acc_me1,val_conf_me1,test_acc_me1,test_conf_me1,val_acc_me2,val_conf_me2,test_acc_me2,test_conf_me2,val_acc_me3,val_conf_me3,test_acc_me3,test_conf_me3,val_acc_me4,val_conf_me4,test_acc_me4,test_conf_me4,val_acc_me5,val_conf_me5,test_acc_me5,test_conf_me5,val_acc_me6,val_conf_me6,test_acc_me6,test_conf_me6,val_acc_me7,val_conf_me7,test_acc_me7,test_conf_me7,val_acc_me8,val_conf_me8,test_acc_me8,test_conf_me8,val_acc_me9,val_conf_me9,test_acc_me9,test_conf_me9,val_acc_med,val_conf_med,test_acc_med,test_conf_med,val_acc_maj,val_conf_maj,test_acc_maj,test_conf_maj,val_acc_lin,val_conf_lin,test_acc_lin,test_conf_lin,val_nld,val_conf_nld,test_nld,test_conf_nld,val_mse,val_conf_mse,test_mse,test_conf_mse,val_svm,val_conf_svm,test_svm,test_conf_svm,val_mvm,val_conf_mvm,test_mvm,test_conf_mvm
0,5,0.27446666,0.004630914238632267,0.33801338,0.0060351126994699356,0.27717334,0.004691650746866782,0.3405067,0.0060227964774976495,0.27957335,0.004780558344352426,0.34237337,0.0060707180378130055,0.28134668,0.004886478038027109,0.34464005,0.006127018655819716,0.28356004,0.005009093044557933,0.34557337,0.006161308373586194,0.28573334,0.005043054434409333,0.34544003,0.006233353492666904,0.28820002,0.005081922733438438,0.3461867,0.006280724145524219,0.29049334,0.0051611319583897974,0.34672007,0.006377998794335871,0.29065335,0.005223077415262289,0.3469734,0.006450603132973687,0.29189333,0.005220703849181607,0.34689337,0.006515989337096573,0.29214665,0.005262616685403287,0.3456134,0.006584870317114078,0.27970666,0.004733461990765908,0.3436267,0.006014019824398642,0.28524002,0.004740175396151236,0.35128003,0.005927362958640048,10.506657,0.01851117587592377,10.559912,0.01938396475434878,0.24967578,0.0007531055030724487,0.23749064,0.0010370201408618218,,,,,,,,
