,shots,val_acc,val_conf,test_acc,test_conf,val_acc_me1,val_conf_me1,test_acc_me1,test_conf_me1,val_acc_me2,val_conf_me2,test_acc_me2,test_conf_me2,val_acc_me3,val_conf_me3,test_acc_me3,test_conf_me3,val_acc_me4,val_conf_me4,test_acc_me4,test_conf_me4,val_acc_me5,val_conf_me5,test_acc_me5,test_conf_me5,val_acc_me6,val_conf_me6,test_acc_me6,test_conf_me6,val_acc_me7,val_conf_me7,test_acc_me7,test_conf_me7,val_acc_me8,val_conf_me8,test_acc_me8,test_conf_me8,val_acc_me9,val_conf_me9,test_acc_me9,test_conf_me9,val_acc_med,val_conf_med,test_acc_med,test_conf_med,val_acc_maj,val_conf_maj,test_acc_maj,test_conf_maj,val_acc_lin,val_conf_lin,test_acc_lin,test_conf_lin,val_nld,val_conf_nld,test_nld,test_conf_nld,val_mse,val_conf_mse,test_mse,test_conf_mse,val_svm,val_conf_svm,test_svm,test_conf_svm,val_mvm,val_conf_mvm,test_mvm,test_conf_mvm
0,5,0.48652002,0.005779012769682124,0.5163334,0.0061193415087202885,0.48666668,0.0057941407900717334,0.5165601,0.006132624243106344,0.48669335,0.005792370774743483,0.51690674,0.006141688125408162,0.4869867,0.005815305703335383,0.5169067,0.006151697278092616,0.4868667,0.005811915752246266,0.5168267,0.006149873695903474,0.48704004,0.0057931511884937725,0.51658666,0.006144486532110305,0.48720002,0.005809952711505195,0.51647997,0.006146034891462038,0.4874267,0.005818438902918499,0.51647997,0.006154259713536558,0.48788,0.005860989000072314,0.51680005,0.006124535647100693,0.48761335,0.005860595098930943,0.51684004,0.006119869788797416,0.48742667,0.005851711312109931,0.51713336,0.006108350142990382,0.48625335,0.005739793515357083,0.51777333,0.006097279812318779,0.47673336,0.005730611416534526,0.50592005,0.005942599959884665,4.755783,0.012250162949885457,4.651798,0.01034423556544084,0.21551135,0.0008556185637368652,0.20888153,0.000944090872754294,,,,,,,,
