,shots,val_acc,val_conf,test_acc,test_conf,val_acc_me1,val_conf_me1,test_acc_me1,test_conf_me1,val_acc_me2,val_conf_me2,test_acc_me2,test_conf_me2,val_acc_me3,val_conf_me3,test_acc_me3,test_conf_me3,val_acc_me4,val_conf_me4,test_acc_me4,test_conf_me4,val_acc_me5,val_conf_me5,test_acc_me5,test_conf_me5,val_acc_me6,val_conf_me6,test_acc_me6,test_conf_me6,val_acc_me7,val_conf_me7,test_acc_me7,test_conf_me7,val_acc_me8,val_conf_me8,test_acc_me8,test_conf_me8,val_acc_me9,val_conf_me9,test_acc_me9,test_conf_me9,val_acc_med,val_conf_med,test_acc_med,test_conf_med,val_acc_maj,val_conf_maj,test_acc_maj,test_conf_maj,val_acc_lin,val_conf_lin,test_acc_lin,test_conf_lin,val_nld,val_conf_nld,test_nld,test_conf_nld,val_mse,val_conf_mse,test_mse,test_conf_mse,val_svm,val_conf_svm,test_svm,test_conf_svm,val_mvm,val_conf_mvm,test_mvm,test_conf_mvm
0,5,0.52428,0.005351935731795154,0.52218664,0.005210005715837074,0.52492005,0.00535684356453936,0.52390665,0.0052067275163028,0.52516,0.005345626848566765,0.5242533,0.0052008217698814585,0.52516,0.005377629353726654,0.52533334,0.005254095860243613,0.5251867,0.00536416606207657,0.52530664,0.00527342056711988,0.52430665,0.005365503386467463,0.5255334,0.005235246790150194,0.5236934,0.005357573182128372,0.52568007,0.005259332020902896,0.5227734,0.005415726474671145,0.52521336,0.00529893086108757,0.5214401,0.0054535631498433546,0.52506673,0.005308564122178727,0.5205067,0.0054812091915004135,0.5237733,0.005284642362708647,0.51953334,0.00550890325861908,0.52245337,0.005286532903474028,0.52381337,0.005253198615322474,0.52169335,0.005211302403299145,0.51505333,0.005141073939658347,0.52084005,0.005342671897331286,10.228461,0.015983270738891164,10.358967,0.019450550209660022,0.20396298,0.0010077221849514595,0.19894159,0.001149082244890992,,,,,,,,
