,shots,val_acc,val_conf,test_acc,test_conf,val_acc_me1,val_conf_me1,test_acc_me1,test_conf_me1,val_acc_me2,val_conf_me2,test_acc_me2,test_conf_me2,val_acc_me3,val_conf_me3,test_acc_me3,test_conf_me3,val_acc_me4,val_conf_me4,test_acc_me4,test_conf_me4,val_acc_me5,val_conf_me5,test_acc_me5,test_conf_me5,val_acc_me6,val_conf_me6,test_acc_me6,test_conf_me6,val_acc_me7,val_conf_me7,test_acc_me7,test_conf_me7,val_acc_me8,val_conf_me8,test_acc_me8,test_conf_me8,val_acc_me9,val_conf_me9,test_acc_me9,test_conf_me9,val_acc_med,val_conf_med,test_acc_med,test_conf_med,val_acc_maj,val_conf_maj,test_acc_maj,test_conf_maj,val_acc_lin,val_conf_lin,test_acc_lin,test_conf_lin,val_nld,val_conf_nld,test_nld,test_conf_nld,val_mse,val_conf_mse,test_mse,test_conf_mse,val_svm,val_conf_svm,test_svm,test_conf_svm,val_mvm,val_conf_mvm,test_mvm,test_conf_mvm
0,5,0.36981338,0.0075142290331990935,0.39788005,0.008004828517874096,0.3698667,0.007514324160555641,0.39736006,0.00800333788143276,0.37016004,0.007536260713687126,0.3971867,0.008014846444441004,0.36996,0.007536425570319583,0.39696002,0.00801363287797019,0.36940002,0.007514122823043756,0.3969734,0.007999948392126921,0.36948004,0.007529096607816421,0.39658672,0.008004774951013094,0.36960003,0.007535273882808835,0.39628002,0.008015386730883478,0.36950672,0.0075336871954444495,0.3960267,0.008042803728031567,0.36952,0.007544549261854827,0.3958667,0.008058458181365136,0.36972004,0.007571112421710491,0.39568,0.008065204835146944,0.3694134,0.007567680448342495,0.39548004,0.008073213080861119,0.37062672,0.007480103248498515,0.3989867,0.007943640385587647,0.3646267,0.0071797409291392,0.3923334,0.007689765789446301,4.509629,0.011217246099841205,4.615184,0.012528471423158827,0.23346417,0.0011945467717970615,0.22917938,0.0012376698265607056,,,,,,,,
