,shots,val_acc,val_conf,test_acc,test_conf,val_acc_me1,val_conf_me1,test_acc_me1,test_conf_me1,val_acc_me2,val_conf_me2,test_acc_me2,test_conf_me2,val_acc_me3,val_conf_me3,test_acc_me3,test_conf_me3,val_acc_me4,val_conf_me4,test_acc_me4,test_conf_me4,val_acc_me5,val_conf_me5,test_acc_me5,test_conf_me5,val_acc_me6,val_conf_me6,test_acc_me6,test_conf_me6,val_acc_me7,val_conf_me7,test_acc_me7,test_conf_me7,val_acc_me8,val_conf_me8,test_acc_me8,test_conf_me8,val_acc_me9,val_conf_me9,test_acc_me9,test_conf_me9,val_acc_med,val_conf_med,test_acc_med,test_conf_med,val_acc_maj,val_conf_maj,test_acc_maj,test_conf_maj,val_acc_lin,val_conf_lin,test_acc_lin,test_conf_lin,val_nld,val_conf_nld,test_nld,test_conf_nld,val_mse,val_conf_mse,test_mse,test_conf_mse,val_svm,val_conf_svm,test_svm,test_conf_svm,val_mvm,val_conf_mvm,test_mvm,test_conf_mvm
0,5,0.6727201,0.006608969863148628,0.73297346,0.006195552374807511,0.6732267,0.006594890090814154,0.7334535,0.006195478489482098,0.6734801,0.00660348526308252,0.73381346,0.006209903675713169,0.67368007,0.006600246315127234,0.73426676,0.006206732609900678,0.67445344,0.006616260959422471,0.7350267,0.006222120614279292,0.67489344,0.00662779030267846,0.73537344,0.006232259528066719,0.67498684,0.006623782485555174,0.7358268,0.006220975391734607,0.67508006,0.0066316328013861225,0.7357468,0.006223294005604396,0.6750534,0.006627328519394293,0.73574674,0.006228015739685122,0.67516005,0.006615449606192203,0.73577344,0.006230390229332361,0.6748667,0.006621313330334666,0.7358934,0.0062223542766211,0.6740668,0.00658955141426576,0.73261344,0.006195818361979244,0.6585334,0.006497876349558007,0.71768004,0.006255805857726782,4.4620605,0.009970736933100355,4.5604267,0.0109797583453215,0.17884651,0.0012349980639242697,0.16819046,0.0012144941934319475,,,,,,,,
