,shots,val_acc,val_conf,test_acc,test_conf,val_acc_me1,val_conf_me1,test_acc_me1,test_conf_me1,val_acc_me2,val_conf_me2,test_acc_me2,test_conf_me2,val_acc_me3,val_conf_me3,test_acc_me3,test_conf_me3,val_acc_me4,val_conf_me4,test_acc_me4,test_conf_me4,val_acc_me5,val_conf_me5,test_acc_me5,test_conf_me5,val_acc_me6,val_conf_me6,test_acc_me6,test_conf_me6,val_acc_me7,val_conf_me7,test_acc_me7,test_conf_me7,val_acc_me8,val_conf_me8,test_acc_me8,test_conf_me8,val_acc_me9,val_conf_me9,test_acc_me9,test_conf_me9,val_acc_med,val_conf_med,test_acc_med,test_conf_med,val_acc_maj,val_conf_maj,test_acc_maj,test_conf_maj,val_acc_lin,val_conf_lin,test_acc_lin,test_conf_lin,val_nld,val_conf_nld,test_nld,test_conf_nld,val_mse,val_conf_mse,test_mse,test_conf_mse,val_svm,val_conf_svm,test_svm,test_conf_svm,val_mvm,val_conf_mvm,test_mvm,test_conf_mvm
0,5,0.5799867,0.0074515442612886895,0.5717334,0.007296335205210891,0.58076,0.007478501322285669,0.57276,0.007304274183432491,0.58181334,0.007508913907598225,0.57336,0.007333548934732814,0.58220005,0.00753659689191799,0.5741467,0.007360405788757185,0.5827334,0.007575372834290217,0.5748933,0.007366256121184356,0.5833734,0.007594031187887373,0.57532,0.007387546177718085,0.58389336,0.0076241611618300675,0.5759867,0.007400610026827348,0.5842667,0.007633698371998121,0.57600003,0.007424339222668053,0.58493334,0.007655941549230327,0.5762534,0.007449022462773791,0.5847334,0.0076912587348040296,0.5769333,0.00747312247059162,0.58522666,0.007721612211856188,0.5770134,0.007487594758717742,0.5823067,0.0073578415061801294,0.57420003,0.00714366780432929,0.56313336,0.007139695544518765,0.5551867,0.0069526880914926315,4.628717,0.011572552317917761,4.6166983,0.011061143031325216,0.19811447,0.0012044887350137201,0.20075995,0.0011490531525440717,,,,,,,,
