,shots,val_acc,val_conf,test_acc,test_conf,val_acc_me1,val_conf_me1,test_acc_me1,test_conf_me1,val_acc_me2,val_conf_me2,test_acc_me2,test_conf_me2,val_acc_me3,val_conf_me3,test_acc_me3,test_conf_me3,val_acc_me4,val_conf_me4,test_acc_me4,test_conf_me4,val_acc_me5,val_conf_me5,test_acc_me5,test_conf_me5,val_acc_me6,val_conf_me6,test_acc_me6,test_conf_me6,val_acc_me7,val_conf_me7,test_acc_me7,test_conf_me7,val_acc_me8,val_conf_me8,test_acc_me8,test_conf_me8,val_acc_me9,val_conf_me9,test_acc_me9,test_conf_me9,val_acc_med,val_conf_med,test_acc_med,test_conf_med,val_acc_maj,val_conf_maj,test_acc_maj,test_conf_maj,val_acc_lin,val_conf_lin,test_acc_lin,test_conf_lin,val_nld,val_conf_nld,test_nld,test_conf_nld,val_mse,val_conf_mse,test_mse,test_conf_mse,val_svm,val_conf_svm,test_svm,test_conf_svm,val_mvm,val_conf_mvm,test_mvm,test_conf_mvm
0,5,0.26676002,0.005747762509492105,0.26504,0.00530428154400131,0.26656,0.005777241369004038,0.2647467,0.005320119787081967,0.26642668,0.005803671073490557,0.26466668,0.005319235010309509,0.26684004,0.005798436298181164,0.26469335,0.005314258833639229,0.26684004,0.00579230196903413,0.26441336,0.005280212013880237,0.267,0.0057777405567342455,0.26424003,0.0052812755007836665,0.26726666,0.005780023613291219,0.26424003,0.0052870976644305845,0.2670667,0.0057914920011536974,0.2638267,0.005256933518524909,0.26664,0.005802865261659684,0.2634667,0.0052776191007395945,0.26636,0.005784013420866485,0.26342666,0.005301370462177879,0.26609334,0.005752529960117936,0.26297334,0.005297521036720987,0.26693335,0.0056105782403456095,0.26421335,0.0052290648973248866,0.2669867,0.005256530381717861,0.26666668,0.005077429120300125,7.846634,0.014866893948763504,7.7570047,0.013139414402389527,0.25772613,0.0011234267200803671,0.25868133,0.0011234177153063296,,,,,,,,
