,shots,val_acc,val_conf,test_acc,test_conf,val_acc_me1,val_conf_me1,test_acc_me1,test_conf_me1,val_acc_me2,val_conf_me2,test_acc_me2,test_conf_me2,val_acc_me3,val_conf_me3,test_acc_me3,test_conf_me3,val_acc_me4,val_conf_me4,test_acc_me4,test_conf_me4,val_acc_me5,val_conf_me5,test_acc_me5,test_conf_me5,val_acc_me6,val_conf_me6,test_acc_me6,test_conf_me6,val_acc_me7,val_conf_me7,test_acc_me7,test_conf_me7,val_acc_me8,val_conf_me8,test_acc_me8,test_conf_me8,val_acc_me9,val_conf_me9,test_acc_me9,test_conf_me9,val_acc_med,val_conf_med,test_acc_med,test_conf_med,val_acc_maj,val_conf_maj,test_acc_maj,test_conf_maj,val_acc_lin,val_conf_lin,test_acc_lin,test_conf_lin,val_nld,val_conf_nld,test_nld,test_conf_nld,val_mse,val_conf_mse,test_mse,test_conf_mse,val_svm,val_conf_svm,test_svm,test_conf_svm,val_mvm,val_conf_mvm,test_mvm,test_conf_mvm
0,5,0.37424004,0.007312142508811514,0.38700005,0.007979452602842052,0.37452003,0.007345428309718183,0.38752002,0.008025050931454725,0.37440002,0.007355404214006267,0.38748005,0.008057414551142894,0.37469336,0.007409851233910303,0.3874267,0.00802598096298901,0.37457335,0.00742067173982508,0.38748005,0.008046716879581639,0.37449336,0.007419800354767858,0.38766673,0.008080969192902132,0.37429333,0.00744745239960759,0.38796002,0.008113483353940909,0.37384003,0.007463669766764547,0.38801336,0.008122376376427598,0.37402672,0.0074976985769754645,0.3877467,0.00813942818597907,0.37348005,0.007523255972838205,0.38696003,0.008166304896684684,0.37321338,0.007544943624779532,0.38688004,0.00818537839345429,0.3751067,0.007151058645792463,0.39205334,0.007879118177989475,0.36249337,0.006746766456930009,0.3785867,0.007456990533342256,5.5404367,0.014584479298527242,5.5515666,0.015297346160674685,0.23564167,0.0013213615818515878,0.23223306,0.0014239051779356693,,,,,,,,
