,shots,val_acc,val_conf,test_acc,test_conf,val_acc_me1,val_conf_me1,test_acc_me1,test_conf_me1,val_acc_me2,val_conf_me2,test_acc_me2,test_conf_me2,val_acc_me3,val_conf_me3,test_acc_me3,test_conf_me3,val_acc_me4,val_conf_me4,test_acc_me4,test_conf_me4,val_acc_me5,val_conf_me5,test_acc_me5,test_conf_me5,val_acc_me6,val_conf_me6,test_acc_me6,test_conf_me6,val_acc_me7,val_conf_me7,test_acc_me7,test_conf_me7,val_acc_me8,val_conf_me8,test_acc_me8,test_conf_me8,val_acc_me9,val_conf_me9,test_acc_me9,test_conf_me9,val_acc_med,val_conf_med,test_acc_med,test_conf_med,val_acc_maj,val_conf_maj,test_acc_maj,test_conf_maj,val_acc_lin,val_conf_lin,test_acc_lin,test_conf_lin,val_nld,val_conf_nld,test_nld,test_conf_nld,val_mse,val_conf_mse,test_mse,test_conf_mse,val_svm,val_conf_svm,test_svm,test_conf_svm,val_mvm,val_conf_mvm,test_mvm,test_conf_mvm
0,5,0.75329345,0.005940939848978144,0.8260534,0.004944961043834906,0.7533335,0.005940940310761422,0.8257868,0.004929436813387422,0.75341344,0.005954042026100059,0.8256934,0.004923333423720533,0.75318676,0.00596470460213161,0.8255601,0.004929330603232085,0.7529468,0.005964778487457134,0.82553345,0.004924312404282927,0.7527601,0.005967928311238491,0.8252935,0.004922549777487184,0.7526801,0.0059555128058601525,0.82517344,0.0049324739620474345,0.75229347,0.005937022079595122,0.8249601,0.004935117671349354,0.7520801,0.005941353145017425,0.8247068,0.004964657024471575,0.75168014,0.005956375417034976,0.8244135,0.004979165793477014,0.7513734,0.005957509556780871,0.8238668,0.004989004548129672,0.75330675,0.005924116622152309,0.8266268,0.0049099384759964115,0.73962677,0.005764761213965963,0.8193068,0.004986084692423898,4.6287694,0.010869542681754218,4.762115,0.012011686979137792,0.15599005,0.0013026246096503324,0.13871634,0.0011110645506713646,,,,,,,,
