,shots,val_acc,val_conf,test_acc,test_conf,val_acc_me1,val_conf_me1,test_acc_me1,test_conf_me1,val_acc_me2,val_conf_me2,test_acc_me2,test_conf_me2,val_acc_me3,val_conf_me3,test_acc_me3,test_conf_me3,val_acc_me4,val_conf_me4,test_acc_me4,test_conf_me4,val_acc_me5,val_conf_me5,test_acc_me5,test_conf_me5,val_acc_me6,val_conf_me6,test_acc_me6,test_conf_me6,val_acc_me7,val_conf_me7,test_acc_me7,test_conf_me7,val_acc_me8,val_conf_me8,test_acc_me8,test_conf_me8,val_acc_me9,val_conf_me9,test_acc_me9,test_conf_me9,val_acc_med,val_conf_med,test_acc_med,test_conf_med,val_acc_maj,val_conf_maj,test_acc_maj,test_conf_maj,val_acc_lin,val_conf_lin,test_acc_lin,test_conf_lin,val_nld,val_conf_nld,test_nld,test_conf_nld,val_mse,val_conf_mse,test_mse,test_conf_mse,val_svm,val_conf_svm,test_svm,test_conf_svm,val_mvm,val_conf_mvm,test_mvm,test_conf_mvm
0,5,0.30636,0.0053603923690782596,0.3763334,0.006587652561401258,0.30773336,0.005378288780256479,0.37756002,0.0066400631170220326,0.3092667,0.0054075307449436005,0.37789336,0.006673978328545049,0.31048003,0.005434720082932609,0.37857336,0.006756513316709067,0.31129336,0.0054499432306787665,0.37888002,0.006821079393719287,0.3125467,0.005483202248154961,0.3790267,0.00683288118911296,0.31326672,0.005534049205575542,0.37908003,0.00689356921010259,0.31397337,0.005526120386586231,0.37957337,0.006907226912515385,0.31397337,0.00553044821952553,0.37962672,0.006944647520948588,0.3134,0.005548975888453267,0.37945336,0.006959353471416463,0.31372002,0.005584293535810303,0.37946668,0.006978387716606915,0.30997336,0.005338797997360312,0.37874672,0.006636904519358278,0.31569335,0.005464103815087995,0.38461336,0.0065131336692672015,9.0357895,0.01890187224133477,9.104526,0.018726732618711495,0.2464888,0.0010397057569967727,0.23189166,0.0012965810209186746,,,,,,,,
