,shots,val_acc,val_conf,test_acc,test_conf,val_acc_me1,val_conf_me1,test_acc_me1,test_conf_me1,val_acc_me2,val_conf_me2,test_acc_me2,test_conf_me2,val_acc_me3,val_conf_me3,test_acc_me3,test_conf_me3,val_acc_me4,val_conf_me4,test_acc_me4,test_conf_me4,val_acc_me5,val_conf_me5,test_acc_me5,test_conf_me5,val_acc_me6,val_conf_me6,test_acc_me6,test_conf_me6,val_acc_me7,val_conf_me7,test_acc_me7,test_conf_me7,val_acc_me8,val_conf_me8,test_acc_me8,test_conf_me8,val_acc_me9,val_conf_me9,test_acc_me9,test_conf_me9,val_acc_med,val_conf_med,test_acc_med,test_conf_med,val_acc_maj,val_conf_maj,test_acc_maj,test_conf_maj,val_acc_lin,val_conf_lin,test_acc_lin,test_conf_lin,val_nld,val_conf_nld,test_nld,test_conf_nld,val_mse,val_conf_mse,test_mse,test_conf_mse,val_svm,val_conf_svm,test_svm,test_conf_svm,val_mvm,val_conf_mvm,test_mvm,test_conf_mvm
0,5,0.2770667,0.004909980036491957,0.28912,0.00541568907022516,0.27721336,0.004906757250951688,0.2890667,0.005421962396140678,0.27690667,0.0048910487689738935,0.28897336,0.0054532962391051765,0.27750668,0.004890758769071413,0.2885067,0.005470748414764026,0.27765334,0.004917452613596496,0.28838664,0.0054658978431470495,0.27732,0.00490977084866423,0.2884267,0.005484203394315046,0.27716005,0.004923330191237474,0.28832003,0.005470977459272941,0.27741334,0.004925741161764197,0.28880003,0.005505714645041793,0.27732,0.004947912762587325,0.28890666,0.005538234809263298,0.27764,0.004975816479316941,0.28853333,0.005559094945559395,0.27726665,0.0049853767786491865,0.28810668,0.005561426951144477,0.2773867,0.0048986885116272805,0.2901467,0.0053658354086488225,0.2729067,0.004677636085975323,0.28713337,0.005134116712698977,5.326654,0.016872497255097763,5.146937,0.015047446595043645,0.25195533,0.0008382611690970765,0.24964048,0.0009620381378167009,,,,,,,,
