,shots,val_acc,val_conf,test_acc,test_conf,val_acc_me1,val_conf_me1,test_acc_me1,test_conf_me1,val_acc_me2,val_conf_me2,test_acc_me2,test_conf_me2,val_acc_me3,val_conf_me3,test_acc_me3,test_conf_me3,val_acc_me4,val_conf_me4,test_acc_me4,test_conf_me4,val_acc_me5,val_conf_me5,test_acc_me5,test_conf_me5,val_acc_me6,val_conf_me6,test_acc_me6,test_conf_me6,val_acc_me7,val_conf_me7,test_acc_me7,test_conf_me7,val_acc_me8,val_conf_me8,test_acc_me8,test_conf_me8,val_acc_me9,val_conf_me9,test_acc_me9,test_conf_me9,val_acc_med,val_conf_med,test_acc_med,test_conf_med,val_acc_maj,val_conf_maj,test_acc_maj,test_conf_maj,val_acc_lin,val_conf_lin,test_acc_lin,test_conf_lin,val_nld,val_conf_nld,test_nld,test_conf_nld,val_mse,val_conf_mse,test_mse,test_conf_mse,val_svm,val_conf_svm,test_svm,test_conf_svm,val_mvm,val_conf_mvm,test_mvm,test_conf_mvm
0,5,0.57748,0.007614989684022966,0.57301337,0.007403289293442139,0.5780934,0.007620789682072249,0.5737334,0.0074311085038307745,0.57860005,0.0076276679440900885,0.5742134,0.007454554626518228,0.57905334,0.007660309557315337,0.57493335,0.0074766204789692425,0.57944006,0.007665540638358448,0.5754,0.0075136222499636585,0.5796001,0.007678855697574316,0.57602674,0.007532442227710323,0.5797334,0.00771511399748126,0.5764267,0.007543731905441775,0.5802001,0.007730789231062629,0.5770801,0.007568604938477441,0.5803734,0.007751252233734296,0.5774133,0.0075970175403861084,0.5807467,0.007761725478619419,0.57756007,0.007586128228762035,0.5808267,0.007773926716553858,0.5776134,0.007586013706507577,0.57597333,0.007564031436830931,0.57236004,0.007212755201474796,0.5586533,0.007190121355584167,0.5563734,0.006952163967465119,4.5448008,0.011392530722415195,4.519922,0.012089664628070373,0.1999805,0.0011883711130461216,0.20083359,0.0011368880491515743,,,,,,,,
