,shots,val_acc,val_conf,test_acc,test_conf,val_acc_me1,val_conf_me1,test_acc_me1,test_conf_me1,val_acc_me2,val_conf_me2,test_acc_me2,test_conf_me2,val_acc_me3,val_conf_me3,test_acc_me3,test_conf_me3,val_acc_me4,val_conf_me4,test_acc_me4,test_conf_me4,val_acc_me5,val_conf_me5,test_acc_me5,test_conf_me5,val_acc_me6,val_conf_me6,test_acc_me6,test_conf_me6,val_acc_me7,val_conf_me7,test_acc_me7,test_conf_me7,val_acc_me8,val_conf_me8,test_acc_me8,test_conf_me8,val_acc_me9,val_conf_me9,test_acc_me9,test_conf_me9,val_acc_med,val_conf_med,test_acc_med,test_conf_med,val_acc_maj,val_conf_maj,test_acc_maj,test_conf_maj,val_acc_lin,val_conf_lin,test_acc_lin,test_conf_lin,val_nld,val_conf_nld,test_nld,test_conf_nld,val_mse,val_conf_mse,test_mse,test_conf_mse,val_svm,val_conf_svm,test_svm,test_conf_svm,val_mvm,val_conf_mvm,test_mvm,test_conf_mvm
0,5,0.27429333,0.00414170148915971,0.32534668,0.005384678013776345,0.27454665,0.004188225693257108,0.3260667,0.005400636782294188,0.27417335,0.004204703506186402,0.32700002,0.005420309211983332,0.27430668,0.0042284257752777665,0.32800004,0.005445263057093641,0.27418667,0.004212490095924171,0.32884002,0.00544874120879002,0.27389333,0.004192509195001137,0.3291067,0.005493913311431398,0.27446666,0.004169991256714856,0.32934672,0.005491492181672497,0.27464002,0.00417749431151615,0.32949334,0.0055045140085029365,0.27449334,0.004212533041769606,0.32937336,0.005483219795919758,0.27458668,0.004240089959252791,0.33002672,0.005512049388134099,0.27434668,0.0042786936564599976,0.32990667,0.00551988538868331,0.2761467,0.004204171070059715,0.32853338,0.005434354812354825,0.28052002,0.004029653469520722,0.33013335,0.005548755617826695,7.4331236,0.019125951656413953,7.2760944,0.01780359643238061,0.25263214,0.0008024068141180285,0.24128495,0.0010795551146130788,,,,,,,,
