,shots,val_acc,val_conf,test_acc,test_conf,val_acc_me1,val_conf_me1,test_acc_me1,test_conf_me1,val_acc_me2,val_conf_me2,test_acc_me2,test_conf_me2,val_acc_me3,val_conf_me3,test_acc_me3,test_conf_me3,val_acc_me4,val_conf_me4,test_acc_me4,test_conf_me4,val_acc_me5,val_conf_me5,test_acc_me5,test_conf_me5,val_acc_me6,val_conf_me6,test_acc_me6,test_conf_me6,val_acc_me7,val_conf_me7,test_acc_me7,test_conf_me7,val_acc_me8,val_conf_me8,test_acc_me8,test_conf_me8,val_acc_me9,val_conf_me9,test_acc_me9,test_conf_me9,val_acc_med,val_conf_med,test_acc_med,test_conf_med,val_acc_maj,val_conf_maj,test_acc_maj,test_conf_maj,val_acc_lin,val_conf_lin,test_acc_lin,test_conf_lin,val_nld,val_conf_nld,test_nld,test_conf_nld,val_mse,val_conf_mse,test_mse,test_conf_mse,val_svm,val_conf_svm,test_svm,test_conf_svm,val_mvm,val_conf_mvm,test_mvm,test_conf_mvm
0,5,0.80330676,0.004467398163055525,0.79598683,0.004397058871426496,0.80353343,0.004456694950094819,0.7961201,0.004395964445043088,0.8034801,0.004464518944278684,0.79605347,0.004397213107043441,0.8030801,0.00446212644508337,0.7958268,0.004426548351953996,0.8027335,0.004466210456448572,0.79565346,0.004412371143346472,0.8026667,0.004458935984372969,0.7951601,0.004404424314809141,0.8026001,0.004488654047626106,0.7946668,0.004401378854050009,0.8024535,0.004498479410563472,0.79433346,0.0043959686010925925,0.8019601,0.004489295002824467,0.7940801,0.0043936735381702174,0.80173343,0.004509480011959166,0.79364014,0.004411112322113886,0.8014668,0.004512874580881121,0.7935735,0.00438906632634406,0.8026802,0.004521250867872806,0.7951068,0.004379604848634533,0.7891735,0.004662243001980593,0.7879201,0.004427639545854456,5.529459,0.016993877914909916,5.5130477,0.018940602928944728,0.13746163,0.0010985251719270173,0.13938646,0.001059410049732562,,,,,,,,
