,shots,val_acc,val_conf,test_acc,test_conf,val_acc_me1,val_conf_me1,test_acc_me1,test_conf_me1,val_acc_me2,val_conf_me2,test_acc_me2,test_conf_me2,val_acc_me3,val_conf_me3,test_acc_me3,test_conf_me3,val_acc_me4,val_conf_me4,test_acc_me4,test_conf_me4,val_acc_me5,val_conf_me5,test_acc_me5,test_conf_me5,val_acc_me6,val_conf_me6,test_acc_me6,test_conf_me6,val_acc_me7,val_conf_me7,test_acc_me7,test_conf_me7,val_acc_me8,val_conf_me8,test_acc_me8,test_conf_me8,val_acc_me9,val_conf_me9,test_acc_me9,test_conf_me9,val_acc_med,val_conf_med,test_acc_med,test_conf_med,val_acc_maj,val_conf_maj,test_acc_maj,test_conf_maj,val_acc_lin,val_conf_lin,test_acc_lin,test_conf_lin,val_nld,val_conf_nld,test_nld,test_conf_nld,val_mse,val_conf_mse,test_mse,test_conf_mse,val_svm,val_conf_svm,test_svm,test_conf_svm,val_mvm,val_conf_mvm,test_mvm,test_conf_mvm
0,5,0.6758268,0.006486353471268025,0.7387334,0.006145961467919903,0.6759868,0.006491482036422025,0.73933345,0.006131959736960457,0.6762801,0.006497837559762187,0.7397201,0.006128729101104291,0.67629343,0.00651420593005303,0.7396401,0.006124249803247772,0.67652,0.006517991167633408,0.73976016,0.006115224248958606,0.67661345,0.006521587535850637,0.7399201,0.006128863018256769,0.6770401,0.006517877568945507,0.7398001,0.006119476349439323,0.67702675,0.0065204238419744875,0.7398668,0.0061103159544311225,0.6769601,0.006524969174840689,0.73988014,0.00611736138199781,0.6767601,0.006534492531510172,0.7399734,0.006111551686499572,0.67636013,0.0065425705065003115,0.7399201,0.006115016908263993,0.6728801,0.006519457791343997,0.7383601,0.00608604462501483,0.65162677,0.006578059475455755,0.71709347,0.00625158284959304,22.383512,0.020381333527176082,22.52025,0.021624696102620078,0.170021,0.0014591380880600857,0.15519741,0.0014339591235987548,,,,,,,,
