,shots,val_acc,val_conf,test_acc,test_conf,val_acc_me1,val_conf_me1,test_acc_me1,test_conf_me1,val_acc_me2,val_conf_me2,test_acc_me2,test_conf_me2,val_acc_me3,val_conf_me3,test_acc_me3,test_conf_me3,val_acc_me4,val_conf_me4,test_acc_me4,test_conf_me4,val_acc_me5,val_conf_me5,test_acc_me5,test_conf_me5,val_acc_me6,val_conf_me6,test_acc_me6,test_conf_me6,val_acc_me7,val_conf_me7,test_acc_me7,test_conf_me7,val_acc_me8,val_conf_me8,test_acc_me8,test_conf_me8,val_acc_me9,val_conf_me9,test_acc_me9,test_conf_me9,val_acc_med,val_conf_med,test_acc_med,test_conf_med,val_acc_maj,val_conf_maj,test_acc_maj,test_conf_maj,val_acc_lin,val_conf_lin,test_acc_lin,test_conf_lin,val_nld,val_conf_nld,test_nld,test_conf_nld,val_mse,val_conf_mse,test_mse,test_conf_mse,val_svm,val_conf_svm,test_svm,test_conf_svm,val_mvm,val_conf_mvm,test_mvm,test_conf_mvm
0,5,0.3858267,0.0059041795906412675,0.41288006,0.0062066079284139875,0.38580006,0.005920236257215383,0.41288003,0.00621266329261938,0.38620004,0.005924910889401058,0.41372004,0.006233716454328242,0.3864134,0.0059330318102365776,0.41448003,0.00624458821818763,0.38624007,0.0059314377343396285,0.41468006,0.00625542719543376,0.3862534,0.005904353221156122,0.41449338,0.006273031297793108,0.38652006,0.00590671708978785,0.41420004,0.006286711627586816,0.38664004,0.005913837326246507,0.41482672,0.0063066158724846555,0.3865467,0.005891654642624589,0.4145467,0.006322166424579279,0.38620004,0.005889150853657765,0.41484004,0.00633596543267706,0.38618672,0.005907864159465703,0.4148667,0.006335077423421542,0.3869467,0.005923110396376052,0.4131067,0.0061919343027760365,0.37866673,0.005702211282774428,0.40349337,0.0060048820567713546,4.878931,0.013335513444714842,4.752913,0.011507622817463314,0.23171686,0.0008659972584945386,0.22669369,0.0009341017499197302,,,,,,,,
