,shots,val_acc,val_conf,test_acc,test_conf,val_acc_me1,val_conf_me1,test_acc_me1,test_conf_me1,val_acc_me2,val_conf_me2,test_acc_me2,test_conf_me2,val_acc_me3,val_conf_me3,test_acc_me3,test_conf_me3,val_acc_me4,val_conf_me4,test_acc_me4,test_conf_me4,val_acc_me5,val_conf_me5,test_acc_me5,test_conf_me5,val_acc_me6,val_conf_me6,test_acc_me6,test_conf_me6,val_acc_me7,val_conf_me7,test_acc_me7,test_conf_me7,val_acc_me8,val_conf_me8,test_acc_me8,test_conf_me8,val_acc_me9,val_conf_me9,test_acc_me9,test_conf_me9,val_acc_med,val_conf_med,test_acc_med,test_conf_med,val_acc_maj,val_conf_maj,test_acc_maj,test_conf_maj,val_acc_lin,val_conf_lin,test_acc_lin,test_conf_lin,val_nld,val_conf_nld,test_nld,test_conf_nld,val_mse,val_conf_mse,test_mse,test_conf_mse,val_svm,val_conf_svm,test_svm,test_conf_svm,val_mvm,val_conf_mvm,test_mvm,test_conf_mvm
0,5,0.57970667,0.007302887448230044,0.58201337,0.00744802039304715,0.5803867,0.007332670622926307,0.5826267,0.007444347830588116,0.58090675,0.007330722359250363,0.58288,0.007480813471189562,0.58116,0.007341395094514258,0.5834,0.007478968646969286,0.58128005,0.007358153671680245,0.58365333,0.007481891273374841,0.58149344,0.007366263047933641,0.58422667,0.00751473838016159,0.5817734,0.007369828014887503,0.58434665,0.007524475542491693,0.58192,0.00738331023965233,0.5846801,0.007559058954426878,0.5821333,0.007398900966892663,0.58512,0.007574315812352794,0.5821867,0.0074112111856822205,0.58504003,0.007565582105099167,0.58228004,0.007440745459188269,0.5851067,0.007575433327900449,0.57824004,0.007285879969873843,0.5812667,0.007387554028033816,0.55002666,0.007099883822240138,0.55316,0.007138453347484308,22.676954,0.024292013613145258,22.631153,0.026303813127587006,0.19474177,0.0014430833840649582,0.19384418,0.001484409409178239,,,,,,,,
