,shots,val_acc,val_conf,test_acc,test_conf,val_acc_me1,val_conf_me1,test_acc_me1,test_conf_me1,val_acc_me2,val_conf_me2,test_acc_me2,test_conf_me2,val_acc_me3,val_conf_me3,test_acc_me3,test_conf_me3,val_acc_me4,val_conf_me4,test_acc_me4,test_conf_me4,val_acc_me5,val_conf_me5,test_acc_me5,test_conf_me5,val_acc_me6,val_conf_me6,test_acc_me6,test_conf_me6,val_acc_me7,val_conf_me7,test_acc_me7,test_conf_me7,val_acc_me8,val_conf_me8,test_acc_me8,test_conf_me8,val_acc_me9,val_conf_me9,test_acc_me9,test_conf_me9,val_acc_med,val_conf_med,test_acc_med,test_conf_med,val_acc_maj,val_conf_maj,test_acc_maj,test_conf_maj,val_acc_lin,val_conf_lin,test_acc_lin,test_conf_lin,val_nld,val_conf_nld,test_nld,test_conf_nld,val_mse,val_conf_mse,test_mse,test_conf_mse,val_svm,val_conf_svm,test_svm,test_conf_svm,val_mvm,val_conf_mvm,test_mvm,test_conf_mvm
0,5,0.55648005,0.006407849851174818,0.60921335,0.005806722999215697,0.5573067,0.006399570538672794,0.6100667,0.0057951419362318735,0.5575601,0.006411539961398649,0.61101335,0.005816498489558453,0.55752003,0.006428996754890393,0.6113601,0.005786590633375499,0.55790675,0.006449960330642157,0.6118001,0.0057749827869610915,0.5578934,0.006477705655705268,0.6118267,0.005789433371272801,0.55816,0.0065114892589922535,0.61193335,0.005812633363469821,0.55741334,0.00657258780532155,0.6125067,0.005846416966756918,0.5567733,0.0066175257838378965,0.6118667,0.005892755533974059,0.5557867,0.006613635721451905,0.61082673,0.005944888557841033,0.5543467,0.0066551652775477255,0.60910666,0.006020523118389631,0.55778676,0.00630634388213025,0.6093734,0.0057425171131672,0.55356,0.006068205936747062,0.6040801,0.005713131995661924,10.121899,0.018547499749058005,10.224587,0.016666569617351357,0.19216967,0.0012401907015090197,0.17905727,0.001177404914505159,,,,,,,,
