,shots,val_acc,val_conf,test_acc,test_conf,val_acc_me1,val_conf_me1,test_acc_me1,test_conf_me1,val_acc_me2,val_conf_me2,test_acc_me2,test_conf_me2,val_acc_me3,val_conf_me3,test_acc_me3,test_conf_me3,val_acc_me4,val_conf_me4,test_acc_me4,test_conf_me4,val_acc_me5,val_conf_me5,test_acc_me5,test_conf_me5,val_acc_me6,val_conf_me6,test_acc_me6,test_conf_me6,val_acc_me7,val_conf_me7,test_acc_me7,test_conf_me7,val_acc_me8,val_conf_me8,test_acc_me8,test_conf_me8,val_acc_me9,val_conf_me9,test_acc_me9,test_conf_me9,val_acc_med,val_conf_med,test_acc_med,test_conf_med,val_acc_maj,val_conf_maj,test_acc_maj,test_conf_maj,val_acc_lin,val_conf_lin,test_acc_lin,test_conf_lin,val_nld,val_conf_nld,test_nld,test_conf_nld,val_mse,val_conf_mse,test_mse,test_conf_mse,val_svm,val_conf_svm,test_svm,test_conf_svm,val_mvm,val_conf_mvm,test_mvm,test_conf_mvm
0,5,0.38836005,0.005889214579751001,0.41668007,0.006261172703055484,0.38809338,0.005896214752555806,0.41701338,0.006282635004754122,0.38794672,0.005910182773335548,0.4171867,0.00627956876374719,0.38822672,0.005924307338648627,0.41760004,0.006296209586175772,0.38801336,0.005892459530888905,0.41796005,0.006294960462392085,0.38788006,0.005920926161441908,0.41802675,0.006295910350607614,0.38789338,0.005917046258288261,0.41804004,0.006298640875166961,0.38825336,0.00593292837078091,0.41802675,0.006310010441406666,0.38825336,0.005923126558791014,0.41798672,0.0063064939616976345,0.3881467,0.0059345321441268695,0.41802675,0.006312934914945334,0.38793337,0.005938406505881122,0.41789338,0.00632780295134594,0.3893067,0.005862684668291818,0.4174667,0.006266623592941889,0.3808267,0.005611464864251181,0.4105334,0.006012307993764177,4.9370127,0.013445365223054395,4.783747,0.011926651434490232,0.23112217,0.0008781231103079101,0.22515357,0.0009953021771861026,,,,,,,,
