,shots,val_acc,val_conf,test_acc,test_conf,val_acc_me1,val_conf_me1,test_acc_me1,test_conf_me1,val_acc_me2,val_conf_me2,test_acc_me2,test_conf_me2,val_acc_me3,val_conf_me3,test_acc_me3,test_conf_me3,val_acc_me4,val_conf_me4,test_acc_me4,test_conf_me4,val_acc_me5,val_conf_me5,test_acc_me5,test_conf_me5,val_acc_me6,val_conf_me6,test_acc_me6,test_conf_me6,val_acc_me7,val_conf_me7,test_acc_me7,test_conf_me7,val_acc_me8,val_conf_me8,test_acc_me8,test_conf_me8,val_acc_me9,val_conf_me9,test_acc_me9,test_conf_me9,val_acc_med,val_conf_med,test_acc_med,test_conf_med,val_acc_maj,val_conf_maj,test_acc_maj,test_conf_maj,val_acc_lin,val_conf_lin,test_acc_lin,test_conf_lin,val_nld,val_conf_nld,test_nld,test_conf_nld,val_mse,val_conf_mse,test_mse,test_conf_mse,val_svm,val_conf_svm,test_svm,test_conf_svm,val_mvm,val_conf_mvm,test_mvm,test_conf_mvm
0,5,0.49904004,0.005908333331282489,0.531,0.006723133773795742,0.49916002,0.005918229808845599,0.53128004,0.006723027563640405,0.49958667,0.005945025707476459,0.53132004,0.006722514522411682,0.49976,0.005963317405145996,0.5312533,0.0067074206739851094,0.49937335,0.005960801148030548,0.53161335,0.006704703541140944,0.49909332,0.005981499198393858,0.5315067,0.0067037790510060535,0.49872002,0.005976892448350868,0.5317467,0.006698913702324005,0.49861333,0.005991537443425288,0.53214675,0.0067057601012951995,0.49872002,0.005996988333311637,0.53213334,0.006705495499473302,0.49892002,0.006006593425622486,0.5319067,0.006699154291414988,0.49888,0.00602327257606361,0.53191996,0.0066898216512418784,0.49960002,0.005838632685935541,0.53136003,0.00666880635576228,0.49448004,0.005862789954880654,0.5257867,0.006544198292577019,4.9615493,0.012455983453908637,4.827454,0.010663706477099133,0.21201573,0.0009232829756922467,0.20436594,0.001085684017806482,,,,,,,,
