,shots,val_acc,val_conf,test_acc,test_conf,val_acc_me1,val_conf_me1,test_acc_me1,test_conf_me1,val_acc_me2,val_conf_me2,test_acc_me2,test_conf_me2,val_acc_me3,val_conf_me3,test_acc_me3,test_conf_me3,val_acc_me4,val_conf_me4,test_acc_me4,test_conf_me4,val_acc_me5,val_conf_me5,test_acc_me5,test_conf_me5,val_acc_me6,val_conf_me6,test_acc_me6,test_conf_me6,val_acc_me7,val_conf_me7,test_acc_me7,test_conf_me7,val_acc_me8,val_conf_me8,test_acc_me8,test_conf_me8,val_acc_me9,val_conf_me9,test_acc_me9,test_conf_me9,val_acc_med,val_conf_med,test_acc_med,test_conf_med,val_acc_maj,val_conf_maj,test_acc_maj,test_conf_maj,val_acc_lin,val_conf_lin,test_acc_lin,test_conf_lin,val_nld,val_conf_nld,test_nld,test_conf_nld,val_mse,val_conf_mse,test_mse,test_conf_mse,val_svm,val_conf_svm,test_svm,test_conf_svm,val_mvm,val_conf_mvm,test_mvm,test_conf_mvm
0,5,0.50092,0.00594066601149057,0.5268267,0.006156456416619327,0.50096,0.005936152079887735,0.52705336,0.006147639126591331,0.50149333,0.005955848522307683,0.52753335,0.006135318286786262,0.50156003,0.005958422502333693,0.52752,0.0061313127785792565,0.5016534,0.005966924394378625,0.5276,0.006132717523329778,0.50164,0.005962468647469632,0.5280267,0.006126945694060804,0.5017867,0.005958521323956578,0.52794665,0.006139606868146408,0.50176,0.005967723279460269,0.52832,0.006129233830233893,0.50140005,0.005989585947266285,0.5283333,0.0061158217965283646,0.50136,0.005982197414719503,0.52864003,0.006131769944030641,0.5015867,0.006014805317764993,0.5285467,0.00611882477322534,0.50152004,0.005913548711693917,0.5285734,0.006133522873377317,0.49602666,0.005804820452084858,0.5219067,0.006058782787050188,4.8935285,0.011960787378423099,4.764644,0.010336929230318148,0.21151361,0.0009238203182662941,0.20532379,0.0009818230694584595,,,,,,,,
