,shots,val_acc,val_conf,test_acc,test_conf,val_acc_me1,val_conf_me1,test_acc_me1,test_conf_me1,val_acc_me2,val_conf_me2,test_acc_me2,test_conf_me2,val_acc_me3,val_conf_me3,test_acc_me3,test_conf_me3,val_acc_me4,val_conf_me4,test_acc_me4,test_conf_me4,val_acc_me5,val_conf_me5,test_acc_me5,test_conf_me5,val_acc_me6,val_conf_me6,test_acc_me6,test_conf_me6,val_acc_me7,val_conf_me7,test_acc_me7,test_conf_me7,val_acc_me8,val_conf_me8,test_acc_me8,test_conf_me8,val_acc_me9,val_conf_me9,test_acc_me9,test_conf_me9,val_acc_med,val_conf_med,test_acc_med,test_conf_med,val_acc_maj,val_conf_maj,test_acc_maj,test_conf_maj,val_acc_lin,val_conf_lin,test_acc_lin,test_conf_lin,val_nld,val_conf_nld,test_nld,test_conf_nld,val_mse,val_conf_mse,test_mse,test_conf_mse,val_svm,val_conf_svm,test_svm,test_conf_svm,val_mvm,val_conf_mvm,test_mvm,test_conf_mvm
0,5,0.53108,0.007576386910382316,0.5828134,0.007740761902867654,0.5313067,0.007598301297916166,0.5833734,0.007762214968900616,0.5318934,0.007616158919298566,0.58354676,0.007801274446209372,0.53237337,0.0076115115323265314,0.5837067,0.007846250290954981,0.53284,0.007636385950712032,0.5838401,0.007872880409386829,0.5330267,0.007650375675306131,0.5845067,0.007884537666612568,0.53314674,0.007658383921020251,0.58480006,0.007924779309128716,0.5335334,0.007659140783823015,0.58493334,0.007961644392271094,0.53356,0.007674741670295693,0.58488,0.007971638306107254,0.5336133,0.007670903789420813,0.585,0.007985147314302443,0.5334,0.00768009604747566,0.58532006,0.007996074030372613,0.53156006,0.007546411172056566,0.58360004,0.007655584590751663,0.51874673,0.007272948652567113,0.56669337,0.007427193043364255,4.2709713,0.008756685589837332,4.3093486,0.00974721165796133,0.20829901,0.001143625467267706,0.20073989,0.0011682815776055122,,,,,,,,
