,shots,val_acc,val_conf,test_acc,test_conf,val_acc_me1,val_conf_me1,test_acc_me1,test_conf_me1,val_acc_me2,val_conf_me2,test_acc_me2,test_conf_me2,val_acc_me3,val_conf_me3,test_acc_me3,test_conf_me3,val_acc_me4,val_conf_me4,test_acc_me4,test_conf_me4,val_acc_me5,val_conf_me5,test_acc_me5,test_conf_me5,val_acc_me6,val_conf_me6,test_acc_me6,test_conf_me6,val_acc_me7,val_conf_me7,test_acc_me7,test_conf_me7,val_acc_me8,val_conf_me8,test_acc_me8,test_conf_me8,val_acc_me9,val_conf_me9,test_acc_me9,test_conf_me9,val_acc_med,val_conf_med,test_acc_med,test_conf_med,val_acc_maj,val_conf_maj,test_acc_maj,test_conf_maj,val_acc_lin,val_conf_lin,test_acc_lin,test_conf_lin,val_nld,val_conf_nld,test_nld,test_conf_nld,val_mse,val_conf_mse,test_mse,test_conf_mse,val_svm,val_conf_svm,test_svm,test_conf_svm,val_mvm,val_conf_mvm,test_mvm,test_conf_mvm
0,5,0.7478002,0.005744837574170103,0.7407868,0.005815252598257659,0.74826676,0.005750060804897483,0.74154675,0.0058025443222772255,0.74906677,0.005741732543367295,0.74213344,0.0057887351549471555,0.7494668,0.00575685086630795,0.74268013,0.005772723743134978,0.7499868,0.005777659282876213,0.74322677,0.00578477998111826,0.75050676,0.005795030184677086,0.7437334,0.0057774584071476065,0.7506001,0.005804277856725992,0.7437868,0.005796698145899559,0.75053346,0.005811100242966383,0.74404013,0.005818289285134393,0.75121343,0.005811736580331961,0.74432015,0.0058106957208095,0.7513201,0.005824219967853095,0.7446268,0.005802016965766654,0.7512268,0.0058455335753342386,0.74485344,0.00579222438944238,0.74625343,0.005730317722365763,0.73930675,0.005769033171127869,0.7217468,0.005891824117089883,0.7144801,0.005849365914809557,22.997448,0.02597481285607728,22.834002,0.023766875509515728,0.15347132,0.0013662069728193893,0.15617883,0.0012949262205198542,,,,,,,,
