,shots,val_acc,val_conf,test_acc,test_conf,val_acc_me1,val_conf_me1,test_acc_me1,test_conf_me1,val_acc_me2,val_conf_me2,test_acc_me2,test_conf_me2,val_acc_me3,val_conf_me3,test_acc_me3,test_conf_me3,val_acc_me4,val_conf_me4,test_acc_me4,test_conf_me4,val_acc_me5,val_conf_me5,test_acc_me5,test_conf_me5,val_acc_me6,val_conf_me6,test_acc_me6,test_conf_me6,val_acc_me7,val_conf_me7,test_acc_me7,test_conf_me7,val_acc_me8,val_conf_me8,test_acc_me8,test_conf_me8,val_acc_me9,val_conf_me9,test_acc_me9,test_conf_me9,val_acc_med,val_conf_med,test_acc_med,test_conf_med,val_acc_maj,val_conf_maj,test_acc_maj,test_conf_maj,val_acc_lin,val_conf_lin,test_acc_lin,test_conf_lin,val_nld,val_conf_nld,test_nld,test_conf_nld,val_mse,val_conf_mse,test_mse,test_conf_mse,val_svm,val_conf_svm,test_svm,test_conf_svm,val_mvm,val_conf_mvm,test_mvm,test_conf_mvm
0,5,0.31169337,0.0071081774500239,0.3402,0.007772678978120062,0.31344,0.007186847312099398,0.34177333,0.007770767195323602,0.31421334,0.007218249037206637,0.3424267,0.007773959041383782,0.31526667,0.007264757540672406,0.34336004,0.00784040134387759,0.31602672,0.00731362945098657,0.34372002,0.0078106855895409,0.31736004,0.007358990422991152,0.3439867,0.007841539177889822,0.31752002,0.007416758126491729,0.3432,0.007838479401848841,0.3172,0.0074854068295172604,0.34346667,0.007887079321808654,0.31773338,0.007521357581756927,0.3431867,0.00790770256327994,0.31760004,0.007596533591504362,0.34290668,0.007890029193427961,0.31761336,0.007672703820662596,0.3421067,0.007956230445047396,0.31652,0.007026734579326954,0.34588,0.007898733808334668,0.32918668,0.007273282983664864,0.35288003,0.008023556600747106,9.102094,0.02392539832243834,9.153045,0.021207506306629043,0.24273545,0.0012988431817820278,0.23841824,0.0014652333965195496,,,,,,,,
