,shots,val_acc,val_conf,test_acc,test_conf,val_acc_me1,val_conf_me1,test_acc_me1,test_conf_me1,val_acc_me2,val_conf_me2,test_acc_me2,test_conf_me2,val_acc_me3,val_conf_me3,test_acc_me3,test_conf_me3,val_acc_me4,val_conf_me4,test_acc_me4,test_conf_me4,val_acc_me5,val_conf_me5,test_acc_me5,test_conf_me5,val_acc_me6,val_conf_me6,test_acc_me6,test_conf_me6,val_acc_me7,val_conf_me7,test_acc_me7,test_conf_me7,val_acc_me8,val_conf_me8,test_acc_me8,test_conf_me8,val_acc_me9,val_conf_me9,test_acc_me9,test_conf_me9,val_acc_med,val_conf_med,test_acc_med,test_conf_med,val_acc_maj,val_conf_maj,test_acc_maj,test_conf_maj,val_acc_lin,val_conf_lin,test_acc_lin,test_conf_lin,val_nld,val_conf_nld,test_nld,test_conf_nld,val_mse,val_conf_mse,test_mse,test_conf_mse,val_svm,val_conf_svm,test_svm,test_conf_svm,val_mvm,val_conf_mvm,test_mvm,test_conf_mvm
0,5,0.29228002,0.005411434660828052,0.30920002,0.006082731329950852,0.29241332,0.005424146169291544,0.30937335,0.006107848184560449,0.29209337,0.00540534143039334,0.30910668,0.006076975663096895,0.29204005,0.005431283953515054,0.30928004,0.006106605063959436,0.29156002,0.005437556355864015,0.30882668,0.006142889223730297,0.2914667,0.0054476726422704735,0.30924,0.00615811606574268,0.2914267,0.005432225529631518,0.30872002,0.006134232634285142,0.29176,0.005458182829818303,0.30864,0.006134110723498121,0.2917467,0.0054540965095366545,0.3085467,0.006137286868926672,0.29197335,0.0054577773840948085,0.30825335,0.006139387982869671,0.2914267,0.005461468417885196,0.30828002,0.006156706703159376,0.29480004,0.005405439790232891,0.30917335,0.005993903159190073,0.29167998,0.005303090143128131,0.3050267,0.005721950209256532,5.3033834,0.015443371270796646,5.141408,0.013825975317971029,0.24778688,0.0008739693696667439,0.24457538,0.0009657107579986446,,,,,,,,
