,shots,val_acc,val_conf,test_acc,test_conf,val_acc_me1,val_conf_me1,test_acc_me1,test_conf_me1,val_acc_me2,val_conf_me2,test_acc_me2,test_conf_me2,val_acc_me3,val_conf_me3,test_acc_me3,test_conf_me3,val_acc_me4,val_conf_me4,test_acc_me4,test_conf_me4,val_acc_me5,val_conf_me5,test_acc_me5,test_conf_me5,val_acc_me6,val_conf_me6,test_acc_me6,test_conf_me6,val_acc_me7,val_conf_me7,test_acc_me7,test_conf_me7,val_acc_me8,val_conf_me8,test_acc_me8,test_conf_me8,val_acc_me9,val_conf_me9,test_acc_me9,test_conf_me9,val_acc_med,val_conf_med,test_acc_med,test_conf_med,val_acc_maj,val_conf_maj,test_acc_maj,test_conf_maj,val_acc_lin,val_conf_lin,test_acc_lin,test_conf_lin,val_nld,val_conf_nld,test_nld,test_conf_nld,val_mse,val_conf_mse,test_mse,test_conf_mse,val_svm,val_conf_svm,test_svm,test_conf_svm,val_mvm,val_conf_mvm,test_mvm,test_conf_mvm
0,5,0.2372,0.00436268187661934,0.26252002,0.005766364987311867,0.23690668,0.004355332595651684,0.26240003,0.00581343501925119,0.23618668,0.004318924677960689,0.2625067,0.005819255797548217,0.23574667,0.004320589406700159,0.2619867,0.005809917615975602,0.23586667,0.0043329651987160656,0.26133335,0.0057887116039996855,0.2352667,0.004341875768967524,0.2613067,0.005781408501360441,0.23396,0.004319208674680469,0.26112002,0.005766048665762191,0.23322667,0.004339432011827654,0.2615467,0.005763653395867152,0.23314668,0.004307640541628577,0.2614267,0.005800423351652928,0.23237336,0.004326880280380474,0.26161334,0.005796816362420243,0.23276001,0.004325247414687622,0.2612,0.005823204044627939,0.23546667,0.004301176499216686,0.26430666,0.0056776822782855785,0.23414667,0.004122797928638677,0.26640004,0.005707100182404001,9.455771,0.014678248088644708,9.242775,0.015921401014477254,0.26064533,0.0008430372204366043,0.25614575,0.0011382936020227774,,,,,,,,
