,shots,val_acc,val_conf,test_acc,test_conf,val_acc_me1,val_conf_me1,test_acc_me1,test_conf_me1,val_acc_me2,val_conf_me2,test_acc_me2,test_conf_me2,val_acc_me3,val_conf_me3,test_acc_me3,test_conf_me3,val_acc_me4,val_conf_me4,test_acc_me4,test_conf_me4,val_acc_me5,val_conf_me5,test_acc_me5,test_conf_me5,val_acc_me6,val_conf_me6,test_acc_me6,test_conf_me6,val_acc_me7,val_conf_me7,test_acc_me7,test_conf_me7,val_acc_me8,val_conf_me8,test_acc_me8,test_conf_me8,val_acc_me9,val_conf_me9,test_acc_me9,test_conf_me9,val_acc_med,val_conf_med,test_acc_med,test_conf_med,val_acc_maj,val_conf_maj,test_acc_maj,test_conf_maj,val_acc_lin,val_conf_lin,test_acc_lin,test_conf_lin,val_nld,val_conf_nld,test_nld,test_conf_nld,val_mse,val_conf_mse,test_mse,test_conf_mse,val_svm,val_conf_svm,test_svm,test_conf_svm,val_mvm,val_conf_mvm,test_mvm,test_conf_mvm
0,5,0.24645336,0.004741847051639991,0.25733334,0.00478620503035132,0.24718668,0.00475327526435676,0.25802666,0.004778493249505578,0.24793334,0.004789273118491422,0.25916004,0.004813410530755291,0.24862668,0.004824501179891305,0.26097336,0.004827778917642411,0.25028002,0.004841062575595023,0.26288,0.004907177011957031,0.25148,0.004868880400633768,0.26448002,0.00495898817287499,0.25356004,0.004940592573966562,0.26713333,0.004973350094796158,0.25416002,0.00496787519217895,0.26921335,0.005056282216584551,0.2553067,0.0050043403709971734,0.27166668,0.005198793155914039,0.2573067,0.005043874561522055,0.2732667,0.005303563470994421,0.25746667,0.0050704164793465845,0.27390668,0.005376798143815142,0.25176,0.004845968561206115,0.26249334,0.0048286535351826365,0.27450666,0.00535016664003346,0.29408002,0.005592716001130371,10.235063,0.03430782336548077,10.223495,0.0343296897275529,0.24847333,0.0008472581505455934,0.24484928,0.0008504547298844867,,,,,,,,
