,shots,val_acc,val_conf,test_acc,test_conf,val_acc_me1,val_conf_me1,test_acc_me1,test_conf_me1,val_acc_me2,val_conf_me2,test_acc_me2,test_conf_me2,val_acc_me3,val_conf_me3,test_acc_me3,test_conf_me3,val_acc_me4,val_conf_me4,test_acc_me4,test_conf_me4,val_acc_me5,val_conf_me5,test_acc_me5,test_conf_me5,val_acc_me6,val_conf_me6,test_acc_me6,test_conf_me6,val_acc_me7,val_conf_me7,test_acc_me7,test_conf_me7,val_acc_me8,val_conf_me8,test_acc_me8,test_conf_me8,val_acc_me9,val_conf_me9,test_acc_me9,test_conf_me9,val_acc_med,val_conf_med,test_acc_med,test_conf_med,val_acc_maj,val_conf_maj,test_acc_maj,test_conf_maj,val_acc_lin,val_conf_lin,test_acc_lin,test_conf_lin,val_nld,val_conf_nld,test_nld,test_conf_nld,val_mse,val_conf_mse,test_mse,test_conf_mse,val_svm,val_conf_svm,test_svm,test_conf_svm,val_mvm,val_conf_mvm,test_mvm,test_conf_mvm
0,5,0.40109336,0.008143913025234983,0.44932002,0.008498851663817919,0.40108004,0.008152016398305706,0.44914666,0.00851632831399085,0.40097335,0.008167650533174753,0.44913334,0.008509115259091982,0.4003067,0.008183486929122297,0.44880006,0.008522868088861324,0.4001467,0.008193855810985196,0.44806668,0.008564657628946093,0.39988002,0.008200695744990383,0.44748005,0.008578427082913676,0.3997734,0.008244252067920399,0.44724005,0.008598479560245675,0.39937335,0.008245665124769985,0.44649336,0.008615305095987957,0.3990934,0.008273911484696472,0.4458667,0.008630154199273876,0.3991067,0.008279823234300487,0.44517338,0.008642939131279559,0.39920002,0.008287823167915542,0.4447467,0.008680341730164687,0.4058267,0.00806219585526724,0.45341337,0.008448169101246461,0.3864667,0.0075310619574738835,0.43177336,0.007866941876352285,23.806133,0.028644169601584224,24.112123,0.03600757744347405,0.2333753,0.0018401950737501616,0.22268017,0.0019107160771014153,,,,,,,,
