,shots,val_acc,val_conf,test_acc,test_conf,val_acc_me1,val_conf_me1,test_acc_me1,test_conf_me1,val_acc_me2,val_conf_me2,test_acc_me2,test_conf_me2,val_acc_me3,val_conf_me3,test_acc_me3,test_conf_me3,val_acc_me4,val_conf_me4,test_acc_me4,test_conf_me4,val_acc_me5,val_conf_me5,test_acc_me5,test_conf_me5,val_acc_me6,val_conf_me6,test_acc_me6,test_conf_me6,val_acc_me7,val_conf_me7,test_acc_me7,test_conf_me7,val_acc_me8,val_conf_me8,test_acc_me8,test_conf_me8,val_acc_me9,val_conf_me9,test_acc_me9,test_conf_me9,val_acc_med,val_conf_med,test_acc_med,test_conf_med,val_acc_maj,val_conf_maj,test_acc_maj,test_conf_maj,val_acc_lin,val_conf_lin,test_acc_lin,test_conf_lin,val_nld,val_conf_nld,test_nld,test_conf_nld,val_mse,val_conf_mse,test_mse,test_conf_mse,val_svm,val_conf_svm,test_svm,test_conf_svm,val_mvm,val_conf_mvm,test_mvm,test_conf_mvm
0,5,0.38109338,0.00788018027954307,0.40901336,0.00819344482386225,0.38085335,0.007898837247790336,0.40892005,0.008234077135036877,0.38089338,0.007916109789751657,0.40876,0.008271927663707657,0.38056007,0.00793089424337784,0.4081867,0.008322007137309961,0.38070673,0.007947124078683476,0.40792003,0.008318399686293942,0.38077337,0.00797595043841487,0.40777338,0.008342605442483886,0.3806267,0.008004233741004063,0.40768006,0.008392160330275344,0.3805334,0.0080266902621135,0.4073067,0.008429201814632248,0.38024005,0.008036362774783867,0.40681335,0.008444929229724674,0.38032,0.008057420092542289,0.40649334,0.008441607160778353,0.38001338,0.008074056297137977,0.40641332,0.008458426231554572,0.38422668,0.007812407117624265,0.4129067,0.00818492861653547,0.37713337,0.007470591436411045,0.4068267,0.00787942480209014,4.620578,0.012628586962734722,4.725954,0.014823757848621888,0.23139596,0.001274760375391537,0.22666821,0.0012973303797430835,,,,,,,,
