,shots,val_acc,val_conf,test_acc,test_conf,val_acc_me1,val_conf_me1,test_acc_me1,test_conf_me1,val_acc_me2,val_conf_me2,test_acc_me2,test_conf_me2,val_acc_me3,val_conf_me3,test_acc_me3,test_conf_me3,val_acc_me4,val_conf_me4,test_acc_me4,test_conf_me4,val_acc_me5,val_conf_me5,test_acc_me5,test_conf_me5,val_acc_me6,val_conf_me6,test_acc_me6,test_conf_me6,val_acc_me7,val_conf_me7,test_acc_me7,test_conf_me7,val_acc_me8,val_conf_me8,test_acc_me8,test_conf_me8,val_acc_me9,val_conf_me9,test_acc_me9,test_conf_me9,val_acc_med,val_conf_med,test_acc_med,test_conf_med,val_acc_maj,val_conf_maj,test_acc_maj,test_conf_maj,val_acc_lin,val_conf_lin,test_acc_lin,test_conf_lin,val_nld,val_conf_nld,test_nld,test_conf_nld,val_mse,val_conf_mse,test_mse,test_conf_mse,val_svm,val_conf_svm,test_svm,test_conf_svm,val_mvm,val_conf_mvm,test_mvm,test_conf_mvm
0,5,0.3833467,0.005750024785801278,0.4203867,0.0062561023225952694,0.38366672,0.005744753991395735,0.42088005,0.006262900234321578,0.38405338,0.005743873832456059,0.42134672,0.006264327606453013,0.38428003,0.0057872329739237505,0.42160004,0.006298163853034389,0.3843734,0.0058018294817532845,0.42162672,0.006316021474416789,0.38406667,0.0057996230812215055,0.42160004,0.006334420305808164,0.38452005,0.005799040310716874,0.42197335,0.00634975335797594,0.3844667,0.005828711733858294,0.42188007,0.006348570269201881,0.38476002,0.00583789845051369,0.42189336,0.0063685516319081925,0.38468006,0.005855451294928482,0.42178673,0.006366201616775036,0.38480005,0.005870818057276017,0.42181337,0.006382258745132374,0.3852934,0.005674835384338661,0.4221867,0.006240015640107677,0.37881336,0.0054462720535695675,0.4113067,0.006046830912089185,4.8884635,0.01212498643147697,4.7844005,0.010717103401814754,0.23163174,0.0008217567459060937,0.22516486,0.0009531657224090828,,,,,,,,
