,shots,val_acc,val_conf,test_acc,test_conf,val_acc_me1,val_conf_me1,test_acc_me1,test_conf_me1,val_acc_me2,val_conf_me2,test_acc_me2,test_conf_me2,val_acc_me3,val_conf_me3,test_acc_me3,test_conf_me3,val_acc_me4,val_conf_me4,test_acc_me4,test_conf_me4,val_acc_me5,val_conf_me5,test_acc_me5,test_conf_me5,val_acc_me6,val_conf_me6,test_acc_me6,test_conf_me6,val_acc_me7,val_conf_me7,test_acc_me7,test_conf_me7,val_acc_me8,val_conf_me8,test_acc_me8,test_conf_me8,val_acc_me9,val_conf_me9,test_acc_me9,test_conf_me9,val_acc_med,val_conf_med,test_acc_med,test_conf_med,val_acc_maj,val_conf_maj,test_acc_maj,test_conf_maj,val_acc_lin,val_conf_lin,test_acc_lin,test_conf_lin,val_nld,val_conf_nld,test_nld,test_conf_nld,val_mse,val_conf_mse,test_mse,test_conf_mse,val_svm,val_conf_svm,test_svm,test_conf_svm,val_mvm,val_conf_mvm,test_mvm,test_conf_mvm
0,5,0.83788013,0.0040713608121809575,0.82852006,0.004188385932056726,0.8379201,0.004086272256210277,0.8284668,0.004189291027293707,0.8377201,0.0040914631621076225,0.8282668,0.004184460312357974,0.83772016,0.004082765935733534,0.82840014,0.004175424137053185,0.83777344,0.004098921423930424,0.82830673,0.004158261037730204,0.8376001,0.00411128474779765,0.8281468,0.0041527344153852175,0.83729345,0.0041230893138910485,0.82844007,0.004140422349462547,0.8371334,0.004120517180998151,0.82830673,0.004139147365814888,0.8369734,0.004118749474586347,0.8279601,0.004167270891387798,0.8366135,0.004119746464696816,0.82786673,0.004177290665087874,0.8364401,0.004114452119343803,0.82774675,0.0042009967717643315,0.8371201,0.004062756404246803,0.82858676,0.004174782720071435,0.82833344,0.004124712482134862,0.8225468,0.004322510425162296,24.797886,0.0369263082172715,24.588379,0.03612082517608428,0.11393427,0.0011652985730355586,0.11739814,0.0011613681046123009,,,,,,,,
