,shots,val_acc,val_conf,test_acc,test_conf,val_acc_me1,val_conf_me1,test_acc_me1,test_conf_me1,val_acc_me2,val_conf_me2,test_acc_me2,test_conf_me2,val_acc_me3,val_conf_me3,test_acc_me3,test_conf_me3,val_acc_me4,val_conf_me4,test_acc_me4,test_conf_me4,val_acc_me5,val_conf_me5,test_acc_me5,test_conf_me5,val_acc_me6,val_conf_me6,test_acc_me6,test_conf_me6,val_acc_me7,val_conf_me7,test_acc_me7,test_conf_me7,val_acc_me8,val_conf_me8,test_acc_me8,test_conf_me8,val_acc_me9,val_conf_me9,test_acc_me9,test_conf_me9,val_acc_med,val_conf_med,test_acc_med,test_conf_med,val_acc_maj,val_conf_maj,test_acc_maj,test_conf_maj,val_acc_lin,val_conf_lin,test_acc_lin,test_conf_lin,val_nld,val_conf_nld,test_nld,test_conf_nld,val_mse,val_conf_mse,test_mse,test_conf_mse,val_svm,val_conf_svm,test_svm,test_conf_svm,val_mvm,val_conf_mvm,test_mvm,test_conf_mvm
0,5,0.6736134,0.006899631039274046,0.7423734,0.006268501203775423,0.6740401,0.006904565193665446,0.7426667,0.0062813387790754405,0.67434675,0.006938985596101288,0.7431601,0.006284485370373849,0.6747067,0.006934707173973376,0.7437601,0.006276792522642793,0.6746267,0.006923617910187252,0.74397343,0.006273999195556712,0.6748534,0.006913559808474634,0.74386674,0.006287751563542776,0.67476004,0.006936242603393317,0.74388015,0.006307367655671303,0.6745868,0.006941395643061399,0.74418676,0.006308781174304223,0.6744801,0.006951504540935294,0.74437344,0.00630254802353436,0.67462677,0.006972908657940091,0.74417347,0.006301333995280323,0.6747467,0.00697791577409046,0.74409336,0.0063097753937150225,0.6726134,0.0068117592216947465,0.7415601,0.006145034668868621,0.66030675,0.0067275604283578705,0.73176014,0.006133329386181274,4.321677,0.008883942903723963,4.390128,0.009623388164576419,0.18089774,0.0012395208848553219,0.16887224,0.0011615839882976597,,,,,,,,
