,shots,val_acc,val_conf,test_acc,test_conf,val_acc_me1,val_conf_me1,test_acc_me1,test_conf_me1,val_acc_me2,val_conf_me2,test_acc_me2,test_conf_me2,val_acc_me3,val_conf_me3,test_acc_me3,test_conf_me3,val_acc_me4,val_conf_me4,test_acc_me4,test_conf_me4,val_acc_me5,val_conf_me5,test_acc_me5,test_conf_me5,val_acc_me6,val_conf_me6,test_acc_me6,test_conf_me6,val_acc_me7,val_conf_me7,test_acc_me7,test_conf_me7,val_acc_me8,val_conf_me8,test_acc_me8,test_conf_me8,val_acc_me9,val_conf_me9,test_acc_me9,test_conf_me9,val_acc_med,val_conf_med,test_acc_med,test_conf_med,val_acc_maj,val_conf_maj,test_acc_maj,test_conf_maj,val_acc_lin,val_conf_lin,test_acc_lin,test_conf_lin,val_nld,val_conf_nld,test_nld,test_conf_nld,val_mse,val_conf_mse,test_mse,test_conf_mse,val_svm,val_conf_svm,test_svm,test_conf_svm,val_mvm,val_conf_mvm,test_mvm,test_conf_mvm
0,5,0.4998267,0.0066062767430353775,0.55344,0.006447182242404481,0.50141335,0.006608394019393282,0.5538667,0.006469329830496862,0.50216,0.006652058861395083,0.55514675,0.006473929653790567,0.50232005,0.006636109328542972,0.5554934,0.006478165591856322,0.50296,0.006650052413025298,0.55626667,0.00650259346580595,0.5020934,0.00669138432587546,0.5566134,0.006533212468246452,0.50141335,0.006689310457146269,0.55716,0.006543153277004943,0.50088006,0.006746746600248765,0.55662674,0.0066010572065743345,0.50068,0.006802334686648037,0.55681336,0.006659871310996768,0.50005335,0.006829444136128848,0.5564267,0.006662246262427285,0.49913335,0.006839836107155883,0.5555467,0.006664414796729745,0.50128,0.006533280812172526,0.55388,0.006362026634102791,0.50313336,0.006401897926425093,0.5576133,0.006360878640858325,10.124672,0.01285195800225658,10.208472,0.01349371300934088,0.20935369,0.0012045075526825322,0.19211712,0.0014436677708110912,,,,,,,,
