,shots,val_acc,val_conf,test_acc,test_conf,val_acc_me1,val_conf_me1,test_acc_me1,test_conf_me1,val_acc_me2,val_conf_me2,test_acc_me2,test_conf_me2,val_acc_me3,val_conf_me3,test_acc_me3,test_conf_me3,val_acc_me4,val_conf_me4,test_acc_me4,test_conf_me4,val_acc_me5,val_conf_me5,test_acc_me5,test_conf_me5,val_acc_me6,val_conf_me6,test_acc_me6,test_conf_me6,val_acc_me7,val_conf_me7,test_acc_me7,test_conf_me7,val_acc_me8,val_conf_me8,test_acc_me8,test_conf_me8,val_acc_me9,val_conf_me9,test_acc_me9,test_conf_me9,val_acc_med,val_conf_med,test_acc_med,test_conf_med,val_acc_maj,val_conf_maj,test_acc_maj,test_conf_maj,val_acc_lin,val_conf_lin,test_acc_lin,test_conf_lin,val_nld,val_conf_nld,test_nld,test_conf_nld,val_mse,val_conf_mse,test_mse,test_conf_mse,val_svm,val_conf_svm,test_svm,test_conf_svm,val_mvm,val_conf_mvm,test_mvm,test_conf_mvm
0,5,0.28745338,0.00535094982448342,0.30964002,0.006129828145320648,0.28733337,0.005359055044687255,0.30936006,0.006120448865035766,0.28724003,0.0053592235955859935,0.30932006,0.0060931463901421345,0.2874667,0.0053569433097287456,0.30924,0.00610325528801603,0.28714666,0.00535683525244024,0.30954668,0.0061342917425454835,0.28688002,0.005377153716943972,0.30934668,0.006168035170686814,0.28653336,0.005390115511947513,0.3093067,0.006168821587619722,0.28634667,0.005377641821875334,0.30928004,0.006164985553878122,0.28585336,0.005384556102989324,0.30953333,0.0061829890987782354,0.28532004,0.005378555229211435,0.30954668,0.006202779283204896,0.28500003,0.005393695717749725,0.30937335,0.00621579556863594,0.2892667,0.005277721154845372,0.3101067,0.006140534128980968,0.28665334,0.005119797736623244,0.30640003,0.006032269038005966,5.3177752,0.016261700199384777,5.1516533,0.01347918807792059,0.24814896,0.0008458976792675155,0.24445209,0.0010471336565685552,,,,,,,,
