,shots,val_acc,val_conf,test_acc,test_conf,val_acc_me1,val_conf_me1,test_acc_me1,test_conf_me1,val_acc_me2,val_conf_me2,test_acc_me2,test_conf_me2,val_acc_me3,val_conf_me3,test_acc_me3,test_conf_me3,val_acc_me4,val_conf_me4,test_acc_me4,test_conf_me4,val_acc_me5,val_conf_me5,test_acc_me5,test_conf_me5,val_acc_me6,val_conf_me6,test_acc_me6,test_conf_me6,val_acc_me7,val_conf_me7,test_acc_me7,test_conf_me7,val_acc_me8,val_conf_me8,test_acc_me8,test_conf_me8,val_acc_me9,val_conf_me9,test_acc_me9,test_conf_me9,val_acc_med,val_conf_med,test_acc_med,test_conf_med,val_acc_maj,val_conf_maj,test_acc_maj,test_conf_maj,val_acc_lin,val_conf_lin,test_acc_lin,test_conf_lin,val_nld,val_conf_nld,test_nld,test_conf_nld,val_mse,val_conf_mse,test_mse,test_conf_mse,val_svm,val_conf_svm,test_svm,test_conf_svm,val_mvm,val_conf_mvm,test_mvm,test_conf_mvm
0,5,0.6990134,0.005986934387648524,0.7007335,0.005705385581069922,0.69994676,0.005995233095048458,0.70089346,0.0057255119437273905,0.70065343,0.00600990256463696,0.7014001,0.005727628758302017,0.7013468,0.005995108413561767,0.7020401,0.0057297538849758745,0.7018401,0.0059867307412202475,0.7026801,0.0057189472325595014,0.70232004,0.005945065420838946,0.7031334,0.005740254375074749,0.7026001,0.005937946569730124,0.70337343,0.005740922113703584,0.7028134,0.005944821137481626,0.70378673,0.005735045921412496,0.7032268,0.00594113795400697,0.7040001,0.005755550484579763,0.7032801,0.00594493658330264,0.7044801,0.005748723480506479,0.70361346,0.0059398218716471,0.70446676,0.00575743686929564,0.6979601,0.005945805197660192,0.7004668,0.005650351634611694,0.6808668,0.005911338616895856,0.6859201,0.005821029968925973,4.416587,0.009805776861194104,4.3884754,0.0092979020638575,0.17855567,0.0010535254298964791,0.17779404,0.0010156392284670357,,,,,,,,
