,shots,val_acc,val_conf,test_acc,test_conf,val_acc_me1,val_conf_me1,test_acc_me1,test_conf_me1,val_acc_me2,val_conf_me2,test_acc_me2,test_conf_me2,val_acc_me3,val_conf_me3,test_acc_me3,test_conf_me3,val_acc_me4,val_conf_me4,test_acc_me4,test_conf_me4,val_acc_me5,val_conf_me5,test_acc_me5,test_conf_me5,val_acc_me6,val_conf_me6,test_acc_me6,test_conf_me6,val_acc_me7,val_conf_me7,test_acc_me7,test_conf_me7,val_acc_me8,val_conf_me8,test_acc_me8,test_conf_me8,val_acc_me9,val_conf_me9,test_acc_me9,test_conf_me9,val_acc_med,val_conf_med,test_acc_med,test_conf_med,val_acc_maj,val_conf_maj,test_acc_maj,test_conf_maj,val_acc_lin,val_conf_lin,test_acc_lin,test_conf_lin,val_nld,val_conf_nld,test_nld,test_conf_nld,val_mse,val_conf_mse,test_mse,test_conf_mse,val_svm,val_conf_svm,test_svm,test_conf_svm,val_mvm,val_conf_mvm,test_mvm,test_conf_mvm
0,5,0.34382668,0.005565806965594888,0.39990667,0.0069120737898661355,0.3439467,0.005554418466240552,0.4005467,0.006933421569310261,0.34349334,0.005567877601841131,0.40129337,0.006958924474745443,0.3435467,0.005567011296400026,0.40125334,0.006966660268321989,0.34297338,0.00556388086751658,0.40181336,0.006981282174232106,0.34264,0.005578637152362398,0.40208006,0.0070128469088386325,0.3423467,0.005576322232758835,0.40196002,0.0070303581927578795,0.3424134,0.005562465501750602,0.40173337,0.007011942275384986,0.34205335,0.00556179268350554,0.40160003,0.007041249813298456,0.3420667,0.005572334272316737,0.40129337,0.0071021507163821496,0.34172004,0.005597144502825613,0.4011867,0.00710962975845264,0.34394673,0.005585348248831334,0.40224004,0.006916860173606598,0.3508267,0.0056464717314579915,0.40253338,0.006786362988198236,7.5642743,0.01974091953874968,7.5016613,0.018200227636558708,0.23973468,0.0011617887891841872,0.22672725,0.001412114349894994,,,,,,,,
