,shots,val_acc,val_conf,test_acc,test_conf,val_acc_me1,val_conf_me1,test_acc_me1,test_conf_me1,val_acc_me2,val_conf_me2,test_acc_me2,test_conf_me2,val_acc_me3,val_conf_me3,test_acc_me3,test_conf_me3,val_acc_me4,val_conf_me4,test_acc_me4,test_conf_me4,val_acc_me5,val_conf_me5,test_acc_me5,test_conf_me5,val_acc_me6,val_conf_me6,test_acc_me6,test_conf_me6,val_acc_me7,val_conf_me7,test_acc_me7,test_conf_me7,val_acc_me8,val_conf_me8,test_acc_me8,test_conf_me8,val_acc_me9,val_conf_me9,test_acc_me9,test_conf_me9,val_acc_med,val_conf_med,test_acc_med,test_conf_med,val_acc_maj,val_conf_maj,test_acc_maj,test_conf_maj,val_acc_lin,val_conf_lin,test_acc_lin,test_conf_lin,val_nld,val_conf_nld,test_nld,test_conf_nld,val_mse,val_conf_mse,test_mse,test_conf_mse,val_svm,val_conf_svm,test_svm,test_conf_svm,val_mvm,val_conf_mvm,test_mvm,test_conf_mvm
0,5,0.46940002,0.005735381176076804,0.5201733,0.006072772973427565,0.46968,0.005737046366599552,0.5207467,0.006063875794891427,0.46992004,0.0057472577803625025,0.52121335,0.006049645942989512,0.47017336,0.00575850866829819,0.52110666,0.006081844244261947,0.47016004,0.005759430387733411,0.5213867,0.006073806444417573,0.47044006,0.005791126730575913,0.52164,0.0060755325903338875,0.4709067,0.005779899393587751,0.52172005,0.006090731263565963,0.47120002,0.005807245737893374,0.5216667,0.006088431121027416,0.47104004,0.005808541501788778,0.52205336,0.006105860669305407,0.47112003,0.005798295454279456,0.52244,0.00610592947501476,0.47097337,0.005798308384211415,0.5229734,0.006112517737130063,0.46861336,0.005765440497176921,0.5205333,0.00602551083964209,0.46133336,0.005556610551490537,0.5101067,0.005881116286296395,5.0611997,0.013426334210346447,4.935336,0.011584913332868929,0.21682459,0.0008934465227496136,0.20688373,0.0009665318086779229,,,,,,,,
