,shots,val_acc,val_conf,test_acc,test_conf,val_acc_me1,val_conf_me1,test_acc_me1,test_conf_me1,val_acc_me2,val_conf_me2,test_acc_me2,test_conf_me2,val_acc_me3,val_conf_me3,test_acc_me3,test_conf_me3,val_acc_me4,val_conf_me4,test_acc_me4,test_conf_me4,val_acc_me5,val_conf_me5,test_acc_me5,test_conf_me5,val_acc_me6,val_conf_me6,test_acc_me6,test_conf_me6,val_acc_me7,val_conf_me7,test_acc_me7,test_conf_me7,val_acc_me8,val_conf_me8,test_acc_me8,test_conf_me8,val_acc_me9,val_conf_me9,test_acc_me9,test_conf_me9,val_acc_med,val_conf_med,test_acc_med,test_conf_med,val_acc_maj,val_conf_maj,test_acc_maj,test_conf_maj,val_acc_lin,val_conf_lin,test_acc_lin,test_conf_lin,val_nld,val_conf_nld,test_nld,test_conf_nld,val_mse,val_conf_mse,test_mse,test_conf_mse,val_svm,val_conf_svm,test_svm,test_conf_svm,val_mvm,val_conf_mvm,test_mvm,test_conf_mvm
0,5,0.30760005,0.004492925543004733,0.3732,0.005563120772230812,0.30772004,0.004540725654316291,0.37453339,0.005577111882174801,0.30806673,0.0045923133121247295,0.37576005,0.005578764604548869,0.30865338,0.004598622657136453,0.37668005,0.0055556260295286375,0.30840003,0.004614671473394671,0.37696,0.005565093510420838,0.30865338,0.00461450107536282,0.37701336,0.005562133017785964,0.30804005,0.004638850446154141,0.3766667,0.005570341677445467,0.30761334,0.004603908690390401,0.3765334,0.005564380055246787,0.30730668,0.004652484135836132,0.37560004,0.005564054498031434,0.30653337,0.004668194464947095,0.37568006,0.005559748368906492,0.30592003,0.0046951325928294985,0.37484002,0.0055404846174238465,0.3074267,0.004484599128607714,0.37469336,0.005479153794102576,0.30317333,0.004329134244590527,0.36318672,0.005220412002146013,9.221158,0.011557693055399554,9.220636,0.011688704667387029,0.24928164,0.0008452657865660185,0.23665802,0.0010592468093416074,,,,,,,,
