,shots,val_acc,val_conf,test_acc,test_conf,val_acc_me1,val_conf_me1,test_acc_me1,test_conf_me1,val_acc_me2,val_conf_me2,test_acc_me2,test_conf_me2,val_acc_me3,val_conf_me3,test_acc_me3,test_conf_me3,val_acc_me4,val_conf_me4,test_acc_me4,test_conf_me4,val_acc_me5,val_conf_me5,test_acc_me5,test_conf_me5,val_acc_me6,val_conf_me6,test_acc_me6,test_conf_me6,val_acc_me7,val_conf_me7,test_acc_me7,test_conf_me7,val_acc_me8,val_conf_me8,test_acc_me8,test_conf_me8,val_acc_me9,val_conf_me9,test_acc_me9,test_conf_me9,val_acc_med,val_conf_med,test_acc_med,test_conf_med,val_acc_maj,val_conf_maj,test_acc_maj,test_conf_maj,val_acc_lin,val_conf_lin,test_acc_lin,test_conf_lin,val_nld,val_conf_nld,test_nld,test_conf_nld,val_mse,val_conf_mse,test_mse,test_conf_mse,val_svm,val_conf_svm,test_svm,test_conf_svm,val_mvm,val_conf_mvm,test_mvm,test_conf_mvm
0,5,0.51012,0.006536060285759926,0.57270664,0.006417789274583474,0.51028,0.0065572385907388675,0.57290673,0.006422378015078278,0.5105067,0.006581874267166388,0.57404006,0.006405496141775435,0.51009333,0.006576881466297868,0.5737467,0.0064253075682331184,0.5097067,0.006591161190794392,0.5731067,0.0064565467456243475,0.50897336,0.006629582483604346,0.57324,0.0064632269026132505,0.5083734,0.006666320576343532,0.57320005,0.00643348759732898,0.5079334,0.006671669873907438,0.5725467,0.006450446588440295,0.50726664,0.006684107544883466,0.57158667,0.006451099088220835,0.50672,0.0067433183211470515,0.5708534,0.006466105659606702,0.50568,0.006786192590166329,0.56988,0.006494088803061238,0.51121336,0.00640680529738602,0.57196003,0.006444660905672861,0.50444,0.006199900064428054,0.5652134,0.006352768341038373,9.711125,0.011516112241359622,9.805025,0.012198450610590328,0.2039707,0.0013654870526793594,0.18716207,0.0014656268358776703,,,,,,,,
