,shots,val_acc,val_conf,test_acc,test_conf,val_acc_me1,val_conf_me1,test_acc_me1,test_conf_me1,val_acc_me2,val_conf_me2,test_acc_me2,test_conf_me2,val_acc_me3,val_conf_me3,test_acc_me3,test_conf_me3,val_acc_me4,val_conf_me4,test_acc_me4,test_conf_me4,val_acc_me5,val_conf_me5,test_acc_me5,test_conf_me5,val_acc_me6,val_conf_me6,test_acc_me6,test_conf_me6,val_acc_me7,val_conf_me7,test_acc_me7,test_conf_me7,val_acc_me8,val_conf_me8,test_acc_me8,test_conf_me8,val_acc_me9,val_conf_me9,test_acc_me9,test_conf_me9,val_acc_med,val_conf_med,test_acc_med,test_conf_med,val_acc_maj,val_conf_maj,test_acc_maj,test_conf_maj,val_acc_lin,val_conf_lin,test_acc_lin,test_conf_lin,val_nld,val_conf_nld,test_nld,test_conf_nld,val_mse,val_conf_mse,test_mse,test_conf_mse,val_svm,val_conf_svm,test_svm,test_conf_svm,val_mvm,val_conf_mvm,test_mvm,test_conf_mvm
0,5,0.3951734,0.005749546840102149,0.46173337,0.0064227044958601875,0.3964267,0.005753303908902219,0.46364003,0.0064012943756726615,0.39800006,0.005801186679421699,0.46516004,0.006417973064330562,0.3978534,0.005821277484766352,0.4662267,0.00642976793297495,0.3983067,0.00580586131160743,0.46718672,0.006510991918395215,0.39860004,0.005827316224773504,0.4674134,0.006570221165990153,0.39905336,0.00587754254546019,0.4677867,0.006560437825331611,0.39908,0.0058875530834945344,0.46820003,0.006573597263580755,0.39868006,0.005940433734498651,0.4687067,0.006623419523893781,0.39758673,0.0059562382673995495,0.46884003,0.006710720115550517,0.39737335,0.006004815559978449,0.4679867,0.0066982177949147514,0.3980667,0.0057239871353230165,0.46316004,0.006394689489359118,0.4026667,0.005685282769359867,0.47149333,0.006323368446468025,9.648352,0.016478736495814772,9.636115,0.014926748450925231,0.2275547,0.0010634841327571976,0.211039,0.0013445877802499562,,,,,,,,
