,shots,val_acc,val_conf,test_acc,test_conf,val_acc_me1,val_conf_me1,test_acc_me1,test_conf_me1,val_acc_me2,val_conf_me2,test_acc_me2,test_conf_me2,val_acc_me3,val_conf_me3,test_acc_me3,test_conf_me3,val_acc_me4,val_conf_me4,test_acc_me4,test_conf_me4,val_acc_me5,val_conf_me5,test_acc_me5,test_conf_me5,val_acc_me6,val_conf_me6,test_acc_me6,test_conf_me6,val_acc_me7,val_conf_me7,test_acc_me7,test_conf_me7,val_acc_me8,val_conf_me8,test_acc_me8,test_conf_me8,val_acc_me9,val_conf_me9,test_acc_me9,test_conf_me9,val_acc_med,val_conf_med,test_acc_med,test_conf_med,val_acc_maj,val_conf_maj,test_acc_maj,test_conf_maj,val_acc_lin,val_conf_lin,test_acc_lin,test_conf_lin,val_nld,val_conf_nld,test_nld,test_conf_nld,val_mse,val_conf_mse,test_mse,test_conf_mse,val_svm,val_conf_svm,test_svm,test_conf_svm,val_mvm,val_conf_mvm,test_mvm,test_conf_mvm
0,5,0.6668,0.006912318073223456,0.72573346,0.006085832666487323,0.66744006,0.006912552659131821,0.7262268,0.006105336083494506,0.66800004,0.006926155409333723,0.7266801,0.006114459997623278,0.6683867,0.006943424257028763,0.7269334,0.0061139903640232696,0.6686934,0.006959676257932035,0.7272401,0.006107532324794107,0.66880006,0.006963972689608022,0.72757345,0.0061080485985057775,0.6687067,0.006987843652916936,0.72805345,0.006095489478526006,0.6686934,0.006969295665524733,0.7280401,0.0060910138749358245,0.6685601,0.006991768349049132,0.72838676,0.006088430659244137,0.6685201,0.007003580765458373,0.72842675,0.006097474223081489,0.66850674,0.007012714838819378,0.7288001,0.0060878146403430256,0.66626674,0.0068288996936367585,0.7257201,0.006043894432185115,0.65454674,0.006665967773914483,0.71490675,0.006148580240924462,4.2726903,0.008247380187887288,4.3340755,0.009082743378261426,0.18266785,0.0012154620911955794,0.17295249,0.0011086751685132068,,,,,,,,
