,shots,val_acc,val_conf,test_acc,test_conf,val_acc_me1,val_conf_me1,test_acc_me1,test_conf_me1,val_acc_me2,val_conf_me2,test_acc_me2,test_conf_me2,val_acc_me3,val_conf_me3,test_acc_me3,test_conf_me3,val_acc_me4,val_conf_me4,test_acc_me4,test_conf_me4,val_acc_me5,val_conf_me5,test_acc_me5,test_conf_me5,val_acc_me6,val_conf_me6,test_acc_me6,test_conf_me6,val_acc_me7,val_conf_me7,test_acc_me7,test_conf_me7,val_acc_me8,val_conf_me8,test_acc_me8,test_conf_me8,val_acc_me9,val_conf_me9,test_acc_me9,test_conf_me9,val_acc_med,val_conf_med,test_acc_med,test_conf_med,val_acc_maj,val_conf_maj,test_acc_maj,test_conf_maj,val_acc_lin,val_conf_lin,test_acc_lin,test_conf_lin,val_nld,val_conf_nld,test_nld,test_conf_nld,val_mse,val_conf_mse,test_mse,test_conf_mse,val_svm,val_conf_svm,test_svm,test_conf_svm,val_mvm,val_conf_mvm,test_mvm,test_conf_mvm
0,5,0.54936004,0.005504025441788296,0.5957734,0.005862318012364143,0.54969335,0.005501806573107837,0.59524,0.005872166002682477,0.5494266,0.0055174822684724845,0.59494674,0.005885178593847296,0.54918665,0.005508748099435579,0.59480006,0.005863098887897711,0.5486533,0.00553385248589644,0.5946267,0.005851584321706849,0.54833335,0.00554450167021292,0.59404004,0.005839925679131164,0.54793334,0.005528239971860582,0.59364,0.005864006292051083,0.54749334,0.0054941400470239765,0.5935734,0.005861336261101968,0.54748,0.005489603949823452,0.5932134,0.00587474783302433,0.54661334,0.00549574659106955,0.59268004,0.005895869338659265,0.54612,0.00547738932017372,0.59248,0.005910593760458438,0.5518933,0.005537528280838533,0.5968401,0.005798317619877147,0.5502933,0.0056649255150602595,0.59282666,0.005765077073732305,5.284992,0.014882005344954763,5.2099104,0.015222705357754052,0.20018509,0.0009532289289961027,0.18900613,0.001000147322849504,,,,,,,,
