,shots,val_acc,val_conf,test_acc,test_conf,val_acc_me1,val_conf_me1,test_acc_me1,test_conf_me1,val_acc_me2,val_conf_me2,test_acc_me2,test_conf_me2,val_acc_me3,val_conf_me3,test_acc_me3,test_conf_me3,val_acc_me4,val_conf_me4,test_acc_me4,test_conf_me4,val_acc_me5,val_conf_me5,test_acc_me5,test_conf_me5,val_acc_me6,val_conf_me6,test_acc_me6,test_conf_me6,val_acc_me7,val_conf_me7,test_acc_me7,test_conf_me7,val_acc_me8,val_conf_me8,test_acc_me8,test_conf_me8,val_acc_me9,val_conf_me9,test_acc_me9,test_conf_me9,val_acc_med,val_conf_med,test_acc_med,test_conf_med,val_acc_maj,val_conf_maj,test_acc_maj,test_conf_maj,val_acc_lin,val_conf_lin,test_acc_lin,test_conf_lin,val_nld,val_conf_nld,test_nld,test_conf_nld,val_mse,val_conf_mse,test_mse,test_conf_mse,val_svm,val_conf_svm,test_svm,test_conf_svm,val_mvm,val_conf_mvm,test_mvm,test_conf_mvm
0,5,0.8247201,0.004294041485692901,0.80085343,0.004428314211232687,0.82493347,0.004302662517825184,0.8005601,0.00442849384493027,0.8249601,0.004317137114867697,0.8004534,0.004428387172991544,0.82504016,0.004321054884250608,0.8002268,0.004433467712684047,0.8248934,0.004315371255589007,0.8002668,0.004427364323017158,0.8248535,0.0043063470866495646,0.8001201,0.004411998946019513,0.8249068,0.004311192116867146,0.7999734,0.004411772672210268,0.8247867,0.004332430453672931,0.79973346,0.004395597327332079,0.82465345,0.0043276219043348885,0.7998001,0.004403457802395372,0.8245868,0.004336889433064983,0.79928017,0.00441758652375801,0.82486683,0.0043377649741718205,0.79910684,0.004433298238218808,0.82384014,0.004252799620583114,0.7996802,0.0043977603202352,0.8133201,0.004348800209313719,0.79164016,0.004546827658633457,4.948055,0.014202497707255901,4.87746,0.01527414709204411,0.1387221,0.0010029588903751885,0.14516325,0.0009840721849440626,,,,,,,,
