,shots,val_acc,val_conf,test_acc,test_conf,val_acc_me1,val_conf_me1,test_acc_me1,test_conf_me1,val_acc_me2,val_conf_me2,test_acc_me2,test_conf_me2,val_acc_me3,val_conf_me3,test_acc_me3,test_conf_me3,val_acc_me4,val_conf_me4,test_acc_me4,test_conf_me4,val_acc_me5,val_conf_me5,test_acc_me5,test_conf_me5,val_acc_me6,val_conf_me6,test_acc_me6,test_conf_me6,val_acc_me7,val_conf_me7,test_acc_me7,test_conf_me7,val_acc_me8,val_conf_me8,test_acc_me8,test_conf_me8,val_acc_me9,val_conf_me9,test_acc_me9,test_conf_me9,val_acc_med,val_conf_med,test_acc_med,test_conf_med,val_acc_maj,val_conf_maj,test_acc_maj,test_conf_maj,val_acc_lin,val_conf_lin,test_acc_lin,test_conf_lin,val_nld,val_conf_nld,test_nld,test_conf_nld,val_mse,val_conf_mse,test_mse,test_conf_mse,val_svm,val_conf_svm,test_svm,test_conf_svm,val_mvm,val_conf_mvm,test_mvm,test_conf_mvm
0,5,0.3562667,0.006850812695820774,0.38556004,0.0075705051766917775,0.35636005,0.006877546253708289,0.3857734,0.007599273813512664,0.35669336,0.006878641141875086,0.3858667,0.007618764762371111,0.35678667,0.006891371121669931,0.38580006,0.007642253830904,0.35664,0.006925093769563462,0.3857334,0.007646739593726526,0.3565067,0.006936282316755749,0.38546667,0.007645612842513139,0.35632002,0.00696767342084742,0.3853467,0.007632605792747715,0.35641336,0.006983296011134399,0.38532004,0.0076473519183613,0.35625336,0.007016081238961025,0.38521338,0.007653531964053439,0.35620004,0.007039899558975549,0.3849467,0.007676507991357606,0.35582674,0.007049663966519404,0.38473338,0.007660444398034261,0.35620004,0.006812697565328207,0.38956,0.0074913412065022444,0.35150668,0.006569304064387771,0.38169336,0.007322442123181783,4.3393016,0.009465311434303736,4.4124784,0.011648491655433801,0.23617305,0.0010229253605705813,0.23151447,0.0011491253061822193,,,,,,,,
