,shots,val_acc,val_conf,test_acc,test_conf,val_acc_me1,val_conf_me1,test_acc_me1,test_conf_me1,val_acc_me2,val_conf_me2,test_acc_me2,test_conf_me2,val_acc_me3,val_conf_me3,test_acc_me3,test_conf_me3,val_acc_me4,val_conf_me4,test_acc_me4,test_conf_me4,val_acc_me5,val_conf_me5,test_acc_me5,test_conf_me5,val_acc_me6,val_conf_me6,test_acc_me6,test_conf_me6,val_acc_me7,val_conf_me7,test_acc_me7,test_conf_me7,val_acc_me8,val_conf_me8,test_acc_me8,test_conf_me8,val_acc_me9,val_conf_me9,test_acc_me9,test_conf_me9,val_acc_med,val_conf_med,test_acc_med,test_conf_med,val_acc_maj,val_conf_maj,test_acc_maj,test_conf_maj,val_acc_lin,val_conf_lin,test_acc_lin,test_conf_lin,val_nld,val_conf_nld,test_nld,test_conf_nld,val_mse,val_conf_mse,test_mse,test_conf_mse,val_svm,val_conf_svm,test_svm,test_conf_svm,val_mvm,val_conf_mvm,test_mvm,test_conf_mvm
0,5,0.31141332,0.004787866988391065,0.34788007,0.0058674590456668785,0.31140003,0.004802245072727196,0.3481067,0.005864639858716991,0.31132,0.0048227159257147045,0.34866673,0.005886000106309852,0.31088,0.004822782884290888,0.34952003,0.005908529589178202,0.3107867,0.00485311881357825,0.34980005,0.005895531775078511,0.31068003,0.00489036532971332,0.3492134,0.005930951014758101,0.31053337,0.004911950003982257,0.34918672,0.0059232669409093885,0.31056002,0.004903790293350863,0.34881335,0.005950889893402256,0.3099067,0.004886558388318585,0.3486667,0.005956195783337392,0.30945337,0.004901739052002585,0.34857336,0.005929453913350813,0.30880004,0.004924216353359823,0.34801337,0.005942021807212927,0.31077337,0.004756198352545593,0.3487867,0.005764197838359242,0.3085467,0.004598795364084696,0.3410267,0.005576141213711472,7.032026,0.01890299160401465,6.811792,0.016380214108568047,0.24810447,0.0008992064033760683,0.24059829,0.0011485724361452454,,,,,,,,
