,shots,val_acc,val_conf,test_acc,test_conf,val_acc_me1,val_conf_me1,test_acc_me1,test_conf_me1,val_acc_me2,val_conf_me2,test_acc_me2,test_conf_me2,val_acc_me3,val_conf_me3,test_acc_me3,test_conf_me3,val_acc_me4,val_conf_me4,test_acc_me4,test_conf_me4,val_acc_me5,val_conf_me5,test_acc_me5,test_conf_me5,val_acc_me6,val_conf_me6,test_acc_me6,test_conf_me6,val_acc_me7,val_conf_me7,test_acc_me7,test_conf_me7,val_acc_me8,val_conf_me8,test_acc_me8,test_conf_me8,val_acc_me9,val_conf_me9,test_acc_me9,test_conf_me9,val_acc_med,val_conf_med,test_acc_med,test_conf_med,val_acc_maj,val_conf_maj,test_acc_maj,test_conf_maj,val_acc_lin,val_conf_lin,test_acc_lin,test_conf_lin,val_nld,val_conf_nld,test_nld,test_conf_nld,val_mse,val_conf_mse,test_mse,test_conf_mse,val_svm,val_conf_svm,test_svm,test_conf_svm,val_mvm,val_conf_mvm,test_mvm,test_conf_mvm
0,5,0.3701067,0.00805784493316375,0.4086667,0.008687200135501283,0.37005338,0.008107493101178587,0.40781334,0.008690547140744964,0.36978668,0.00813946143437555,0.40713337,0.008735981074508459,0.3697867,0.008165372094450618,0.40613335,0.00876510482267484,0.36904004,0.008167426106498676,0.40501335,0.008761681161405965,0.36864004,0.008193406957632932,0.4046667,0.008760389091776843,0.36849335,0.00822501417630167,0.40421337,0.008788072999663221,0.3679867,0.008265017538643227,0.40285337,0.008765487179234144,0.36772004,0.008279544317196852,0.40182668,0.008800902262864174,0.36716002,0.008288657148526779,0.40085337,0.00879133041894975,0.36680004,0.008308973765897343,0.3995867,0.008779741505650085,0.37173337,0.00807573257045957,0.4102,0.00854967091424147,0.3710934,0.007923544500626878,0.40744004,0.008188671831837024,5.6227226,0.019116636564005418,5.9099755,0.022533456051746725,0.23263228,0.0015085836486590232,0.2253606,0.0015136763101627204,,,,,,,,
