,shots,val_acc,val_conf,test_acc,test_conf,val_acc_me1,val_conf_me1,test_acc_me1,test_conf_me1,val_acc_me2,val_conf_me2,test_acc_me2,test_conf_me2,val_acc_me3,val_conf_me3,test_acc_me3,test_conf_me3,val_acc_me4,val_conf_me4,test_acc_me4,test_conf_me4,val_acc_me5,val_conf_me5,test_acc_me5,test_conf_me5,val_acc_me6,val_conf_me6,test_acc_me6,test_conf_me6,val_acc_me7,val_conf_me7,test_acc_me7,test_conf_me7,val_acc_me8,val_conf_me8,test_acc_me8,test_conf_me8,val_acc_me9,val_conf_me9,test_acc_me9,test_conf_me9,val_acc_med,val_conf_med,test_acc_med,test_conf_med,val_acc_maj,val_conf_maj,test_acc_maj,test_conf_maj,val_acc_lin,val_conf_lin,test_acc_lin,test_conf_lin,val_nld,val_conf_nld,test_nld,test_conf_nld,val_mse,val_conf_mse,test_mse,test_conf_mse,val_svm,val_conf_svm,test_svm,test_conf_svm,val_mvm,val_conf_mvm,test_mvm,test_conf_mvm
0,5,0.29768002,0.004862280132153007,0.34485337,0.005816720607318082,0.29748005,0.004863725052049239,0.34521338,0.00587435208474979,0.29758668,0.004895733098608579,0.34521338,0.005864918775820627,0.29694667,0.00488485209908357,0.34526673,0.0059030759285921275,0.29733336,0.004927797020945313,0.34512004,0.005878506748957513,0.29720002,0.004950212443342483,0.34540004,0.00586275347400117,0.2972267,0.004961443474596927,0.34484005,0.005866265335877308,0.29725337,0.004975671941148951,0.3449467,0.005873726368399723,0.29681337,0.004952903254539398,0.34452003,0.005854533269759543,0.29652002,0.004897173862455195,0.34413335,0.005871604474208925,0.29629338,0.004876248614716083,0.3435867,0.005848959083736227,0.29782668,0.004874335908353011,0.3456267,0.00575898892291371,0.2951867,0.004687031066891889,0.34136003,0.005692948371877171,7.304994,0.016706733680276642,7.184154,0.015723220253106795,0.2501946,0.000893266254100078,0.2405309,0.001180050355494372,,,,,,,,
