,shots,val_acc,val_conf,test_acc,test_conf,val_acc_me1,val_conf_me1,test_acc_me1,test_conf_me1,val_acc_me2,val_conf_me2,test_acc_me2,test_conf_me2,val_acc_me3,val_conf_me3,test_acc_me3,test_conf_me3,val_acc_me4,val_conf_me4,test_acc_me4,test_conf_me4,val_acc_me5,val_conf_me5,test_acc_me5,test_conf_me5,val_acc_me6,val_conf_me6,test_acc_me6,test_conf_me6,val_acc_me7,val_conf_me7,test_acc_me7,test_conf_me7,val_acc_me8,val_conf_me8,test_acc_me8,test_conf_me8,val_acc_me9,val_conf_me9,test_acc_me9,test_conf_me9,val_acc_med,val_conf_med,test_acc_med,test_conf_med,val_acc_maj,val_conf_maj,test_acc_maj,test_conf_maj,val_acc_lin,val_conf_lin,test_acc_lin,test_conf_lin,val_nld,val_conf_nld,test_nld,test_conf_nld,val_mse,val_conf_mse,test_mse,test_conf_mse,val_svm,val_conf_svm,test_svm,test_conf_svm,val_mvm,val_conf_mvm,test_mvm,test_conf_mvm
0,5,0.281,0.004567640693034503,0.33193335,0.005938636935739927,0.28145337,0.0045773395273520645,0.33221337,0.00593374064757779,0.28212,0.004584547040851483,0.33328003,0.005970896192405872,0.28258666,0.004560975313110727,0.33368006,0.0059931426021210266,0.28253332,0.004600190873169485,0.33336002,0.005949334145517848,0.2822,0.0046001816375038085,0.33329335,0.0059804491032056095,0.2820267,0.004636086673198314,0.33336005,0.005969293804409803,0.2818,0.004671918285350685,0.3332134,0.005955818044610983,0.2823067,0.0046487635479155465,0.33268005,0.005987509307837369,0.28193334,0.004636313870574171,0.3321467,0.006031786474473999,0.28146666,0.004630406277019661,0.3314267,0.0060319831941530455,0.28185332,0.004512251173447446,0.3323867,0.005855519177071278,0.27914667,0.004314308692252078,0.3236267,0.005553288482544161,8.894276,0.013289541071641153,8.806167,0.012849940932872173,0.25469396,0.0008931578504741133,0.24566211,0.0011259960822735393,,,,,,,,
