,shots,val_acc,val_conf,test_acc,test_conf,val_acc_me1,val_conf_me1,test_acc_me1,test_conf_me1,val_acc_me2,val_conf_me2,test_acc_me2,test_conf_me2,val_acc_me3,val_conf_me3,test_acc_me3,test_conf_me3,val_acc_me4,val_conf_me4,test_acc_me4,test_conf_me4,val_acc_me5,val_conf_me5,test_acc_me5,test_conf_me5,val_acc_me6,val_conf_me6,test_acc_me6,test_conf_me6,val_acc_me7,val_conf_me7,test_acc_me7,test_conf_me7,val_acc_me8,val_conf_me8,test_acc_me8,test_conf_me8,val_acc_me9,val_conf_me9,test_acc_me9,test_conf_me9,val_acc_med,val_conf_med,test_acc_med,test_conf_med,val_acc_maj,val_conf_maj,test_acc_maj,test_conf_maj,val_acc_lin,val_conf_lin,test_acc_lin,test_conf_lin,val_nld,val_conf_nld,test_nld,test_conf_nld,val_mse,val_conf_mse,test_mse,test_conf_mse,val_svm,val_conf_svm,test_svm,test_conf_svm,val_mvm,val_conf_mvm,test_mvm,test_conf_mvm
0,5,0.33352005,0.004581421229800875,0.34341335,0.0049663827086045,0.33509338,0.00460662628501779,0.3455867,0.0050069591440017325,0.33710673,0.004666950882562804,0.34830672,0.005028582146283267,0.33912003,0.0046877579137811765,0.35136002,0.005004204144928359,0.34205335,0.004721804733540169,0.3552934,0.0050128228681441955,0.34509337,0.004795057877692299,0.35884002,0.0050767184358257444,0.34824005,0.0048805478170917405,0.36338672,0.005157942421246009,0.35196003,0.004942576394955378,0.36781335,0.0052262184651612476,0.35680005,0.0050072292872229696,0.37320003,0.005324912635788437,0.35988006,0.005116253088133904,0.37857336,0.005356570188835119,0.36136004,0.00518333449869296,0.3804267,0.0054325035231685415,0.34157336,0.004709612731271351,0.3535867,0.005023261479283003,0.39100003,0.005288422982456131,0.41625336,0.005734074329382555,10.710982,0.029738167450194197,10.697973,0.03077888659060868,0.22941715,0.0007832271071930574,0.2245755,0.0008522704617578702,,,,,,,,
