,shots,val_acc,val_conf,test_acc,test_conf,val_acc_me1,val_conf_me1,test_acc_me1,test_conf_me1,val_acc_me2,val_conf_me2,test_acc_me2,test_conf_me2,val_acc_me3,val_conf_me3,test_acc_me3,test_conf_me3,val_acc_me4,val_conf_me4,test_acc_me4,test_conf_me4,val_acc_me5,val_conf_me5,test_acc_me5,test_conf_me5,val_acc_me6,val_conf_me6,test_acc_me6,test_conf_me6,val_acc_me7,val_conf_me7,test_acc_me7,test_conf_me7,val_acc_me8,val_conf_me8,test_acc_me8,test_conf_me8,val_acc_me9,val_conf_me9,test_acc_me9,test_conf_me9,val_acc_med,val_conf_med,test_acc_med,test_conf_med,val_acc_maj,val_conf_maj,test_acc_maj,test_conf_maj,val_acc_lin,val_conf_lin,test_acc_lin,test_conf_lin,val_nld,val_conf_nld,test_nld,test_conf_nld,val_mse,val_conf_mse,test_mse,test_conf_mse,val_svm,val_conf_svm,test_svm,test_conf_svm,val_mvm,val_conf_mvm,test_mvm,test_conf_mvm
0,5,0.27298668,0.004998683987549324,0.30518672,0.006172471060914564,0.27297336,0.0049849856482075405,0.30488,0.0061597974186803905,0.27298668,0.005005244080884319,0.3047067,0.006164087847173649,0.27284002,0.0050216955721663625,0.30456007,0.006180570277935726,0.27286667,0.005021841495684132,0.30473337,0.006169108816822477,0.27309334,0.005037668194182721,0.30456004,0.006151190240046622,0.27293336,0.005040071776176824,0.30460003,0.006147962836673515,0.27288002,0.005018305621077246,0.30481336,0.00613943416119811,0.27281335,0.00502685553858373,0.30469337,0.0061052899051661225,0.27218667,0.005028223802454768,0.30502668,0.006108412021950449,0.2717867,0.005033383307088857,0.30473334,0.006129867396899802,0.27442667,0.004893780678883075,0.30744004,0.006113935873595766,0.26632005,0.004612761999514603,0.29388005,0.00558332379091353,26.887135,0.04259832580001088,26.465921,0.03735936488690683,0.27227378,0.0013749762373859165,0.26444992,0.0016020645168995373,,,,,,,,
