,shots,val_acc,val_conf,test_acc,test_conf,val_acc_me1,val_conf_me1,test_acc_me1,test_conf_me1,val_acc_me2,val_conf_me2,test_acc_me2,test_conf_me2,val_acc_me3,val_conf_me3,test_acc_me3,test_conf_me3,val_acc_me4,val_conf_me4,test_acc_me4,test_conf_me4,val_acc_me5,val_conf_me5,test_acc_me5,test_conf_me5,val_acc_me6,val_conf_me6,test_acc_me6,test_conf_me6,val_acc_me7,val_conf_me7,test_acc_me7,test_conf_me7,val_acc_me8,val_conf_me8,test_acc_me8,test_conf_me8,val_acc_me9,val_conf_me9,test_acc_me9,test_conf_me9,val_acc_med,val_conf_med,test_acc_med,test_conf_med,val_acc_maj,val_conf_maj,test_acc_maj,test_conf_maj,val_acc_lin,val_conf_lin,test_acc_lin,test_conf_lin,val_nld,val_conf_nld,test_nld,test_conf_nld,val_mse,val_conf_mse,test_mse,test_conf_mse,val_svm,val_conf_svm,test_svm,test_conf_svm,val_mvm,val_conf_mvm,test_mvm,test_conf_mvm
0,5,0.48757336,0.006055330495217726,0.51669335,0.00621495419949214,0.48782673,0.006054148330010223,0.51692003,0.0062263362338805806,0.48782673,0.006037866774976752,0.5172267,0.006243609699408403,0.48800004,0.006050283665704925,0.51780003,0.0062323786681539595,0.48816004,0.006027726014056267,0.5183067,0.006230574019079449,0.48857337,0.006012856592305771,0.51835996,0.006230848318350191,0.48852003,0.0060082572307954,0.5185867,0.006232213349738225,0.48817334,0.005973256828554596,0.5186134,0.006240458028493934,0.48798668,0.005985431283058562,0.51846665,0.006245855813302725,0.48796,0.005993671343981433,0.5184533,0.006247430032518375,0.48789337,0.0060022729812157505,0.51808006,0.006264842956598127,0.4883867,0.0059717763513454925,0.51516,0.006153089554694402,0.48380002,0.0058227270224953664,0.51060003,0.005953812058024477,4.863529,0.012605366652072902,4.7307515,0.01010858478482568,0.21331064,0.0009262345212759648,0.20727138,0.0009954726906637734,,,,,,,,
