,shots,val_acc,val_conf,test_acc,test_conf,val_acc_me1,val_conf_me1,test_acc_me1,test_conf_me1,val_acc_me2,val_conf_me2,test_acc_me2,test_conf_me2,val_acc_me3,val_conf_me3,test_acc_me3,test_conf_me3,val_acc_me4,val_conf_me4,test_acc_me4,test_conf_me4,val_acc_me5,val_conf_me5,test_acc_me5,test_conf_me5,val_acc_me6,val_conf_me6,test_acc_me6,test_conf_me6,val_acc_me7,val_conf_me7,test_acc_me7,test_conf_me7,val_acc_me8,val_conf_me8,test_acc_me8,test_conf_me8,val_acc_me9,val_conf_me9,test_acc_me9,test_conf_me9,val_acc_med,val_conf_med,test_acc_med,test_conf_med,val_acc_maj,val_conf_maj,test_acc_maj,test_conf_maj,val_acc_lin,val_conf_lin,test_acc_lin,test_conf_lin,val_nld,val_conf_nld,test_nld,test_conf_nld,val_mse,val_conf_mse,test_mse,test_conf_mse,val_svm,val_conf_svm,test_svm,test_conf_svm,val_mvm,val_conf_mvm,test_mvm,test_conf_mvm
0,5,0.39509338,0.005936023704134763,0.43582672,0.006672851115548384,0.39545336,0.005944432315956316,0.4359067,0.006685016796170007,0.39548004,0.005964830668968191,0.4364667,0.006652625007701474,0.3956134,0.005950526469957584,0.43640006,0.006623807421852479,0.39574674,0.005954688522697871,0.4366267,0.006633702052282531,0.39573336,0.005958037375074721,0.43644002,0.006657808986849645,0.39568004,0.005970154568451458,0.43668002,0.006657361518847271,0.3954934,0.005994079560404653,0.43669337,0.006634294982019395,0.3954667,0.0060233552352715325,0.4368667,0.006631680826847675,0.3953067,0.006030483783829366,0.4369067,0.006611570164821834,0.39568,0.006052600894224935,0.43716004,0.006622389747170054,0.39589337,0.005766178888648332,0.4356134,0.0065892290895334105,0.3895867,0.005643345920407439,0.42470673,0.006224565294985773,5.0852814,0.014569128698594724,4.9495654,0.01176542257151958,0.22948626,0.0008698155713026678,0.22285715,0.0010292441721395929,,,,,,,,
