,shots,val_acc,val_conf,test_acc,test_conf,val_acc_me1,val_conf_me1,test_acc_me1,test_conf_me1,val_acc_me2,val_conf_me2,test_acc_me2,test_conf_me2,val_acc_me3,val_conf_me3,test_acc_me3,test_conf_me3,val_acc_me4,val_conf_me4,test_acc_me4,test_conf_me4,val_acc_me5,val_conf_me5,test_acc_me5,test_conf_me5,val_acc_me6,val_conf_me6,test_acc_me6,test_conf_me6,val_acc_me7,val_conf_me7,test_acc_me7,test_conf_me7,val_acc_me8,val_conf_me8,test_acc_me8,test_conf_me8,val_acc_me9,val_conf_me9,test_acc_me9,test_conf_me9,val_acc_med,val_conf_med,test_acc_med,test_conf_med,val_acc_maj,val_conf_maj,test_acc_maj,test_conf_maj,val_acc_lin,val_conf_lin,test_acc_lin,test_conf_lin,val_nld,val_conf_nld,test_nld,test_conf_nld,val_mse,val_conf_mse,test_mse,test_conf_mse,val_svm,val_conf_svm,test_svm,test_conf_svm,val_mvm,val_conf_mvm,test_mvm,test_conf_mvm
0,5,0.58768004,0.00757294801026509,0.5891733,0.007523791179664507,0.58812004,0.00760478658235908,0.5898934,0.007540616715406734,0.5888534,0.0075864256171970235,0.5903334,0.007549674594525935,0.5891868,0.007616021769663139,0.59080005,0.007560556055834167,0.58972,0.00763964937318129,0.5914667,0.007561572902625935,0.5899601,0.007695524688783206,0.5917734,0.007587200951331141,0.5903734,0.007706298092803099,0.59234667,0.007595314945417431,0.5904134,0.007701298826968572,0.59282666,0.007603772044483814,0.59076005,0.007715431242597548,0.5932267,0.007635414358682091,0.5910134,0.007721142578256179,0.5935334,0.007657757281103628,0.5911867,0.007739728431877757,0.5936934,0.007668529299773574,0.58804005,0.007488351159737228,0.5915067,0.0073206379358905505,0.5706001,0.007294150970276747,0.5732134,0.007079365867357579,4.6300416,0.012416666301527712,4.582551,0.01177227266475711,0.19727674,0.001210762060929238,0.1971603,0.001199917311392018,,,,,,,,
