,shots,val_acc,val_conf,test_acc,test_conf,val_acc_me1,val_conf_me1,test_acc_me1,test_conf_me1,val_acc_me2,val_conf_me2,test_acc_me2,test_conf_me2,val_acc_me3,val_conf_me3,test_acc_me3,test_conf_me3,val_acc_me4,val_conf_me4,test_acc_me4,test_conf_me4,val_acc_me5,val_conf_me5,test_acc_me5,test_conf_me5,val_acc_me6,val_conf_me6,test_acc_me6,test_conf_me6,val_acc_me7,val_conf_me7,test_acc_me7,test_conf_me7,val_acc_me8,val_conf_me8,test_acc_me8,test_conf_me8,val_acc_me9,val_conf_me9,test_acc_me9,test_conf_me9,val_acc_med,val_conf_med,test_acc_med,test_conf_med,val_acc_maj,val_conf_maj,test_acc_maj,test_conf_maj,val_acc_lin,val_conf_lin,test_acc_lin,test_conf_lin,val_nld,val_conf_nld,test_nld,test_conf_nld,val_mse,val_conf_mse,test_mse,test_conf_mse,val_svm,val_conf_svm,test_svm,test_conf_svm,val_mvm,val_conf_mvm,test_mvm,test_conf_mvm
0,5,0.38333338,0.008287374314563334,0.4127867,0.008649337600465101,0.3832267,0.008280273934785809,0.41225335,0.008623102768524515,0.3831467,0.008315405483479366,0.4118267,0.008659326896468422,0.38302672,0.008336184807700708,0.4113067,0.008701485863180536,0.38269335,0.008346459485773616,0.41101336,0.008748997821722782,0.3822,0.008365749097120179,0.4106267,0.008765471478602516,0.38158667,0.008372082916645984,0.41005337,0.008784701058122124,0.38065338,0.008419947677617334,0.4091067,0.008776800869696455,0.37997335,0.00843107942546567,0.40792003,0.008776047239376694,0.37896,0.008432454616085994,0.4069067,0.008771781285397462,0.37853336,0.008418254780097556,0.40624002,0.008776429595935997,0.3843067,0.008125609782983378,0.4121867,0.008511960767689064,0.38406667,0.007730930998530894,0.40664002,0.008238996974146484,5.7843122,0.02162578591116926,5.981321,0.02295939202313857,0.23014382,0.0015353065855309989,0.22583649,0.0015971273609167447,,,,,,,,
