,shots,val_acc,val_conf,test_acc,test_conf,val_acc_me1,val_conf_me1,test_acc_me1,test_conf_me1,val_acc_me2,val_conf_me2,test_acc_me2,test_conf_me2,val_acc_me3,val_conf_me3,test_acc_me3,test_conf_me3,val_acc_me4,val_conf_me4,test_acc_me4,test_conf_me4,val_acc_me5,val_conf_me5,test_acc_me5,test_conf_me5,val_acc_me6,val_conf_me6,test_acc_me6,test_conf_me6,val_acc_me7,val_conf_me7,test_acc_me7,test_conf_me7,val_acc_me8,val_conf_me8,test_acc_me8,test_conf_me8,val_acc_me9,val_conf_me9,test_acc_me9,test_conf_me9,val_acc_med,val_conf_med,test_acc_med,test_conf_med,val_acc_maj,val_conf_maj,test_acc_maj,test_conf_maj,val_acc_lin,val_conf_lin,test_acc_lin,test_conf_lin,val_nld,val_conf_nld,test_nld,test_conf_nld,val_mse,val_conf_mse,test_mse,test_conf_mse,val_svm,val_conf_svm,test_svm,test_conf_svm,val_mvm,val_conf_mvm,test_mvm,test_conf_mvm
0,5,0.37753338,0.005499588627993934,0.41517338,0.006088070930065748,0.37770674,0.005519356646822904,0.41540003,0.00610690660844404,0.3780934,0.005523513158163795,0.41556007,0.006105906847633791,0.37826672,0.005520265898109444,0.4161467,0.006116945777042027,0.3782934,0.005509762175527622,0.4162534,0.006119211285834147,0.3783867,0.0055222635725968305,0.4162534,0.0061085893467315855,0.3779867,0.005518290851003027,0.4165067,0.00610076858503078,0.37814674,0.0055134250405377005,0.41629338,0.00610554896558857,0.37788007,0.0055025052512167605,0.41620004,0.006122547208279039,0.3777334,0.0055203905795961905,0.4161734,0.006143773076936199,0.37749335,0.005507344278251669,0.41605338,0.006152043153772491,0.37982672,0.005499094981663122,0.4145467,0.006016673231149516,0.37000006,0.005333481486409608,0.4044134,0.005837950170241524,5.201431,0.01426617023361132,5.034165,0.013115799728803168,0.23312122,0.0008745863121344122,0.22635089,0.0009628240352434481,,,,,,,,
