,shots,val_acc,val_conf,test_acc,test_conf,val_acc_me1,val_conf_me1,test_acc_me1,test_conf_me1,val_acc_me2,val_conf_me2,test_acc_me2,test_conf_me2,val_acc_me3,val_conf_me3,test_acc_me3,test_conf_me3,val_acc_me4,val_conf_me4,test_acc_me4,test_conf_me4,val_acc_me5,val_conf_me5,test_acc_me5,test_conf_me5,val_acc_me6,val_conf_me6,test_acc_me6,test_conf_me6,val_acc_me7,val_conf_me7,test_acc_me7,test_conf_me7,val_acc_me8,val_conf_me8,test_acc_me8,test_conf_me8,val_acc_me9,val_conf_me9,test_acc_me9,test_conf_me9,val_acc_med,val_conf_med,test_acc_med,test_conf_med,val_acc_maj,val_conf_maj,test_acc_maj,test_conf_maj,val_acc_lin,val_conf_lin,test_acc_lin,test_conf_lin,val_nld,val_conf_nld,test_nld,test_conf_nld,val_mse,val_conf_mse,test_mse,test_conf_mse,val_svm,val_conf_svm,test_svm,test_conf_svm,val_mvm,val_conf_mvm,test_mvm,test_conf_mvm
0,5,0.4528134,0.005119228819617128,0.46173337,0.005109044651067929,0.45414674,0.005182653830132111,0.4623067,0.005131539500189963,0.45422667,0.005194197488669949,0.46312004,0.0050820885136374505,0.45469335,0.005249383823611953,0.4636534,0.005116921288546128,0.45458674,0.0052170903949829706,0.46492004,0.005101863459215705,0.4546134,0.005228845088481648,0.4657467,0.0051131332802660245,0.45358667,0.005287728460396768,0.46605334,0.005148550211029168,0.45166668,0.005304942817664249,0.46572003,0.005193898253101792,0.44997337,0.005320712716818887,0.46490666,0.005251270208327774,0.4480667,0.0053768503253262545,0.46412003,0.005250876307186403,0.44625336,0.005422809768467152,0.46250668,0.0053341963269334935,0.45392004,0.005178746681764712,0.46260002,0.005029676572666786,0.45006672,0.005028384964820942,0.46077335,0.005134906362114888,10.762572,0.01251249095082585,10.916482,0.016416831675870824,0.21839352,0.0009731475468986728,0.21350119,0.0011319207618095128,,,,,,,,
