,shots,val_acc,val_conf,test_acc,test_conf,val_acc_me1,val_conf_me1,test_acc_me1,test_conf_me1,val_acc_me2,val_conf_me2,test_acc_me2,test_conf_me2,val_acc_me3,val_conf_me3,test_acc_me3,test_conf_me3,val_acc_me4,val_conf_me4,test_acc_me4,test_conf_me4,val_acc_me5,val_conf_me5,test_acc_me5,test_conf_me5,val_acc_me6,val_conf_me6,test_acc_me6,test_conf_me6,val_acc_me7,val_conf_me7,test_acc_me7,test_conf_me7,val_acc_me8,val_conf_me8,test_acc_me8,test_conf_me8,val_acc_me9,val_conf_me9,test_acc_me9,test_conf_me9,val_acc_med,val_conf_med,test_acc_med,test_conf_med,val_acc_maj,val_conf_maj,test_acc_maj,test_conf_maj,val_acc_lin,val_conf_lin,test_acc_lin,test_conf_lin,val_nld,val_conf_nld,test_nld,test_conf_nld,val_mse,val_conf_mse,test_mse,test_conf_mse,val_svm,val_conf_svm,test_svm,test_conf_svm,val_mvm,val_conf_mvm,test_mvm,test_conf_mvm
0,5,0.22530667,0.004009425052757393,0.26432002,0.005449719265785913,0.22512002,0.003978869776410043,0.26510668,0.005515447189539113,0.22498667,0.003973503854647925,0.2661867,0.00556366152045662,0.22572002,0.0039609110244884504,0.26692,0.005558740295997122,0.22564003,0.003954615994758576,0.26692003,0.005588667085294707,0.22562668,0.003982765841978653,0.26629338,0.005623455067224836,0.22576001,0.003922184031144332,0.26702666,0.005672056372534484,0.22506669,0.003935601144466061,0.26704,0.005715694892889089,0.22488001,0.00398483601644159,0.2653067,0.005716674797018095,0.22436002,0.003987838993138593,0.26413333,0.00572983146456757,0.22409335,0.003997827365575329,0.26272002,0.0057023535120259705,0.2266267,0.004042822605218849,0.26668,0.0053737997849510055,0.2267067,0.0038918804266868667,0.26589337,0.005531618840150909,10.305871,0.017356207856739303,10.294993,0.017011002686219356,0.2608186,0.0007463015881634116,0.25350055,0.0009884169884190608,,,,,,,,
