,shots,val_acc,val_conf,test_acc,test_conf,val_acc_me1,val_conf_me1,test_acc_me1,test_conf_me1,val_acc_me2,val_conf_me2,test_acc_me2,test_conf_me2,val_acc_me3,val_conf_me3,test_acc_me3,test_conf_me3,val_acc_me4,val_conf_me4,test_acc_me4,test_conf_me4,val_acc_me5,val_conf_me5,test_acc_me5,test_conf_me5,val_acc_me6,val_conf_me6,test_acc_me6,test_conf_me6,val_acc_me7,val_conf_me7,test_acc_me7,test_conf_me7,val_acc_me8,val_conf_me8,test_acc_me8,test_conf_me8,val_acc_me9,val_conf_me9,test_acc_me9,test_conf_me9,val_acc_med,val_conf_med,test_acc_med,test_conf_med,val_acc_maj,val_conf_maj,test_acc_maj,test_conf_maj,val_acc_lin,val_conf_lin,test_acc_lin,test_conf_lin,val_nld,val_conf_nld,test_nld,test_conf_nld,val_mse,val_conf_mse,test_mse,test_conf_mse,val_svm,val_conf_svm,test_svm,test_conf_svm,val_mvm,val_conf_mvm,test_mvm,test_conf_mvm
0,5,0.36900005,0.007104546448060467,0.40568006,0.008230468760454357,0.36894673,0.00711192205067529,0.40566668,0.008247637862960011,0.36889338,0.007121496665289384,0.40552002,0.008251541778844407,0.36905333,0.007131944973877147,0.40552002,0.008280816991928008,0.36901337,0.007153529648146084,0.40529338,0.008276968490037673,0.36893335,0.007178241518815465,0.40533337,0.00828359877443191,0.36856002,0.007175133255529709,0.4050667,0.0082847375320107,0.36866668,0.007190725368119877,0.40524006,0.008286757372095666,0.3687467,0.007204599646892962,0.40485334,0.008298502368145388,0.3684667,0.00721020107813003,0.40445337,0.00830002348228348,0.3681067,0.007241447644053767,0.40436003,0.008313915770604585,0.3700667,0.007041608157126955,0.4082267,0.00816943394021824,0.35808003,0.006819391575815625,0.39258674,0.007797401931588288,22.716726,0.02452457875785541,22.895836,0.02826306355142094,0.23749998,0.0014704610141880736,0.22947797,0.0017087242182871054,,,,,,,,
