,shots,val_acc,val_conf,test_acc,test_conf,val_acc_me1,val_conf_me1,test_acc_me1,test_conf_me1,val_acc_me2,val_conf_me2,test_acc_me2,test_conf_me2,val_acc_me3,val_conf_me3,test_acc_me3,test_conf_me3,val_acc_me4,val_conf_me4,test_acc_me4,test_conf_me4,val_acc_me5,val_conf_me5,test_acc_me5,test_conf_me5,val_acc_me6,val_conf_me6,test_acc_me6,test_conf_me6,val_acc_me7,val_conf_me7,test_acc_me7,test_conf_me7,val_acc_me8,val_conf_me8,test_acc_me8,test_conf_me8,val_acc_me9,val_conf_me9,test_acc_me9,test_conf_me9,val_acc_med,val_conf_med,test_acc_med,test_conf_med,val_acc_maj,val_conf_maj,test_acc_maj,test_conf_maj,val_acc_lin,val_conf_lin,test_acc_lin,test_conf_lin,val_nld,val_conf_nld,test_nld,test_conf_nld,val_mse,val_conf_mse,test_mse,test_conf_mse,val_svm,val_conf_svm,test_svm,test_conf_svm,val_mvm,val_conf_mvm,test_mvm,test_conf_mvm
0,5,0.39157337,0.005681949155831367,0.4305467,0.006446142306448521,0.39182672,0.005682229458284893,0.43090668,0.0064503066681052545,0.39193338,0.0056920705218539425,0.43136,0.0064763895733453425,0.39169335,0.005716990195001215,0.43164006,0.006494402353911188,0.39188004,0.005727100016441666,0.4320267,0.006507889658292132,0.39176005,0.005742712909279635,0.43253335,0.006490639743711724,0.39134675,0.005741148849296163,0.43265337,0.006482366896175706,0.3913734,0.005751058718574564,0.43284002,0.006500859931357128,0.39101335,0.005781368787998009,0.4330267,0.006498801301476231,0.39088008,0.005796272843494765,0.43304005,0.006524943314976717,0.39096,0.00578081326270713,0.43340003,0.006540454153708908,0.39389336,0.00569094515599039,0.4318667,0.006374992123372558,0.38857338,0.005545437704929879,0.4215467,0.006234066486057677,5.1743665,0.014843911918276831,5.008859,0.012477589370208264,0.23030588,0.0008716900650989623,0.2232095,0.0010121129358632297,,,,,,,,
