,shots,val_acc,val_conf,test_acc,test_conf,val_acc_me1,val_conf_me1,test_acc_me1,test_conf_me1,val_acc_me2,val_conf_me2,test_acc_me2,test_conf_me2,val_acc_me3,val_conf_me3,test_acc_me3,test_conf_me3,val_acc_me4,val_conf_me4,test_acc_me4,test_conf_me4,val_acc_me5,val_conf_me5,test_acc_me5,test_conf_me5,val_acc_me6,val_conf_me6,test_acc_me6,test_conf_me6,val_acc_me7,val_conf_me7,test_acc_me7,test_conf_me7,val_acc_me8,val_conf_me8,test_acc_me8,test_conf_me8,val_acc_me9,val_conf_me9,test_acc_me9,test_conf_me9,val_acc_med,val_conf_med,test_acc_med,test_conf_med,val_acc_maj,val_conf_maj,test_acc_maj,test_conf_maj,val_acc_lin,val_conf_lin,test_acc_lin,test_conf_lin,val_nld,val_conf_nld,test_nld,test_conf_nld,val_mse,val_conf_mse,test_mse,test_conf_mse,val_svm,val_conf_svm,test_svm,test_conf_svm,val_mvm,val_conf_mvm,test_mvm,test_conf_mvm
0,5,0.5084267,0.00728747496933746,0.5091067,0.00714906004773852,0.50957334,0.007302089486715069,0.51004004,0.0071972577544578975,0.51008004,0.007309107207284615,0.51073337,0.007229147584496443,0.51076007,0.0073091205989999075,0.5114267,0.007253672432935732,0.5111734,0.007357733910674957,0.51270664,0.0073111325887690315,0.51150674,0.007375248888860431,0.5135334,0.00734397138345666,0.51192003,0.007378841101028044,0.51432,0.007369096088382099,0.51225334,0.007391368819744448,0.5146,0.007394768930065854,0.5123067,0.0074306010040015025,0.5146267,0.007423722280200384,0.51220006,0.007442583818442539,0.51489335,0.007476195638347782,0.5123067,0.0074805728820985795,0.51493335,0.007490870187552345,0.51112,0.007249943994699359,0.5119867,0.007076510661311541,0.49294668,0.006770037563752718,0.4954,0.0068466889710930845,5.811148,0.014420947060535205,5.829049,0.014938212682737984,0.20851472,0.0013171627018944143,0.2072703,0.0013283734146843362,,,,,,,,
