,shots,val_acc,val_conf,test_acc,test_conf,val_acc_me1,val_conf_me1,test_acc_me1,test_conf_me1,val_acc_me2,val_conf_me2,test_acc_me2,test_conf_me2,val_acc_me3,val_conf_me3,test_acc_me3,test_conf_me3,val_acc_me4,val_conf_me4,test_acc_me4,test_conf_me4,val_acc_me5,val_conf_me5,test_acc_me5,test_conf_me5,val_acc_me6,val_conf_me6,test_acc_me6,test_conf_me6,val_acc_me7,val_conf_me7,test_acc_me7,test_conf_me7,val_acc_me8,val_conf_me8,test_acc_me8,test_conf_me8,val_acc_me9,val_conf_me9,test_acc_me9,test_conf_me9,val_acc_med,val_conf_med,test_acc_med,test_conf_med,val_acc_maj,val_conf_maj,test_acc_maj,test_conf_maj,val_acc_lin,val_conf_lin,test_acc_lin,test_conf_lin,val_nld,val_conf_nld,test_nld,test_conf_nld,val_mse,val_conf_mse,test_mse,test_conf_mse,val_svm,val_conf_svm,test_svm,test_conf_svm,val_mvm,val_conf_mvm,test_mvm,test_conf_mvm
0,5,0.28582668,0.005295698839881624,0.30845338,0.005954964669101781,0.28581336,0.005289232026770008,0.3084267,0.005934987000661807,0.28576002,0.00524819750235489,0.30801338,0.005928891461310648,0.28565335,0.005230115916079692,0.30778667,0.005916550303041057,0.2857467,0.005236713413860727,0.3076267,0.005929584598020232,0.28588,0.0052391460882017515,0.30753335,0.005935344420923749,0.28606668,0.005228399929395722,0.30732,0.005944655357282558,0.28593335,0.005220484040338369,0.30740002,0.005949332298384735,0.28593335,0.005210390843096102,0.30714667,0.005977917145458478,0.28582668,0.005207966942637476,0.3071467,0.005990939434072251,0.28576002,0.005216318293331801,0.3070267,0.005980178959984372,0.2877867,0.0052270252005587325,0.30957335,0.0058688430101696,0.28305334,0.005127440249976356,0.30541337,0.005613231647096484,5.218094,0.01623424625957348,5.0824656,0.013369022286947363,0.24871579,0.0008471303520217188,0.24460799,0.0009567551061540891,,,,,,,,
