,shots,val_acc,val_conf,test_acc,test_conf,val_acc_me1,val_conf_me1,test_acc_me1,test_conf_me1,val_acc_me2,val_conf_me2,test_acc_me2,test_conf_me2,val_acc_me3,val_conf_me3,test_acc_me3,test_conf_me3,val_acc_me4,val_conf_me4,test_acc_me4,test_conf_me4,val_acc_me5,val_conf_me5,test_acc_me5,test_conf_me5,val_acc_me6,val_conf_me6,test_acc_me6,test_conf_me6,val_acc_me7,val_conf_me7,test_acc_me7,test_conf_me7,val_acc_me8,val_conf_me8,test_acc_me8,test_conf_me8,val_acc_me9,val_conf_me9,test_acc_me9,test_conf_me9,val_acc_med,val_conf_med,test_acc_med,test_conf_med,val_acc_maj,val_conf_maj,test_acc_maj,test_conf_maj,val_acc_lin,val_conf_lin,test_acc_lin,test_conf_lin,val_nld,val_conf_nld,test_nld,test_conf_nld,val_mse,val_conf_mse,test_mse,test_conf_mse,val_svm,val_conf_svm,test_svm,test_conf_svm,val_mvm,val_conf_mvm,test_mvm,test_conf_mvm
0,5,0.3972934,0.0062065502055034805,0.43380004,0.006445529981813747,0.3974134,0.006219455201163071,0.43434668,0.0064520729891672235,0.3979867,0.00621636771812506,0.43452004,0.006457361331337619,0.3982267,0.006207404504579184,0.43473336,0.00647675253500668,0.3985467,0.006203869091755576,0.43469337,0.006503959882543764,0.39864,0.00622468674398946,0.43482673,0.006496696031483673,0.39864004,0.006228858494178702,0.4351067,0.006501474564908349,0.39861336,0.006243086960730726,0.43536004,0.006504028226469838,0.39838672,0.006271010995924864,0.43534672,0.006518007791831704,0.3984134,0.006274306281440767,0.4352,0.0065342020698244685,0.3986667,0.006280250817657929,0.43504003,0.0065304985678853456,0.39814672,0.006218648003982308,0.4356267,0.006281470387311472,0.39304003,0.006069095793135693,0.42609337,0.006103781720959989,5.069905,0.013993544465432883,4.9188075,0.011626431344382127,0.22944126,0.0009404751673620926,0.22270636,0.0009810532767237368,,,,,,,,
