,shots,val_acc,val_conf,test_acc,test_conf,val_acc_me1,val_conf_me1,test_acc_me1,test_conf_me1,val_acc_me2,val_conf_me2,test_acc_me2,test_conf_me2,val_acc_me3,val_conf_me3,test_acc_me3,test_conf_me3,val_acc_me4,val_conf_me4,test_acc_me4,test_conf_me4,val_acc_me5,val_conf_me5,test_acc_me5,test_conf_me5,val_acc_me6,val_conf_me6,test_acc_me6,test_conf_me6,val_acc_me7,val_conf_me7,test_acc_me7,test_conf_me7,val_acc_me8,val_conf_me8,test_acc_me8,test_conf_me8,val_acc_me9,val_conf_me9,test_acc_me9,test_conf_me9,val_acc_med,val_conf_med,test_acc_med,test_conf_med,val_acc_maj,val_conf_maj,test_acc_maj,test_conf_maj,val_acc_lin,val_conf_lin,test_acc_lin,test_conf_lin,val_nld,val_conf_nld,test_nld,test_conf_nld,val_mse,val_conf_mse,test_mse,test_conf_mse,val_svm,val_conf_svm,test_svm,test_conf_svm,val_mvm,val_conf_mvm,test_mvm,test_conf_mvm
0,5,0.38256004,0.007497417350955438,0.39704004,0.007490008961727357,0.38281336,0.007491504216001532,0.39701337,0.007482023805177429,0.38257337,0.007519433330811787,0.3971467,0.007495277447216564,0.38304004,0.007525488233233901,0.39733338,0.007510939289082641,0.38329336,0.007532796415489262,0.39724004,0.007549347190177413,0.38312006,0.007556275324789918,0.39728004,0.007573857723334909,0.38345337,0.00756602541705198,0.3974934,0.007595591091821341,0.38301337,0.007592632446319636,0.39784002,0.007632451557130826,0.38310668,0.00759248836993498,0.39761335,0.007628115412092407,0.3833067,0.0076013416790591815,0.39768004,0.007624295078982435,0.38281336,0.0075923877011790375,0.39764008,0.007646854577764262,0.38720006,0.007528684697126975,0.40076005,0.007486130905706878,0.3757067,0.007020380441336682,0.38957337,0.00723843266099139,4.698204,0.012497016592973864,4.708248,0.012379976696032635,0.23234385,0.001155376697391769,0.22974554,0.0012004445524567142,,,,,,,,
