,shots,val_acc,val_conf,test_acc,test_conf,val_acc_me1,val_conf_me1,test_acc_me1,test_conf_me1,val_acc_me2,val_conf_me2,test_acc_me2,test_conf_me2,val_acc_me3,val_conf_me3,test_acc_me3,test_conf_me3,val_acc_me4,val_conf_me4,test_acc_me4,test_conf_me4,val_acc_me5,val_conf_me5,test_acc_me5,test_conf_me5,val_acc_me6,val_conf_me6,test_acc_me6,test_conf_me6,val_acc_me7,val_conf_me7,test_acc_me7,test_conf_me7,val_acc_me8,val_conf_me8,test_acc_me8,test_conf_me8,val_acc_me9,val_conf_me9,test_acc_me9,test_conf_me9,val_acc_med,val_conf_med,test_acc_med,test_conf_med,val_acc_maj,val_conf_maj,test_acc_maj,test_conf_maj,val_acc_lin,val_conf_lin,test_acc_lin,test_conf_lin,val_nld,val_conf_nld,test_nld,test_conf_nld,val_mse,val_conf_mse,test_mse,test_conf_mse,val_svm,val_conf_svm,test_svm,test_conf_svm,val_mvm,val_conf_mvm,test_mvm,test_conf_mvm
0,5,0.83413345,0.004119656416956441,0.8243868,0.004352317150805973,0.83442676,0.004115744650756148,0.8241601,0.004348616419566631,0.8344401,0.004118885700655106,0.8239068,0.004358155476867909,0.83438677,0.004114622517375599,0.8235868,0.004359997068605126,0.83408016,0.004109892932979142,0.8235068,0.004356639904129156,0.8337068,0.004122709728031415,0.8234668,0.004356135174999554,0.8337468,0.004105913746419332,0.8232135,0.004355626751603725,0.8335868,0.004102632776185278,0.8230267,0.00436178694061462,0.8338535,0.004091022159071311,0.8226801,0.004390461835428794,0.83362675,0.00407906012487802,0.8221601,0.004381902220473299,0.8334801,0.004087294182618106,0.8219868,0.004368781110236752,0.8330135,0.004069992086526586,0.82406676,0.004273638976631466,0.82480013,0.004193664576778167,0.8154934,0.004256872549149526,24.493666,0.03508014297833384,24.345081,0.03471509036226195,0.11636833,0.001157819300073415,0.12006085,0.0011298371956313114,,,,,,,,
