,shots,val_acc,val_conf,test_acc,test_conf,val_acc_me1,val_conf_me1,test_acc_me1,test_conf_me1,val_acc_me2,val_conf_me2,test_acc_me2,test_conf_me2,val_acc_me3,val_conf_me3,test_acc_me3,test_conf_me3,val_acc_me4,val_conf_me4,test_acc_me4,test_conf_me4,val_acc_me5,val_conf_me5,test_acc_me5,test_conf_me5,val_acc_me6,val_conf_me6,test_acc_me6,test_conf_me6,val_acc_me7,val_conf_me7,test_acc_me7,test_conf_me7,val_acc_me8,val_conf_me8,test_acc_me8,test_conf_me8,val_acc_me9,val_conf_me9,test_acc_me9,test_conf_me9,val_acc_med,val_conf_med,test_acc_med,test_conf_med,val_acc_maj,val_conf_maj,test_acc_maj,test_conf_maj,val_acc_lin,val_conf_lin,test_acc_lin,test_conf_lin,val_nld,val_conf_nld,test_nld,test_conf_nld,val_mse,val_conf_mse,test_mse,test_conf_mse,val_svm,val_conf_svm,test_svm,test_conf_svm,val_mvm,val_conf_mvm,test_mvm,test_conf_mvm
0,5,0.5471334,0.007771887481570983,0.5944933,0.007870335059924405,0.54742664,0.007780940281074011,0.5948934,0.007867636398411704,0.54792005,0.007779596491717,0.5951334,0.00789086502117231,0.5486267,0.00779181158315001,0.5954401,0.007893518427923185,0.5489734,0.007780295631609313,0.59549344,0.007902550908961636,0.5494534,0.007808635271759123,0.59564006,0.007913629089949081,0.5497867,0.007824811540203869,0.5955867,0.007930601472775689,0.55013335,0.007826957908908638,0.5958667,0.007932345166456689,0.5504133,0.00784116605699614,0.59574676,0.007916530012540224,0.5504267,0.007857209331854964,0.5957867,0.007911127148115371,0.5505467,0.007872934899814332,0.59549344,0.007915861350344722,0.54736006,0.007689006155943812,0.59569335,0.0077320665236266795,0.5359733,0.007587492798366791,0.5812667,0.007577133152169568,4.320295,0.00933252010953911,4.3856745,0.010409319301512454,0.20430797,0.0012452822085545212,0.19753158,0.00124313537806639,,,,,,,,
