,shots,val_acc,val_conf,test_acc,test_conf,val_acc_me1,val_conf_me1,test_acc_me1,test_conf_me1,val_acc_me2,val_conf_me2,test_acc_me2,test_conf_me2,val_acc_me3,val_conf_me3,test_acc_me3,test_conf_me3,val_acc_me4,val_conf_me4,test_acc_me4,test_conf_me4,val_acc_me5,val_conf_me5,test_acc_me5,test_conf_me5,val_acc_me6,val_conf_me6,test_acc_me6,test_conf_me6,val_acc_me7,val_conf_me7,test_acc_me7,test_conf_me7,val_acc_me8,val_conf_me8,test_acc_me8,test_conf_me8,val_acc_me9,val_conf_me9,test_acc_me9,test_conf_me9,val_acc_med,val_conf_med,test_acc_med,test_conf_med,val_acc_maj,val_conf_maj,test_acc_maj,test_conf_maj,val_acc_lin,val_conf_lin,test_acc_lin,test_conf_lin,val_nld,val_conf_nld,test_nld,test_conf_nld,val_mse,val_conf_mse,test_mse,test_conf_mse,val_svm,val_conf_svm,test_svm,test_conf_svm,val_mvm,val_conf_mvm,test_mvm,test_conf_mvm
0,5,0.44972003,0.006168531587717296,0.5087467,0.006689254581368931,0.4503334,0.006204488804922914,0.51034665,0.006704472649498916,0.45104003,0.006226158909099444,0.51185334,0.006709458985401429,0.45148003,0.006260499884810478,0.5119734,0.006725127754016791,0.45229337,0.006283401565005897,0.51256007,0.006744567906714072,0.45221338,0.00632196185458439,0.51368,0.006756147122564782,0.45224005,0.006349278182976537,0.5138667,0.0067607529490411045,0.45225337,0.006378880338625326,0.51336,0.006770230589165482,0.45197335,0.006417619800118124,0.51252,0.006754070021352532,0.45134667,0.006430984731928768,0.51192,0.006766633297381808,0.45144004,0.0064182713763321075,0.5112667,0.006784955934531323,0.45008004,0.006123311459614367,0.51032007,0.006584151782323855,0.45794672,0.006000606867126446,0.5168934,0.006667812598134759,8.411261,0.019206274240863408,8.4676,0.018226538200957876,0.21522601,0.0012355224188434766,0.20098504,0.0014374091065148253,,,,,,,,
