,shots,val_acc,val_conf,test_acc,test_conf,val_acc_me1,val_conf_me1,test_acc_me1,test_conf_me1,val_acc_me2,val_conf_me2,test_acc_me2,test_conf_me2,val_acc_me3,val_conf_me3,test_acc_me3,test_conf_me3,val_acc_me4,val_conf_me4,test_acc_me4,test_conf_me4,val_acc_me5,val_conf_me5,test_acc_me5,test_conf_me5,val_acc_me6,val_conf_me6,test_acc_me6,test_conf_me6,val_acc_me7,val_conf_me7,test_acc_me7,test_conf_me7,val_acc_me8,val_conf_me8,test_acc_me8,test_conf_me8,val_acc_me9,val_conf_me9,test_acc_me9,test_conf_me9,val_acc_med,val_conf_med,test_acc_med,test_conf_med,val_acc_maj,val_conf_maj,test_acc_maj,test_conf_maj,val_acc_lin,val_conf_lin,test_acc_lin,test_conf_lin,val_nld,val_conf_nld,test_nld,test_conf_nld,val_mse,val_conf_mse,test_mse,test_conf_mse,val_svm,val_conf_svm,test_svm,test_conf_svm,val_mvm,val_conf_mvm,test_mvm,test_conf_mvm
0,5,0.23692001,0.0036039333818142505,0.24053334,0.0035416300428965375,0.23778668,0.003637991977047006,0.24120001,0.003574436512754242,0.23757336,0.003683596539733991,0.24153335,0.00356465732814526,0.23773335,0.003705082392380127,0.24184002,0.003581988285692006,0.23726667,0.0037026711909617926,0.24201335,0.003572743384342797,0.23670667,0.003725954765933237,0.24138668,0.0035980052389036343,0.23704001,0.0037485200370061256,0.24190667,0.003611788546369732,0.23682669,0.0037545915636264526,0.24258669,0.003658035680496663,0.23534667,0.003759671872427317,0.24262668,0.003711450614760553,0.23493335,0.0037753131649372884,0.24236001,0.0036620799784994607,0.23510669,0.003782974842296699,0.24257334,0.0036153073349951548,0.23750669,0.00360681514039915,0.24282669,0.0036180768802419883,0.24245334,0.003655584996607536,0.2572667,0.004041384150288652,9.874952,0.019481639307484144,9.804553,0.018655874744453627,0.2586533,0.0007268672077572202,0.25478336,0.0007593766355173948,,,,,,,,
