,shots,val_acc,val_conf,test_acc,test_conf,val_acc_me1,val_conf_me1,test_acc_me1,test_conf_me1,val_acc_me2,val_conf_me2,test_acc_me2,test_conf_me2,val_acc_me3,val_conf_me3,test_acc_me3,test_conf_me3,val_acc_me4,val_conf_me4,test_acc_me4,test_conf_me4,val_acc_me5,val_conf_me5,test_acc_me5,test_conf_me5,val_acc_me6,val_conf_me6,test_acc_me6,test_conf_me6,val_acc_me7,val_conf_me7,test_acc_me7,test_conf_me7,val_acc_me8,val_conf_me8,test_acc_me8,test_conf_me8,val_acc_me9,val_conf_me9,test_acc_me9,test_conf_me9,val_acc_med,val_conf_med,test_acc_med,test_conf_med,val_acc_maj,val_conf_maj,test_acc_maj,test_conf_maj,val_acc_lin,val_conf_lin,test_acc_lin,test_conf_lin,val_nld,val_conf_nld,test_nld,test_conf_nld,val_mse,val_conf_mse,test_mse,test_conf_mse,val_svm,val_conf_svm,test_svm,test_conf_svm,val_mvm,val_conf_mvm,test_mvm,test_conf_mvm
0,5,0.6673468,0.006253656256538953,0.66850674,0.00578546018789583,0.66794676,0.006272014912784618,0.6691334,0.005783203914769275,0.66868013,0.00626685817885031,0.6698134,0.005783649073855313,0.66920006,0.0062779589872186126,0.67040014,0.005804137936390896,0.6696134,0.006277646359935218,0.6707601,0.00580126010296389,0.6703201,0.006284000497925435,0.67114675,0.0058078760720762235,0.6708667,0.006264434740174907,0.67110676,0.0058173440147517574,0.67144006,0.006259852926429277,0.6712001,0.005830038437233731,0.67146677,0.0062523443302285875,0.67158675,0.0058535847668937935,0.6714801,0.006266557096148984,0.67164016,0.005856447823255784,0.6712134,0.006254984807047559,0.67197347,0.005850708780600011,0.6682001,0.006218213465911893,0.66925335,0.005700914133529245,0.6522934,0.006153350000466684,0.6524401,0.005828754679703674,4.704259,0.010243398720374941,4.7045617,0.011473465631499202,0.17934756,0.0011403598513278213,0.17892757,0.0010692784739612105,,,,,,,,
