,shots,val_acc,val_conf,test_acc,test_conf,val_acc_me1,val_conf_me1,test_acc_me1,test_conf_me1,val_acc_me2,val_conf_me2,test_acc_me2,test_conf_me2,val_acc_me3,val_conf_me3,test_acc_me3,test_conf_me3,val_acc_me4,val_conf_me4,test_acc_me4,test_conf_me4,val_acc_me5,val_conf_me5,test_acc_me5,test_conf_me5,val_acc_me6,val_conf_me6,test_acc_me6,test_conf_me6,val_acc_me7,val_conf_me7,test_acc_me7,test_conf_me7,val_acc_me8,val_conf_me8,test_acc_me8,test_conf_me8,val_acc_me9,val_conf_me9,test_acc_me9,test_conf_me9,val_acc_med,val_conf_med,test_acc_med,test_conf_med,val_acc_maj,val_conf_maj,test_acc_maj,test_conf_maj,val_acc_lin,val_conf_lin,test_acc_lin,test_conf_lin,val_nld,val_conf_nld,test_nld,test_conf_nld,val_mse,val_conf_mse,test_mse,test_conf_mse,val_svm,val_conf_svm,test_svm,test_conf_svm,val_mvm,val_conf_mvm,test_mvm,test_conf_mvm
0,5,0.6668134,0.006834192191856769,0.72702676,0.006217086252915283,0.66692007,0.006842577252730742,0.7274,0.00621871958039133,0.6672001,0.006836967971177943,0.7277867,0.006204740938596132,0.6674934,0.006843052427730201,0.72817343,0.0062100431342649864,0.6676268,0.0068689099827276,0.72854674,0.006208330380063964,0.66768,0.0069003578861632775,0.72881347,0.006183061136970647,0.6678534,0.006908617803767392,0.72893345,0.006205300158153237,0.6682001,0.00690815740583306,0.7290401,0.0062025026750176515,0.6678801,0.006917697386700783,0.72897345,0.0061817335100285975,0.6678001,0.006896073922636026,0.72929347,0.0061964861006081895,0.6677601,0.006889503670068686,0.7294934,0.006196699444485421,0.6664934,0.006824479965823915,0.7257068,0.006168601778776428,0.6535601,0.00663688143019403,0.71398675,0.006081253623441474,4.2622313,0.008203516317290216,4.323966,0.008994951910973548,0.18299283,0.001176877904332102,0.1725472,0.001100527464247214,,,,,,,,
