,shots,val_acc,val_conf,test_acc,test_conf,val_acc_me1,val_conf_me1,test_acc_me1,test_conf_me1,val_acc_me2,val_conf_me2,test_acc_me2,test_conf_me2,val_acc_me3,val_conf_me3,test_acc_me3,test_conf_me3,val_acc_me4,val_conf_me4,test_acc_me4,test_conf_me4,val_acc_me5,val_conf_me5,test_acc_me5,test_conf_me5,val_acc_me6,val_conf_me6,test_acc_me6,test_conf_me6,val_acc_me7,val_conf_me7,test_acc_me7,test_conf_me7,val_acc_me8,val_conf_me8,test_acc_me8,test_conf_me8,val_acc_me9,val_conf_me9,test_acc_me9,test_conf_me9,val_acc_med,val_conf_med,test_acc_med,test_conf_med,val_acc_maj,val_conf_maj,test_acc_maj,test_conf_maj,val_acc_lin,val_conf_lin,test_acc_lin,test_conf_lin,val_nld,val_conf_nld,test_nld,test_conf_nld,val_mse,val_conf_mse,test_mse,test_conf_mse,val_svm,val_conf_svm,test_svm,test_conf_svm,val_mvm,val_conf_mvm,test_mvm,test_conf_mvm
0,5,0.28966668,0.0051609823406057465,0.30669335,0.005871842754383572,0.2900667,0.0051638694096984294,0.30657336,0.005878298022913064,0.29018667,0.0051729513015482675,0.30693334,0.005913467899619218,0.29005334,0.005174482574918593,0.30637336,0.005897951057704298,0.28977337,0.0051759505839790165,0.30652002,0.005900580451724424,0.29005334,0.0051874134304421005,0.30646667,0.005901268508817836,0.28964,0.005186674577187411,0.30657336,0.005919207404058213,0.2892134,0.005191367680704495,0.30622667,0.005935754946263361,0.28918672,0.005199970241505425,0.30609336,0.005931678785213945,0.28909335,0.005192905880824106,0.30590668,0.005917636417325456,0.28908002,0.005190164273465969,0.30588,0.005887975153416269,0.29030666,0.00519347110356394,0.30745336,0.005828931542701532,0.2845467,0.0050750537070862745,0.30348003,0.005564224896063286,5.2363505,0.015252277959271865,5.1203914,0.013687634281697392,0.24857709,0.0008185647844000665,0.24505043,0.0009402718095483376,,,,,,,,
