,shots,val_acc,val_conf,test_acc,test_conf,val_acc_me1,val_conf_me1,test_acc_me1,test_conf_me1,val_acc_me2,val_conf_me2,test_acc_me2,test_conf_me2,val_acc_me3,val_conf_me3,test_acc_me3,test_conf_me3,val_acc_me4,val_conf_me4,test_acc_me4,test_conf_me4,val_acc_me5,val_conf_me5,test_acc_me5,test_conf_me5,val_acc_me6,val_conf_me6,test_acc_me6,test_conf_me6,val_acc_me7,val_conf_me7,test_acc_me7,test_conf_me7,val_acc_me8,val_conf_me8,test_acc_me8,test_conf_me8,val_acc_me9,val_conf_me9,test_acc_me9,test_conf_me9,val_acc_med,val_conf_med,test_acc_med,test_conf_med,val_acc_maj,val_conf_maj,test_acc_maj,test_conf_maj,val_acc_lin,val_conf_lin,test_acc_lin,test_conf_lin,val_nld,val_conf_nld,test_nld,test_conf_nld,val_mse,val_conf_mse,test_mse,test_conf_mse,val_svm,val_conf_svm,test_svm,test_conf_svm,val_mvm,val_conf_mvm,test_mvm,test_conf_mvm
0,5,0.24693334,0.0047775992370674425,0.26030672,0.005177783401833891,0.24713333,0.004845876666332516,0.26028004,0.005194529972634532,0.24722669,0.004874111943460213,0.26041332,0.00521813033093893,0.24801333,0.004903445803020878,0.26054665,0.005292360146737063,0.24670668,0.004909171915744692,0.26077336,0.005260638867597145,0.24726668,0.004976112482402095,0.26101333,0.005273980248460264,0.2477067,0.004968409013655473,0.26138666,0.005323839451435997,0.24772,0.004993513861899668,0.26213336,0.005306168390500465,0.24816002,0.005022160126150255,0.2627733,0.005334073492579916,0.24794668,0.00510393640437834,0.2636667,0.00532827995949664,0.24837333,0.005071880332357448,0.26284003,0.005337653698382128,0.2499867,0.004854842650578117,0.26356003,0.005202364126050574,0.26105335,0.0051261869701431095,0.2825467,0.005824766257478298,10.165297,0.023351048897779947,10.116443,0.026088444792380372,0.2528688,0.0008474946990329468,0.24832292,0.0009833651947359634,,,,,,,,
