,shots,val_acc,val_conf,test_acc,test_conf,val_acc_me1,val_conf_me1,test_acc_me1,test_conf_me1,val_acc_me2,val_conf_me2,test_acc_me2,test_conf_me2,val_acc_me3,val_conf_me3,test_acc_me3,test_conf_me3,val_acc_me4,val_conf_me4,test_acc_me4,test_conf_me4,val_acc_me5,val_conf_me5,test_acc_me5,test_conf_me5,val_acc_me6,val_conf_me6,test_acc_me6,test_conf_me6,val_acc_me7,val_conf_me7,test_acc_me7,test_conf_me7,val_acc_me8,val_conf_me8,test_acc_me8,test_conf_me8,val_acc_me9,val_conf_me9,test_acc_me9,test_conf_me9,val_acc_med,val_conf_med,test_acc_med,test_conf_med,val_acc_maj,val_conf_maj,test_acc_maj,test_conf_maj,val_acc_lin,val_conf_lin,test_acc_lin,test_conf_lin,val_nld,val_conf_nld,test_nld,test_conf_nld,val_mse,val_conf_mse,test_mse,test_conf_mse,val_svm,val_conf_svm,test_svm,test_conf_svm,val_mvm,val_conf_mvm,test_mvm,test_conf_mvm
0,5,0.5293067,0.0052791993231380285,0.54134667,0.005355117880406435,0.5304133,0.005247523760543271,0.5425467,0.005317822415243256,0.53081334,0.0052586010179640486,0.54316,0.005349116544845267,0.53137326,0.005241681278431831,0.54349333,0.0053692405985863445,0.5312,0.005259453931689917,0.54429334,0.005372611154777496,0.53081334,0.005287640721572728,0.54424006,0.0054080299326738634,0.52988,0.005326068941131967,0.544,0.005433448793551232,0.52925336,0.005309643309713841,0.5427467,0.005414894802976411,0.5284267,0.005351847531187892,0.54241335,0.005437173999304767,0.52652,0.005347330367101999,0.5409733,0.005486576960395673,0.52536,0.005359494662373843,0.5396267,0.005533507533783233,0.52959996,0.005203342183046522,0.54073334,0.005244131500537708,0.52085334,0.0051527986172436036,0.53705335,0.005370246362579323,10.111137,0.01608220318969167,10.211131,0.017761943580147488,0.20005877,0.001028747639663291,0.19399856,0.0011832213058609875,,,,,,,,
