,shots,val_acc,val_conf,test_acc,test_conf,val_acc_me1,val_conf_me1,test_acc_me1,test_conf_me1,val_acc_me2,val_conf_me2,test_acc_me2,test_conf_me2,val_acc_me3,val_conf_me3,test_acc_me3,test_conf_me3,val_acc_me4,val_conf_me4,test_acc_me4,test_conf_me4,val_acc_me5,val_conf_me5,test_acc_me5,test_conf_me5,val_acc_me6,val_conf_me6,test_acc_me6,test_conf_me6,val_acc_me7,val_conf_me7,test_acc_me7,test_conf_me7,val_acc_me8,val_conf_me8,test_acc_me8,test_conf_me8,val_acc_me9,val_conf_me9,test_acc_me9,test_conf_me9,val_acc_med,val_conf_med,test_acc_med,test_conf_med,val_acc_maj,val_conf_maj,test_acc_maj,test_conf_maj,val_acc_lin,val_conf_lin,test_acc_lin,test_conf_lin,val_nld,val_conf_nld,test_nld,test_conf_nld,val_mse,val_conf_mse,test_mse,test_conf_mse,val_svm,val_conf_svm,test_svm,test_conf_svm,val_mvm,val_conf_mvm,test_mvm,test_conf_mvm
0,5,0.6396267,0.006766959316380383,0.7114534,0.006284174590223568,0.64005345,0.0067606310382540835,0.71200013,0.006265756825717506,0.64016,0.006765678791333385,0.7120534,0.006282361167266659,0.6404801,0.0067719825949457135,0.7121334,0.006309349629527006,0.64072007,0.006768670223448292,0.7125601,0.0063014753009652535,0.64076,0.006773448756872913,0.7128135,0.00628800046473299,0.64069337,0.0067825029417257765,0.7128534,0.00629626961800267,0.64056003,0.00678587580683343,0.7128668,0.006295947293270321,0.6406667,0.006779791350281061,0.7127467,0.006287433856643321,0.64072,0.006755527871180611,0.7126801,0.006292516705252216,0.64037335,0.006768777818953464,0.71237344,0.006300400269479645,0.63869333,0.00678739461205502,0.7102667,0.006247460971998464,0.6267201,0.00663746189178227,0.69865346,0.006235998587318603,4.185001,0.008203881126084944,4.256024,0.008854259474217585,0.18859601,0.001160788104807381,0.1763012,0.0010955755311993498,,,,,,,,
