,shots,val_acc,val_conf,test_acc,test_conf,val_acc_me1,val_conf_me1,test_acc_me1,test_conf_me1,val_acc_me2,val_conf_me2,test_acc_me2,test_conf_me2,val_acc_me3,val_conf_me3,test_acc_me3,test_conf_me3,val_acc_me4,val_conf_me4,test_acc_me4,test_conf_me4,val_acc_me5,val_conf_me5,test_acc_me5,test_conf_me5,val_acc_me6,val_conf_me6,test_acc_me6,test_conf_me6,val_acc_me7,val_conf_me7,test_acc_me7,test_conf_me7,val_acc_me8,val_conf_me8,test_acc_me8,test_conf_me8,val_acc_me9,val_conf_me9,test_acc_me9,test_conf_me9,val_acc_med,val_conf_med,test_acc_med,test_conf_med,val_acc_maj,val_conf_maj,test_acc_maj,test_conf_maj,val_acc_lin,val_conf_lin,test_acc_lin,test_conf_lin,val_nld,val_conf_nld,test_nld,test_conf_nld,val_mse,val_conf_mse,test_mse,test_conf_mse,val_svm,val_conf_svm,test_svm,test_conf_svm,val_mvm,val_conf_mvm,test_mvm,test_conf_mvm
0,5,0.33600003,0.004780059618405552,0.39274672,0.0052670955214764725,0.33597338,0.004788689424420234,0.39294672,0.005228216139648578,0.3355067,0.004815711135077061,0.39266673,0.005231375660878945,0.33537334,0.0048335045685828915,0.3917334,0.005238564241263677,0.33562672,0.004804766871242094,0.3909334,0.005213973357814761,0.33564004,0.004797694198461655,0.39048004,0.005260611160600115,0.33526668,0.004820786133370114,0.38990673,0.0052683862057557596,0.33425337,0.004817258570862293,0.38981336,0.005284086375634489,0.33377334,0.0048302734709435025,0.38977337,0.0052746595316712774,0.33292,0.004833112052791355,0.38876,0.005298300526904665,0.33160004,0.0048435012531187205,0.3882267,0.005253791545059394,0.33729336,0.004753585582723707,0.3924267,0.005278330246997198,0.33105335,0.004555830585541709,0.38276005,0.004981410983804724,9.442254,0.0099441816235597,9.431486,0.0109909288829666,0.24380712,0.0009318796487562675,0.23302063,0.0010467407944395601,,,,,,,,
