,shots,val_acc,val_conf,test_acc,test_conf,val_acc_me1,val_conf_me1,test_acc_me1,test_conf_me1,val_acc_me2,val_conf_me2,test_acc_me2,test_conf_me2,val_acc_me3,val_conf_me3,test_acc_me3,test_conf_me3,val_acc_me4,val_conf_me4,test_acc_me4,test_conf_me4,val_acc_me5,val_conf_me5,test_acc_me5,test_conf_me5,val_acc_me6,val_conf_me6,test_acc_me6,test_conf_me6,val_acc_me7,val_conf_me7,test_acc_me7,test_conf_me7,val_acc_me8,val_conf_me8,test_acc_me8,test_conf_me8,val_acc_me9,val_conf_me9,test_acc_me9,test_conf_me9,val_acc_med,val_conf_med,test_acc_med,test_conf_med,val_acc_maj,val_conf_maj,test_acc_maj,test_conf_maj,val_acc_lin,val_conf_lin,test_acc_lin,test_conf_lin,val_nld,val_conf_nld,test_nld,test_conf_nld,val_mse,val_conf_mse,test_mse,test_conf_mse,val_svm,val_conf_svm,test_svm,test_conf_svm,val_mvm,val_conf_mvm,test_mvm,test_conf_mvm
0,5,0.7025334,0.006548493338903172,0.77022684,0.005784264630973035,0.7028801,0.006568269208047983,0.77033347,0.005780698278669338,0.7030401,0.006573090225534761,0.77072006,0.005776392611327674,0.7032801,0.006598908067169784,0.7706534,0.005772071705137716,0.7038,0.006590993101678988,0.7710268,0.005755376854064909,0.70406675,0.006583116464200733,0.7712134,0.005761706979324321,0.7043601,0.00658955695566521,0.77126676,0.005769962279095542,0.7046001,0.006591729646017175,0.7713201,0.0057690867379888155,0.7047201,0.006598037605679008,0.7713335,0.005781592291107529,0.70480007,0.0065904555859361835,0.7715334,0.005778828979935091,0.70466673,0.006600255550792911,0.7718401,0.005776739872357384,0.7008534,0.006585967514197266,0.76905346,0.005748774276667756,0.6799601,0.006516843174388942,0.74713343,0.005963208886074156,22.493542,0.020713675262530984,22.694992,0.02501543961187025,0.163262,0.001498434344747751,0.14761902,0.0014255307705417775,,,,,,,,
