,shots,val_acc,val_conf,test_acc,test_conf,val_acc_me1,val_conf_me1,test_acc_me1,test_conf_me1,val_acc_me2,val_conf_me2,test_acc_me2,test_conf_me2,val_acc_me3,val_conf_me3,test_acc_me3,test_conf_me3,val_acc_me4,val_conf_me4,test_acc_me4,test_conf_me4,val_acc_me5,val_conf_me5,test_acc_me5,test_conf_me5,val_acc_me6,val_conf_me6,test_acc_me6,test_conf_me6,val_acc_me7,val_conf_me7,test_acc_me7,test_conf_me7,val_acc_me8,val_conf_me8,test_acc_me8,test_conf_me8,val_acc_me9,val_conf_me9,test_acc_me9,test_conf_me9,val_acc_med,val_conf_med,test_acc_med,test_conf_med,val_acc_maj,val_conf_maj,test_acc_maj,test_conf_maj,val_acc_lin,val_conf_lin,test_acc_lin,test_conf_lin,val_nld,val_conf_nld,test_nld,test_conf_nld,val_mse,val_conf_mse,test_mse,test_conf_mse,val_svm,val_conf_svm,test_svm,test_conf_svm,val_mvm,val_conf_mvm,test_mvm,test_conf_mvm
0,5,0.5193067,0.007543873211126817,0.5633467,0.007093116849993808,0.52782667,0.0074676013896460836,0.5676134,0.00707888515095878,0.53444,0.0074068293240986405,0.5724133,0.0070520495389654325,0.5417067,0.007369796151840857,0.5774,0.007012082195720026,0.54830664,0.00734192753064089,0.5820267,0.006958496863424313,0.55508,0.0073291121209384524,0.58612007,0.006954784125819513,0.5605467,0.007348509789573465,0.5888667,0.006953233457551278,0.5658267,0.007362483813535992,0.59204006,0.006991609033816126,0.5698,0.007419401374010315,0.59490675,0.006934444419284702,0.5725067,0.007491352751084368,0.5957201,0.006966894854230299,0.57292,0.007564449350703106,0.59700006,0.006940273047897572,0.5290667,0.007352615042969801,0.56764,0.006971147878277573,0.5422667,0.007213581331770191,0.5734133,0.006771743852987733,10.613862,0.02407391521516189,10.643065,0.027413954919810024,0.2090409,0.0010136877323080884,0.20071426,0.0010368438550930892,,,,,,,,
