,shots,val_acc,val_conf,test_acc,test_conf,val_acc_me1,val_conf_me1,test_acc_me1,test_conf_me1,val_acc_me2,val_conf_me2,test_acc_me2,test_conf_me2,val_acc_me3,val_conf_me3,test_acc_me3,test_conf_me3,val_acc_me4,val_conf_me4,test_acc_me4,test_conf_me4,val_acc_me5,val_conf_me5,test_acc_me5,test_conf_me5,val_acc_me6,val_conf_me6,test_acc_me6,test_conf_me6,val_acc_me7,val_conf_me7,test_acc_me7,test_conf_me7,val_acc_me8,val_conf_me8,test_acc_me8,test_conf_me8,val_acc_me9,val_conf_me9,test_acc_me9,test_conf_me9,val_acc_med,val_conf_med,test_acc_med,test_conf_med,val_acc_maj,val_conf_maj,test_acc_maj,test_conf_maj,val_acc_lin,val_conf_lin,test_acc_lin,test_conf_lin,val_nld,val_conf_nld,test_nld,test_conf_nld,val_mse,val_conf_mse,test_mse,test_conf_mse,val_svm,val_conf_svm,test_svm,test_conf_svm,val_mvm,val_conf_mvm,test_mvm,test_conf_mvm
0,5,0.6750535,0.006876497082086597,0.74016017,0.006010145000861056,0.67526674,0.006886907986228374,0.74078673,0.006019388516860458,0.6756534,0.006895476836849546,0.74125344,0.005991993223526726,0.67646676,0.006889379450365274,0.7419068,0.0060014768668338325,0.6769601,0.006913412037823696,0.74213344,0.006013359936085538,0.6772001,0.006907272629060546,0.7423601,0.00600541218398154,0.67724013,0.006915198677350132,0.7425868,0.005985555040978752,0.67714673,0.006923302512204077,0.7424668,0.006006272024456694,0.6772934,0.006939358255211636,0.74253345,0.006016286256757319,0.6773334,0.006938284609075973,0.7429201,0.006030254277537117,0.6776534,0.006932815709641438,0.7430401,0.0060438413271074465,0.6735867,0.006826323404694357,0.7403468,0.005942972618995013,0.66000015,0.006690294055541557,0.7256801,0.006023135426428294,4.4976335,0.01024205585458482,4.590975,0.011361910796408026,0.17794965,0.001288265689320528,0.16607653,0.001204562158555883,,,,,,,,
