,shots,val_acc,val_conf,test_acc,test_conf,val_acc_me1,val_conf_me1,test_acc_me1,test_conf_me1,val_acc_me2,val_conf_me2,test_acc_me2,test_conf_me2,val_acc_me3,val_conf_me3,test_acc_me3,test_conf_me3,val_acc_me4,val_conf_me4,test_acc_me4,test_conf_me4,val_acc_me5,val_conf_me5,test_acc_me5,test_conf_me5,val_acc_me6,val_conf_me6,test_acc_me6,test_conf_me6,val_acc_me7,val_conf_me7,test_acc_me7,test_conf_me7,val_acc_me8,val_conf_me8,test_acc_me8,test_conf_me8,val_acc_me9,val_conf_me9,test_acc_me9,test_conf_me9,val_acc_med,val_conf_med,test_acc_med,test_conf_med,val_acc_maj,val_conf_maj,test_acc_maj,test_conf_maj,val_acc_lin,val_conf_lin,test_acc_lin,test_conf_lin,val_nld,val_conf_nld,test_nld,test_conf_nld,val_mse,val_conf_mse,test_mse,test_conf_mse,val_svm,val_conf_svm,test_svm,test_conf_svm,val_mvm,val_conf_mvm,test_mvm,test_conf_mvm
0,5,0.55256003,0.007222650755471349,0.547,0.007138766436550981,0.55282664,0.007236358330478865,0.54764,0.007139307646560011,0.55359995,0.007247640619677864,0.5480801,0.007147972086321008,0.55404,0.007269188813067373,0.54861337,0.007165830169486687,0.5543334,0.007262093974689243,0.54925334,0.00719219199183041,0.55490667,0.007280224971775828,0.54957336,0.0071929571667322945,0.5552267,0.007298032720563508,0.55053335,0.007208689661440948,0.55568,0.007296589647800444,0.55124,0.0072173827317655315,0.55565333,0.007305798530053531,0.55145335,0.007240115399278935,0.55552,0.007323992791450018,0.5515467,0.007251056430630953,0.55578667,0.007341195142352208,0.55182666,0.007277931294203399,0.5543733,0.007120430869469563,0.5492,0.007082502299423754,0.53768003,0.006857800400476899,0.53345335,0.00684548787277095,4.4135947,0.010196388258479239,4.357457,0.009558722804159814,0.20540173,0.0011044736333021277,0.20625734,0.0010658318389739352,,,,,,,,
