,shots,val_acc,val_conf,test_acc,test_conf,val_acc_me1,val_conf_me1,test_acc_me1,test_conf_me1,val_acc_me2,val_conf_me2,test_acc_me2,test_conf_me2,val_acc_me3,val_conf_me3,test_acc_me3,test_conf_me3,val_acc_me4,val_conf_me4,test_acc_me4,test_conf_me4,val_acc_me5,val_conf_me5,test_acc_me5,test_conf_me5,val_acc_me6,val_conf_me6,test_acc_me6,test_conf_me6,val_acc_me7,val_conf_me7,test_acc_me7,test_conf_me7,val_acc_me8,val_conf_me8,test_acc_me8,test_conf_me8,val_acc_me9,val_conf_me9,test_acc_me9,test_conf_me9,val_acc_med,val_conf_med,test_acc_med,test_conf_med,val_acc_maj,val_conf_maj,test_acc_maj,test_conf_maj,val_acc_lin,val_conf_lin,test_acc_lin,test_conf_lin,val_nld,val_conf_nld,test_nld,test_conf_nld,val_mse,val_conf_mse,test_mse,test_conf_mse,val_svm,val_conf_svm,test_svm,test_conf_svm,val_mvm,val_conf_mvm,test_mvm,test_conf_mvm
0,5,0.72133344,0.005795202891625384,0.7021201,0.005891991282638731,0.7224001,0.005790104804168084,0.7034268,0.005908052105262351,0.7231201,0.005776963837250237,0.70454675,0.005885315743482722,0.72438675,0.005764022360711274,0.7056001,0.005900042474198397,0.7252401,0.00576068828539944,0.7066401,0.005884635074921873,0.72573346,0.005757396694149874,0.70729345,0.005860352200923402,0.72592014,0.00578415518833475,0.7074934,0.005843493416784695,0.7263201,0.0058031788125095796,0.7079468,0.005853816120319211,0.7268401,0.005811802153558365,0.70854676,0.005852667665291467,0.72732013,0.0057951793406778584,0.7090268,0.005857603205032702,0.7274668,0.005798293145363065,0.70942676,0.00585506293518645,0.72138673,0.005760607011541463,0.7033601,0.005803601805997927,0.70090675,0.005841692461976411,0.6854135,0.005776722324592587,5.159588,0.01315939484152917,5.116946,0.013776411194514004,0.1645195,0.0012092862015530281,0.16875134,0.001153037995949041,,,,,,,,
