,shots,val_acc,val_conf,test_acc,test_conf,val_acc_me1,val_conf_me1,test_acc_me1,test_conf_me1,val_acc_me2,val_conf_me2,test_acc_me2,test_conf_me2,val_acc_me3,val_conf_me3,test_acc_me3,test_conf_me3,val_acc_me4,val_conf_me4,test_acc_me4,test_conf_me4,val_acc_me5,val_conf_me5,test_acc_me5,test_conf_me5,val_acc_me6,val_conf_me6,test_acc_me6,test_conf_me6,val_acc_me7,val_conf_me7,test_acc_me7,test_conf_me7,val_acc_me8,val_conf_me8,test_acc_me8,test_conf_me8,val_acc_me9,val_conf_me9,test_acc_me9,test_conf_me9,val_acc_med,val_conf_med,test_acc_med,test_conf_med,val_acc_maj,val_conf_maj,test_acc_maj,test_conf_maj,val_acc_lin,val_conf_lin,test_acc_lin,test_conf_lin,val_nld,val_conf_nld,test_nld,test_conf_nld,val_mse,val_conf_mse,test_mse,test_conf_mse,val_svm,val_conf_svm,test_svm,test_conf_svm,val_mvm,val_conf_mvm,test_mvm,test_conf_mvm
0,5,0.6496534,0.007059780252925862,0.72650677,0.006302518007620939,0.65036005,0.0070385151326896045,0.7269735,0.006301954632014217,0.6506,0.007040248667138371,0.7273335,0.006316367350096663,0.6511734,0.007046498442106364,0.72768,0.006331215991599248,0.65112007,0.007053997802641376,0.7282134,0.0063363057669574285,0.6512267,0.007038503588107425,0.7280801,0.006344835365999502,0.6517734,0.007025587971432379,0.7281201,0.006355673419679131,0.6519468,0.007018182352904079,0.7280801,0.006350112625370996,0.6521334,0.007042526644079228,0.7279334,0.006331364685816743,0.6523201,0.007053211847491747,0.72793347,0.006333199812588064,0.6523601,0.007054638757839848,0.7277068,0.0063410178035891995,0.6502667,0.007025285503381218,0.7249868,0.006298192021814697,0.63806665,0.006766290654184992,0.7149468,0.006256987561151006,4.261149,0.007574334745467759,4.330058,0.008807748661835646,0.18581547,0.0012016114788158394,0.17243628,0.001131279922056888,,,,,,,,
