,shots,val_acc,val_conf,test_acc,test_conf,val_acc_me1,val_conf_me1,test_acc_me1,test_conf_me1,val_acc_me2,val_conf_me2,test_acc_me2,test_conf_me2,val_acc_me3,val_conf_me3,test_acc_me3,test_conf_me3,val_acc_me4,val_conf_me4,test_acc_me4,test_conf_me4,val_acc_me5,val_conf_me5,test_acc_me5,test_conf_me5,val_acc_me6,val_conf_me6,test_acc_me6,test_conf_me6,val_acc_me7,val_conf_me7,test_acc_me7,test_conf_me7,val_acc_me8,val_conf_me8,test_acc_me8,test_conf_me8,val_acc_me9,val_conf_me9,test_acc_me9,test_conf_me9,val_acc_med,val_conf_med,test_acc_med,test_conf_med,val_acc_maj,val_conf_maj,test_acc_maj,test_conf_maj,val_acc_lin,val_conf_lin,test_acc_lin,test_conf_lin,val_nld,val_conf_nld,test_nld,test_conf_nld,val_mse,val_conf_mse,test_mse,test_conf_mse,val_svm,val_conf_svm,test_svm,test_conf_svm,val_mvm,val_conf_mvm,test_mvm,test_conf_mvm
0,5,0.39628002,0.008421552836313129,0.40204003,0.007690353177783771,0.39618668,0.008450040247113932,0.40212002,0.007734853385746643,0.39594665,0.008462140816292485,0.40232003,0.007742009641301506,0.3957867,0.008461840657157771,0.40212002,0.007730344995543259,0.39557338,0.008489571666939089,0.40208003,0.007734232749012748,0.39557338,0.008507348476246734,0.4019067,0.007746548047418422,0.39560005,0.008525863215242457,0.40212002,0.007762819905002938,0.3955467,0.008531447098714728,0.40232003,0.0077949840343123356,0.39548004,0.008560310401108884,0.40234667,0.007806345750236199,0.39545336,0.008575017275143315,0.40222672,0.007829172621539593,0.39520004,0.008596105070598492,0.40216005,0.00784620873045938,0.39968002,0.00830096921444945,0.40773338,0.00764175418139057,0.38473338,0.007488879901597578,0.38984004,0.007347209407845279,23.135403,0.02862490954436936,22.999657,0.0270168582380812,0.23304987,0.0016677490330239686,0.2310126,0.0016145985851360733,,,,,,,,
