,shots,val_acc,val_conf,test_acc,test_conf,val_acc_me1,val_conf_me1,test_acc_me1,test_conf_me1,val_acc_me2,val_conf_me2,test_acc_me2,test_conf_me2,val_acc_me3,val_conf_me3,test_acc_me3,test_conf_me3,val_acc_me4,val_conf_me4,test_acc_me4,test_conf_me4,val_acc_me5,val_conf_me5,test_acc_me5,test_conf_me5,val_acc_me6,val_conf_me6,test_acc_me6,test_conf_me6,val_acc_me7,val_conf_me7,test_acc_me7,test_conf_me7,val_acc_me8,val_conf_me8,test_acc_me8,test_conf_me8,val_acc_me9,val_conf_me9,test_acc_me9,test_conf_me9,val_acc_med,val_conf_med,test_acc_med,test_conf_med,val_acc_maj,val_conf_maj,test_acc_maj,test_conf_maj,val_acc_lin,val_conf_lin,test_acc_lin,test_conf_lin,val_nld,val_conf_nld,test_nld,test_conf_nld,val_mse,val_conf_mse,test_mse,test_conf_mse,val_svm,val_conf_svm,test_svm,test_conf_svm,val_mvm,val_conf_mvm,test_mvm,test_conf_mvm
0,5,0.3334134,0.004569181202070505,0.3861734,0.005099169415535787,0.33369336,0.00454580480865896,0.38708004,0.005115927069135273,0.33316004,0.004550506686058442,0.38748005,0.005086796856002884,0.33278668,0.004537906467366404,0.38702673,0.005129420838482168,0.3326267,0.004470586776632701,0.38602674,0.005132180455388435,0.33276004,0.0044853153544814894,0.38528007,0.0051318798344703875,0.3318534,0.00446496271801472,0.38404003,0.005190621900700576,0.3308667,0.0045039944883263905,0.3832534,0.005224900997451487,0.32958668,0.004457711796886588,0.38248006,0.0052345047044125015,0.32869336,0.004454402657872225,0.38156003,0.00521100362951421,0.32777336,0.004463311380990542,0.3806134,0.005210057435564963,0.33370674,0.004593298757653186,0.3863467,0.005055396978028814,0.33037338,0.0046229318527820085,0.37165338,0.004838631286603834,9.845123,0.01148663014936524,9.843257,0.011908113606329707,0.24268216,0.0008558149370784807,0.23480195,0.0009263053472871596,,,,,,,,
