,shots,val_acc,val_conf,test_acc,test_conf,val_acc_me1,val_conf_me1,test_acc_me1,test_conf_me1,val_acc_me2,val_conf_me2,test_acc_me2,test_conf_me2,val_acc_me3,val_conf_me3,test_acc_me3,test_conf_me3,val_acc_me4,val_conf_me4,test_acc_me4,test_conf_me4,val_acc_me5,val_conf_me5,test_acc_me5,test_conf_me5,val_acc_me6,val_conf_me6,test_acc_me6,test_conf_me6,val_acc_me7,val_conf_me7,test_acc_me7,test_conf_me7,val_acc_me8,val_conf_me8,test_acc_me8,test_conf_me8,val_acc_me9,val_conf_me9,test_acc_me9,test_conf_me9,val_acc_med,val_conf_med,test_acc_med,test_conf_med,val_acc_maj,val_conf_maj,test_acc_maj,test_conf_maj,val_acc_lin,val_conf_lin,test_acc_lin,test_conf_lin,val_nld,val_conf_nld,test_nld,test_conf_nld,val_mse,val_conf_mse,test_mse,test_conf_mse,val_svm,val_conf_svm,test_svm,test_conf_svm,val_mvm,val_conf_mvm,test_mvm,test_conf_mvm
0,5,0.27734667,0.005067955174441974,0.30052003,0.005601974294194845,0.27657336,0.005043857937323815,0.30053332,0.005621338714433433,0.27682665,0.005047542967931529,0.30052003,0.005649970201618892,0.27657336,0.005062661752655462,0.30068,0.005653050296124396,0.27648002,0.005058295129920287,0.30082667,0.005664089225532576,0.2766933,0.005062631274958707,0.30056003,0.005695027782005813,0.27658668,0.005055331866585744,0.30074668,0.005703700995649208,0.27616003,0.005077500234925869,0.30045336,0.005709450197537158,0.2761067,0.005073573229877226,0.30061334,0.005717768299835058,0.27568,0.005074400745522456,0.30029333,0.005734221638250214,0.27578667,0.005073533054731516,0.30036002,0.005738973388244417,0.27954668,0.0050400542284120275,0.30116,0.005621462010570344,0.27760005,0.005023803151075312,0.29649335,0.005354035460388262,5.2789993,0.014809461038144178,5.1412354,0.012759633670251347,0.25107974,0.0008691291881736674,0.2469824,0.0009635777232861187,,,,,,,,
