,shots,val_acc,val_conf,test_acc,test_conf,val_acc_me1,val_conf_me1,test_acc_me1,test_conf_me1,val_acc_me2,val_conf_me2,test_acc_me2,test_conf_me2,val_acc_me3,val_conf_me3,test_acc_me3,test_conf_me3,val_acc_me4,val_conf_me4,test_acc_me4,test_conf_me4,val_acc_me5,val_conf_me5,test_acc_me5,test_conf_me5,val_acc_me6,val_conf_me6,test_acc_me6,test_conf_me6,val_acc_me7,val_conf_me7,test_acc_me7,test_conf_me7,val_acc_me8,val_conf_me8,test_acc_me8,test_conf_me8,val_acc_me9,val_conf_me9,test_acc_me9,test_conf_me9,val_acc_med,val_conf_med,test_acc_med,test_conf_med,val_acc_maj,val_conf_maj,test_acc_maj,test_conf_maj,val_acc_lin,val_conf_lin,test_acc_lin,test_conf_lin,val_nld,val_conf_nld,test_nld,test_conf_nld,val_mse,val_conf_mse,test_mse,test_conf_mse,val_svm,val_conf_svm,test_svm,test_conf_svm,val_mvm,val_conf_mvm,test_mvm,test_conf_mvm
0,5,0.45657337,0.0060839702945023055,0.46445337,0.00635902365740576,0.45870674,0.006133915389168909,0.46640003,0.006355752846403995,0.46032003,0.006188329622459743,0.46800002,0.006342638201133399,0.46233338,0.006149097438202744,0.47061336,0.006282447982524031,0.46488002,0.00618062615371312,0.47208002,0.006252604776000925,0.46650672,0.006185259687186528,0.47364002,0.00624529197591267,0.46749336,0.006173328592473326,0.47481334,0.006219747048198665,0.46817333,0.006181963939887403,0.47594672,0.006199926847858528,0.46821335,0.006204939505408291,0.47657338,0.006245811020324121,0.4681867,0.006260681365641119,0.47752002,0.006191972630788634,0.46792004,0.006252932642132669,0.4774267,0.0061768483046653055,0.46445337,0.0060615973561672365,0.47310668,0.006280343636098085,0.51368004,0.006417605023052997,0.52702665,0.006584896638761273,9.39175,0.02273847674712215,9.435949,0.022539527578366858,0.2043078,0.001208944597368533,0.20130886,0.0012476240270344052,,,,,,,,
