,shots,val_acc,val_conf,test_acc,test_conf,val_acc_me1,val_conf_me1,test_acc_me1,test_conf_me1,val_acc_me2,val_conf_me2,test_acc_me2,test_conf_me2,val_acc_me3,val_conf_me3,test_acc_me3,test_conf_me3,val_acc_me4,val_conf_me4,test_acc_me4,test_conf_me4,val_acc_me5,val_conf_me5,test_acc_me5,test_conf_me5,val_acc_me6,val_conf_me6,test_acc_me6,test_conf_me6,val_acc_me7,val_conf_me7,test_acc_me7,test_conf_me7,val_acc_me8,val_conf_me8,test_acc_me8,test_conf_me8,val_acc_me9,val_conf_me9,test_acc_me9,test_conf_me9,val_acc_med,val_conf_med,test_acc_med,test_conf_med,val_acc_maj,val_conf_maj,test_acc_maj,test_conf_maj,val_acc_lin,val_conf_lin,test_acc_lin,test_conf_lin,val_nld,val_conf_nld,test_nld,test_conf_nld,val_mse,val_conf_mse,test_mse,test_conf_mse,val_svm,val_conf_svm,test_svm,test_conf_svm,val_mvm,val_conf_mvm,test_mvm,test_conf_mvm
0,5,0.37832,0.007373900019887358,0.3841067,0.007536069535407475,0.37828004,0.0073885902697235495,0.38390666,0.007545090471863858,0.3784267,0.007396945776467434,0.38396,0.007573920987644811,0.3783067,0.00741917510020107,0.3837867,0.007586436699995813,0.37840003,0.007437660746849928,0.3833867,0.0076225804776483,0.37896,0.0074585098003471795,0.38314667,0.0076198370231569945,0.37872005,0.007473657215634699,0.38333338,0.007614685368838747,0.3788134,0.00748660238644,0.38313335,0.007630706016316657,0.37864003,0.007484480030465923,0.38324,0.007635460075227252,0.37814674,0.0074881816852718774,0.3831467,0.0076356997407517335,0.37820005,0.007513294845615248,0.38304004,0.007685303577571301,0.37957337,0.007269367061415066,0.3867467,0.007289791736074136,0.37008005,0.006911654028860792,0.37856004,0.007100261560966548,4.681983,0.013002279544054751,4.6353593,0.013256614999913374,0.23267949,0.0011352716922111428,0.23130839,0.0011407360892586038,,,,,,,,
