,shots,val_acc,val_conf,test_acc,test_conf,val_acc_me1,val_conf_me1,test_acc_me1,test_conf_me1,val_acc_me2,val_conf_me2,test_acc_me2,test_conf_me2,val_acc_me3,val_conf_me3,test_acc_me3,test_conf_me3,val_acc_me4,val_conf_me4,test_acc_me4,test_conf_me4,val_acc_me5,val_conf_me5,test_acc_me5,test_conf_me5,val_acc_me6,val_conf_me6,test_acc_me6,test_conf_me6,val_acc_me7,val_conf_me7,test_acc_me7,test_conf_me7,val_acc_me8,val_conf_me8,test_acc_me8,test_conf_me8,val_acc_me9,val_conf_me9,test_acc_me9,test_conf_me9,val_acc_med,val_conf_med,test_acc_med,test_conf_med,val_acc_maj,val_conf_maj,test_acc_maj,test_conf_maj,val_acc_lin,val_conf_lin,test_acc_lin,test_conf_lin,val_nld,val_conf_nld,test_nld,test_conf_nld,val_mse,val_conf_mse,test_mse,test_conf_mse,val_svm,val_conf_svm,test_svm,test_conf_svm,val_mvm,val_conf_mvm,test_mvm,test_conf_mvm
0,5,0.3001867,0.004966612214896748,0.3082667,0.005199399939149474,0.30004004,0.00489885660074274,0.30904,0.005242393810039381,0.29973334,0.004933869471132224,0.30897337,0.005301958312298627,0.29976,0.004941765965291667,0.30925336,0.00534979028665683,0.29977334,0.004965504858581271,0.30912003,0.005344150527407221,0.29921338,0.004993977030533725,0.30913335,0.005351988375089545,0.29932,0.005017526130893513,0.30896002,0.005372617619743503,0.29946667,0.0050249460647036615,0.30853337,0.0053770682870363795,0.29877338,0.005020940556496711,0.30788,0.005404479742785073,0.29837337,0.004997575245884012,0.30688,0.005391753919039732,0.2979867,0.0049910109964994565,0.30608,0.005393675399285203,0.30085337,0.0048824965425509625,0.30692005,0.005279965883389748,0.3024134,0.004853803176405436,0.31288,0.005257012945249828,9.511961,0.012436675371230166,9.497814,0.013488783934565873,0.24808973,0.0009405020662384134,0.24619272,0.001004014526962832,,,,,,,,
