,shots,val_acc,val_conf,test_acc,test_conf,val_acc_me1,val_conf_me1,test_acc_me1,test_conf_me1,val_acc_me2,val_conf_me2,test_acc_me2,test_conf_me2,val_acc_me3,val_conf_me3,test_acc_me3,test_conf_me3,val_acc_me4,val_conf_me4,test_acc_me4,test_conf_me4,val_acc_me5,val_conf_me5,test_acc_me5,test_conf_me5,val_acc_me6,val_conf_me6,test_acc_me6,test_conf_me6,val_acc_me7,val_conf_me7,test_acc_me7,test_conf_me7,val_acc_me8,val_conf_me8,test_acc_me8,test_conf_me8,val_acc_me9,val_conf_me9,test_acc_me9,test_conf_me9,val_acc_med,val_conf_med,test_acc_med,test_conf_med,val_acc_maj,val_conf_maj,test_acc_maj,test_conf_maj,val_acc_lin,val_conf_lin,test_acc_lin,test_conf_lin,val_nld,val_conf_nld,test_nld,test_conf_nld,val_mse,val_conf_mse,test_mse,test_conf_mse,val_svm,val_conf_svm,test_svm,test_conf_svm,val_mvm,val_conf_mvm,test_mvm,test_conf_mvm
0,5,0.39113337,0.0076275695842505375,0.42061335,0.007993897183971088,0.39069337,0.007647977634711367,0.42045337,0.008030881407200707,0.39032003,0.007655219781957101,0.42025337,0.008047666306013945,0.39032003,0.007677957529086621,0.41989338,0.008072529641600545,0.39017338,0.007668286863549423,0.41944003,0.008095966066838989,0.38948005,0.0076889701368476615,0.41940004,0.0081033813828163,0.38940006,0.007704801453179089,0.41901338,0.008125393668406422,0.38913336,0.007721898055709109,0.41864005,0.008140064523344648,0.38881335,0.0077301399637650925,0.41866672,0.008144698980384668,0.38837335,0.007737500327531566,0.41825336,0.008154463849711857,0.3884934,0.007741855405684617,0.41773337,0.008171893397989793,0.3935467,0.007543531491496502,0.4230267,0.00783045360836987,0.3882667,0.00726017480336022,0.41288003,0.007427508441347319,4.6244316,0.012816180880531824,4.735912,0.015467871644721853,0.22984691,0.0012156188666205547,0.22500455,0.001227911883982774,,,,,,,,
