,shots,val_acc,val_conf,test_acc,test_conf,val_acc_me1,val_conf_me1,test_acc_me1,test_conf_me1,val_acc_me2,val_conf_me2,test_acc_me2,test_conf_me2,val_acc_me3,val_conf_me3,test_acc_me3,test_conf_me3,val_acc_me4,val_conf_me4,test_acc_me4,test_conf_me4,val_acc_me5,val_conf_me5,test_acc_me5,test_conf_me5,val_acc_me6,val_conf_me6,test_acc_me6,test_conf_me6,val_acc_me7,val_conf_me7,test_acc_me7,test_conf_me7,val_acc_me8,val_conf_me8,test_acc_me8,test_conf_me8,val_acc_me9,val_conf_me9,test_acc_me9,test_conf_me9,val_acc_med,val_conf_med,test_acc_med,test_conf_med,val_acc_maj,val_conf_maj,test_acc_maj,test_conf_maj,val_acc_lin,val_conf_lin,test_acc_lin,test_conf_lin,val_nld,val_conf_nld,test_nld,test_conf_nld,val_mse,val_conf_mse,test_mse,test_conf_mse,val_svm,val_conf_svm,test_svm,test_conf_svm,val_mvm,val_conf_mvm,test_mvm,test_conf_mvm
0,5,0.56068003,0.005862311547398247,0.6034934,0.005585529267878697,0.56076,0.005836914390335068,0.6038534,0.005580148569051535,0.5605867,0.005837635234041683,0.6037067,0.005594783866676889,0.56044,0.005844765167949406,0.60294664,0.0056040283062428475,0.56037337,0.005847881743334282,0.60305333,0.005616481677850449,0.55976003,0.005863085957965808,0.60305333,0.005626818234883424,0.5598667,0.005843477716153123,0.60290676,0.0056283919923159065,0.55888003,0.005849618972049386,0.6025334,0.005625441197130043,0.55861336,0.005841095376190042,0.6021201,0.005609975613159679,0.55820006,0.005825837594697569,0.6017601,0.0055853588698469014,0.55777335,0.005827500014520592,0.6014934,0.005595928627438407,0.5619734,0.005793674388954728,0.60369337,0.005543200364918066,0.55984,0.005718124796530444,0.6005867,0.005456929549985001,5.169097,0.013640437259355487,5.0543084,0.013714109240946293,0.19910574,0.0009565462646638212,0.18888623,0.0009544777064423304,,,,,,,,
