,shots,val_acc,val_conf,test_acc,test_conf,val_acc_me1,val_conf_me1,test_acc_me1,test_conf_me1,val_acc_me2,val_conf_me2,test_acc_me2,test_conf_me2,val_acc_me3,val_conf_me3,test_acc_me3,test_conf_me3,val_acc_me4,val_conf_me4,test_acc_me4,test_conf_me4,val_acc_me5,val_conf_me5,test_acc_me5,test_conf_me5,val_acc_me6,val_conf_me6,test_acc_me6,test_conf_me6,val_acc_me7,val_conf_me7,test_acc_me7,test_conf_me7,val_acc_me8,val_conf_me8,test_acc_me8,test_conf_me8,val_acc_me9,val_conf_me9,test_acc_me9,test_conf_me9,val_acc_med,val_conf_med,test_acc_med,test_conf_med,val_acc_maj,val_conf_maj,test_acc_maj,test_conf_maj,val_acc_lin,val_conf_lin,test_acc_lin,test_conf_lin,val_nld,val_conf_nld,test_nld,test_conf_nld,val_mse,val_conf_mse,test_mse,test_conf_mse,val_svm,val_conf_svm,test_svm,test_conf_svm,val_mvm,val_conf_mvm,test_mvm,test_conf_mvm
0,5,0.34585336,0.004443983903414606,0.40744004,0.005075856286434199,0.34657335,0.004464065011310303,0.40749335,0.005108714476019738,0.34670672,0.004455483692540452,0.4086667,0.005101572997529946,0.34644005,0.004476891503811586,0.40896,0.0051073933140436956,0.34620005,0.004520583591027139,0.4090267,0.005142890133315037,0.34589338,0.004541469125403819,0.40876007,0.005131491474728411,0.3451867,0.004575663715813749,0.40764004,0.005121978739074384,0.34452003,0.0045762912792969845,0.40622672,0.005176162542506468,0.34356004,0.00459757533264793,0.40536004,0.005173221906552838,0.34252006,0.004644291638591591,0.40428004,0.00514629763216895,0.34042668,0.004639778168772035,0.40164003,0.005130726761609805,0.34709337,0.00448850165914233,0.40646672,0.005015235224020753,0.34860003,0.004302732247101093,0.4039734,0.004855771758545846,10.323436,0.023009646974388787,9.946489,0.0284180103145939,0.23611753,0.0006343738053470327,0.22749884,0.0007465237636460065,,,,,,,,
