,shots,val_acc,val_conf,test_acc,test_conf,val_acc_me1,val_conf_me1,test_acc_me1,test_conf_me1,val_acc_me2,val_conf_me2,test_acc_me2,test_conf_me2,val_acc_me3,val_conf_me3,test_acc_me3,test_conf_me3,val_acc_me4,val_conf_me4,test_acc_me4,test_conf_me4,val_acc_me5,val_conf_me5,test_acc_me5,test_conf_me5,val_acc_me6,val_conf_me6,test_acc_me6,test_conf_me6,val_acc_me7,val_conf_me7,test_acc_me7,test_conf_me7,val_acc_me8,val_conf_me8,test_acc_me8,test_conf_me8,val_acc_me9,val_conf_me9,test_acc_me9,test_conf_me9,val_acc_med,val_conf_med,test_acc_med,test_conf_med,val_acc_maj,val_conf_maj,test_acc_maj,test_conf_maj,val_acc_lin,val_conf_lin,test_acc_lin,test_conf_lin,val_nld,val_conf_nld,test_nld,test_conf_nld,val_mse,val_conf_mse,test_mse,test_conf_mse,val_svm,val_conf_svm,test_svm,test_conf_svm,val_mvm,val_conf_mvm,test_mvm,test_conf_mvm
0,5,0.69154674,0.005644375697131165,0.69156015,0.006022385490374704,0.69216007,0.005664698779467736,0.6924801,0.006024689327179478,0.6927601,0.00567572431716068,0.69290674,0.006041972028373088,0.6930801,0.005672078538132119,0.6930535,0.006049298220176524,0.6934801,0.005679560812685613,0.6934667,0.006055811673399858,0.6940267,0.005705764705146166,0.69406676,0.006074526364557631,0.69456005,0.005719062216597348,0.6940134,0.0060794997705282405,0.6947867,0.005742180011369724,0.6941068,0.006082997778905863,0.6950134,0.005745929229853952,0.6943734,0.006087787856912552,0.6950001,0.005757651136739428,0.69417346,0.006095593379764952,0.69505346,0.005759727314385121,0.6940267,0.006105917468649302,0.69202673,0.00561111390895519,0.69098675,0.005970726717940522,0.6759334,0.005686242355024351,0.6761201,0.005928748770275827,4.38488,0.009169263094385371,4.356683,0.009058670615657682,0.17915897,0.0010098498514333198,0.17948474,0.0010201167946362055,,,,,,,,
