,shots,val_acc,val_conf,test_acc,test_conf,val_acc_me1,val_conf_me1,test_acc_me1,test_conf_me1,val_acc_me2,val_conf_me2,test_acc_me2,test_conf_me2,val_acc_me3,val_conf_me3,test_acc_me3,test_conf_me3,val_acc_me4,val_conf_me4,test_acc_me4,test_conf_me4,val_acc_me5,val_conf_me5,test_acc_me5,test_conf_me5,val_acc_me6,val_conf_me6,test_acc_me6,test_conf_me6,val_acc_me7,val_conf_me7,test_acc_me7,test_conf_me7,val_acc_me8,val_conf_me8,test_acc_me8,test_conf_me8,val_acc_me9,val_conf_me9,test_acc_me9,test_conf_me9,val_acc_med,val_conf_med,test_acc_med,test_conf_med,val_acc_maj,val_conf_maj,test_acc_maj,test_conf_maj,val_acc_lin,val_conf_lin,test_acc_lin,test_conf_lin,val_nld,val_conf_nld,test_nld,test_conf_nld,val_mse,val_conf_mse,test_mse,test_conf_mse,val_svm,val_conf_svm,test_svm,test_conf_svm,val_mvm,val_conf_mvm,test_mvm,test_conf_mvm
0,5,0.56336004,0.005729031655919425,0.59884,0.0061120790430100325,0.5632534,0.005728910206915683,0.5988267,0.006097344000195348,0.56237334,0.005745939850869464,0.5985867,0.006075807813171186,0.5614,0.005736989567255546,0.59829336,0.0060597456051977305,0.56076,0.0057350699341433,0.59788,0.006079348305610965,0.56046665,0.005743170536514297,0.5972933,0.006074627956880185,0.5603867,0.005735094408657271,0.5966667,0.00605386987468981,0.55982673,0.005732869075010916,0.5959867,0.00604069427402576,0.5593734,0.00573191272182938,0.59578675,0.006050968952098668,0.5589867,0.005730924505601198,0.59542674,0.00603995542077107,0.55821335,0.005760064416182598,0.5950667,0.006020102433817787,0.56408006,0.0056412448064644405,0.60058665,0.006020498182092382,0.5644401,0.005639775412054182,0.59816,0.005971867322652535,4.9833694,0.013035599978707957,4.879258,0.011251899241051966,0.19737993,0.0009638259318013875,0.18849124,0.001042066624037108,,,,,,,,
