,shots,val_acc,val_conf,test_acc,test_conf,val_acc_me1,val_conf_me1,test_acc_me1,test_conf_me1,val_acc_me2,val_conf_me2,test_acc_me2,test_conf_me2,val_acc_me3,val_conf_me3,test_acc_me3,test_conf_me3,val_acc_me4,val_conf_me4,test_acc_me4,test_conf_me4,val_acc_me5,val_conf_me5,test_acc_me5,test_conf_me5,val_acc_me6,val_conf_me6,test_acc_me6,test_conf_me6,val_acc_me7,val_conf_me7,test_acc_me7,test_conf_me7,val_acc_me8,val_conf_me8,test_acc_me8,test_conf_me8,val_acc_me9,val_conf_me9,test_acc_me9,test_conf_me9,val_acc_med,val_conf_med,test_acc_med,test_conf_med,val_acc_maj,val_conf_maj,test_acc_maj,test_conf_maj,val_acc_lin,val_conf_lin,test_acc_lin,test_conf_lin,val_nld,val_conf_nld,test_nld,test_conf_nld,val_mse,val_conf_mse,test_mse,test_conf_mse,val_svm,val_conf_svm,test_svm,test_conf_svm,val_mvm,val_conf_mvm,test_mvm,test_conf_mvm
0,5,0.22280002,0.003906861599992095,0.22661336,0.003912289862497587,0.22265334,0.003937406717107184,0.22689335,0.003928395478099783,0.22301336,0.00391289572216641,0.22757335,0.0039406156491489375,0.22364001,0.003910322203923705,0.22849335,0.0039793583431247115,0.22373335,0.003919413793222554,0.22838669,0.003993088545513113,0.22389334,0.003962530498466066,0.22850668,0.003996391219561524,0.22409335,0.003982579743315118,0.2292,0.004012348602729504,0.22350669,0.004014471420486859,0.22928002,0.004018109810982884,0.22297336,0.004034468022041521,0.23038669,0.004018073791886734,0.22249335,0.004027240190077608,0.23042668,0.004050550086696247,0.22250669,0.0040579843357881895,0.23090668,0.004025019474264008,0.22326668,0.003948639595494768,0.22934668,0.0038496362609588275,0.22313334,0.0038581663217841233,0.23488,0.003974056147455801,9.482309,0.017892068568230002,9.440996,0.01659968123220601,0.26320308,0.0007786069077119762,0.26105568,0.0008462527328901293,,,,,,,,
