,shots,val_acc,val_conf,test_acc,test_conf,val_acc_me1,val_conf_me1,test_acc_me1,test_conf_me1,val_acc_me2,val_conf_me2,test_acc_me2,test_conf_me2,val_acc_me3,val_conf_me3,test_acc_me3,test_conf_me3,val_acc_me4,val_conf_me4,test_acc_me4,test_conf_me4,val_acc_me5,val_conf_me5,test_acc_me5,test_conf_me5,val_acc_me6,val_conf_me6,test_acc_me6,test_conf_me6,val_acc_me7,val_conf_me7,test_acc_me7,test_conf_me7,val_acc_me8,val_conf_me8,test_acc_me8,test_conf_me8,val_acc_me9,val_conf_me9,test_acc_me9,test_conf_me9,val_acc_med,val_conf_med,test_acc_med,test_conf_med,val_acc_maj,val_conf_maj,test_acc_maj,test_conf_maj,val_acc_lin,val_conf_lin,test_acc_lin,test_conf_lin,val_nld,val_conf_nld,test_nld,test_conf_nld,val_mse,val_conf_mse,test_mse,test_conf_mse,val_svm,val_conf_svm,test_svm,test_conf_svm,val_mvm,val_conf_mvm,test_mvm,test_conf_mvm
0,5,0.40036005,0.0053490172614391596,0.41068006,0.0052501526927800635,0.4020801,0.005374860039371487,0.41217336,0.005238683843134306,0.40225336,0.005395473583393817,0.41420004,0.005280104418375009,0.40298674,0.005432934828756009,0.4156267,0.005353752849018345,0.4036267,0.0054467698559498845,0.41745338,0.005327711966057136,0.4033467,0.005457802320392113,0.41913337,0.00535115808874459,0.4033067,0.005487064603543812,0.41992006,0.005376150723650719,0.40238672,0.005514557794933761,0.4206134,0.005448769839353662,0.40177336,0.005565050564575402,0.4213734,0.0055030441523094,0.4011067,0.005598778292085049,0.42092004,0.0054887302558498385,0.40008005,0.00562581016197411,0.4212934,0.005557753926902165,0.40390673,0.005300158281056899,0.41384003,0.005227261633600211,0.39722672,0.005125718721892936,0.41350672,0.0054329980930659105,10.389336,0.013474169417188264,10.517721,0.016648545292204275,0.22804545,0.0009459311368646417,0.22359683,0.001101408662199238,,,,,,,,
