,shots,val_acc,val_conf,test_acc,test_conf,val_acc_me1,val_conf_me1,test_acc_me1,test_conf_me1,val_acc_me2,val_conf_me2,test_acc_me2,test_conf_me2,val_acc_me3,val_conf_me3,test_acc_me3,test_conf_me3,val_acc_me4,val_conf_me4,test_acc_me4,test_conf_me4,val_acc_me5,val_conf_me5,test_acc_me5,test_conf_me5,val_acc_me6,val_conf_me6,test_acc_me6,test_conf_me6,val_acc_me7,val_conf_me7,test_acc_me7,test_conf_me7,val_acc_me8,val_conf_me8,test_acc_me8,test_conf_me8,val_acc_me9,val_conf_me9,test_acc_me9,test_conf_me9,val_acc_med,val_conf_med,test_acc_med,test_conf_med,val_acc_maj,val_conf_maj,test_acc_maj,test_conf_maj,val_acc_lin,val_conf_lin,test_acc_lin,test_conf_lin,val_nld,val_conf_nld,test_nld,test_conf_nld,val_mse,val_conf_mse,test_mse,test_conf_mse,val_svm,val_conf_svm,test_svm,test_conf_svm,val_mvm,val_conf_mvm,test_mvm,test_conf_mvm
0,5,0.70622677,0.005903998571593849,0.7147601,0.005901603763482144,0.7073601,0.005915761577191647,0.71530676,0.0059051668833028925,0.7079067,0.005921366702695052,0.71590674,0.005891760852779981,0.70845336,0.005922734042999478,0.71624005,0.005896732411617367,0.70877343,0.005918403901143732,0.7168001,0.005894640995123379,0.70913345,0.0059405242440223605,0.71708006,0.005904990020304979,0.70932007,0.005962384602911985,0.71744007,0.005926028404948824,0.70956004,0.005950822934826072,0.7181868,0.005907332185122405,0.7097601,0.005966669951789072,0.7186001,0.0059141827401431035,0.71009344,0.005965797643165294,0.7188535,0.0058995211208705545,0.7101868,0.005969197291703421,0.71864015,0.005889024786821184,0.7055201,0.005866403870862569,0.7148534,0.0058265552059211245,0.6889201,0.005899105977698049,0.6969468,0.005818721514288416,4.486,0.01028957335452585,4.449092,0.010683129082031506,0.17524599,0.0010805493340239058,0.17379142,0.001050892341610099,,,,,,,,
