,shots,val_acc,val_conf,test_acc,test_conf,val_acc_me1,val_conf_me1,test_acc_me1,test_conf_me1,val_acc_me2,val_conf_me2,test_acc_me2,test_conf_me2,val_acc_me3,val_conf_me3,test_acc_me3,test_conf_me3,val_acc_me4,val_conf_me4,test_acc_me4,test_conf_me4,val_acc_me5,val_conf_me5,test_acc_me5,test_conf_me5,val_acc_me6,val_conf_me6,test_acc_me6,test_conf_me6,val_acc_me7,val_conf_me7,test_acc_me7,test_conf_me7,val_acc_me8,val_conf_me8,test_acc_me8,test_conf_me8,val_acc_me9,val_conf_me9,test_acc_me9,test_conf_me9,val_acc_med,val_conf_med,test_acc_med,test_conf_med,val_acc_maj,val_conf_maj,test_acc_maj,test_conf_maj,val_acc_lin,val_conf_lin,test_acc_lin,test_conf_lin,val_nld,val_conf_nld,test_nld,test_conf_nld,val_mse,val_conf_mse,test_mse,test_conf_mse,val_svm,val_conf_svm,test_svm,test_conf_svm,val_mvm,val_conf_mvm,test_mvm,test_conf_mvm
0,5,0.7983734,0.004488817057125449,0.7914801,0.004602625856426901,0.7985868,0.004473076712100954,0.79144007,0.004598402848293159,0.79844016,0.004493094093903416,0.7911201,0.004583408745056028,0.79840016,0.004484435195541869,0.7910935,0.004571111917981652,0.7983468,0.004493041912392304,0.7914934,0.004574937330707796,0.7981068,0.004511506317010139,0.7916001,0.004567171521217772,0.79794675,0.004519412508618426,0.7910801,0.00457616890672663,0.7976935,0.004540147039861275,0.79098684,0.004576585897032248,0.7973735,0.004545648725908902,0.7909734,0.0045674388937393395,0.7972135,0.004543176338205446,0.79062676,0.004567298049837687,0.7969601,0.004557350314329911,0.7905735,0.004557285664670174,0.79741347,0.004509424136181717,0.79118675,0.004622293206499983,0.78929347,0.004514108465816458,0.7850401,0.004671065833408039,5.5352855,0.017067109355247467,5.5048337,0.019116145226591108,0.13777179,0.0011004777070983407,0.13974589,0.001066724812399722,,,,,,,,
