,shots,val_acc,val_conf,test_acc,test_conf,val_acc_me1,val_conf_me1,test_acc_me1,test_conf_me1,val_acc_me2,val_conf_me2,test_acc_me2,test_conf_me2,val_acc_me3,val_conf_me3,test_acc_me3,test_conf_me3,val_acc_me4,val_conf_me4,test_acc_me4,test_conf_me4,val_acc_me5,val_conf_me5,test_acc_me5,test_conf_me5,val_acc_me6,val_conf_me6,test_acc_me6,test_conf_me6,val_acc_me7,val_conf_me7,test_acc_me7,test_conf_me7,val_acc_me8,val_conf_me8,test_acc_me8,test_conf_me8,val_acc_me9,val_conf_me9,test_acc_me9,test_conf_me9,val_acc_med,val_conf_med,test_acc_med,test_conf_med,val_acc_maj,val_conf_maj,test_acc_maj,test_conf_maj,val_acc_lin,val_conf_lin,test_acc_lin,test_conf_lin,val_nld,val_conf_nld,test_nld,test_conf_nld,val_mse,val_conf_mse,test_mse,test_conf_mse,val_svm,val_conf_svm,test_svm,test_conf_svm,val_mvm,val_conf_mvm,test_mvm,test_conf_mvm
0,5,0.39252004,0.005748317111216428,0.43368003,0.006435900876772094,0.3929067,0.005737526621215072,0.43428004,0.006437899013042703,0.39265338,0.005708046838136582,0.43472004,0.006459959785877656,0.39284003,0.0057047663296858064,0.4351334,0.006483441004094703,0.39254668,0.005715533730522915,0.4355867,0.006505317987182513,0.39220008,0.005732985444398486,0.43553337,0.006525218999597404,0.39189336,0.0057536696412632815,0.43576005,0.006536110158354647,0.39188007,0.005743430058719967,0.43610668,0.006546344199498566,0.39172006,0.005764769526065028,0.43606672,0.006560700118237006,0.3917467,0.005772263806983924,0.43602672,0.006565971374425883,0.39178675,0.005778342260353508,0.43617335,0.006549367032876785,0.39452004,0.005674454874912471,0.43448004,0.00632972443159141,0.38824004,0.005647888944357138,0.42416003,0.006080863416566384,5.017084,0.014087162714200296,4.855848,0.011724901088333795,0.22983626,0.0008832020337589119,0.22259662,0.0009976819773410972,,,,,,,,
