,shots,val_acc,val_conf,test_acc,test_conf,val_acc_me1,val_conf_me1,test_acc_me1,test_conf_me1,val_acc_me2,val_conf_me2,test_acc_me2,test_conf_me2,val_acc_me3,val_conf_me3,test_acc_me3,test_conf_me3,val_acc_me4,val_conf_me4,test_acc_me4,test_conf_me4,val_acc_me5,val_conf_me5,test_acc_me5,test_conf_me5,val_acc_me6,val_conf_me6,test_acc_me6,test_conf_me6,val_acc_me7,val_conf_me7,test_acc_me7,test_conf_me7,val_acc_me8,val_conf_me8,test_acc_me8,test_conf_me8,val_acc_me9,val_conf_me9,test_acc_me9,test_conf_me9,val_acc_med,val_conf_med,test_acc_med,test_conf_med,val_acc_maj,val_conf_maj,test_acc_maj,test_conf_maj,val_acc_lin,val_conf_lin,test_acc_lin,test_conf_lin,val_nld,val_conf_nld,test_nld,test_conf_nld,val_mse,val_conf_mse,test_mse,test_conf_mse,val_svm,val_conf_svm,test_svm,test_conf_svm,val_mvm,val_conf_mvm,test_mvm,test_conf_mvm
0,5,0.48362672,0.007181331772553201,0.53372,0.00728004118202874,0.48412,0.007198422371900548,0.53348,0.0072740624738485415,0.48444003,0.0072351087449119,0.53364,0.007296283023699779,0.48453337,0.007252110220085373,0.53402674,0.007300629789753765,0.48446667,0.007247224552938802,0.53382665,0.007301113738635512,0.48472002,0.007262297159334297,0.5337334,0.0073091367614148695,0.48466668,0.0072848917536457725,0.53362674,0.007337440844251808,0.48456007,0.007270404226671301,0.5338267,0.007356241427100452,0.4842667,0.007266386712098949,0.53348,0.007362337428234889,0.4841867,0.007265342158310151,0.53356004,0.007363907953184312,0.48441336,0.007266567269363089,0.5335734,0.007375732837742288,0.48222667,0.007120776283366104,0.53302675,0.007251830379415125,0.47198668,0.006794612746570006,0.52070665,0.007125338702213768,4.334783,0.008461885911919431,4.362245,0.008814610761437969,0.21511078,0.0011235963099915092,0.20730896,0.0011224729067069172,,,,,,,,
