,shots,val_acc,val_conf,test_acc,test_conf,val_acc_me1,val_conf_me1,test_acc_me1,test_conf_me1,val_acc_me2,val_conf_me2,test_acc_me2,test_conf_me2,val_acc_me3,val_conf_me3,test_acc_me3,test_conf_me3,val_acc_me4,val_conf_me4,test_acc_me4,test_conf_me4,val_acc_me5,val_conf_me5,test_acc_me5,test_conf_me5,val_acc_me6,val_conf_me6,test_acc_me6,test_conf_me6,val_acc_me7,val_conf_me7,test_acc_me7,test_conf_me7,val_acc_me8,val_conf_me8,test_acc_me8,test_conf_me8,val_acc_me9,val_conf_me9,test_acc_me9,test_conf_me9,val_acc_med,val_conf_med,test_acc_med,test_conf_med,val_acc_maj,val_conf_maj,test_acc_maj,test_conf_maj,val_acc_lin,val_conf_lin,test_acc_lin,test_conf_lin,val_nld,val_conf_nld,test_nld,test_conf_nld,val_mse,val_conf_mse,test_mse,test_conf_mse,val_svm,val_conf_svm,test_svm,test_conf_svm,val_mvm,val_conf_mvm,test_mvm,test_conf_mvm
0,5,0.7470668,0.006033827094806821,0.81165344,0.005289893300432946,0.7466134,0.006055478265868608,0.8112001,0.005299852118739512,0.74617344,0.006050489159266426,0.8109201,0.005304998693441698,0.7459335,0.006055816753015919,0.8107068,0.0052939020411229,0.7457601,0.0060660466381102784,0.81064016,0.005287247743997914,0.74552006,0.0060851307558954515,0.81014675,0.005284575865915686,0.7451201,0.006107666703729753,0.8099468,0.005289463841978703,0.74506676,0.006120248451090382,0.8090535,0.005288718985541285,0.7448268,0.006131706217937349,0.8087334,0.005281347077192744,0.74486685,0.0061344829208251905,0.8082401,0.0052731929079608,0.74426675,0.00612884316157547,0.80782676,0.005265301955200807,0.7483601,0.0059810134023788875,0.8130535,0.005287853141883514,0.7354668,0.00579711421263851,0.8078534,0.005189165898005554,4.432031,0.009345760359862787,4.541551,0.010663507910287251,0.1609994,0.0012581301739784945,0.14636476,0.0011048921244034282,,,,,,,,
