,shots,val_acc,val_conf,test_acc,test_conf,val_acc_me1,val_conf_me1,test_acc_me1,test_conf_me1,val_acc_me2,val_conf_me2,test_acc_me2,test_conf_me2,val_acc_me3,val_conf_me3,test_acc_me3,test_conf_me3,val_acc_me4,val_conf_me4,test_acc_me4,test_conf_me4,val_acc_me5,val_conf_me5,test_acc_me5,test_conf_me5,val_acc_me6,val_conf_me6,test_acc_me6,test_conf_me6,val_acc_me7,val_conf_me7,test_acc_me7,test_conf_me7,val_acc_me8,val_conf_me8,test_acc_me8,test_conf_me8,val_acc_me9,val_conf_me9,test_acc_me9,test_conf_me9,val_acc_med,val_conf_med,test_acc_med,test_conf_med,val_acc_maj,val_conf_maj,test_acc_maj,test_conf_maj,val_acc_lin,val_conf_lin,test_acc_lin,test_conf_lin,val_nld,val_conf_nld,test_nld,test_conf_nld,val_mse,val_conf_mse,test_mse,test_conf_mse,val_svm,val_conf_svm,test_svm,test_conf_svm,val_mvm,val_conf_mvm,test_mvm,test_conf_mvm
0,5,0.46053332,0.005223588147574565,0.45682672,0.004670058222282003,0.46145338,0.005285108763825652,0.45828003,0.004654662829370881,0.46212006,0.005274659993454556,0.4596667,0.004656132685564418,0.46224,0.005301745891987897,0.4611867,0.004641037451787955,0.4627467,0.005335663874210639,0.4629867,0.004663207667261249,0.4626667,0.005312837464690523,0.46293336,0.004658057398292836,0.46276003,0.005301834554378493,0.46361336,0.004645195348478681,0.46148005,0.0053108864303149095,0.46496,0.004670369925998841,0.46125335,0.00530969502944173,0.4655067,0.004722032854482583,0.4602134,0.0053474499689726285,0.4647734,0.004789620379521131,0.4582667,0.005379908716017345,0.46276,0.004792282560154404,0.46404004,0.005140597841092387,0.45833337,0.004641353773337631,0.45904005,0.004964754460744514,0.45694673,0.004634513377549165,10.972611,0.014336071292904151,11.117475,0.01690829284815365,0.21567506,0.0009342760731095023,0.21401852,0.0010178253105343205,,,,,,,,
