,shots,val_acc,val_conf,test_acc,test_conf,val_acc_me1,val_conf_me1,test_acc_me1,test_conf_me1,val_acc_me2,val_conf_me2,test_acc_me2,test_conf_me2,val_acc_me3,val_conf_me3,test_acc_me3,test_conf_me3,val_acc_me4,val_conf_me4,test_acc_me4,test_conf_me4,val_acc_me5,val_conf_me5,test_acc_me5,test_conf_me5,val_acc_me6,val_conf_me6,test_acc_me6,test_conf_me6,val_acc_me7,val_conf_me7,test_acc_me7,test_conf_me7,val_acc_me8,val_conf_me8,test_acc_me8,test_conf_me8,val_acc_me9,val_conf_me9,test_acc_me9,test_conf_me9,val_acc_med,val_conf_med,test_acc_med,test_conf_med,val_acc_maj,val_conf_maj,test_acc_maj,test_conf_maj,val_acc_lin,val_conf_lin,test_acc_lin,test_conf_lin,val_nld,val_conf_nld,test_nld,test_conf_nld,val_mse,val_conf_mse,test_mse,test_conf_mse,val_svm,val_conf_svm,test_svm,test_conf_svm,val_mvm,val_conf_mvm,test_mvm,test_conf_mvm
0,5,0.6712001,0.006686123228918928,0.7427734,0.005917808662490476,0.6716001,0.006680942944036983,0.7432534,0.0059294492955179745,0.67200005,0.006664802694688499,0.74350685,0.005921509855513096,0.6720134,0.0066758808756758325,0.7435467,0.005916451943201562,0.6720801,0.006669988059186505,0.7435467,0.005946417522294967,0.67234683,0.006689093880785979,0.74370676,0.005944548223560608,0.6724668,0.006698349403150727,0.7437468,0.005943760883061144,0.6724934,0.0067096815649444475,0.7436801,0.005935980296505994,0.6729201,0.006723269538081222,0.7437601,0.0059522336827592115,0.6728534,0.006738994182474034,0.74378675,0.005966278359564092,0.67256004,0.006743858145806247,0.74390674,0.005980058434547186,0.6722801,0.006704978763978353,0.7421868,0.0058235102069452704,0.65901345,0.006490540922088894,0.72953343,0.005907116070545393,4.2936463,0.008953178995087185,4.345115,0.009705804474435809,0.18151866,0.001197189672978216,0.16997117,0.001111323380202145,,,,,,,,
