,shots,val_acc,val_conf,test_acc,test_conf,val_acc_me1,val_conf_me1,test_acc_me1,test_conf_me1,val_acc_me2,val_conf_me2,test_acc_me2,test_conf_me2,val_acc_me3,val_conf_me3,test_acc_me3,test_conf_me3,val_acc_me4,val_conf_me4,test_acc_me4,test_conf_me4,val_acc_me5,val_conf_me5,test_acc_me5,test_conf_me5,val_acc_me6,val_conf_me6,test_acc_me6,test_conf_me6,val_acc_me7,val_conf_me7,test_acc_me7,test_conf_me7,val_acc_me8,val_conf_me8,test_acc_me8,test_conf_me8,val_acc_me9,val_conf_me9,test_acc_me9,test_conf_me9,val_acc_med,val_conf_med,test_acc_med,test_conf_med,val_acc_maj,val_conf_maj,test_acc_maj,test_conf_maj,val_acc_lin,val_conf_lin,test_acc_lin,test_conf_lin,val_nld,val_conf_nld,test_nld,test_conf_nld,val_mse,val_conf_mse,test_mse,test_conf_mse,val_svm,val_conf_svm,test_svm,test_conf_svm,val_mvm,val_conf_mvm,test_mvm,test_conf_mvm
0,5,0.38093337,0.00732987083087433,0.38884002,0.007635257814148755,0.38096002,0.007352578562090373,0.38897339,0.0076647754634565635,0.3811467,0.007381427549202679,0.38901338,0.007684102941032445,0.3809467,0.007410098287967348,0.38917336,0.007712325750011406,0.38065338,0.007438487800711879,0.38885337,0.007724567624874945,0.3803467,0.00744417050580698,0.3888667,0.007784279897785129,0.3799334,0.007470052073535127,0.38889337,0.007812389569859468,0.37960005,0.007487653405194805,0.38901338,0.007829518035436134,0.3793067,0.007491222066414893,0.38896003,0.007851462900666739,0.3789867,0.007531762944499254,0.38841337,0.007861966623248617,0.3785867,0.007550190406454327,0.3883067,0.007850568888228548,0.38297337,0.007271026710538364,0.39098668,0.0076747559855774306,0.37314674,0.0068404373489919235,0.38168,0.007378256021606966,4.7038054,0.01299677785800668,4.6395025,0.012655801698804758,0.23230863,0.0011744952180315626,0.23061502,0.0011869596724380371,,,,,,,,
