,shots,val_acc,val_conf,test_acc,test_conf,val_acc_me1,val_conf_me1,test_acc_me1,test_conf_me1,val_acc_me2,val_conf_me2,test_acc_me2,test_conf_me2,val_acc_me3,val_conf_me3,test_acc_me3,test_conf_me3,val_acc_me4,val_conf_me4,test_acc_me4,test_conf_me4,val_acc_me5,val_conf_me5,test_acc_me5,test_conf_me5,val_acc_me6,val_conf_me6,test_acc_me6,test_conf_me6,val_acc_me7,val_conf_me7,test_acc_me7,test_conf_me7,val_acc_me8,val_conf_me8,test_acc_me8,test_conf_me8,val_acc_me9,val_conf_me9,test_acc_me9,test_conf_me9,val_acc_med,val_conf_med,test_acc_med,test_conf_med,val_acc_maj,val_conf_maj,test_acc_maj,test_conf_maj,val_acc_lin,val_conf_lin,test_acc_lin,test_conf_lin,val_nld,val_conf_nld,test_nld,test_conf_nld,val_mse,val_conf_mse,test_mse,test_conf_mse,val_svm,val_conf_svm,test_svm,test_conf_svm,val_mvm,val_conf_mvm,test_mvm,test_conf_mvm
0,5,0.7988801,0.0045159819206003204,0.79389346,0.0047349581686066955,0.7986668,0.004525437395127119,0.79382676,0.00470500644301175,0.79842675,0.004536758474121938,0.79349345,0.004702334103146244,0.79810673,0.004528293986522991,0.7931467,0.004714091105561313,0.79764014,0.0045538735479834225,0.79294676,0.004717233540810106,0.7976001,0.004554318245286071,0.79266673,0.004729271307462035,0.79754674,0.00455240784783939,0.79250675,0.004721795959657826,0.7974801,0.0045689807881251765,0.7919735,0.004730434539554906,0.79734683,0.004583181547680115,0.79186684,0.004729010861689753,0.7967334,0.004580016485050464,0.7912268,0.004748423769173171,0.79630685,0.0045853339195677245,0.7911201,0.004731940414844593,0.7986935,0.0044680026373744575,0.79293346,0.004762372856838337,0.7890268,0.004592291608310428,0.78764015,0.004707405868956349,4.9103723,0.013381279862442419,4.886562,0.014999794254382692,0.14441022,0.0010155424848689865,0.14518656,0.0010274455262477278,,,,,,,,
