,shots,val_acc,val_conf,test_acc,test_conf,val_acc_me1,val_conf_me1,test_acc_me1,test_conf_me1,val_acc_me2,val_conf_me2,test_acc_me2,test_conf_me2,val_acc_me3,val_conf_me3,test_acc_me3,test_conf_me3,val_acc_me4,val_conf_me4,test_acc_me4,test_conf_me4,val_acc_me5,val_conf_me5,test_acc_me5,test_conf_me5,val_acc_me6,val_conf_me6,test_acc_me6,test_conf_me6,val_acc_me7,val_conf_me7,test_acc_me7,test_conf_me7,val_acc_me8,val_conf_me8,test_acc_me8,test_conf_me8,val_acc_me9,val_conf_me9,test_acc_me9,test_conf_me9,val_acc_med,val_conf_med,test_acc_med,test_conf_med,val_acc_maj,val_conf_maj,test_acc_maj,test_conf_maj,val_acc_lin,val_conf_lin,test_acc_lin,test_conf_lin,val_nld,val_conf_nld,test_nld,test_conf_nld,val_mse,val_conf_mse,test_mse,test_conf_mse,val_svm,val_conf_svm,test_svm,test_conf_svm,val_mvm,val_conf_mvm,test_mvm,test_conf_mvm
0,5,0.30496,0.006411332620704091,0.32885337,0.007114052718748487,0.30536002,0.0064890595213132896,0.32956,0.007125181695897098,0.30565336,0.006537121925530298,0.32944003,0.007090549796717083,0.30606672,0.006637719105071549,0.33013335,0.00709949453893155,0.30646667,0.006652316998250918,0.33010668,0.00711906399094836,0.30689338,0.006739298959441586,0.33097336,0.007128383701189622,0.30785334,0.006787328577045448,0.33096004,0.007154260651084932,0.30802667,0.00677939329309013,0.33101338,0.007139214828119966,0.3072267,0.0067881925735701065,0.33052003,0.007186112153110991,0.30704,0.006798405834466226,0.33036005,0.007109639455901595,0.30592003,0.0067866123511716725,0.32945338,0.007106612466473816,0.31117335,0.006514470531874927,0.33557338,0.007207924948322286,0.3329467,0.006948532503718352,0.35768002,0.007521749635765185,8.530012,0.024658604891120817,8.567986,0.024449452158918916,0.24056421,0.0012597792020862808,0.23496354,0.0013829261829604589,,,,,,,,
