,shots,val_acc,val_conf,test_acc,test_conf,val_acc_me1,val_conf_me1,test_acc_me1,test_conf_me1,val_acc_me2,val_conf_me2,test_acc_me2,test_conf_me2,val_acc_me3,val_conf_me3,test_acc_me3,test_conf_me3,val_acc_me4,val_conf_me4,test_acc_me4,test_conf_me4,val_acc_me5,val_conf_me5,test_acc_me5,test_conf_me5,val_acc_me6,val_conf_me6,test_acc_me6,test_conf_me6,val_acc_me7,val_conf_me7,test_acc_me7,test_conf_me7,val_acc_me8,val_conf_me8,test_acc_me8,test_conf_me8,val_acc_me9,val_conf_me9,test_acc_me9,test_conf_me9,val_acc_med,val_conf_med,test_acc_med,test_conf_med,val_acc_maj,val_conf_maj,test_acc_maj,test_conf_maj,val_acc_lin,val_conf_lin,test_acc_lin,test_conf_lin,val_nld,val_conf_nld,test_nld,test_conf_nld,val_mse,val_conf_mse,test_mse,test_conf_mse,val_svm,val_conf_svm,test_svm,test_conf_svm,val_mvm,val_conf_mvm,test_mvm,test_conf_mvm
0,5,0.8147201,0.004276054103207638,0.80577344,0.004396678823783695,0.8149468,0.0042679872110164,0.80610675,0.004373507000366983,0.8147468,0.00426064531858128,0.8062668,0.004387308317381211,0.8145335,0.004252867040942632,0.80625343,0.004400372166490474,0.8142534,0.004272619820923307,0.8063734,0.0043832875703258,0.81414676,0.004250083873088895,0.80645347,0.00437409392692123,0.8141201,0.004243342298923203,0.80624014,0.004366525760676865,0.81377345,0.0042467558009599005,0.8058668,0.004366323961381591,0.8136135,0.004250347551344125,0.80544007,0.004376421314673418,0.8132801,0.004271319439195009,0.80525345,0.0043779230339136,0.8132401,0.004266432386698549,0.8049468,0.004383586805894013,0.8138001,0.004291421327338507,0.80577344,0.004332145995169956,0.8010268,0.004396800272787438,0.7974001,0.0043481698751308695,5.0372295,0.015168485535225429,4.979386,0.016431327976727417,0.13988529,0.001036469579741267,0.14276452,0.0009928235554082787,,,,,,,,
