,shots,val_acc,val_conf,test_acc,test_conf,val_acc_me1,val_conf_me1,test_acc_me1,test_conf_me1,val_acc_me2,val_conf_me2,test_acc_me2,test_conf_me2,val_acc_me3,val_conf_me3,test_acc_me3,test_conf_me3,val_acc_me4,val_conf_me4,test_acc_me4,test_conf_me4,val_acc_me5,val_conf_me5,test_acc_me5,test_conf_me5,val_acc_me6,val_conf_me6,test_acc_me6,test_conf_me6,val_acc_me7,val_conf_me7,test_acc_me7,test_conf_me7,val_acc_me8,val_conf_me8,test_acc_me8,test_conf_me8,val_acc_me9,val_conf_me9,test_acc_me9,test_conf_me9,val_acc_med,val_conf_med,test_acc_med,test_conf_med,val_acc_maj,val_conf_maj,test_acc_maj,test_conf_maj,val_acc_lin,val_conf_lin,test_acc_lin,test_conf_lin,val_nld,val_conf_nld,test_nld,test_conf_nld,val_mse,val_conf_mse,test_mse,test_conf_mse,val_svm,val_conf_svm,test_svm,test_conf_svm,val_mvm,val_conf_mvm,test_mvm,test_conf_mvm
0,5,0.5366267,0.007521125304765008,0.5399333,0.007089163061514636,0.53725344,0.007560179240674314,0.5404,0.007104629107268279,0.5376267,0.007603311646549482,0.54101336,0.007116028227638238,0.53829336,0.0075991435906265226,0.5412267,0.007157948914175649,0.53845334,0.007628276112675358,0.5413867,0.007157741111697757,0.5389466,0.00764873495929741,0.5418134,0.0071754980643241595,0.53950673,0.007652705371974822,0.5422534,0.007180161613711045,0.5400134,0.007669363742168089,0.54241335,0.007202396478844131,0.54014665,0.007682628005222791,0.54264003,0.007208163228496933,0.5406667,0.007686614118531776,0.54249334,0.007224373207121326,0.5405333,0.007681672575607812,0.5426934,0.007233837455530523,0.5381467,0.007482885031002362,0.54065335,0.007018105696878885,0.5214267,0.007271650579755318,0.5227067,0.006787968608677253,4.366251,0.010057789547133211,4.3453956,0.010233824105760903,0.20832819,0.00111746486699002,0.20742114,0.0010858840854143514,,,,,,,,
