,shots,val_acc,val_conf,test_acc,test_conf,val_acc_me1,val_conf_me1,test_acc_me1,test_conf_me1,val_acc_me2,val_conf_me2,test_acc_me2,test_conf_me2,val_acc_me3,val_conf_me3,test_acc_me3,test_conf_me3,val_acc_me4,val_conf_me4,test_acc_me4,test_conf_me4,val_acc_me5,val_conf_me5,test_acc_me5,test_conf_me5,val_acc_me6,val_conf_me6,test_acc_me6,test_conf_me6,val_acc_me7,val_conf_me7,test_acc_me7,test_conf_me7,val_acc_me8,val_conf_me8,test_acc_me8,test_conf_me8,val_acc_me9,val_conf_me9,test_acc_me9,test_conf_me9,val_acc_med,val_conf_med,test_acc_med,test_conf_med,val_acc_maj,val_conf_maj,test_acc_maj,test_conf_maj,val_acc_lin,val_conf_lin,test_acc_lin,test_conf_lin,val_nld,val_conf_nld,test_nld,test_conf_nld,val_mse,val_conf_mse,test_mse,test_conf_mse,val_svm,val_conf_svm,test_svm,test_conf_svm,val_mvm,val_conf_mvm,test_mvm,test_conf_mvm
0,5,0.33450672,0.005501731302432478,0.34816003,0.005999535068123896,0.33480003,0.005509283306261936,0.34885335,0.006022941477448918,0.33514667,0.005533278489274263,0.35001338,0.006045762345569583,0.3358667,0.005565332252378763,0.3494267,0.006034906282341879,0.3359067,0.00558628797781463,0.34972003,0.006038666121841674,0.33637336,0.0056130400070334985,0.3500534,0.006043471438696768,0.33620003,0.005600650361519077,0.34977338,0.00605992062106242,0.3356667,0.0055876719423173515,0.3492667,0.0060825673968849525,0.33577338,0.00558455952298198,0.34881338,0.00608335935521731,0.33548,0.005624784079516665,0.34904003,0.006121405218217302,0.33518672,0.005651374022802802,0.34885335,0.0061215608391840814,0.33669338,0.005537538901854044,0.34937334,0.005960801609813771,0.33449337,0.00523306948196528,0.3508667,0.005799317380687341,8.625035,0.014006316467506608,8.5706415,0.01356183158515556,0.24269095,0.0010542408476494902,0.23980883,0.0011734239962581106,,,,,,,,
