,shots,val_acc,val_conf,test_acc,test_conf,val_acc_me1,val_conf_me1,test_acc_me1,test_conf_me1,val_acc_me2,val_conf_me2,test_acc_me2,test_conf_me2,val_acc_me3,val_conf_me3,test_acc_me3,test_conf_me3,val_acc_me4,val_conf_me4,test_acc_me4,test_conf_me4,val_acc_me5,val_conf_me5,test_acc_me5,test_conf_me5,val_acc_me6,val_conf_me6,test_acc_me6,test_conf_me6,val_acc_me7,val_conf_me7,test_acc_me7,test_conf_me7,val_acc_me8,val_conf_me8,test_acc_me8,test_conf_me8,val_acc_me9,val_conf_me9,test_acc_me9,test_conf_me9,val_acc_med,val_conf_med,test_acc_med,test_conf_med,val_acc_maj,val_conf_maj,test_acc_maj,test_conf_maj,val_acc_lin,val_conf_lin,test_acc_lin,test_conf_lin,val_nld,val_conf_nld,test_nld,test_conf_nld,val_mse,val_conf_mse,test_mse,test_conf_mse,val_svm,val_conf_svm,test_svm,test_conf_svm,val_mvm,val_conf_mvm,test_mvm,test_conf_mvm
0,5,0.81665343,0.0043752857895776875,0.7999201,0.004526945117549919,0.8167335,0.004360493947418886,0.8002534,0.0045509426094787475,0.8167601,0.004361980889593942,0.8001334,0.004553590474830171,0.81690675,0.004358157324001022,0.80057347,0.004544367277295347,0.81689346,0.004356552165305172,0.8003601,0.00456770811339402,0.8170401,0.004359611479562875,0.8002268,0.004571032491256788,0.8171468,0.004372722892350467,0.80020005,0.004566847811135588,0.8167068,0.004376066203327866,0.79996014,0.004564018926736746,0.81632006,0.00437628739752105,0.79973346,0.004570500978696712,0.81601346,0.004386333492868211,0.7995068,0.004567061616796098,0.81565344,0.0044067900305739816,0.79920006,0.004575194543997019,0.8157201,0.00434675358579828,0.79956007,0.004470565534601678,0.80370677,0.004414306477090513,0.7900801,0.004633548250485231,4.950203,0.01411363859701531,4.876893,0.01573142521849924,0.14045721,0.0010426237655694892,0.14533664,0.0009972558668156217,,,,,,,,
