,shots,val_acc,val_conf,test_acc,test_conf,val_acc_me1,val_conf_me1,test_acc_me1,test_conf_me1,val_acc_me2,val_conf_me2,test_acc_me2,test_conf_me2,val_acc_me3,val_conf_me3,test_acc_me3,test_conf_me3,val_acc_me4,val_conf_me4,test_acc_me4,test_conf_me4,val_acc_me5,val_conf_me5,test_acc_me5,test_conf_me5,val_acc_me6,val_conf_me6,test_acc_me6,test_conf_me6,val_acc_me7,val_conf_me7,test_acc_me7,test_conf_me7,val_acc_me8,val_conf_me8,test_acc_me8,test_conf_me8,val_acc_me9,val_conf_me9,test_acc_me9,test_conf_me9,val_acc_med,val_conf_med,test_acc_med,test_conf_med,val_acc_maj,val_conf_maj,test_acc_maj,test_conf_maj,val_acc_lin,val_conf_lin,test_acc_lin,test_conf_lin,val_nld,val_conf_nld,test_nld,test_conf_nld,val_mse,val_conf_mse,test_mse,test_conf_mse,val_svm,val_conf_svm,test_svm,test_conf_svm,val_mvm,val_conf_mvm,test_mvm,test_conf_mvm
0,5,0.3667867,0.0058597177106909926,0.39100006,0.00640342458196258,0.36672002,0.005904234542852105,0.39225337,0.006420593222684956,0.3664934,0.005980154023687012,0.39308003,0.00645373725612336,0.36632004,0.0059850383054837475,0.39362672,0.006512568908310645,0.3668134,0.00599841893792602,0.3946667,0.006575792581313744,0.36688003,0.006025134024482182,0.39476,0.0066213017857525425,0.36605337,0.006039533812632614,0.39464003,0.006683873882541658,0.36569336,0.006042746900723928,0.39477336,0.0067286202209950186,0.36544004,0.0060520652256153,0.39432004,0.006725988056275223,0.36560005,0.006067636557957723,0.39345336,0.006759313108761045,0.36500007,0.006051321754527772,0.3928667,0.0067937561385778555,0.36673337,0.0058230913695065945,0.39325336,0.0064159347529141875,0.3597467,0.005564271997958281,0.38601336,0.006197666880465802,8.045118,0.014439604952348972,8.142545,0.01967681478324046,0.23827466,0.0011701543397144853,0.23263195,0.0012696512051353914,,,,,,,,
