,shots,val_acc,val_conf,test_acc,test_conf,val_acc_me1,val_conf_me1,test_acc_me1,test_conf_me1,val_acc_me2,val_conf_me2,test_acc_me2,test_conf_me2,val_acc_me3,val_conf_me3,test_acc_me3,test_conf_me3,val_acc_me4,val_conf_me4,test_acc_me4,test_conf_me4,val_acc_me5,val_conf_me5,test_acc_me5,test_conf_me5,val_acc_me6,val_conf_me6,test_acc_me6,test_conf_me6,val_acc_me7,val_conf_me7,test_acc_me7,test_conf_me7,val_acc_me8,val_conf_me8,test_acc_me8,test_conf_me8,val_acc_me9,val_conf_me9,test_acc_me9,test_conf_me9,val_acc_med,val_conf_med,test_acc_med,test_conf_med,val_acc_maj,val_conf_maj,test_acc_maj,test_conf_maj,val_acc_lin,val_conf_lin,test_acc_lin,test_conf_lin,val_nld,val_conf_nld,test_nld,test_conf_nld,val_mse,val_conf_mse,test_mse,test_conf_mse,val_svm,val_conf_svm,test_svm,test_conf_svm,val_mvm,val_conf_mvm,test_mvm,test_conf_mvm
0,5,0.57202667,0.007518416484020074,0.5672267,0.007359057381567391,0.5726267,0.007548896027908758,0.56766677,0.0073740972013497386,0.5732533,0.007550787030457418,0.5680267,0.007401358115747714,0.57352,0.0075823106663517326,0.5685067,0.007416460738056685,0.5745067,0.007602679465233408,0.56893337,0.00744461889737591,0.5746267,0.007632175410726916,0.5691067,0.007475839141652396,0.5752001,0.0076462607244608405,0.5693467,0.007486214488481302,0.57537335,0.0076682757807505775,0.5692267,0.007511992154970559,0.5754001,0.007693436042988888,0.56924,0.0075306976104626555,0.5753734,0.007688219277227626,0.5696934,0.007541751316936018,0.57532,0.007699734305201766,0.57000005,0.007527826242001656,0.5738667,0.007406104324342522,0.5699734,0.007217626553339573,0.5556134,0.007031201870818071,0.5509734,0.006962316734751006,4.54484,0.011717688957001648,4.508294,0.011668053718918436,0.20122437,0.0011766001416866623,0.20175858,0.0011339632292754198,,,,,,,,
