,shots,val_acc,val_conf,test_acc,test_conf,val_acc_me1,val_conf_me1,test_acc_me1,test_conf_me1,val_acc_me2,val_conf_me2,test_acc_me2,test_conf_me2,val_acc_me3,val_conf_me3,test_acc_me3,test_conf_me3,val_acc_me4,val_conf_me4,test_acc_me4,test_conf_me4,val_acc_me5,val_conf_me5,test_acc_me5,test_conf_me5,val_acc_me6,val_conf_me6,test_acc_me6,test_conf_me6,val_acc_me7,val_conf_me7,test_acc_me7,test_conf_me7,val_acc_me8,val_conf_me8,test_acc_me8,test_conf_me8,val_acc_me9,val_conf_me9,test_acc_me9,test_conf_me9,val_acc_med,val_conf_med,test_acc_med,test_conf_med,val_acc_maj,val_conf_maj,test_acc_maj,test_conf_maj,val_acc_lin,val_conf_lin,test_acc_lin,test_conf_lin,val_nld,val_conf_nld,test_nld,test_conf_nld,val_mse,val_conf_mse,test_mse,test_conf_mse,val_svm,val_conf_svm,test_svm,test_conf_svm,val_mvm,val_conf_mvm,test_mvm,test_conf_mvm
0,5,0.4744667,0.00514462459133036,0.53793335,0.005976617687296848,0.47461334,0.005142631534675868,0.53845334,0.005975734757657447,0.47461334,0.00514077054804063,0.53882664,0.0059726288032880825,0.47396,0.0051207185324918525,0.5382133,0.005965171926815227,0.4740267,0.005107853250194749,0.53808004,0.005972228898963983,0.47369337,0.005104370480665477,0.53768003,0.005959879428595327,0.4731067,0.005094614385220686,0.5376667,0.005965592611387072,0.47228003,0.005124186063172775,0.53694665,0.005962164332285358,0.47182673,0.005120013389416922,0.5366267,0.005938637397523205,0.47100002,0.005116550476568893,0.5364133,0.005929631699915228,0.47028002,0.005104523792715809,0.53644,0.005895122173305456,0.4755334,0.0051186478962456095,0.5378667,0.005963932038697162,0.47553337,0.005020207706424751,0.53249335,0.005876790300490264,6.2389827,0.019275177848261826,6.063632,0.01703014452691587,0.2125496,0.0009083054389303624,0.19697785,0.0012023726131139834,,,,,,,,
