,shots,val_acc,val_conf,test_acc,test_conf,val_acc_me1,val_conf_me1,test_acc_me1,test_conf_me1,val_acc_me2,val_conf_me2,test_acc_me2,test_conf_me2,val_acc_me3,val_conf_me3,test_acc_me3,test_conf_me3,val_acc_me4,val_conf_me4,test_acc_me4,test_conf_me4,val_acc_me5,val_conf_me5,test_acc_me5,test_conf_me5,val_acc_me6,val_conf_me6,test_acc_me6,test_conf_me6,val_acc_me7,val_conf_me7,test_acc_me7,test_conf_me7,val_acc_me8,val_conf_me8,test_acc_me8,test_conf_me8,val_acc_me9,val_conf_me9,test_acc_me9,test_conf_me9,val_acc_med,val_conf_med,test_acc_med,test_conf_med,val_acc_maj,val_conf_maj,test_acc_maj,test_conf_maj,val_acc_lin,val_conf_lin,test_acc_lin,test_conf_lin,val_nld,val_conf_nld,test_nld,test_conf_nld,val_mse,val_conf_mse,test_mse,test_conf_mse,val_svm,val_conf_svm,test_svm,test_conf_svm,val_mvm,val_conf_mvm,test_mvm,test_conf_mvm
0,5,0.52978677,0.007406697254079386,0.55623996,0.007056324728610397,0.5367733,0.007342652068613731,0.5618534,0.007002994762470793,0.5442533,0.0072743146075217036,0.5670667,0.007018178196854463,0.55018675,0.007289150780875664,0.5719867,0.00703509239498723,0.55693334,0.007278770354430697,0.57688,0.006998579652490733,0.5629734,0.00725761606218267,0.58166677,0.0070057617679095685,0.56928,0.00717235747620848,0.5855734,0.006984794959674856,0.57412,0.007178261375496708,0.5875334,0.00699474592766558,0.57790667,0.0071669116659381915,0.5893867,0.007046625894292835,0.5801067,0.0072204406606732885,0.59025335,0.007067368275851416,0.5795467,0.007316509593329967,0.58980006,0.007112451254318919,0.53672004,0.00723526852192824,0.5638133,0.0069516814039332075,0.54953337,0.006783585361743949,0.5711334,0.006847228333969002,10.646658,0.023423596898856758,10.641637,0.026486701473718455,0.20805377,0.0009923457251549972,0.19930573,0.0010839671075559276,,,,,,,,
