,shots,val_acc,val_conf,test_acc,test_conf,val_acc_me1,val_conf_me1,test_acc_me1,test_conf_me1,val_acc_me2,val_conf_me2,test_acc_me2,test_conf_me2,val_acc_me3,val_conf_me3,test_acc_me3,test_conf_me3,val_acc_me4,val_conf_me4,test_acc_me4,test_conf_me4,val_acc_me5,val_conf_me5,test_acc_me5,test_conf_me5,val_acc_me6,val_conf_me6,test_acc_me6,test_conf_me6,val_acc_me7,val_conf_me7,test_acc_me7,test_conf_me7,val_acc_me8,val_conf_me8,test_acc_me8,test_conf_me8,val_acc_me9,val_conf_me9,test_acc_me9,test_conf_me9,val_acc_med,val_conf_med,test_acc_med,test_conf_med,val_acc_maj,val_conf_maj,test_acc_maj,test_conf_maj,val_acc_lin,val_conf_lin,test_acc_lin,test_conf_lin,val_nld,val_conf_nld,test_nld,test_conf_nld,val_mse,val_conf_mse,test_mse,test_conf_mse,val_svm,val_conf_svm,test_svm,test_conf_svm,val_mvm,val_conf_mvm,test_mvm,test_conf_mvm
0,5,0.43640003,0.005251825271835375,0.51488,0.006132574832294901,0.4366267,0.005314188180796764,0.5148001,0.006147235989784283,0.43656003,0.005326166377404962,0.5146267,0.006134026678940363,0.43672004,0.005324629100851963,0.5144,0.006130849609945255,0.43700004,0.0053404544140006616,0.51413333,0.0061351303409895586,0.4358534,0.0053354537628163,0.5138533,0.006127999021732,0.43572003,0.005352957658202984,0.51369333,0.0061377408018949975,0.4351067,0.005361274836934327,0.5130667,0.006138761342952992,0.43433338,0.0053441653044722925,0.5127867,0.00617444379910459,0.43364003,0.005352160158471231,0.51257336,0.006170924548695833,0.43292004,0.005338320513444517,0.51182663,0.0061965983139462555,0.43785337,0.005221014629331888,0.51537335,0.006047378587064167,0.44456005,0.005247914890984973,0.5198,0.005910528649015423,7.7139764,0.022350517833020334,7.7374983,0.021939192684739872,0.21767834,0.0010843446153907255,0.19721839,0.0014476662368229365,,,,,,,,
