,shots,val_acc,val_conf,test_acc,test_conf,val_acc_me1,val_conf_me1,test_acc_me1,test_conf_me1,val_acc_me2,val_conf_me2,test_acc_me2,test_conf_me2,val_acc_me3,val_conf_me3,test_acc_me3,test_conf_me3,val_acc_me4,val_conf_me4,test_acc_me4,test_conf_me4,val_acc_me5,val_conf_me5,test_acc_me5,test_conf_me5,val_acc_me6,val_conf_me6,test_acc_me6,test_conf_me6,val_acc_me7,val_conf_me7,test_acc_me7,test_conf_me7,val_acc_me8,val_conf_me8,test_acc_me8,test_conf_me8,val_acc_me9,val_conf_me9,test_acc_me9,test_conf_me9,val_acc_med,val_conf_med,test_acc_med,test_conf_med,val_acc_maj,val_conf_maj,test_acc_maj,test_conf_maj,val_acc_lin,val_conf_lin,test_acc_lin,test_conf_lin,val_nld,val_conf_nld,test_nld,test_conf_nld,val_mse,val_conf_mse,test_mse,test_conf_mse,val_svm,val_conf_svm,test_svm,test_conf_svm,val_mvm,val_conf_mvm,test_mvm,test_conf_mvm
0,5,0.39617336,0.005891290295613361,0.41208005,0.006134504162856214,0.3963867,0.005900734687341314,0.41198674,0.006113385889704281,0.3966134,0.005898181949346382,0.41216004,0.006121178482624778,0.3967334,0.005885156890032939,0.41245338,0.006138095913240549,0.39692006,0.005903866963357873,0.41258672,0.006129359435287196,0.39721337,0.005893998192791794,0.41282672,0.0061329100869592645,0.3976267,0.005931745743790184,0.4128667,0.006129744562546224,0.3974134,0.00592805932783258,0.41308004,0.006101176339670666,0.3973067,0.005954686213781424,0.4133334,0.006110209282492451,0.3975334,0.005992655420756221,0.4137734,0.006116131653111978,0.39756006,0.006000221278084195,0.41360003,0.00612940007221624,0.3980667,0.005804041885467737,0.41402674,0.006039161153522321,0.38882673,0.00556962037195563,0.40692005,0.005907918188109984,4.799268,0.011923093856069045,4.6908965,0.010367530684994186,0.23006634,0.0008377905542076014,0.22627343,0.0009216072218768689,,,,,,,,
