,shots,val_acc,val_conf,test_acc,test_conf,val_acc_me1,val_conf_me1,test_acc_me1,test_conf_me1,val_acc_me2,val_conf_me2,test_acc_me2,test_conf_me2,val_acc_me3,val_conf_me3,test_acc_me3,test_conf_me3,val_acc_me4,val_conf_me4,test_acc_me4,test_conf_me4,val_acc_me5,val_conf_me5,test_acc_me5,test_conf_me5,val_acc_me6,val_conf_me6,test_acc_me6,test_conf_me6,val_acc_me7,val_conf_me7,test_acc_me7,test_conf_me7,val_acc_me8,val_conf_me8,test_acc_me8,test_conf_me8,val_acc_me9,val_conf_me9,test_acc_me9,test_conf_me9,val_acc_med,val_conf_med,test_acc_med,test_conf_med,val_acc_maj,val_conf_maj,test_acc_maj,test_conf_maj,val_acc_lin,val_conf_lin,test_acc_lin,test_conf_lin,val_nld,val_conf_nld,test_nld,test_conf_nld,val_mse,val_conf_mse,test_mse,test_conf_mse,val_svm,val_conf_svm,test_svm,test_conf_svm,val_mvm,val_conf_mvm,test_mvm,test_conf_mvm
0,5,0.37994668,0.00763774451713406,0.42720005,0.008247555665535422,0.37989336,0.0076361315081224235,0.42689338,0.008294102497013733,0.37996003,0.007653302919544469,0.42700002,0.00833093063749335,0.3795467,0.007689875232084642,0.42652002,0.008332593057316373,0.3795467,0.007701157059500363,0.42616004,0.008338812354587666,0.3796134,0.007726782337505844,0.42600003,0.00834925604534259,0.37958673,0.007743126695065938,0.42621338,0.008364689766266309,0.3794134,0.0077522598448603874,0.42557338,0.00839334434261596,0.37936005,0.007757357008751131,0.42516002,0.00841550716955669,0.3789867,0.007767420190079866,0.4251067,0.008418312041224785,0.37865335,0.007753307169348911,0.42445338,0.00842241729462112,0.3829067,0.00760053124939547,0.4313067,0.008195608740331872,0.37480003,0.007214377446152109,0.41908005,0.007864547991807136,4.6594296,0.011624302523442154,4.7267694,0.01378033912312926,0.23234364,0.0011991603331434342,0.225072,0.0013014680734151074,,,,,,,,
