,shots,val_acc,val_conf,test_acc,test_conf,val_acc_me1,val_conf_me1,test_acc_me1,test_conf_me1,val_acc_me2,val_conf_me2,test_acc_me2,test_conf_me2,val_acc_me3,val_conf_me3,test_acc_me3,test_conf_me3,val_acc_me4,val_conf_me4,test_acc_me4,test_conf_me4,val_acc_me5,val_conf_me5,test_acc_me5,test_conf_me5,val_acc_me6,val_conf_me6,test_acc_me6,test_conf_me6,val_acc_me7,val_conf_me7,test_acc_me7,test_conf_me7,val_acc_me8,val_conf_me8,test_acc_me8,test_conf_me8,val_acc_me9,val_conf_me9,test_acc_me9,test_conf_me9,val_acc_med,val_conf_med,test_acc_med,test_conf_med,val_acc_maj,val_conf_maj,test_acc_maj,test_conf_maj,val_acc_lin,val_conf_lin,test_acc_lin,test_conf_lin,val_nld,val_conf_nld,test_nld,test_conf_nld,val_mse,val_conf_mse,test_mse,test_conf_mse,val_svm,val_conf_svm,test_svm,test_conf_svm,val_mvm,val_conf_mvm,test_mvm,test_conf_mvm
0,5,0.50676,0.007335550765269705,0.56292,0.007406687556630431,0.5071201,0.007350162050164255,0.5628667,0.007431461768043102,0.5074534,0.007347867910808548,0.56312007,0.007461960706829807,0.5076933,0.007357051856764163,0.56294674,0.007480302738877342,0.5080133,0.007367067936198013,0.5635333,0.0074973097554501544,0.50821334,0.007383647341449695,0.5635867,0.007494932495103246,0.50813335,0.007392962433858119,0.56396,0.007502141393952555,0.50824004,0.007417249463906095,0.564,0.007517307280571428,0.5083734,0.007438120221217703,0.56397337,0.007541603084501802,0.5086267,0.007441785395144174,0.5638933,0.007546475359933136,0.5085333,0.007459173382926565,0.5637867,0.0075621579820469575,0.50588006,0.007331195687116598,0.5615067,0.0071982662891505456,0.49340004,0.0070557678179696826,0.55058664,0.00714112153130031,4.1979947,0.008271336581104016,4.2431793,0.009128264127282293,0.2127136,0.001115605150258825,0.20413178,0.0011216795630246967,,,,,,,,
