,shots,val_acc,val_conf,test_acc,test_conf,val_acc_me1,val_conf_me1,test_acc_me1,test_conf_me1,val_acc_me2,val_conf_me2,test_acc_me2,test_conf_me2,val_acc_me3,val_conf_me3,test_acc_me3,test_conf_me3,val_acc_me4,val_conf_me4,test_acc_me4,test_conf_me4,val_acc_me5,val_conf_me5,test_acc_me5,test_conf_me5,val_acc_me6,val_conf_me6,test_acc_me6,test_conf_me6,val_acc_me7,val_conf_me7,test_acc_me7,test_conf_me7,val_acc_me8,val_conf_me8,test_acc_me8,test_conf_me8,val_acc_me9,val_conf_me9,test_acc_me9,test_conf_me9,val_acc_med,val_conf_med,test_acc_med,test_conf_med,val_acc_maj,val_conf_maj,test_acc_maj,test_conf_maj,val_acc_lin,val_conf_lin,test_acc_lin,test_conf_lin,val_nld,val_conf_nld,test_nld,test_conf_nld,val_mse,val_conf_mse,test_mse,test_conf_mse,val_svm,val_conf_svm,test_svm,test_conf_svm,val_mvm,val_conf_mvm,test_mvm,test_conf_mvm
0,5,0.65052,0.0069019551945432855,0.72209346,0.00615048555875497,0.65094674,0.006905840639096272,0.7223734,0.0061554829774563835,0.6513734,0.006897938141754212,0.72276014,0.006152363169588448,0.65148,0.006888531154472299,0.7232935,0.006152688265020467,0.6516134,0.0068794294059411065,0.72365344,0.006160290603227869,0.65176004,0.006860209523870453,0.72401345,0.0061532659559090375,0.6519467,0.006847797712758341,0.7239868,0.006153665860233137,0.6519868,0.006872988914476741,0.7244535,0.006152713201317828,0.65178674,0.006897796836069281,0.7243734,0.006143927312553088,0.65192,0.006905237088343896,0.7244001,0.006148414922508727,0.65180004,0.006915772673972365,0.72422683,0.006148715543426775,0.6508267,0.0068319802499254845,0.7223467,0.006076161077383624,0.6392667,0.006663261723869218,0.7107335,0.00608127440368933,4.256396,0.008125432458202297,4.3196187,0.008947957149709751,0.18580286,0.001179107278582281,0.17376916,0.0011170991346289572,,,,,,,,
