,shots,val_acc,val_conf,test_acc,test_conf,val_acc_me1,val_conf_me1,test_acc_me1,test_conf_me1,val_acc_me2,val_conf_me2,test_acc_me2,test_conf_me2,val_acc_me3,val_conf_me3,test_acc_me3,test_conf_me3,val_acc_me4,val_conf_me4,test_acc_me4,test_conf_me4,val_acc_me5,val_conf_me5,test_acc_me5,test_conf_me5,val_acc_me6,val_conf_me6,test_acc_me6,test_conf_me6,val_acc_me7,val_conf_me7,test_acc_me7,test_conf_me7,val_acc_me8,val_conf_me8,test_acc_me8,test_conf_me8,val_acc_me9,val_conf_me9,test_acc_me9,test_conf_me9,val_acc_med,val_conf_med,test_acc_med,test_conf_med,val_acc_maj,val_conf_maj,test_acc_maj,test_conf_maj,val_acc_lin,val_conf_lin,test_acc_lin,test_conf_lin,val_nld,val_conf_nld,test_nld,test_conf_nld,val_mse,val_conf_mse,test_mse,test_conf_mse,val_svm,val_conf_svm,test_svm,test_conf_svm,val_mvm,val_conf_mvm,test_mvm,test_conf_mvm
0,5,0.56014675,0.007965926046881955,0.6204667,0.0075166150674284005,0.5606134,0.007968457542845808,0.6210001,0.007559221040359665,0.5608667,0.007992993935867165,0.6212667,0.007580469998180961,0.56112003,0.008020748958379342,0.62177336,0.007625486941638893,0.56134665,0.008055441812952924,0.62184006,0.007646106950627174,0.5613867,0.008079607855780324,0.6217467,0.007679823133554753,0.56176,0.008123711853685434,0.6218534,0.007670285923386588,0.56194663,0.00814741241896244,0.62153345,0.007681244502503404,0.56188005,0.00816662260358414,0.62165344,0.007709930018333089,0.56176007,0.008163501872149759,0.62162673,0.007710395957666871,0.56190675,0.00819943045879179,0.6218667,0.007720198693223379,0.56192005,0.007872367829941385,0.6201734,0.007464552234620614,0.54449344,0.007472909126714389,0.60236,0.007326912185372625,4.757598,0.01183139108436393,4.8368325,0.013573910912303866,0.19986834,0.0013714557170731723,0.18947686,0.0013469994434515686,,,,,,,,
