,shots,val_acc,val_conf,test_acc,test_conf,val_acc_me1,val_conf_me1,test_acc_me1,test_conf_me1,val_acc_me2,val_conf_me2,test_acc_me2,test_conf_me2,val_acc_me3,val_conf_me3,test_acc_me3,test_conf_me3,val_acc_me4,val_conf_me4,test_acc_me4,test_conf_me4,val_acc_me5,val_conf_me5,test_acc_me5,test_conf_me5,val_acc_me6,val_conf_me6,test_acc_me6,test_conf_me6,val_acc_me7,val_conf_me7,test_acc_me7,test_conf_me7,val_acc_me8,val_conf_me8,test_acc_me8,test_conf_me8,val_acc_me9,val_conf_me9,test_acc_me9,test_conf_me9,val_acc_med,val_conf_med,test_acc_med,test_conf_med,val_acc_maj,val_conf_maj,test_acc_maj,test_conf_maj,val_acc_lin,val_conf_lin,test_acc_lin,test_conf_lin,val_nld,val_conf_nld,test_nld,test_conf_nld,val_mse,val_conf_mse,test_mse,test_conf_mse,val_svm,val_conf_svm,test_svm,test_conf_svm,val_mvm,val_conf_mvm,test_mvm,test_conf_mvm
0,5,0.48350668,0.0059410455973501475,0.5254933,0.006566130689658944,0.48364002,0.005960611355100676,0.52638674,0.006585430922021018,0.48381335,0.0059718243768070445,0.5266,0.006585140460335315,0.48405334,0.005970644520515989,0.5270267,0.006601589642700967,0.48425335,0.005967990651981836,0.5270934,0.006589447974810092,0.4844267,0.005997843094170674,0.5274,0.006611507824078489,0.48436004,0.005981424851285055,0.5272267,0.006623969046001932,0.4842667,0.005979111778814661,0.5272533,0.0066177649875790445,0.48428002,0.006009354427878588,0.52732,0.006632599313799892,0.4844267,0.00601468802481081,0.5271867,0.0066339846636523925,0.48413336,0.006015717339751259,0.5273467,0.006629496591913586,0.48556,0.005940083240985938,0.5258267,0.006461062524360295,0.47878668,0.005927387894937408,0.5186267,0.006347184457566102,4.843477,0.01229500487747881,4.7072215,0.010493066470797174,0.21461967,0.0009030549052663761,0.20566542,0.0010447801780607557,,,,,,,,
