,shots,val_acc,val_conf,test_acc,test_conf,val_acc_me1,val_conf_me1,test_acc_me1,test_conf_me1,val_acc_me2,val_conf_me2,test_acc_me2,test_conf_me2,val_acc_me3,val_conf_me3,test_acc_me3,test_conf_me3,val_acc_me4,val_conf_me4,test_acc_me4,test_conf_me4,val_acc_me5,val_conf_me5,test_acc_me5,test_conf_me5,val_acc_me6,val_conf_me6,test_acc_me6,test_conf_me6,val_acc_me7,val_conf_me7,test_acc_me7,test_conf_me7,val_acc_me8,val_conf_me8,test_acc_me8,test_conf_me8,val_acc_me9,val_conf_me9,test_acc_me9,test_conf_me9,val_acc_med,val_conf_med,test_acc_med,test_conf_med,val_acc_maj,val_conf_maj,test_acc_maj,test_conf_maj,val_acc_lin,val_conf_lin,test_acc_lin,test_conf_lin,val_nld,val_conf_nld,test_nld,test_conf_nld,val_mse,val_conf_mse,test_mse,test_conf_mse,val_svm,val_conf_svm,test_svm,test_conf_svm,val_mvm,val_conf_mvm,test_mvm,test_conf_mvm
0,5,0.56458676,0.005744592367246226,0.59980005,0.005932347909192726,0.5641333,0.005746628831529432,0.5995601,0.005952430402438202,0.56416005,0.005729756655675544,0.59941334,0.005947843509076511,0.56394666,0.005731172483224856,0.59901345,0.005944190803298666,0.56366676,0.005714508109848748,0.5987868,0.0059516726160688815,0.5632134,0.0057285795700842135,0.59836006,0.005957364556829714,0.563,0.005722816514697637,0.5985334,0.005964476019405973,0.5628666,0.005732507498699357,0.59816,0.0059706085014198385,0.5624667,0.005740372591595433,0.5977867,0.005968059457691188,0.56166667,0.005741361269606893,0.5974667,0.005976498547209497,0.5609867,0.00573606923317016,0.5968,0.005974124519345536,0.56669337,0.005734130205160004,0.60168004,0.005956230878866986,0.56772006,0.005639147848571002,0.59969336,0.005825936878103621,4.9515324,0.013037605041727574,4.843466,0.010627941361740056,0.19672559,0.0009844487692123038,0.18845838,0.0010146302319911094,,,,,,,,
