,shots,val_acc,val_conf,test_acc,test_conf,val_acc_me1,val_conf_me1,test_acc_me1,test_conf_me1,val_acc_me2,val_conf_me2,test_acc_me2,test_conf_me2,val_acc_me3,val_conf_me3,test_acc_me3,test_conf_me3,val_acc_me4,val_conf_me4,test_acc_me4,test_conf_me4,val_acc_me5,val_conf_me5,test_acc_me5,test_conf_me5,val_acc_me6,val_conf_me6,test_acc_me6,test_conf_me6,val_acc_me7,val_conf_me7,test_acc_me7,test_conf_me7,val_acc_me8,val_conf_me8,test_acc_me8,test_conf_me8,val_acc_me9,val_conf_me9,test_acc_me9,test_conf_me9,val_acc_med,val_conf_med,test_acc_med,test_conf_med,val_acc_maj,val_conf_maj,test_acc_maj,test_conf_maj,val_acc_lin,val_conf_lin,test_acc_lin,test_conf_lin,val_nld,val_conf_nld,test_nld,test_conf_nld,val_mse,val_conf_mse,test_mse,test_conf_mse,val_svm,val_conf_svm,test_svm,test_conf_svm,val_mvm,val_conf_mvm,test_mvm,test_conf_mvm
0,5,0.4025867,0.00788352359052047,0.3895867,0.007839901694364104,0.40189338,0.007921218036441191,0.38977337,0.007862178119992735,0.40170673,0.00792319262176433,0.38956,0.007900827533745158,0.4017334,0.007940580609546666,0.38973337,0.007894906548475411,0.40128002,0.007964120474240832,0.3898534,0.007934929305714933,0.40110672,0.00797918384497065,0.38989338,0.00797452722233305,0.40013337,0.00800637272117638,0.38961336,0.007975587476753476,0.4000667,0.008037012965648016,0.3897467,0.008005934950622962,0.39985335,0.008041771180608115,0.38946667,0.008024794179948724,0.39964002,0.008052533501829162,0.38944,0.008052722832975645,0.39936006,0.008058364901141701,0.38889337,0.00803455166074335,0.40556005,0.007826202431455764,0.39281335,0.00779010390856516,0.39472002,0.007323717106829386,0.38340002,0.007253174168772136,5.026069,0.014618366803053284,4.9963384,0.013764628332234352,0.22871539,0.0012799025631524685,0.23081072,0.0012581538403718118,,,,,,,,
