,shots,val_acc,val_conf,test_acc,test_conf,val_acc_me1,val_conf_me1,test_acc_me1,test_conf_me1,val_acc_me2,val_conf_me2,test_acc_me2,test_conf_me2,val_acc_me3,val_conf_me3,test_acc_me3,test_conf_me3,val_acc_me4,val_conf_me4,test_acc_me4,test_conf_me4,val_acc_me5,val_conf_me5,test_acc_me5,test_conf_me5,val_acc_me6,val_conf_me6,test_acc_me6,test_conf_me6,val_acc_me7,val_conf_me7,test_acc_me7,test_conf_me7,val_acc_me8,val_conf_me8,test_acc_me8,test_conf_me8,val_acc_me9,val_conf_me9,test_acc_me9,test_conf_me9,val_acc_med,val_conf_med,test_acc_med,test_conf_med,val_acc_maj,val_conf_maj,test_acc_maj,test_conf_maj,val_acc_lin,val_conf_lin,test_acc_lin,test_conf_lin,val_nld,val_conf_nld,test_nld,test_conf_nld,val_mse,val_conf_mse,test_mse,test_conf_mse,val_svm,val_conf_svm,test_svm,test_conf_svm,val_mvm,val_conf_mvm,test_mvm,test_conf_mvm
0,5,0.64381343,0.006983959593713784,0.6848934,0.006989737426165377,0.64444005,0.0070300035431956065,0.6857334,0.006995153220522132,0.6449867,0.007031268367611032,0.6867067,0.0070166630858991,0.64554673,0.00705760663900723,0.68709344,0.007023819803237297,0.64604,0.007055807531332059,0.68757343,0.007024909611787922,0.6462534,0.0070804339720939025,0.6880268,0.007012648803809696,0.6468667,0.0070964781705192825,0.68865347,0.007023568131347413,0.64712006,0.007117498545615053,0.6888134,0.007017544168405276,0.64664,0.007142960814121135,0.6884134,0.007054016735756119,0.6465067,0.0071655046122713895,0.6884801,0.007081325213832423,0.6464667,0.007204319806222714,0.6887068,0.007107682880126531,0.64104,0.0069177569567444586,0.6832134,0.00703441772960911,0.63602674,0.006708110116428356,0.6776268,0.006806701309383212,7.0299816,0.020099383430924433,7.217725,0.022655246775115323,0.16993731,0.0016184956897170588,0.1584183,0.001635105688111399,,,,,,,,
