,shots,val_acc,val_conf,test_acc,test_conf,val_acc_me1,val_conf_me1,test_acc_me1,test_conf_me1,val_acc_me2,val_conf_me2,test_acc_me2,test_conf_me2,val_acc_me3,val_conf_me3,test_acc_me3,test_conf_me3,val_acc_me4,val_conf_me4,test_acc_me4,test_conf_me4,val_acc_me5,val_conf_me5,test_acc_me5,test_conf_me5,val_acc_me6,val_conf_me6,test_acc_me6,test_conf_me6,val_acc_me7,val_conf_me7,test_acc_me7,test_conf_me7,val_acc_me8,val_conf_me8,test_acc_me8,test_conf_me8,val_acc_me9,val_conf_me9,test_acc_me9,test_conf_me9,val_acc_med,val_conf_med,test_acc_med,test_conf_med,val_acc_maj,val_conf_maj,test_acc_maj,test_conf_maj,val_acc_lin,val_conf_lin,test_acc_lin,test_conf_lin,val_nld,val_conf_nld,test_nld,test_conf_nld,val_mse,val_conf_mse,test_mse,test_conf_mse,val_svm,val_conf_svm,test_svm,test_conf_svm,val_mvm,val_conf_mvm,test_mvm,test_conf_mvm
0,5,0.22614667,0.003999855517759415,0.22549334,0.003965593506989995,0.22613335,0.004031258166433238,0.22605334,0.003996812365916702,0.22652002,0.004058003268902849,0.22604,0.003996548225878138,0.22649334,0.004085198610074531,0.22585337,0.003965509462432265,0.2266,0.004096573717713631,0.22541335,0.0039796104767978735,0.22728002,0.004110975352997204,0.22514667,0.003931899489660107,0.22750668,0.00413593843377319,0.22537336,0.003938031048107388,0.22750668,0.004153586405544529,0.22514668,0.0039052079540514706,0.22752002,0.004162864555290191,0.22490668,0.003900441426992196,0.22694668,0.004164559761726416,0.2244667,0.0038926520665547304,0.22708002,0.004178610441714026,0.22421335,0.0038618296485774806,0.2286667,0.0040646201615817945,0.22625336,0.003836601504196374,0.22688001,0.003907547809952366,0.22932002,0.003860524418124761,9.239544,0.017891494109823824,9.183398,0.01891556319214338,0.2652209,0.0008784538048622892,0.26409215,0.0008412865422833815,,,,,,,,
