,shots,val_acc,val_conf,test_acc,test_conf,val_acc_me1,val_conf_me1,test_acc_me1,test_conf_me1,val_acc_me2,val_conf_me2,test_acc_me2,test_conf_me2,val_acc_me3,val_conf_me3,test_acc_me3,test_conf_me3,val_acc_me4,val_conf_me4,test_acc_me4,test_conf_me4,val_acc_me5,val_conf_me5,test_acc_me5,test_conf_me5,val_acc_me6,val_conf_me6,test_acc_me6,test_conf_me6,val_acc_me7,val_conf_me7,test_acc_me7,test_conf_me7,val_acc_me8,val_conf_me8,test_acc_me8,test_conf_me8,val_acc_me9,val_conf_me9,test_acc_me9,test_conf_me9,val_acc_med,val_conf_med,test_acc_med,test_conf_med,val_acc_maj,val_conf_maj,test_acc_maj,test_conf_maj,val_acc_lin,val_conf_lin,test_acc_lin,test_conf_lin,val_nld,val_conf_nld,test_nld,test_conf_nld,val_mse,val_conf_mse,test_mse,test_conf_mse,val_svm,val_conf_svm,test_svm,test_conf_svm,val_mvm,val_conf_mvm,test_mvm,test_conf_mvm
0,5,0.75641346,0.0057713637913630045,0.82758677,0.005000250818232521,0.7561735,0.0057833138191909494,0.8273468,0.004988490583334393,0.75593346,0.005766584334371827,0.8270801,0.004992575056482984,0.7558268,0.0057628522018691175,0.8268667,0.004970257070358697,0.7553734,0.0057755050638554906,0.82660013,0.0049745327217869395,0.75521344,0.005788246588232515,0.82609344,0.004982920553360692,0.7549868,0.0057917002654148675,0.8256934,0.004980074121197053,0.7544401,0.005802695325411111,0.8253601,0.004979437322048197,0.75406677,0.005809163523872507,0.8250001,0.0049921188145981565,0.75366676,0.005800236791206115,0.8247867,0.004993880979610621,0.7533468,0.00581051793424503,0.82456005,0.005000715372216358,0.75704014,0.005696137447237626,0.8271334,0.004992283209447335,0.7423201,0.005598022352848897,0.8213334,0.005076756302055063,4.521749,0.010979568090608183,4.6517744,0.011433111313861488,0.1573071,0.001249578063001383,0.14064936,0.0010665082360394318,,,,,,,,
