,shots,val_acc,val_conf,test_acc,test_conf,val_acc_me1,val_conf_me1,test_acc_me1,test_conf_me1,val_acc_me2,val_conf_me2,test_acc_me2,test_conf_me2,val_acc_me3,val_conf_me3,test_acc_me3,test_conf_me3,val_acc_me4,val_conf_me4,test_acc_me4,test_conf_me4,val_acc_me5,val_conf_me5,test_acc_me5,test_conf_me5,val_acc_me6,val_conf_me6,test_acc_me6,test_conf_me6,val_acc_me7,val_conf_me7,test_acc_me7,test_conf_me7,val_acc_me8,val_conf_me8,test_acc_me8,test_conf_me8,val_acc_me9,val_conf_me9,test_acc_me9,test_conf_me9,val_acc_med,val_conf_med,test_acc_med,test_conf_med,val_acc_maj,val_conf_maj,test_acc_maj,test_conf_maj,val_acc_lin,val_conf_lin,test_acc_lin,test_conf_lin,val_nld,val_conf_nld,test_nld,test_conf_nld,val_mse,val_conf_mse,test_mse,test_conf_mse,val_svm,val_conf_svm,test_svm,test_conf_svm,val_mvm,val_conf_mvm,test_mvm,test_conf_mvm
0,5,0.5788267,0.007351343291805201,0.5686267,0.007488898834712265,0.57960004,0.007371348667242317,0.5690667,0.00752138020913784,0.5799867,0.0073935211916319465,0.56972003,0.0075273746179497225,0.5804934,0.0073985421612807745,0.56996,0.0075459429238065034,0.58076,0.007447632956871675,0.5707334,0.007569099046591421,0.5808401,0.0074510870958373054,0.57144004,0.007574283949306149,0.58064,0.00748146966523644,0.57182664,0.0075906204565504565,0.5808401,0.007503290772546856,0.5718534,0.0076036879999260565,0.58088005,0.007540897941426872,0.57204,0.007631548309027014,0.5808534,0.007581233325949732,0.5724401,0.007637946778212501,0.58088,0.007611458889032141,0.5725467,0.007650422315417793,0.58124,0.007238756832856907,0.56842667,0.007307054118803169,0.5646534,0.006861760192138688,0.5527867,0.007115071874456702,4.5480213,0.012066363043550687,4.511512,0.012214848535011313,0.19943018,0.0011568879986350589,0.20129967,0.0011675226367779679,,,,,,,,
