,shots,val_acc,val_conf,test_acc,test_conf,val_acc_me1,val_conf_me1,test_acc_me1,test_conf_me1,val_acc_me2,val_conf_me2,test_acc_me2,test_conf_me2,val_acc_me3,val_conf_me3,test_acc_me3,test_conf_me3,val_acc_me4,val_conf_me4,test_acc_me4,test_conf_me4,val_acc_me5,val_conf_me5,test_acc_me5,test_conf_me5,val_acc_me6,val_conf_me6,test_acc_me6,test_conf_me6,val_acc_me7,val_conf_me7,test_acc_me7,test_conf_me7,val_acc_me8,val_conf_me8,test_acc_me8,test_conf_me8,val_acc_me9,val_conf_me9,test_acc_me9,test_conf_me9,val_acc_med,val_conf_med,test_acc_med,test_conf_med,val_acc_maj,val_conf_maj,test_acc_maj,test_conf_maj,val_acc_lin,val_conf_lin,test_acc_lin,test_conf_lin,val_nld,val_conf_nld,test_nld,test_conf_nld,val_mse,val_conf_mse,test_mse,test_conf_mse,val_svm,val_conf_svm,test_svm,test_conf_svm,val_mvm,val_conf_mvm,test_mvm,test_conf_mvm
0,5,0.38013336,0.007594657366020718,0.38982671,0.007581726510497266,0.3805467,0.007625397817465018,0.38944003,0.007628643230386201,0.38080004,0.0076389266823415625,0.3896267,0.007651369894716931,0.3805467,0.007662244429275988,0.38930672,0.007667527691830267,0.38052002,0.007682032304786202,0.38897339,0.007664418966761177,0.38072002,0.007693708033343294,0.38922668,0.007699660881659631,0.38045338,0.007707013395110263,0.3894267,0.0077100865628664805,0.3803467,0.007719265890989313,0.38905334,0.007709857056574232,0.3801067,0.0077271706972478205,0.38889337,0.0077273992799735125,0.3802667,0.007771087672922783,0.38825336,0.00776101987376121,0.38054672,0.007793256041262964,0.3878267,0.007766064394357508,0.38544002,0.007537719948865151,0.3971467,0.007525315526285603,0.37090668,0.007252321255046268,0.38641337,0.007025457748546238,5.2201514,0.01370120609241976,5.239613,0.01604690447544943,0.23309459,0.0013292459541997814,0.23085503,0.0013367443911682375,,,,,,,,
