,shots,val_acc,val_conf,test_acc,test_conf,val_acc_me1,val_conf_me1,test_acc_me1,test_conf_me1,val_acc_me2,val_conf_me2,test_acc_me2,test_conf_me2,val_acc_me3,val_conf_me3,test_acc_me3,test_conf_me3,val_acc_me4,val_conf_me4,test_acc_me4,test_conf_me4,val_acc_me5,val_conf_me5,test_acc_me5,test_conf_me5,val_acc_me6,val_conf_me6,test_acc_me6,test_conf_me6,val_acc_me7,val_conf_me7,test_acc_me7,test_conf_me7,val_acc_me8,val_conf_me8,test_acc_me8,test_conf_me8,val_acc_me9,val_conf_me9,test_acc_me9,test_conf_me9,val_acc_med,val_conf_med,test_acc_med,test_conf_med,val_acc_maj,val_conf_maj,test_acc_maj,test_conf_maj,val_acc_lin,val_conf_lin,test_acc_lin,test_conf_lin,val_nld,val_conf_nld,test_nld,test_conf_nld,val_mse,val_conf_mse,test_mse,test_conf_mse,val_svm,val_conf_svm,test_svm,test_conf_svm,val_mvm,val_conf_mvm,test_mvm,test_conf_mvm
0,5,0.31417334,0.006900843682178248,0.35333338,0.0075914207269819345,0.31445336,0.006902770703823113,0.35385337,0.0076279145363638,0.31456,0.0069506654807079404,0.35349333,0.007661331483723166,0.31448004,0.006962411400324275,0.35312003,0.00768030846778639,0.31445336,0.006962526846145289,0.35288003,0.007725706382453734,0.31417334,0.006987865356731293,0.35270667,0.007767048916319408,0.31413338,0.007015124423996211,0.35202667,0.00776188063780292,0.31425336,0.0070181851236037485,0.3521067,0.007768884966657286,0.3139467,0.007012272450433121,0.3514267,0.007787431106916376,0.3133067,0.0070327206760397165,0.35105336,0.007817710236859732,0.3132667,0.00705649466485897,0.35057336,0.007831269117649753,0.3173467,0.006841117093986215,0.35584003,0.007519610655592923,0.3129467,0.0063462567349481525,0.34900007,0.007099781768134306,6.380904,0.01653147768826635,6.4414625,0.015792901503555612,0.24696444,0.0013277959546874885,0.23885357,0.0014534116289988408,,,,,,,,
