,shots,val_acc,val_conf,test_acc,test_conf,val_acc_me1,val_conf_me1,test_acc_me1,test_conf_me1,val_acc_me2,val_conf_me2,test_acc_me2,test_conf_me2,val_acc_me3,val_conf_me3,test_acc_me3,test_conf_me3,val_acc_me4,val_conf_me4,test_acc_me4,test_conf_me4,val_acc_me5,val_conf_me5,test_acc_me5,test_conf_me5,val_acc_me6,val_conf_me6,test_acc_me6,test_conf_me6,val_acc_me7,val_conf_me7,test_acc_me7,test_conf_me7,val_acc_me8,val_conf_me8,test_acc_me8,test_conf_me8,val_acc_me9,val_conf_me9,test_acc_me9,test_conf_me9,val_acc_med,val_conf_med,test_acc_med,test_conf_med,val_acc_maj,val_conf_maj,test_acc_maj,test_conf_maj,val_acc_lin,val_conf_lin,test_acc_lin,test_conf_lin,val_nld,val_conf_nld,test_nld,test_conf_nld,val_mse,val_conf_mse,test_mse,test_conf_mse,val_svm,val_conf_svm,test_svm,test_conf_svm,val_mvm,val_conf_mvm,test_mvm,test_conf_mvm
0,5,0.51476,0.007294319059392151,0.55820006,0.007294984950887984,0.5149734,0.007318753398307787,0.55859995,0.0073059033548590335,0.5150666,0.007355566299939054,0.55904,0.007323512536834498,0.51522666,0.007383336099516247,0.5593201,0.007355347876445539,0.51533335,0.0073739637459805385,0.5596267,0.007374970433540073,0.51540005,0.007379083075468973,0.5598534,0.007407695629539801,0.51588,0.007386746830853164,0.5599467,0.007439240045681861,0.51590675,0.007418571087665415,0.56008005,0.00744061754521852,0.51629335,0.00742952689608245,0.56012,0.007425578649002729,0.51638675,0.0074311297458617975,0.56020004,0.007442400028695451,0.51647997,0.00743300366242905,0.5598134,0.007452911139809837,0.51437336,0.00723424936622008,0.55701333,0.007232732869914771,0.50409335,0.007085100753963847,0.54552,0.007095940192993311,4.2380176,0.008346597097192543,4.283537,0.009467329427255144,0.21109223,0.0011224652872827423,0.20431066,0.0011030641552730036,,,,,,,,
