,shots,val_acc,val_conf,test_acc,test_conf,val_acc_me1,val_conf_me1,test_acc_me1,test_conf_me1,val_acc_me2,val_conf_me2,test_acc_me2,test_conf_me2,val_acc_me3,val_conf_me3,test_acc_me3,test_conf_me3,val_acc_me4,val_conf_me4,test_acc_me4,test_conf_me4,val_acc_me5,val_conf_me5,test_acc_me5,test_conf_me5,val_acc_me6,val_conf_me6,test_acc_me6,test_conf_me6,val_acc_me7,val_conf_me7,test_acc_me7,test_conf_me7,val_acc_me8,val_conf_me8,test_acc_me8,test_conf_me8,val_acc_me9,val_conf_me9,test_acc_me9,test_conf_me9,val_acc_med,val_conf_med,test_acc_med,test_conf_med,val_acc_maj,val_conf_maj,test_acc_maj,test_conf_maj,val_acc_lin,val_conf_lin,test_acc_lin,test_conf_lin,val_nld,val_conf_nld,test_nld,test_conf_nld,val_mse,val_conf_mse,test_mse,test_conf_mse,val_svm,val_conf_svm,test_svm,test_conf_svm,val_mvm,val_conf_mvm,test_mvm,test_conf_mvm
0,5,0.7534934,0.00587590829441742,0.81733346,0.005012796546497,0.7532668,0.0059020341455030545,0.81730676,0.005015877564569005,0.7530934,0.005900162999635472,0.8174934,0.005018565605066194,0.7528268,0.005900329703401153,0.81702673,0.005034994930750658,0.75244004,0.005910109349793413,0.8166001,0.005051579415618512,0.7520001,0.005929537496125237,0.8161468,0.005063440781055806,0.7519468,0.005934676682294859,0.8157734,0.005057566435897831,0.75165343,0.005935421538732166,0.8154001,0.005059287040414695,0.7513734,0.0059315199317642175,0.81488013,0.005062634969224988,0.7510268,0.005937376267374117,0.8143068,0.005061360447360608,0.75062674,0.005928776477272857,0.81416017,0.005071782434301175,0.75320005,0.005874514170682521,0.8182668,0.004964361483169699,0.74128014,0.005666661358425418,0.8124401,0.004919363472826399,4.529005,0.009988041799891434,4.6425395,0.011086543882654176,0.15728095,0.001283921578520475,0.14289172,0.001078499247133824,,,,,,,,
