,shots,val_acc,val_conf,test_acc,test_conf,val_acc_me1,val_conf_me1,test_acc_me1,test_conf_me1,val_acc_me2,val_conf_me2,test_acc_me2,test_conf_me2,val_acc_me3,val_conf_me3,test_acc_me3,test_conf_me3,val_acc_me4,val_conf_me4,test_acc_me4,test_conf_me4,val_acc_me5,val_conf_me5,test_acc_me5,test_conf_me5,val_acc_me6,val_conf_me6,test_acc_me6,test_conf_me6,val_acc_me7,val_conf_me7,test_acc_me7,test_conf_me7,val_acc_me8,val_conf_me8,test_acc_me8,test_conf_me8,val_acc_me9,val_conf_me9,test_acc_me9,test_conf_me9,val_acc_med,val_conf_med,test_acc_med,test_conf_med,val_acc_maj,val_conf_maj,test_acc_maj,test_conf_maj,val_acc_lin,val_conf_lin,test_acc_lin,test_conf_lin,val_nld,val_conf_nld,test_nld,test_conf_nld,val_mse,val_conf_mse,test_mse,test_conf_mse,val_svm,val_conf_svm,test_svm,test_conf_svm,val_mvm,val_conf_mvm,test_mvm,test_conf_mvm
0,5,0.7238668,0.005577969413733452,0.7236134,0.005526112074487166,0.7247334,0.005594556207517809,0.72486675,0.005516839466140899,0.7255334,0.0055947880227265046,0.72540015,0.005552609199333092,0.7261334,0.0055849815929037705,0.7259468,0.005549044232379341,0.7264667,0.005596804168545133,0.7266001,0.0055505773528827795,0.7266001,0.0056103570461524255,0.7274135,0.005558262350297993,0.7269868,0.005618846931832011,0.7276935,0.0055499673371643965,0.72729343,0.005632235876373404,0.7279201,0.005542886352284837,0.7275067,0.005647886173657413,0.72805345,0.005550158977227326,0.72756004,0.005654266633294935,0.72824013,0.005574548061381024,0.7273734,0.005657993686181473,0.72817343,0.005587968868969062,0.7246134,0.005533821084633184,0.7231868,0.005499719774446632,0.7073335,0.00557794540100276,0.7072001,0.005447296288893844,4.5859814,0.0108586011886187,4.562715,0.011747298501182613,0.17031369,0.0010758008165127342,0.17090063,0.0010397112983961954,,,,,,,,
