,shots,val_acc,val_conf,test_acc,test_conf,val_acc_me1,val_conf_me1,test_acc_me1,test_conf_me1,val_acc_me2,val_conf_me2,test_acc_me2,test_conf_me2,val_acc_me3,val_conf_me3,test_acc_me3,test_conf_me3,val_acc_me4,val_conf_me4,test_acc_me4,test_conf_me4,val_acc_me5,val_conf_me5,test_acc_me5,test_conf_me5,val_acc_me6,val_conf_me6,test_acc_me6,test_conf_me6,val_acc_me7,val_conf_me7,test_acc_me7,test_conf_me7,val_acc_me8,val_conf_me8,test_acc_me8,test_conf_me8,val_acc_me9,val_conf_me9,test_acc_me9,test_conf_me9,val_acc_med,val_conf_med,test_acc_med,test_conf_med,val_acc_maj,val_conf_maj,test_acc_maj,test_conf_maj,val_acc_lin,val_conf_lin,test_acc_lin,test_conf_lin,val_nld,val_conf_nld,test_nld,test_conf_nld,val_mse,val_conf_mse,test_mse,test_conf_mse,val_svm,val_conf_svm,test_svm,test_conf_svm,val_mvm,val_conf_mvm,test_mvm,test_conf_mvm
0,5,0.54293334,0.007750475514250343,0.6046267,0.007512149161287174,0.5430533,0.007771614105866798,0.6054801,0.0075199477573903994,0.5432,0.007792821041409215,0.6059201,0.00754013738435777,0.54340005,0.0077906525071067545,0.60617334,0.007566644206652762,0.5434667,0.007818043644390982,0.6062933,0.007586250139549056,0.5436801,0.007834266091164,0.6066134,0.007602397315646825,0.5437467,0.007835366058946969,0.6067734,0.007632191111358599,0.5437334,0.007856041020146032,0.60648006,0.00765445506883855,0.5438667,0.00787517362517598,0.6066134,0.007689036633640622,0.54420006,0.00788908807909483,0.60656005,0.0077212404763123965,0.54428005,0.007914100108898925,0.6068134,0.007730528785290347,0.54280007,0.007687432860294607,0.60512,0.007419574542741891,0.52940005,0.007599519482219819,0.58852,0.007349828642633116,4.2880187,0.008923350565629207,4.3617887,0.01089259582686708,0.20604499,0.00120428047075255,0.1971278,0.0012011209495222108,,,,,,,,
