,shots,val_acc,val_conf,test_acc,test_conf,val_acc_me1,val_conf_me1,test_acc_me1,test_conf_me1,val_acc_me2,val_conf_me2,test_acc_me2,test_conf_me2,val_acc_me3,val_conf_me3,test_acc_me3,test_conf_me3,val_acc_me4,val_conf_me4,test_acc_me4,test_conf_me4,val_acc_me5,val_conf_me5,test_acc_me5,test_conf_me5,val_acc_me6,val_conf_me6,test_acc_me6,test_conf_me6,val_acc_me7,val_conf_me7,test_acc_me7,test_conf_me7,val_acc_me8,val_conf_me8,test_acc_me8,test_conf_me8,val_acc_me9,val_conf_me9,test_acc_me9,test_conf_me9,val_acc_med,val_conf_med,test_acc_med,test_conf_med,val_acc_maj,val_conf_maj,test_acc_maj,test_conf_maj,val_acc_lin,val_conf_lin,test_acc_lin,test_conf_lin,val_nld,val_conf_nld,test_nld,test_conf_nld,val_mse,val_conf_mse,test_mse,test_conf_mse,val_svm,val_conf_svm,test_svm,test_conf_svm,val_mvm,val_conf_mvm,test_mvm,test_conf_mvm
0,5,0.27126667,0.005600234756563349,0.30641335,0.007111531843800145,0.27101338,0.005630410908834371,0.3061067,0.007089079478740268,0.27073333,0.005636857403481466,0.30656,0.0070960048426530475,0.27030668,0.0056424629907680934,0.30661336,0.007132904097758408,0.27014667,0.005676430383802167,0.30644003,0.007168693225848566,0.26973334,0.005683304027987168,0.3057067,0.0071777515667509895,0.26920003,0.005692606190463578,0.30548003,0.007189088808160771,0.26924002,0.00570878615317455,0.30480006,0.0071939998733879795,0.26832,0.005677017310356358,0.30453336,0.007217432604360197,0.26829332,0.005653154197363286,0.30402666,0.00723381898419917,0.26790667,0.005620484415357729,0.30408,0.007237955177075539,0.27250668,0.005635776830596462,0.30860004,0.007028635741107903,0.27424002,0.0054800136345777295,0.30888,0.006892934719870181,7.7739444,0.018095650346890757,7.7952895,0.018355551214891186,0.25698304,0.0012051786392402453,0.2488628,0.0014079278226406533,,,,,,,,
