,shots,val_acc,val_conf,test_acc,test_conf,val_acc_me1,val_conf_me1,test_acc_me1,test_conf_me1,val_acc_me2,val_conf_me2,test_acc_me2,test_conf_me2,val_acc_me3,val_conf_me3,test_acc_me3,test_conf_me3,val_acc_me4,val_conf_me4,test_acc_me4,test_conf_me4,val_acc_me5,val_conf_me5,test_acc_me5,test_conf_me5,val_acc_me6,val_conf_me6,test_acc_me6,test_conf_me6,val_acc_me7,val_conf_me7,test_acc_me7,test_conf_me7,val_acc_me8,val_conf_me8,test_acc_me8,test_conf_me8,val_acc_me9,val_conf_me9,test_acc_me9,test_conf_me9,val_acc_med,val_conf_med,test_acc_med,test_conf_med,val_acc_maj,val_conf_maj,test_acc_maj,test_conf_maj,val_acc_lin,val_conf_lin,test_acc_lin,test_conf_lin,val_nld,val_conf_nld,test_nld,test_conf_nld,val_mse,val_conf_mse,test_mse,test_conf_mse,val_svm,val_conf_svm,test_svm,test_conf_svm,val_mvm,val_conf_mvm,test_mvm,test_conf_mvm
0,5,0.7304001,0.0057744997616459015,0.70969343,0.005845441680460639,0.73117346,0.0057844442646706185,0.71057343,0.005841913656169595,0.73185337,0.0057687597954235725,0.7113335,0.005835494406736252,0.73221344,0.00578297764096003,0.71170676,0.005821397086636981,0.73265344,0.005787554375089599,0.71230674,0.005818516944293584,0.73273337,0.0058077509288062545,0.7128268,0.005805018557113795,0.73341346,0.005798031314240948,0.7131734,0.005784095618291074,0.7340535,0.005772337692309337,0.71350676,0.005777826448425061,0.73440015,0.00579293784461643,0.7134401,0.005778661352602854,0.73464006,0.005791922844957886,0.7137068,0.00578772061707189,0.7350402,0.0057984829382928815,0.7138934,0.0057884894862400005,0.7303468,0.005684550381071185,0.70969343,0.005791159978972393,0.7100801,0.0057560533665762526,0.6915734,0.00588373921535057,4.6806474,0.011843559073902554,4.6077075,0.010373071160837632,0.16850837,0.001149303669975732,0.17338143,0.0010613087871512716,,,,,,,,
