,shots,val_acc,val_conf,test_acc,test_conf,val_acc_me1,val_conf_me1,test_acc_me1,test_conf_me1,val_acc_me2,val_conf_me2,test_acc_me2,test_conf_me2,val_acc_me3,val_conf_me3,test_acc_me3,test_conf_me3,val_acc_me4,val_conf_me4,test_acc_me4,test_conf_me4,val_acc_me5,val_conf_me5,test_acc_me5,test_conf_me5,val_acc_me6,val_conf_me6,test_acc_me6,test_conf_me6,val_acc_me7,val_conf_me7,test_acc_me7,test_conf_me7,val_acc_me8,val_conf_me8,test_acc_me8,test_conf_me8,val_acc_me9,val_conf_me9,test_acc_me9,test_conf_me9,val_acc_med,val_conf_med,test_acc_med,test_conf_med,val_acc_maj,val_conf_maj,test_acc_maj,test_conf_maj,val_acc_lin,val_conf_lin,test_acc_lin,test_conf_lin,val_nld,val_conf_nld,test_nld,test_conf_nld,val_mse,val_conf_mse,test_mse,test_conf_mse,val_svm,val_conf_svm,test_svm,test_conf_svm,val_mvm,val_conf_mvm,test_mvm,test_conf_mvm
0,5,0.39225343,0.00604765288633502,0.41917336,0.006285590879556158,0.39206672,0.0060426508498008236,0.4194134,0.006293411179473685,0.3916134,0.006052732502460911,0.41957337,0.006312765902263318,0.3917467,0.006064381909370864,0.42016003,0.006328496088055469,0.39172003,0.006075954660255567,0.42056006,0.006336289142759244,0.3918134,0.006085827125087984,0.42080006,0.006347724282225298,0.39177337,0.006099029047399285,0.42109337,0.006348416957151548,0.39156005,0.006086013223751463,0.4213467,0.006369193972456499,0.39128003,0.006073193196216187,0.42122668,0.006383760002589223,0.3915467,0.006088243637014046,0.42104003,0.006408896252096785,0.39132008,0.0060968360385827425,0.4211334,0.006451996333142029,0.3936667,0.005999644048978958,0.4203067,0.00623915949389886,0.39013335,0.005851924194203939,0.41340002,0.006065009472854044,4.97967,0.013665892601111729,4.8428535,0.011809819340027339,0.23002355,0.0009190305288740708,0.22460678,0.0009865441108642403,,,,,,,,
