,shots,val_acc,val_conf,test_acc,test_conf,val_acc_me1,val_conf_me1,test_acc_me1,test_conf_me1,val_acc_me2,val_conf_me2,test_acc_me2,test_conf_me2,val_acc_me3,val_conf_me3,test_acc_me3,test_conf_me3,val_acc_me4,val_conf_me4,test_acc_me4,test_conf_me4,val_acc_me5,val_conf_me5,test_acc_me5,test_conf_me5,val_acc_me6,val_conf_me6,test_acc_me6,test_conf_me6,val_acc_me7,val_conf_me7,test_acc_me7,test_conf_me7,val_acc_me8,val_conf_me8,test_acc_me8,test_conf_me8,val_acc_me9,val_conf_me9,test_acc_me9,test_conf_me9,val_acc_med,val_conf_med,test_acc_med,test_conf_med,val_acc_maj,val_conf_maj,test_acc_maj,test_conf_maj,val_acc_lin,val_conf_lin,test_acc_lin,test_conf_lin,val_nld,val_conf_nld,test_nld,test_conf_nld,val_mse,val_conf_mse,test_mse,test_conf_mse,val_svm,val_conf_svm,test_svm,test_conf_svm,val_mvm,val_conf_mvm,test_mvm,test_conf_mvm
0,5,0.33308005,0.0046394581529560774,0.38889337,0.0051946320267403645,0.33276007,0.0046060753775597485,0.38920006,0.00522146117376765,0.3330267,0.004611661569948411,0.38881338,0.005239183030864514,0.33288005,0.004652862336345875,0.38916004,0.005225396029132134,0.3323067,0.004640374330991903,0.3890134,0.005220879788612909,0.3317467,0.004661815852442741,0.38888007,0.005226338528815155,0.33158666,0.004718007027811111,0.3884267,0.0051811562669415445,0.33072004,0.004733033455878222,0.38708004,0.005210461034155345,0.32952002,0.004699596190054334,0.3865067,0.005221850918859516,0.32853338,0.004724707965047814,0.38536003,0.005234177761847314,0.32746667,0.004711958590355003,0.38414672,0.005213821431114263,0.33250672,0.00457801419273024,0.38978672,0.005132816330970735,0.32813337,0.004384564401106572,0.37592006,0.004748087129159029,9.735306,0.010830091612220372,9.742793,0.011503053010082809,0.24336709,0.0008576594149612982,0.2337111,0.0009267682273066402,,,,,,,,
