,shots,val_acc,val_conf,test_acc,test_conf,val_acc_me1,val_conf_me1,test_acc_me1,test_conf_me1,val_acc_me2,val_conf_me2,test_acc_me2,test_conf_me2,val_acc_me3,val_conf_me3,test_acc_me3,test_conf_me3,val_acc_me4,val_conf_me4,test_acc_me4,test_conf_me4,val_acc_me5,val_conf_me5,test_acc_me5,test_conf_me5,val_acc_me6,val_conf_me6,test_acc_me6,test_conf_me6,val_acc_me7,val_conf_me7,test_acc_me7,test_conf_me7,val_acc_me8,val_conf_me8,test_acc_me8,test_conf_me8,val_acc_me9,val_conf_me9,test_acc_me9,test_conf_me9,val_acc_med,val_conf_med,test_acc_med,test_conf_med,val_acc_maj,val_conf_maj,test_acc_maj,test_conf_maj,val_acc_lin,val_conf_lin,test_acc_lin,test_conf_lin,val_nld,val_conf_nld,test_nld,test_conf_nld,val_mse,val_conf_mse,test_mse,test_conf_mse,val_svm,val_conf_svm,test_svm,test_conf_svm,val_mvm,val_conf_mvm,test_mvm,test_conf_mvm
0,5,0.40997335,0.006056861306804773,0.44190672,0.006747603208240915,0.41056007,0.006066912019984827,0.44204003,0.00674958056426378,0.41077337,0.006058590223420701,0.4420667,0.006765128807441956,0.4108267,0.006060255875726728,0.44224006,0.00676173285317011,0.4108667,0.006069955633610846,0.44281337,0.006774192227960496,0.41156006,0.006076289453136596,0.44301337,0.006783492543303793,0.41209337,0.006093199957003137,0.44300002,0.0068024847662153665,0.41200006,0.0060835237500664885,0.44300005,0.006800373954823413,0.41201335,0.006110836384192353,0.4429867,0.00680858446161603,0.41158673,0.006117356764164916,0.44321334,0.006835694372880119,0.4115067,0.006100593107382757,0.4432267,0.0068343201058264635,0.40996003,0.0059565107195372335,0.44249335,0.006473641501021199,0.39561337,0.005709565181574949,0.42557338,0.006236737902356626,23.95444,0.02788344259629838,23.71563,0.025129882439621554,0.22984265,0.0012386371470952395,0.22256379,0.0013743353976332917,,,,,,,,
