,shots,val_acc,val_conf,test_acc,test_conf,val_acc_me1,val_conf_me1,test_acc_me1,test_conf_me1,val_acc_me2,val_conf_me2,test_acc_me2,test_conf_me2,val_acc_me3,val_conf_me3,test_acc_me3,test_conf_me3,val_acc_me4,val_conf_me4,test_acc_me4,test_conf_me4,val_acc_me5,val_conf_me5,test_acc_me5,test_conf_me5,val_acc_me6,val_conf_me6,test_acc_me6,test_conf_me6,val_acc_me7,val_conf_me7,test_acc_me7,test_conf_me7,val_acc_me8,val_conf_me8,test_acc_me8,test_conf_me8,val_acc_me9,val_conf_me9,test_acc_me9,test_conf_me9,val_acc_med,val_conf_med,test_acc_med,test_conf_med,val_acc_maj,val_conf_maj,test_acc_maj,test_conf_maj,val_acc_lin,val_conf_lin,test_acc_lin,test_conf_lin,val_nld,val_conf_nld,test_nld,test_conf_nld,val_mse,val_conf_mse,test_mse,test_conf_mse,val_svm,val_conf_svm,test_svm,test_conf_svm,val_mvm,val_conf_mvm,test_mvm,test_conf_mvm
0,5,0.25762668,0.005126223912805816,0.30944002,0.006644808863833507,0.25813335,0.0051707107290534515,0.3094267,0.006689381571772013,0.25793335,0.0051837547214815816,0.30949333,0.006685543229113966,0.25750667,0.005191862712385142,0.30984002,0.0067455164095797104,0.2575333,0.005192832919065193,0.30957335,0.006767023504256953,0.25692,0.00522909722215481,0.30948004,0.006780849295785152,0.25661334,0.005225360010035984,0.30988005,0.006780770330843566,0.2562267,0.00522133048909823,0.30965334,0.006780110442530463,0.25612003,0.005201352820658256,0.30940002,0.006774418963553019,0.25572,0.005180521776709079,0.30958667,0.006798999687769702,0.25505337,0.005177974118330264,0.3092267,0.006790352333990224,0.25994664,0.0050883221261905365,0.3111867,0.006580992722876822,0.26212004,0.00497863520448355,0.31181335,0.006395286575145542,7.9391265,0.016073296313707353,8.069222,0.019339894004838598,0.25965706,0.001077375382065926,0.24839583,0.0013441755232230235,,,,,,,,
