,shots,val_acc,val_conf,test_acc,test_conf,val_acc_me1,val_conf_me1,test_acc_me1,test_conf_me1,val_acc_me2,val_conf_me2,test_acc_me2,test_conf_me2,val_acc_me3,val_conf_me3,test_acc_me3,test_conf_me3,val_acc_me4,val_conf_me4,test_acc_me4,test_conf_me4,val_acc_me5,val_conf_me5,test_acc_me5,test_conf_me5,val_acc_me6,val_conf_me6,test_acc_me6,test_conf_me6,val_acc_me7,val_conf_me7,test_acc_me7,test_conf_me7,val_acc_me8,val_conf_me8,test_acc_me8,test_conf_me8,val_acc_me9,val_conf_me9,test_acc_me9,test_conf_me9,val_acc_med,val_conf_med,test_acc_med,test_conf_med,val_acc_maj,val_conf_maj,test_acc_maj,test_conf_maj,val_acc_lin,val_conf_lin,test_acc_lin,test_conf_lin,val_nld,val_conf_nld,test_nld,test_conf_nld,val_mse,val_conf_mse,test_mse,test_conf_mse,val_svm,val_conf_svm,test_svm,test_conf_svm,val_mvm,val_conf_mvm,test_mvm,test_conf_mvm
0,5,0.77788013,0.005618925896773597,0.8463601,0.0048320813525010164,0.7777868,0.0056187873617883355,0.8462801,0.004851543670795988,0.77770674,0.0056133078413384,0.8462401,0.0048513903587456,0.7774134,0.005607578496131582,0.84593344,0.00485589690181587,0.7773201,0.005599845935038039,0.8455867,0.004876439792995679,0.7769068,0.005609882794719634,0.84553343,0.004886056429888708,0.7766134,0.005617999097722315,0.8450668,0.004893523927377075,0.7763734,0.005628121849094669,0.8448534,0.004912757662946299,0.7760668,0.005625142885128498,0.84457344,0.004905087442596101,0.77545345,0.005635629521728802,0.84454674,0.0049120072651095414,0.7750268,0.005640427911834722,0.8442934,0.004910587281510614,0.7788268,0.005548007528906274,0.8465734,0.0048014605029274016,0.76833344,0.005513902524453496,0.8414001,0.004803027795393877,4.6605625,0.0120024217593242,4.7963905,0.013227014691397976,0.14970504,0.0012934606358216971,0.13199878,0.0011415711088822167,,,,,,,,
