,shots,val_acc,val_conf,test_acc,test_conf,val_acc_me1,val_conf_me1,test_acc_me1,test_conf_me1,val_acc_me2,val_conf_me2,test_acc_me2,test_conf_me2,val_acc_me3,val_conf_me3,test_acc_me3,test_conf_me3,val_acc_me4,val_conf_me4,test_acc_me4,test_conf_me4,val_acc_me5,val_conf_me5,test_acc_me5,test_conf_me5,val_acc_me6,val_conf_me6,test_acc_me6,test_conf_me6,val_acc_me7,val_conf_me7,test_acc_me7,test_conf_me7,val_acc_me8,val_conf_me8,test_acc_me8,test_conf_me8,val_acc_me9,val_conf_me9,test_acc_me9,test_conf_me9,val_acc_med,val_conf_med,test_acc_med,test_conf_med,val_acc_maj,val_conf_maj,test_acc_maj,test_conf_maj,val_acc_lin,val_conf_lin,test_acc_lin,test_conf_lin,val_nld,val_conf_nld,test_nld,test_conf_nld,val_mse,val_conf_mse,test_mse,test_conf_mse,val_svm,val_conf_svm,test_svm,test_conf_svm,val_mvm,val_conf_mvm,test_mvm,test_conf_mvm
0,5,0.5552933,0.007817256765674685,0.6094534,0.007617953409140843,0.5558933,0.007839121280613814,0.6098534,0.007620400860546939,0.5562933,0.007842154273224322,0.61025333,0.007647836329026436,0.5565867,0.007859297515866115,0.6103334,0.0076471538133323635,0.55681336,0.007874999994661125,0.6105067,0.007672708438495435,0.55692005,0.007872644899911907,0.61070675,0.007696333271313804,0.55689335,0.007877205471626403,0.61096007,0.007706812519381656,0.55693334,0.007880433336782788,0.61116004,0.007701493237731283,0.55694664,0.00790206696007989,0.61146665,0.007727809805313179,0.5566934,0.007907771830772514,0.6113867,0.0077453178567493675,0.55662674,0.007921181093778484,0.6111201,0.007767517164569582,0.55648005,0.0077047718990488345,0.61036,0.0075192744773620035,0.5426533,0.007531679823508108,0.5955067,0.007371735179851124,4.3546085,0.009523204281074449,4.431243,0.011889301478899661,0.20321597,0.0012699850744498642,0.19485065,0.0012227793936707976,,,,,,,,
