,shots,val_acc,val_conf,test_acc,test_conf,val_acc_me1,val_conf_me1,test_acc_me1,test_conf_me1,val_acc_me2,val_conf_me2,test_acc_me2,test_conf_me2,val_acc_me3,val_conf_me3,test_acc_me3,test_conf_me3,val_acc_me4,val_conf_me4,test_acc_me4,test_conf_me4,val_acc_me5,val_conf_me5,test_acc_me5,test_conf_me5,val_acc_me6,val_conf_me6,test_acc_me6,test_conf_me6,val_acc_me7,val_conf_me7,test_acc_me7,test_conf_me7,val_acc_me8,val_conf_me8,test_acc_me8,test_conf_me8,val_acc_me9,val_conf_me9,test_acc_me9,test_conf_me9,val_acc_med,val_conf_med,test_acc_med,test_conf_med,val_acc_maj,val_conf_maj,test_acc_maj,test_conf_maj,val_acc_lin,val_conf_lin,test_acc_lin,test_conf_lin,val_nld,val_conf_nld,test_nld,test_conf_nld,val_mse,val_conf_mse,test_mse,test_conf_mse,val_svm,val_conf_svm,test_svm,test_conf_svm,val_mvm,val_conf_mvm,test_mvm,test_conf_mvm
0,5,0.5148667,0.00671766118009498,0.57454664,0.006448601764220019,0.5160134,0.006689762081198203,0.5751733,0.006471788826485136,0.51596004,0.006697502954390866,0.5751067,0.0064953199172967935,0.51572,0.006652171998299705,0.57533336,0.006455636108987917,0.51566666,0.006665898044638574,0.57522666,0.006487765604550999,0.51511997,0.0067129412931473675,0.5744267,0.006521052329024224,0.51401335,0.006705062808536111,0.57393336,0.00654834095041934,0.5133734,0.006711512535666153,0.57326674,0.0065270097951734,0.51240003,0.006697702444769638,0.57264006,0.006539791494696079,0.5116,0.006700967714372008,0.5718667,0.006557464864548113,0.51084,0.006723065429869668,0.5707333,0.00657168271008457,0.51582664,0.006680120969791203,0.57357335,0.006438255509738089,0.51044,0.006519775036460174,0.56670666,0.006427645577000929,9.635894,0.01566397161061417,9.653053,0.014107910637157772,0.19919384,0.0014417953550395768,0.18458752,0.0015402863410217127,,,,,,,,
