,shots,val_acc,val_conf,test_acc,test_conf,val_acc_me1,val_conf_me1,test_acc_me1,test_conf_me1,val_acc_me2,val_conf_me2,test_acc_me2,test_conf_me2,val_acc_me3,val_conf_me3,test_acc_me3,test_conf_me3,val_acc_me4,val_conf_me4,test_acc_me4,test_conf_me4,val_acc_me5,val_conf_me5,test_acc_me5,test_conf_me5,val_acc_me6,val_conf_me6,test_acc_me6,test_conf_me6,val_acc_me7,val_conf_me7,test_acc_me7,test_conf_me7,val_acc_me8,val_conf_me8,test_acc_me8,test_conf_me8,val_acc_me9,val_conf_me9,test_acc_me9,test_conf_me9,val_acc_med,val_conf_med,test_acc_med,test_conf_med,val_acc_maj,val_conf_maj,test_acc_maj,test_conf_maj,val_acc_lin,val_conf_lin,test_acc_lin,test_conf_lin,val_nld,val_conf_nld,test_nld,test_conf_nld,val_mse,val_conf_mse,test_mse,test_conf_mse,val_svm,val_conf_svm,test_svm,test_conf_svm,val_mvm,val_conf_mvm,test_mvm,test_conf_mvm
0,5,0.5733067,0.00766766992108181,0.5781067,0.007434821241435574,0.57456005,0.007712186753242922,0.5789067,0.007443433499685459,0.575,0.007727941413549155,0.5794667,0.007465402377646813,0.5756,0.007741451807094291,0.57982665,0.007480927069877463,0.57610667,0.007751407392917797,0.58008003,0.0074897009522768565,0.57654667,0.007772816589538767,0.58040005,0.007491121397658951,0.5768667,0.007779492128694776,0.58077335,0.0075211548588951516,0.5769467,0.007786816011581821,0.58116,0.0075632916600096856,0.5769601,0.007803498394506003,0.5816267,0.007582189679131268,0.57709336,0.007809649347851222,0.5813334,0.007590970026496557,0.5769734,0.007828794882813073,0.58110666,0.0076072127917341525,0.5747467,0.00754765429265758,0.5792267,0.007299194567306544,0.55677336,0.007374146150377792,0.5631867,0.006978851808807529,4.5423427,0.01112124135506054,4.480277,0.011210939063745151,0.20077923,0.0012196009393258267,0.19972417,0.0011538019009469103,,,,,,,,
