,shots,val_acc,val_conf,test_acc,test_conf,val_acc_me1,val_conf_me1,test_acc_me1,test_conf_me1,val_acc_me2,val_conf_me2,test_acc_me2,test_conf_me2,val_acc_me3,val_conf_me3,test_acc_me3,test_conf_me3,val_acc_me4,val_conf_me4,test_acc_me4,test_conf_me4,val_acc_me5,val_conf_me5,test_acc_me5,test_conf_me5,val_acc_me6,val_conf_me6,test_acc_me6,test_conf_me6,val_acc_me7,val_conf_me7,test_acc_me7,test_conf_me7,val_acc_me8,val_conf_me8,test_acc_me8,test_conf_me8,val_acc_me9,val_conf_me9,test_acc_me9,test_conf_me9,val_acc_med,val_conf_med,test_acc_med,test_conf_med,val_acc_maj,val_conf_maj,test_acc_maj,test_conf_maj,val_acc_lin,val_conf_lin,test_acc_lin,test_conf_lin,val_nld,val_conf_nld,test_nld,test_conf_nld,val_mse,val_conf_mse,test_mse,test_conf_mse,val_svm,val_conf_svm,test_svm,test_conf_svm,val_mvm,val_conf_mvm,test_mvm,test_conf_mvm
0,5,0.4049734,0.006418912331530524,0.46350667,0.007062055920950272,0.4049467,0.006434521530102266,0.46437335,0.007078472778486,0.40606672,0.006422431581939225,0.46476004,0.007138392392090798,0.4053734,0.006430017295948387,0.46445337,0.00718924858517711,0.40514672,0.006450419343226599,0.46518672,0.007203888500635358,0.40433338,0.006466421981156434,0.46513337,0.00725603861048385,0.40421337,0.00648240614775486,0.46492,0.0072940978651990784,0.4044134,0.006498588881165501,0.46520004,0.00732085589760062,0.40404004,0.006510347268930516,0.4651867,0.00731491367029985,0.4034667,0.006537863549484657,0.46460003,0.007357418974475116,0.40349337,0.006558583765445658,0.46432003,0.007339280588855968,0.40502673,0.0063578645813625045,0.46533337,0.0070622087712173265,0.40313336,0.0062605054262098725,0.4632667,0.006986590834866968,6.911261,0.017238798533171007,6.892093,0.01681492211522606,0.22661246,0.001290817850086362,0.21270294,0.0014790250160847396,,,,,,,,
