,shots,val_acc,val_conf,test_acc,test_conf,val_acc_me1,val_conf_me1,test_acc_me1,test_conf_me1,val_acc_me2,val_conf_me2,test_acc_me2,test_conf_me2,val_acc_me3,val_conf_me3,test_acc_me3,test_conf_me3,val_acc_me4,val_conf_me4,test_acc_me4,test_conf_me4,val_acc_me5,val_conf_me5,test_acc_me5,test_conf_me5,val_acc_me6,val_conf_me6,test_acc_me6,test_conf_me6,val_acc_me7,val_conf_me7,test_acc_me7,test_conf_me7,val_acc_me8,val_conf_me8,test_acc_me8,test_conf_me8,val_acc_me9,val_conf_me9,test_acc_me9,test_conf_me9,val_acc_med,val_conf_med,test_acc_med,test_conf_med,val_acc_maj,val_conf_maj,test_acc_maj,test_conf_maj,val_acc_lin,val_conf_lin,test_acc_lin,test_conf_lin,val_nld,val_conf_nld,test_nld,test_conf_nld,val_mse,val_conf_mse,test_mse,test_conf_mse,val_svm,val_conf_svm,test_svm,test_conf_svm,val_mvm,val_conf_mvm,test_mvm,test_conf_mvm
0,5,0.55670667,0.005941974705317987,0.59296006,0.005660169147233218,0.55652004,0.005921743056071627,0.5929734,0.005665242298393158,0.55606663,0.005903422727838503,0.59284,0.005684357817441588,0.5555867,0.005912417804430969,0.5923201,0.005698026602653283,0.55506665,0.005882956492683888,0.5920267,0.0056914346462716425,0.5548534,0.005835113435526784,0.5914,0.00568149152859676,0.55446666,0.005856500004766896,0.59112006,0.005705592921764424,0.5538267,0.005849483669547073,0.59076,0.00569805800391654,0.5537467,0.005853245817963204,0.59017336,0.005672993792601333,0.5533334,0.005854003142549358,0.58982664,0.005696383115944892,0.55300003,0.005854083492840778,0.58892006,0.005704274992271441,0.5591867,0.005893647237495747,0.5936934,0.005717731357172351,0.55909336,0.005760143381124183,0.59258676,0.005604925551163986,4.9273505,0.012732000558526302,4.8097873,0.010866755357850977,0.19831777,0.0009985526697234015,0.19014594,0.0009805548971142941,,,,,,,,
