,shots,val_acc,val_conf,test_acc,test_conf,val_acc_me1,val_conf_me1,test_acc_me1,test_conf_me1,val_acc_me2,val_conf_me2,test_acc_me2,test_conf_me2,val_acc_me3,val_conf_me3,test_acc_me3,test_conf_me3,val_acc_me4,val_conf_me4,test_acc_me4,test_conf_me4,val_acc_me5,val_conf_me5,test_acc_me5,test_conf_me5,val_acc_me6,val_conf_me6,test_acc_me6,test_conf_me6,val_acc_me7,val_conf_me7,test_acc_me7,test_conf_me7,val_acc_me8,val_conf_me8,test_acc_me8,test_conf_me8,val_acc_me9,val_conf_me9,test_acc_me9,test_conf_me9,val_acc_med,val_conf_med,test_acc_med,test_conf_med,val_acc_maj,val_conf_maj,test_acc_maj,test_conf_maj,val_acc_lin,val_conf_lin,test_acc_lin,test_conf_lin,val_nld,val_conf_nld,test_nld,test_conf_nld,val_mse,val_conf_mse,test_mse,test_conf_mse,val_svm,val_conf_svm,test_svm,test_conf_svm,val_mvm,val_conf_mvm,test_mvm,test_conf_mvm
0,5,0.5616534,0.005886529771736759,0.5879067,0.005819355080954325,0.56116,0.005884369549533419,0.5879467,0.005835569215628333,0.56053334,0.005871865843547819,0.58725333,0.005830135411723392,0.56030667,0.005871986830768283,0.5871467,0.005817613696189716,0.56016004,0.00586973840795757,0.5868534,0.005825663040616158,0.55969334,0.005880130378984716,0.5865867,0.0058136908471906334,0.55869335,0.005881171700290455,0.58588,0.005790925854847306,0.5583067,0.0059149275965805215,0.5853467,0.005796688448450493,0.55821335,0.005914648679476886,0.58490676,0.005797713145558103,0.55741334,0.005902866278981067,0.5846801,0.005800437666934721,0.55670667,0.005928152608056014,0.58432007,0.00580469207633183,0.56238663,0.005947894767021067,0.58933336,0.005756499911012014,0.56221336,0.005909005225960939,0.58632004,0.005812359525982358,4.8889976,0.012380265772368837,4.783779,0.010842025015850076,0.19841152,0.000985875448668766,0.19109574,0.0010232959416561216,,,,,,,,
