,shots,val_acc,val_conf,test_acc,test_conf,val_acc_me1,val_conf_me1,test_acc_me1,test_conf_me1,val_acc_me2,val_conf_me2,test_acc_me2,test_conf_me2,val_acc_me3,val_conf_me3,test_acc_me3,test_conf_me3,val_acc_me4,val_conf_me4,test_acc_me4,test_conf_me4,val_acc_me5,val_conf_me5,test_acc_me5,test_conf_me5,val_acc_me6,val_conf_me6,test_acc_me6,test_conf_me6,val_acc_me7,val_conf_me7,test_acc_me7,test_conf_me7,val_acc_me8,val_conf_me8,test_acc_me8,test_conf_me8,val_acc_me9,val_conf_me9,test_acc_me9,test_conf_me9,val_acc_med,val_conf_med,test_acc_med,test_conf_med,val_acc_maj,val_conf_maj,test_acc_maj,test_conf_maj,val_acc_lin,val_conf_lin,test_acc_lin,test_conf_lin,val_nld,val_conf_nld,test_nld,test_conf_nld,val_mse,val_conf_mse,test_mse,test_conf_mse,val_svm,val_conf_svm,test_svm,test_conf_svm,val_mvm,val_conf_mvm,test_mvm,test_conf_mvm
0,5,0.23810667,0.004443411292142235,0.23202668,0.004456512083914316,0.23898669,0.004457878962435463,0.23257333,0.004437015593656418,0.23908001,0.004449745573451291,0.23300001,0.004450293248426329,0.23890668,0.004445829189418188,0.23336002,0.004482940403050972,0.23949334,0.004409955554986994,0.23380001,0.0044602206654695276,0.23924002,0.004403688232254149,0.23420002,0.004440790672004535,0.23962668,0.004425944339418286,0.23509336,0.004411971700805706,0.23972,0.0044206389112664,0.23508002,0.004421742573315568,0.23901334,0.0044020401277129195,0.23529333,0.004448374077097278,0.23933335,0.004411113707463693,0.23644002,0.004560626204947876,0.24049334,0.004443856913011468,0.23737335,0.004573982824659373,0.24110669,0.004464612686285313,0.23708002,0.004490485480131118,0.25025335,0.004456760523321224,0.24689335,0.004558227240786583,10.680955,0.0332559512351871,10.631747,0.032904393773812046,0.25201598,0.0006974129959280706,0.25192448,0.0006422643540466844,,,,,,,,
