,shots,val_acc,val_conf,test_acc,test_conf,val_acc_me1,val_conf_me1,test_acc_me1,test_conf_me1,val_acc_me2,val_conf_me2,test_acc_me2,test_conf_me2,val_acc_me3,val_conf_me3,test_acc_me3,test_conf_me3,val_acc_me4,val_conf_me4,test_acc_me4,test_conf_me4,val_acc_me5,val_conf_me5,test_acc_me5,test_conf_me5,val_acc_me6,val_conf_me6,test_acc_me6,test_conf_me6,val_acc_me7,val_conf_me7,test_acc_me7,test_conf_me7,val_acc_me8,val_conf_me8,test_acc_me8,test_conf_me8,val_acc_me9,val_conf_me9,test_acc_me9,test_conf_me9,val_acc_med,val_conf_med,test_acc_med,test_conf_med,val_acc_maj,val_conf_maj,test_acc_maj,test_conf_maj,val_acc_lin,val_conf_lin,test_acc_lin,test_conf_lin,val_nld,val_conf_nld,test_nld,test_conf_nld,val_mse,val_conf_mse,test_mse,test_conf_mse,val_svm,val_conf_svm,test_svm,test_conf_svm,val_mvm,val_conf_mvm,test_mvm,test_conf_mvm
0,5,0.35005334,0.008003964983132661,0.3689067,0.008292415140893405,0.34992003,0.008044387644696283,0.36868003,0.008333918375341975,0.34944004,0.008100545109884894,0.3688,0.008362382696978587,0.3495467,0.00811903121831703,0.36869335,0.008410820992788892,0.3499467,0.008147613756474381,0.36825335,0.008417602742100294,0.34982672,0.00817096244288884,0.36738673,0.008435014742613434,0.34909335,0.008171131455570857,0.3667867,0.00843918095140328,0.3486267,0.008220448063187724,0.36608002,0.008465229222897053,0.34820005,0.008241062992559889,0.36532003,0.00849448227038302,0.3477067,0.00827343861861346,0.36440003,0.008542203878536325,0.3466267,0.008292465937054627,0.3636534,0.008546837412009733,0.35345337,0.007981061455804128,0.37292004,0.008238335700483546,0.35704005,0.007831948862644045,0.37941337,0.008032976056177699,7.2725835,0.026229562069757684,7.4731603,0.026095984789843207,0.23759699,0.0015524993544299703,0.23220111,0.0016066398656791325,,,,,,,,
