,shots,val_acc,val_conf,test_acc,test_conf,val_acc_me1,val_conf_me1,test_acc_me1,test_conf_me1,val_acc_me2,val_conf_me2,test_acc_me2,test_conf_me2,val_acc_me3,val_conf_me3,test_acc_me3,test_conf_me3,val_acc_me4,val_conf_me4,test_acc_me4,test_conf_me4,val_acc_me5,val_conf_me5,test_acc_me5,test_conf_me5,val_acc_me6,val_conf_me6,test_acc_me6,test_conf_me6,val_acc_me7,val_conf_me7,test_acc_me7,test_conf_me7,val_acc_me8,val_conf_me8,test_acc_me8,test_conf_me8,val_acc_me9,val_conf_me9,test_acc_me9,test_conf_me9,val_acc_med,val_conf_med,test_acc_med,test_conf_med,val_acc_maj,val_conf_maj,test_acc_maj,test_conf_maj,val_acc_lin,val_conf_lin,test_acc_lin,test_conf_lin,val_nld,val_conf_nld,test_nld,test_conf_nld,val_mse,val_conf_mse,test_mse,test_conf_mse,val_svm,val_conf_svm,test_svm,test_conf_svm,val_mvm,val_conf_mvm,test_mvm,test_conf_mvm
0,5,0.6783734,0.006554609196718797,0.74252015,0.006148369205963622,0.67901343,0.006575715463505327,0.74320006,0.0061244243573291834,0.67929345,0.0065889917329253755,0.74398685,0.006104982819282179,0.6798401,0.0066021373176760045,0.7443735,0.006084446854851544,0.67989343,0.00663086439400129,0.74469346,0.006066988676009966,0.68025345,0.006616451675918844,0.7450134,0.006069046382324306,0.68056005,0.006608367235962809,0.74550676,0.006046409303950728,0.68106675,0.006644338768450275,0.7458268,0.00604073029312191,0.68112004,0.006670079492276715,0.74577343,0.006024042368798388,0.6811201,0.006669054795169216,0.7454268,0.006029478481619721,0.68144006,0.006698888304243367,0.7457068,0.006010313551759849,0.6785601,0.006498951381043616,0.74142677,0.006162710809420213,0.66532004,0.006398481191905447,0.72717345,0.006256069535982123,4.3953857,0.008787846725853754,4.488464,0.010179451894749114,0.17918038,0.0012106783627089945,0.16800256,0.0011712210591009464,,,,,,,,
