,shots,val_acc,val_conf,test_acc,test_conf,val_acc_me1,val_conf_me1,test_acc_me1,test_conf_me1,val_acc_me2,val_conf_me2,test_acc_me2,test_conf_me2,val_acc_me3,val_conf_me3,test_acc_me3,test_conf_me3,val_acc_me4,val_conf_me4,test_acc_me4,test_conf_me4,val_acc_me5,val_conf_me5,test_acc_me5,test_conf_me5,val_acc_me6,val_conf_me6,test_acc_me6,test_conf_me6,val_acc_me7,val_conf_me7,test_acc_me7,test_conf_me7,val_acc_me8,val_conf_me8,test_acc_me8,test_conf_me8,val_acc_me9,val_conf_me9,test_acc_me9,test_conf_me9,val_acc_med,val_conf_med,test_acc_med,test_conf_med,val_acc_maj,val_conf_maj,test_acc_maj,test_conf_maj,val_acc_lin,val_conf_lin,test_acc_lin,test_conf_lin,val_nld,val_conf_nld,test_nld,test_conf_nld,val_mse,val_conf_mse,test_mse,test_conf_mse,val_svm,val_conf_svm,test_svm,test_conf_svm,val_mvm,val_conf_mvm,test_mvm,test_conf_mvm
0,5,0.66389346,0.00584317570988524,0.66669345,0.005997171661275447,0.6655734,0.00583688622155476,0.6677334,0.006017859090623245,0.6666134,0.005846406807524573,0.6684934,0.006013691034700286,0.6669334,0.0058643637123130254,0.6695868,0.0060245263176802455,0.6675734,0.005850695850667997,0.6704268,0.006040925165667899,0.6679734,0.005849002491364996,0.6709468,0.006045420625939268,0.66845345,0.005878244917835396,0.6713867,0.006048626787281353,0.6691868,0.005873081257151691,0.67169344,0.006071649916480459,0.6697467,0.005885776141417054,0.6723068,0.00606360565167019,0.66969335,0.005898064656392199,0.6727868,0.006082080677303425,0.66993344,0.005889685136917566,0.6730401,0.0060819232092035325,0.6648268,0.005821152341496272,0.66824013,0.005883245569019757,0.6432401,0.0058151011333404945,0.6509734,0.005884035218435724,5.7360353,0.015164038562199167,5.714422,0.01566027365007372,0.17430386,0.0012275461516217112,0.1728685,0.0012458152219102792,,,,,,,,
