,shots,val_acc,val_conf,test_acc,test_conf,val_acc_me1,val_conf_me1,test_acc_me1,test_conf_me1,val_acc_me2,val_conf_me2,test_acc_me2,test_conf_me2,val_acc_me3,val_conf_me3,test_acc_me3,test_conf_me3,val_acc_me4,val_conf_me4,test_acc_me4,test_conf_me4,val_acc_me5,val_conf_me5,test_acc_me5,test_conf_me5,val_acc_me6,val_conf_me6,test_acc_me6,test_conf_me6,val_acc_me7,val_conf_me7,test_acc_me7,test_conf_me7,val_acc_me8,val_conf_me8,test_acc_me8,test_conf_me8,val_acc_me9,val_conf_me9,test_acc_me9,test_conf_me9,val_acc_med,val_conf_med,test_acc_med,test_conf_med,val_acc_maj,val_conf_maj,test_acc_maj,test_conf_maj,val_acc_lin,val_conf_lin,test_acc_lin,test_conf_lin,val_nld,val_conf_nld,test_nld,test_conf_nld,val_mse,val_conf_mse,test_mse,test_conf_mse,val_svm,val_conf_svm,test_svm,test_conf_svm,val_mvm,val_conf_mvm,test_mvm,test_conf_mvm
0,5,0.3032667,0.004666296073865817,0.36582673,0.005391772390371141,0.3040667,0.004684937341481454,0.3663067,0.005421437810329888,0.3042267,0.004691538533528716,0.36744007,0.005428328540496352,0.30497333,0.004727779285670863,0.3672267,0.005444273455515625,0.30505335,0.004720652122462865,0.36721337,0.005440133568373029,0.30537334,0.004734189299438474,0.36760002,0.005435908251322785,0.30501336,0.00469831705035717,0.36706668,0.005405389455854892,0.30490667,0.00471269652004308,0.36692005,0.005411743132061886,0.3039467,0.00472991272444373,0.3667334,0.005388852072881978,0.30350667,0.0047466805372754495,0.36538672,0.00534892259586589,0.3030667,0.004733287436684497,0.36528006,0.005327433972520057,0.3047734,0.004711627029956922,0.3675067,0.005409998976597552,0.29784003,0.004397941339282563,0.35513338,0.0049123586821887555,9.570008,0.011678917632462316,9.545981,0.011235284278487967,0.24983215,0.0008605002480026602,0.23802675,0.0009734306200518683,,,,,,,,
