,shots,val_acc,val_conf,test_acc,test_conf,val_acc_me1,val_conf_me1,test_acc_me1,test_conf_me1,val_acc_me2,val_conf_me2,test_acc_me2,test_conf_me2,val_acc_me3,val_conf_me3,test_acc_me3,test_conf_me3,val_acc_me4,val_conf_me4,test_acc_me4,test_conf_me4,val_acc_me5,val_conf_me5,test_acc_me5,test_conf_me5,val_acc_me6,val_conf_me6,test_acc_me6,test_conf_me6,val_acc_me7,val_conf_me7,test_acc_me7,test_conf_me7,val_acc_me8,val_conf_me8,test_acc_me8,test_conf_me8,val_acc_me9,val_conf_me9,test_acc_me9,test_conf_me9,val_acc_med,val_conf_med,test_acc_med,test_conf_med,val_acc_maj,val_conf_maj,test_acc_maj,test_conf_maj,val_acc_lin,val_conf_lin,test_acc_lin,test_conf_lin,val_nld,val_conf_nld,test_nld,test_conf_nld,val_mse,val_conf_mse,test_mse,test_conf_mse,val_svm,val_conf_svm,test_svm,test_conf_svm,val_mvm,val_conf_mvm,test_mvm,test_conf_mvm
0,5,0.7986801,0.004345514159463493,0.79662675,0.004470495343542491,0.7985068,0.004347735798843733,0.7967068,0.0044699596749328,0.7984535,0.004354106099248911,0.7963068,0.004477316344433047,0.7983601,0.004341317472976947,0.79596007,0.0044824218204227995,0.79812014,0.004355563949077101,0.79554677,0.004499565986631149,0.7978801,0.004374873417104852,0.7950535,0.004514348131340884,0.7975868,0.004389889224156396,0.7949335,0.004513911746137356,0.79717344,0.004411545013051077,0.7947201,0.004508728228772463,0.7968934,0.004410278341502649,0.79433346,0.004512001348690786,0.79646677,0.004437172138189727,0.7937468,0.004526572920222849,0.7961201,0.0044517487893380725,0.7934934,0.004522102396248839,0.7986801,0.00430219426957501,0.7960401,0.004496856704102936,0.7897601,0.004407135444470578,0.78838676,0.004689414330421471,4.7505555,0.012843367909604275,4.7263174,0.013262852768516353,0.1468876,0.000982758180608917,0.14745983,0.0009603920535773414,,,,,,,,
