,shots,val_acc,val_conf,test_acc,test_conf,val_acc_me1,val_conf_me1,test_acc_me1,test_conf_me1,val_acc_me2,val_conf_me2,test_acc_me2,test_conf_me2,val_acc_me3,val_conf_me3,test_acc_me3,test_conf_me3,val_acc_me4,val_conf_me4,test_acc_me4,test_conf_me4,val_acc_me5,val_conf_me5,test_acc_me5,test_conf_me5,val_acc_me6,val_conf_me6,test_acc_me6,test_conf_me6,val_acc_me7,val_conf_me7,test_acc_me7,test_conf_me7,val_acc_me8,val_conf_me8,test_acc_me8,test_conf_me8,val_acc_me9,val_conf_me9,test_acc_me9,test_conf_me9,val_acc_med,val_conf_med,test_acc_med,test_conf_med,val_acc_maj,val_conf_maj,test_acc_maj,test_conf_maj,val_acc_lin,val_conf_lin,test_acc_lin,test_conf_lin,val_nld,val_conf_nld,test_nld,test_conf_nld,val_mse,val_conf_mse,test_mse,test_conf_mse,val_svm,val_conf_svm,test_svm,test_conf_svm,val_mvm,val_conf_mvm,test_mvm,test_conf_mvm
0,5,0.40966672,0.008481901446588946,0.4121067,0.008283992213790004,0.4092667,0.008518197612725154,0.4124267,0.008314051534890177,0.4092,0.008517391339111002,0.41210672,0.00834958483504089,0.40953338,0.008536466683013721,0.41193336,0.008354022572401865,0.40926668,0.008540318879170339,0.41157335,0.008371867725635529,0.40952006,0.008575155810128576,0.41154668,0.008383840842627666,0.4094267,0.008594146185906981,0.41160002,0.008424797325667754,0.40937337,0.008627950569441822,0.41181335,0.008444407414613553,0.40892005,0.008653688522568648,0.4114934,0.008461064861240375,0.40860003,0.008662671131012434,0.41124004,0.008487178705960496,0.40808,0.008658874348849932,0.41125336,0.008496890931993295,0.41458666,0.0084352613348872,0.41725338,0.008275241420554857,0.39881337,0.007545041522835749,0.39957336,0.007581913070944024,24.06047,0.03213133530770307,24.070164,0.034337381189935456,0.23198724,0.0018689253825584506,0.23088351,0.0018134207634878108,,,,,,,,
