,shots,val_acc,val_conf,test_acc,test_conf,val_acc_me1,val_conf_me1,test_acc_me1,test_conf_me1,val_acc_me2,val_conf_me2,test_acc_me2,test_conf_me2,val_acc_me3,val_conf_me3,test_acc_me3,test_conf_me3,val_acc_me4,val_conf_me4,test_acc_me4,test_conf_me4,val_acc_me5,val_conf_me5,test_acc_me5,test_conf_me5,val_acc_me6,val_conf_me6,test_acc_me6,test_conf_me6,val_acc_me7,val_conf_me7,test_acc_me7,test_conf_me7,val_acc_me8,val_conf_me8,test_acc_me8,test_conf_me8,val_acc_me9,val_conf_me9,test_acc_me9,test_conf_me9,val_acc_med,val_conf_med,test_acc_med,test_conf_med,val_acc_maj,val_conf_maj,test_acc_maj,test_conf_maj,val_acc_lin,val_conf_lin,test_acc_lin,test_conf_lin,val_nld,val_conf_nld,test_nld,test_conf_nld,val_mse,val_conf_mse,test_mse,test_conf_mse,val_svm,val_conf_svm,test_svm,test_conf_svm,val_mvm,val_conf_mvm,test_mvm,test_conf_mvm
0,5,0.27741334,0.0040380325272120765,0.3662267,0.005693987846049853,0.27788,0.004042038958985583,0.3672534,0.005751395358588707,0.27802667,0.004012706022991475,0.36728004,0.005746034054659455,0.27728,0.003997710534404397,0.36752006,0.005780788326409825,0.27758667,0.004036498483142026,0.36777338,0.005785706318386263,0.27662668,0.0040665952086882395,0.3672667,0.005788946189908051,0.27641332,0.004066733281890167,0.3671467,0.005826655412893844,0.27536002,0.004088883640682217,0.3663467,0.00584216348092631,0.2746,0.004108405067237475,0.3654667,0.005833994534629239,0.27396002,0.004080926191129319,0.3646667,0.005840295567541842,0.27340004,0.00403969217633543,0.36333337,0.0058361972408947915,0.27978668,0.004056391183457797,0.36713335,0.005729526225816739,0.27879998,0.004152340976027125,0.3621867,0.005428735371569682,9.728058,0.010266649508732684,9.750115,0.012353198806950516,0.25364336,0.0008247890458416562,0.23680787,0.0010355157663677894,,,,,,,,
