,shots,val_acc,val_conf,test_acc,test_conf,val_acc_me1,val_conf_me1,test_acc_me1,test_conf_me1,val_acc_me2,val_conf_me2,test_acc_me2,test_conf_me2,val_acc_me3,val_conf_me3,test_acc_me3,test_conf_me3,val_acc_me4,val_conf_me4,test_acc_me4,test_conf_me4,val_acc_me5,val_conf_me5,test_acc_me5,test_conf_me5,val_acc_me6,val_conf_me6,test_acc_me6,test_conf_me6,val_acc_me7,val_conf_me7,test_acc_me7,test_conf_me7,val_acc_me8,val_conf_me8,test_acc_me8,test_conf_me8,val_acc_me9,val_conf_me9,test_acc_me9,test_conf_me9,val_acc_med,val_conf_med,test_acc_med,test_conf_med,val_acc_maj,val_conf_maj,test_acc_maj,test_conf_maj,val_acc_lin,val_conf_lin,test_acc_lin,test_conf_lin,val_nld,val_conf_nld,test_nld,test_conf_nld,val_mse,val_conf_mse,test_mse,test_conf_mse,val_svm,val_conf_svm,test_svm,test_conf_svm,val_mvm,val_conf_mvm,test_mvm,test_conf_mvm
0,5,0.2993067,0.004401479061022673,0.3534267,0.005554146014102868,0.2996134,0.00440131328082366,0.35380006,0.005529649796227221,0.29909334,0.004390444287663997,0.3535067,0.00550940290813251,0.29918668,0.004420307812651625,0.35441333,0.005514339833223636,0.29916,0.004431410006369818,0.35425335,0.005506015265959785,0.29869336,0.004433443238170021,0.3541467,0.00552343419322221,0.2981067,0.004425837667479671,0.3540267,0.0055426471485436335,0.29788002,0.004404384139663431,0.3537867,0.00557741481200924,0.29689333,0.004387822743959713,0.3527334,0.0055478666850046765,0.2958667,0.004370509565069403,0.35228002,0.005550563961167543,0.2953334,0.004383597426909525,0.35129336,0.005563900262414545,0.30074668,0.004364480522511205,0.35228002,0.005521669257510076,0.29338667,0.004127248134148276,0.34289336,0.005208680859594805,9.376431,0.010310215990894989,9.348215,0.009460809970850192,0.2515023,0.0008205559939214457,0.24168329,0.001048461168064757,,,,,,,,
