,shots,val_acc,val_conf,test_acc,test_conf,val_acc_me1,val_conf_me1,test_acc_me1,test_conf_me1,val_acc_me2,val_conf_me2,test_acc_me2,test_conf_me2,val_acc_me3,val_conf_me3,test_acc_me3,test_conf_me3,val_acc_me4,val_conf_me4,test_acc_me4,test_conf_me4,val_acc_me5,val_conf_me5,test_acc_me5,test_conf_me5,val_acc_me6,val_conf_me6,test_acc_me6,test_conf_me6,val_acc_me7,val_conf_me7,test_acc_me7,test_conf_me7,val_acc_me8,val_conf_me8,test_acc_me8,test_conf_me8,val_acc_me9,val_conf_me9,test_acc_me9,test_conf_me9,val_acc_med,val_conf_med,test_acc_med,test_conf_med,val_acc_maj,val_conf_maj,test_acc_maj,test_conf_maj,val_acc_lin,val_conf_lin,test_acc_lin,test_conf_lin,val_nld,val_conf_nld,test_nld,test_conf_nld,val_mse,val_conf_mse,test_mse,test_conf_mse,val_svm,val_conf_svm,test_svm,test_conf_svm,val_mvm,val_conf_mvm,test_mvm,test_conf_mvm
0,5,0.34322667,0.006001698061026961,0.39868003,0.006795789832161392,0.34420004,0.00601985722689391,0.3993334,0.0068361238313344175,0.34421337,0.006052325209604303,0.3998667,0.006858307900306226,0.345,0.0061051379784656246,0.39932004,0.0068702833262147545,0.34513336,0.006154230621189638,0.39937338,0.006906921211981276,0.34540004,0.006180401265253765,0.3992667,0.006930890073346407,0.34544003,0.006199041609302791,0.39970672,0.006951746053592944,0.34524003,0.006209289965728504,0.3998667,0.006967775474953253,0.34480006,0.0062088965263703555,0.39988002,0.007006374092544343,0.34498674,0.006203594330701445,0.39964005,0.007010439170794969,0.34477335,0.006230407777097158,0.3995867,0.007010330189939906,0.34497336,0.0059352340547187965,0.40164006,0.006722599952319219,0.3503067,0.005864064938528202,0.40624005,0.0065088649445882996,8.152607,0.018597601388258056,8.168354,0.018642682519592668,0.23896971,0.001157672337543214,0.22690865,0.001334267501077735,,,,,,,,
