,shots,val_acc,val_conf,test_acc,test_conf,val_acc_me1,val_conf_me1,test_acc_me1,test_conf_me1,val_acc_me2,val_conf_me2,test_acc_me2,test_conf_me2,val_acc_me3,val_conf_me3,test_acc_me3,test_conf_me3,val_acc_me4,val_conf_me4,test_acc_me4,test_conf_me4,val_acc_me5,val_conf_me5,test_acc_me5,test_conf_me5,val_acc_me6,val_conf_me6,test_acc_me6,test_conf_me6,val_acc_me7,val_conf_me7,test_acc_me7,test_conf_me7,val_acc_me8,val_conf_me8,test_acc_me8,test_conf_me8,val_acc_me9,val_conf_me9,test_acc_me9,test_conf_me9,val_acc_med,val_conf_med,test_acc_med,test_conf_med,val_acc_maj,val_conf_maj,test_acc_maj,test_conf_maj,val_acc_lin,val_conf_lin,test_acc_lin,test_conf_lin,val_nld,val_conf_nld,test_nld,test_conf_nld,val_mse,val_conf_mse,test_mse,test_conf_mse,val_svm,val_conf_svm,test_svm,test_conf_svm,val_mvm,val_conf_mvm,test_mvm,test_conf_mvm
0,5,0.55568004,0.00591794073250973,0.6006001,0.006009070431158836,0.5555867,0.005939526792128502,0.60058665,0.005986793081963593,0.55552,0.005933749421460188,0.6007334,0.006004119652569195,0.55514675,0.005919700588605692,0.6009334,0.006001906787071354,0.55496,0.005916212739460303,0.6007467,0.005993343939632911,0.55480003,0.005919839123590953,0.60058665,0.00598702166468934,0.55480003,0.005904923985295407,0.60020006,0.005983635869649673,0.5546667,0.005905392695328859,0.60009336,0.00599232247500836,0.5543066,0.005935797892108852,0.5999867,0.005993808031833581,0.55398667,0.005919590684184128,0.59968007,0.00601773579448639,0.55326664,0.005898557379156455,0.5996,0.0060239620185069676,0.55724007,0.005803345054491982,0.6013734,0.005927945267361401,0.55848,0.005843776489937946,0.59576,0.005748471346833317,5.0595403,0.013296378234947781,4.946165,0.012956471565830796,0.1992265,0.0009873944847820504,0.18897745,0.0010182868629268482,,,,,,,,
