,shots,val_acc,val_conf,test_acc,test_conf,val_acc_me1,val_conf_me1,test_acc_me1,test_conf_me1,val_acc_me2,val_conf_me2,test_acc_me2,test_conf_me2,val_acc_me3,val_conf_me3,test_acc_me3,test_conf_me3,val_acc_me4,val_conf_me4,test_acc_me4,test_conf_me4,val_acc_me5,val_conf_me5,test_acc_me5,test_conf_me5,val_acc_me6,val_conf_me6,test_acc_me6,test_conf_me6,val_acc_me7,val_conf_me7,test_acc_me7,test_conf_me7,val_acc_me8,val_conf_me8,test_acc_me8,test_conf_me8,val_acc_me9,val_conf_me9,test_acc_me9,test_conf_me9,val_acc_med,val_conf_med,test_acc_med,test_conf_med,val_acc_maj,val_conf_maj,test_acc_maj,test_conf_maj,val_acc_lin,val_conf_lin,test_acc_lin,test_conf_lin,val_nld,val_conf_nld,test_nld,test_conf_nld,val_mse,val_conf_mse,test_mse,test_conf_mse,val_svm,val_conf_svm,test_svm,test_conf_svm,val_mvm,val_conf_mvm,test_mvm,test_conf_mvm
0,5,0.5512134,0.007538317034651576,0.60476,0.007463165961201557,0.5513601,0.0075624636825811775,0.6051067,0.007472903585314938,0.55193335,0.007563045529519141,0.6048934,0.007493001779192099,0.5521067,0.00757842106574913,0.6052134,0.007504115517492416,0.55232006,0.007592240854094601,0.6054801,0.007524673185737352,0.5527467,0.007608513635245728,0.6055734,0.007541516269244375,0.5529466,0.007642092206754603,0.60553336,0.007577935731517438,0.55317336,0.007652760785968882,0.6057734,0.007604534448685918,0.55395997,0.007658115624932127,0.60605335,0.0076130862133255706,0.55417335,0.007670880238473399,0.6060534,0.0076319195827874164,0.5542,0.007696492124763643,0.60593337,0.007652006232082509,0.55064,0.007455084291945191,0.60430676,0.00735424559974629,0.53624,0.00735237676279521,0.58972,0.007329752152570257,4.315819,0.009629677652906565,4.384489,0.011653756908439838,0.20479023,0.0012022254196921434,0.19617471,0.0012279185798403924,,,,,,,,
