,shots,val_acc,val_conf,test_acc,test_conf,val_acc_me1,val_conf_me1,test_acc_me1,test_conf_me1,val_acc_me2,val_conf_me2,test_acc_me2,test_conf_me2,val_acc_me3,val_conf_me3,test_acc_me3,test_conf_me3,val_acc_me4,val_conf_me4,test_acc_me4,test_conf_me4,val_acc_me5,val_conf_me5,test_acc_me5,test_conf_me5,val_acc_me6,val_conf_me6,test_acc_me6,test_conf_me6,val_acc_me7,val_conf_me7,test_acc_me7,test_conf_me7,val_acc_me8,val_conf_me8,test_acc_me8,test_conf_me8,val_acc_me9,val_conf_me9,test_acc_me9,test_conf_me9,val_acc_med,val_conf_med,test_acc_med,test_conf_med,val_acc_maj,val_conf_maj,test_acc_maj,test_conf_maj,val_acc_lin,val_conf_lin,test_acc_lin,test_conf_lin,val_nld,val_conf_nld,test_nld,test_conf_nld,val_mse,val_conf_mse,test_mse,test_conf_mse,val_svm,val_conf_svm,test_svm,test_conf_svm,val_mvm,val_conf_mvm,test_mvm,test_conf_mvm
0,5,0.5593067,0.005532029827273854,0.6021067,0.006061404330754527,0.55895996,0.005524030355442022,0.60225344,0.00603628193474548,0.55881333,0.0055198927772158735,0.6020934,0.006023692798852287,0.5584133,0.005521859050439892,0.6016267,0.006028613561528395,0.558,0.005499819981419352,0.60124,0.0060099445869157275,0.55716,0.005506411476017603,0.60096,0.00599983938330817,0.5571201,0.005491849140151106,0.60072005,0.006015216304887883,0.5569867,0.0055012755223310394,0.60036004,0.006019601398954411,0.55645335,0.0055076287367546994,0.5996668,0.006003572901160714,0.5559467,0.0055040494545191,0.5990934,0.006010230430768648,0.55520004,0.005507452335540175,0.59842676,0.006033315438927933,0.5615334,0.0055596712510980195,0.6041867,0.005960090463556167,0.56144005,0.005529869143287236,0.60372007,0.005930987495637585,4.960244,0.012705107223622392,4.8505964,0.01077648503789419,0.19836783,0.0009617228552794288,0.18785217,0.0010723597229248816,,,,,,,,
