,shots,val_acc,val_conf,test_acc,test_conf,val_acc_me1,val_conf_me1,test_acc_me1,test_conf_me1,val_acc_me2,val_conf_me2,test_acc_me2,test_conf_me2,val_acc_me3,val_conf_me3,test_acc_me3,test_conf_me3,val_acc_me4,val_conf_me4,test_acc_me4,test_conf_me4,val_acc_me5,val_conf_me5,test_acc_me5,test_conf_me5,val_acc_me6,val_conf_me6,test_acc_me6,test_conf_me6,val_acc_me7,val_conf_me7,test_acc_me7,test_conf_me7,val_acc_me8,val_conf_me8,test_acc_me8,test_conf_me8,val_acc_me9,val_conf_me9,test_acc_me9,test_conf_me9,val_acc_med,val_conf_med,test_acc_med,test_conf_med,val_acc_maj,val_conf_maj,test_acc_maj,test_conf_maj,val_acc_lin,val_conf_lin,test_acc_lin,test_conf_lin,val_nld,val_conf_nld,test_nld,test_conf_nld,val_mse,val_conf_mse,test_mse,test_conf_mse,val_svm,val_conf_svm,test_svm,test_conf_svm,val_mvm,val_conf_mvm,test_mvm,test_conf_mvm
0,5,0.29389337,0.0054967578964619235,0.3099467,0.005756113398403151,0.29396003,0.005512067859465508,0.31033334,0.005734928628458313,0.29440004,0.005483893537731377,0.3105467,0.005754856424303623,0.2939467,0.005486154428690659,0.31044,0.005769721228221225,0.29388005,0.00548636823435128,0.31008002,0.005790392033370784,0.29373333,0.005490589395351908,0.30984002,0.005822937595672928,0.29333335,0.005473811423287955,0.31045336,0.005840637287172101,0.29316,0.005454471939346672,0.30998668,0.005836519103843862,0.2926,0.005449026129076384,0.30973333,0.00584249550310767,0.29256004,0.0054663531614652094,0.30945337,0.00585851615058558,0.29246667,0.005474109735289501,0.30946666,0.005899596391545858,0.29521334,0.005388670592051337,0.31053334,0.005682510222521642,0.29109335,0.005308189154152043,0.30550668,0.005522267728646391,5.417639,0.016025780660898548,5.225807,0.013943271966417647,0.24739209,0.00089044995329568,0.2447326,0.0009674914520653444,,,,,,,,
