,shots,val_acc,val_conf,test_acc,test_conf,val_acc_me1,val_conf_me1,test_acc_me1,test_conf_me1,val_acc_me2,val_conf_me2,test_acc_me2,test_conf_me2,val_acc_me3,val_conf_me3,test_acc_me3,test_conf_me3,val_acc_me4,val_conf_me4,test_acc_me4,test_conf_me4,val_acc_me5,val_conf_me5,test_acc_me5,test_conf_me5,val_acc_me6,val_conf_me6,test_acc_me6,test_conf_me6,val_acc_me7,val_conf_me7,test_acc_me7,test_conf_me7,val_acc_me8,val_conf_me8,test_acc_me8,test_conf_me8,val_acc_me9,val_conf_me9,test_acc_me9,test_conf_me9,val_acc_med,val_conf_med,test_acc_med,test_conf_med,val_acc_maj,val_conf_maj,test_acc_maj,test_conf_maj,val_acc_lin,val_conf_lin,test_acc_lin,test_conf_lin,val_nld,val_conf_nld,test_nld,test_conf_nld,val_mse,val_conf_mse,test_mse,test_conf_mse,val_svm,val_conf_svm,test_svm,test_conf_svm,val_mvm,val_conf_mvm,test_mvm,test_conf_mvm
0,5,0.56026673,0.007879760056754503,0.6195734,0.007857666497306348,0.5607734,0.007902934189087496,0.62044007,0.007883721233766128,0.56122667,0.007917665999419343,0.62102675,0.007885244195037333,0.56152004,0.007937389687053042,0.62113345,0.00789705753501313,0.5618267,0.007936408859357424,0.62125343,0.007915662783532618,0.5621467,0.007949957580915212,0.6219734,0.007932698892452406,0.5620533,0.007959548819727491,0.6219867,0.007956864935279917,0.5622667,0.00796859607783107,0.6221467,0.007957649043296433,0.5624134,0.00796074853269979,0.6222935,0.007969166841970354,0.56228006,0.007970082096439568,0.6225867,0.007980823175629426,0.56220007,0.007969568593427567,0.6226668,0.007987399893162661,0.55997336,0.00783130606031246,0.62104005,0.007712203839224441,0.54482675,0.007602081455880483,0.6040667,0.007522851450681212,4.453595,0.010908967891424481,4.539996,0.011957458844510604,0.20176898,0.0012810743382360712,0.19203512,0.0012824677692960529,,,,,,,,
