,shots,val_acc,val_conf,test_acc,test_conf,val_acc_me1,val_conf_me1,test_acc_me1,test_conf_me1,val_acc_me2,val_conf_me2,test_acc_me2,test_conf_me2,val_acc_me3,val_conf_me3,test_acc_me3,test_conf_me3,val_acc_me4,val_conf_me4,test_acc_me4,test_conf_me4,val_acc_me5,val_conf_me5,test_acc_me5,test_conf_me5,val_acc_me6,val_conf_me6,test_acc_me6,test_conf_me6,val_acc_me7,val_conf_me7,test_acc_me7,test_conf_me7,val_acc_me8,val_conf_me8,test_acc_me8,test_conf_me8,val_acc_me9,val_conf_me9,test_acc_me9,test_conf_me9,val_acc_med,val_conf_med,test_acc_med,test_conf_med,val_acc_maj,val_conf_maj,test_acc_maj,test_conf_maj,val_acc_lin,val_conf_lin,test_acc_lin,test_conf_lin,val_nld,val_conf_nld,test_nld,test_conf_nld,val_mse,val_conf_mse,test_mse,test_conf_mse,val_svm,val_conf_svm,test_svm,test_conf_svm,val_mvm,val_conf_mvm,test_mvm,test_conf_mvm
0,5,0.28944004,0.0052157516852421315,0.3101467,0.00592116582696639,0.2890667,0.0052167260479717426,0.31006667,0.005941974243534653,0.2892134,0.0051971589048713795,0.30988002,0.005962242373660387,0.28912002,0.0051899606270376375,0.31009334,0.005976559040819729,0.28878668,0.005200919206154397,0.3102,0.006020879153301795,0.28857335,0.005235428270980835,0.30992004,0.006029371347897772,0.28820002,0.005222303928261285,0.3097467,0.006036576090697465,0.28776005,0.00523580185365774,0.3097867,0.006038931185446794,0.28792006,0.005234227634441979,0.30965337,0.00602332244865833,0.28809336,0.0052395395275599,0.30968,0.006048641102563146,0.28824002,0.005249545447761406,0.30941337,0.006053196132878247,0.2908667,0.005079366301177224,0.3106534,0.005820368233479811,0.28577337,0.005073894631043019,0.30412006,0.005510810423582702,5.029741,0.014892260628130316,4.923999,0.011401431133434059,0.24857393,0.000822061753765313,0.24475028,0.0009396373770387823,,,,,,,,
