,shots,val_acc,val_conf,test_acc,test_conf,val_acc_me1,val_conf_me1,test_acc_me1,test_conf_me1,val_acc_me2,val_conf_me2,test_acc_me2,test_conf_me2,val_acc_me3,val_conf_me3,test_acc_me3,test_conf_me3,val_acc_me4,val_conf_me4,test_acc_me4,test_conf_me4,val_acc_me5,val_conf_me5,test_acc_me5,test_conf_me5,val_acc_me6,val_conf_me6,test_acc_me6,test_conf_me6,val_acc_me7,val_conf_me7,test_acc_me7,test_conf_me7,val_acc_me8,val_conf_me8,test_acc_me8,test_conf_me8,val_acc_me9,val_conf_me9,test_acc_me9,test_conf_me9,val_acc_med,val_conf_med,test_acc_med,test_conf_med,val_acc_maj,val_conf_maj,test_acc_maj,test_conf_maj,val_acc_lin,val_conf_lin,test_acc_lin,test_conf_lin,val_nld,val_conf_nld,test_nld,test_conf_nld,val_mse,val_conf_mse,test_mse,test_conf_mse,val_svm,val_conf_svm,test_svm,test_conf_svm,val_mvm,val_conf_mvm,test_mvm,test_conf_mvm
0,5,0.5774934,0.007345129535933359,0.57112,0.007137812392285947,0.57796,0.007363345501144258,0.57144004,0.0071234980340429965,0.57768005,0.0073620982244936295,0.57188,0.007154776463013435,0.57772005,0.007374763554628738,0.5724534,0.007167497668925882,0.5783067,0.0073836154784031605,0.5725467,0.0072047820512901595,0.57854676,0.007403321618272063,0.5726134,0.0072124430359746805,0.5785467,0.007404245184840397,0.5725067,0.007227927091276398,0.5789734,0.007417526072093339,0.57264,0.007240359682636255,0.5790667,0.007452053146467796,0.5729734,0.00725200955132943,0.57923996,0.007465143779007644,0.5728667,0.0072598058385161535,0.5792267,0.007490917751230675,0.5728667,0.007273822808324004,0.57617337,0.007335302325862769,0.5697333,0.007004333472211632,0.5508534,0.00717358766687759,0.5448534,0.006852104303666562,22.59661,0.023296841081617004,22.57324,0.024884919337296196,0.19486026,0.0014691165321562005,0.19615267,0.0013849992435689407,,,,,,,,
