,shots,val_acc,val_conf,test_acc,test_conf,val_acc_me1,val_conf_me1,test_acc_me1,test_conf_me1,val_acc_me2,val_conf_me2,test_acc_me2,test_conf_me2,val_acc_me3,val_conf_me3,test_acc_me3,test_conf_me3,val_acc_me4,val_conf_me4,test_acc_me4,test_conf_me4,val_acc_me5,val_conf_me5,test_acc_me5,test_conf_me5,val_acc_me6,val_conf_me6,test_acc_me6,test_conf_me6,val_acc_me7,val_conf_me7,test_acc_me7,test_conf_me7,val_acc_me8,val_conf_me8,test_acc_me8,test_conf_me8,val_acc_me9,val_conf_me9,test_acc_me9,test_conf_me9,val_acc_med,val_conf_med,test_acc_med,test_conf_med,val_acc_maj,val_conf_maj,test_acc_maj,test_conf_maj,val_acc_lin,val_conf_lin,test_acc_lin,test_conf_lin,val_nld,val_conf_nld,test_nld,test_conf_nld,val_mse,val_conf_mse,test_mse,test_conf_mse,val_svm,val_conf_svm,test_svm,test_conf_svm,val_mvm,val_conf_mvm,test_mvm,test_conf_mvm
0,5,0.25688002,0.005170766604830845,0.28854668,0.006577669730363944,0.25688002,0.005189769448757986,0.28845334,0.00657381938134044,0.25641334,0.005228377763798087,0.28900003,0.0065736803845719005,0.25640002,0.0052236338641197255,0.28862667,0.006607651010089033,0.25618666,0.005181263862446717,0.28852,0.006643571284631944,0.2564667,0.005208081464891989,0.28790668,0.006685763037957204,0.25648,0.00520549039888446,0.28728002,0.006689061555956111,0.25628003,0.005209550397518914,0.28654665,0.006687632336691562,0.25636002,0.005198339222945714,0.28574663,0.006704136471267996,0.2561867,0.005183242142036137,0.28541332,0.006723682372337336,0.25636002,0.005179235710262631,0.28461334,0.006729836558165558,0.25785336,0.005101075656932907,0.29168004,0.006612524209086923,0.26374668,0.0048782333592714555,0.2948,0.006505446824718819,8.158481,0.022484791482126454,8.220935,0.020808592045893803,0.25826666,0.0010822462721474246,0.25123575,0.001310343779028611,,,,,,,,
