,shots,val_acc,val_conf,test_acc,test_conf,val_acc_me1,val_conf_me1,test_acc_me1,test_conf_me1,val_acc_me2,val_conf_me2,test_acc_me2,test_conf_me2,val_acc_me3,val_conf_me3,test_acc_me3,test_conf_me3,val_acc_me4,val_conf_me4,test_acc_me4,test_conf_me4,val_acc_me5,val_conf_me5,test_acc_me5,test_conf_me5,val_acc_me6,val_conf_me6,test_acc_me6,test_conf_me6,val_acc_me7,val_conf_me7,test_acc_me7,test_conf_me7,val_acc_me8,val_conf_me8,test_acc_me8,test_conf_me8,val_acc_me9,val_conf_me9,test_acc_me9,test_conf_me9,val_acc_med,val_conf_med,test_acc_med,test_conf_med,val_acc_maj,val_conf_maj,test_acc_maj,test_conf_maj,val_acc_lin,val_conf_lin,test_acc_lin,test_conf_lin,val_nld,val_conf_nld,test_nld,test_conf_nld,val_mse,val_conf_mse,test_mse,test_conf_mse,val_svm,val_conf_svm,test_svm,test_conf_svm,val_mvm,val_conf_mvm,test_mvm,test_conf_mvm
0,5,0.55792004,0.007716800430035087,0.61438674,0.007807910272003005,0.55861336,0.007744899019310636,0.6148801,0.007822334534667519,0.55912,0.0077791790396281035,0.61537343,0.007849511404507847,0.55964,0.007783247350361733,0.6154401,0.007860974712754154,0.55984,0.0077757599961920665,0.61588,0.007890550084972525,0.56034666,0.007808285240029744,0.61600006,0.007920879087510602,0.56089336,0.007818223739871732,0.61604005,0.007931737459654697,0.56090677,0.007839218255103586,0.61644006,0.007920132845723349,0.5612001,0.007853791211985595,0.6165734,0.007922171157139779,0.5611333,0.007875603083630334,0.61666673,0.007943092710612554,0.56124,0.007890543620006518,0.6166534,0.007952619299765207,0.55553335,0.007677950602337336,0.6152401,0.007668140478248375,0.54088,0.007436559393717124,0.5968,0.00761463595802736,4.530631,0.010108749179675414,4.608176,0.012038919262972847,0.2021199,0.0012464116150217863,0.1928928,0.0013000992323149996,,,,,,,,
