,shots,val_acc,val_conf,test_acc,test_conf,val_acc_me1,val_conf_me1,test_acc_me1,test_conf_me1,val_acc_me2,val_conf_me2,test_acc_me2,test_conf_me2,val_acc_me3,val_conf_me3,test_acc_me3,test_conf_me3,val_acc_me4,val_conf_me4,test_acc_me4,test_conf_me4,val_acc_me5,val_conf_me5,test_acc_me5,test_conf_me5,val_acc_me6,val_conf_me6,test_acc_me6,test_conf_me6,val_acc_me7,val_conf_me7,test_acc_me7,test_conf_me7,val_acc_me8,val_conf_me8,test_acc_me8,test_conf_me8,val_acc_me9,val_conf_me9,test_acc_me9,test_conf_me9,val_acc_med,val_conf_med,test_acc_med,test_conf_med,val_acc_maj,val_conf_maj,test_acc_maj,test_conf_maj,val_acc_lin,val_conf_lin,test_acc_lin,test_conf_lin,val_nld,val_conf_nld,test_nld,test_conf_nld,val_mse,val_conf_mse,test_mse,test_conf_mse,val_svm,val_conf_svm,test_svm,test_conf_svm,val_mvm,val_conf_mvm,test_mvm,test_conf_mvm
0,5,0.652,0.006529366737055842,0.6969201,0.006033121489948612,0.6527334,0.006541446987769928,0.6972534,0.006039515803084594,0.65288013,0.006537990539887795,0.69729346,0.006036075517617423,0.65289336,0.006545152798625442,0.6974401,0.0060457133965414744,0.65300006,0.006552379707022715,0.6971334,0.006050158060651678,0.65300006,0.006583084601154199,0.6969201,0.006066680666559465,0.6528667,0.006598197382695403,0.69689345,0.006048120211018637,0.65237343,0.006625649937156308,0.6960401,0.006113553517036463,0.65156007,0.006639383833811019,0.69553345,0.0061289641487959345,0.65116006,0.006616337153664387,0.69468004,0.0061664946616507565,0.6504801,0.006619837470958401,0.69358677,0.006162160825528784,0.65169334,0.006453855472644099,0.6955334,0.005950240626104719,0.6398267,0.0065169396870954355,0.68780005,0.006060262340692679,8.867913,0.015177122729772563,8.949197,0.019370975714130267,0.16503495,0.001660053876376466,0.15259308,0.0015293099832485169,,,,,,,,
