,shots,val_acc,val_conf,test_acc,test_conf,val_acc_me1,val_conf_me1,test_acc_me1,test_conf_me1,val_acc_me2,val_conf_me2,test_acc_me2,test_conf_me2,val_acc_me3,val_conf_me3,test_acc_me3,test_conf_me3,val_acc_me4,val_conf_me4,test_acc_me4,test_conf_me4,val_acc_me5,val_conf_me5,test_acc_me5,test_conf_me5,val_acc_me6,val_conf_me6,test_acc_me6,test_conf_me6,val_acc_me7,val_conf_me7,test_acc_me7,test_conf_me7,val_acc_me8,val_conf_me8,test_acc_me8,test_conf_me8,val_acc_me9,val_conf_me9,test_acc_me9,test_conf_me9,val_acc_med,val_conf_med,test_acc_med,test_conf_med,val_acc_maj,val_conf_maj,test_acc_maj,test_conf_maj,val_acc_lin,val_conf_lin,test_acc_lin,test_conf_lin,val_nld,val_conf_nld,test_nld,test_conf_nld,val_mse,val_conf_mse,test_mse,test_conf_mse,val_svm,val_conf_svm,test_svm,test_conf_svm,val_mvm,val_conf_mvm,test_mvm,test_conf_mvm
0,5,0.2695467,0.00474398002862958,0.3397067,0.0060801250250949734,0.27166665,0.004763037362984224,0.34217337,0.006196168393708623,0.27382666,0.004797235647660436,0.34404004,0.006290158378019939,0.27572003,0.004827586815796203,0.3455867,0.006353001079813569,0.27758667,0.004864284271606345,0.3460667,0.006428548363321462,0.28014666,0.004893054293777066,0.34777337,0.006507559483243941,0.28176,0.0048887001391905716,0.3484667,0.0065571979538098235,0.28369337,0.004983820107198278,0.35004005,0.006593078514990303,0.28428,0.005043926281249889,0.35069335,0.006626268264973867,0.28464,0.005064683439873541,0.35124004,0.006653784545528063,0.2835467,0.0051648137565145635,0.35052,0.006672976258818408,0.27328002,0.004674785959545402,0.34513336,0.006141443842050842,0.27502668,0.004535838140036608,0.34981334,0.006204044569403544,10.814987,0.02133390008577507,10.766589,0.02142585591471935,0.2499898,0.0007260793477515404,0.23715587,0.0009994011965080984,,,,,,,,
