,shots,val_acc,val_conf,test_acc,test_conf,val_acc_me1,val_conf_me1,test_acc_me1,test_conf_me1,val_acc_me2,val_conf_me2,test_acc_me2,test_conf_me2,val_acc_me3,val_conf_me3,test_acc_me3,test_conf_me3,val_acc_me4,val_conf_me4,test_acc_me4,test_conf_me4,val_acc_me5,val_conf_me5,test_acc_me5,test_conf_me5,val_acc_me6,val_conf_me6,test_acc_me6,test_conf_me6,val_acc_me7,val_conf_me7,test_acc_me7,test_conf_me7,val_acc_me8,val_conf_me8,test_acc_me8,test_conf_me8,val_acc_me9,val_conf_me9,test_acc_me9,test_conf_me9,val_acc_med,val_conf_med,test_acc_med,test_conf_med,val_acc_maj,val_conf_maj,test_acc_maj,test_conf_maj,val_acc_lin,val_conf_lin,test_acc_lin,test_conf_lin,val_nld,val_conf_nld,test_nld,test_conf_nld,val_mse,val_conf_mse,test_mse,test_conf_mse,val_svm,val_conf_svm,test_svm,test_conf_svm,val_mvm,val_conf_mvm,test_mvm,test_conf_mvm
0,5,0.4743067,0.0058355627506623264,0.47909334,0.005903620371084162,0.47556004,0.005861012089236506,0.4810667,0.0059110393813276985,0.4761067,0.005892339929018275,0.48330668,0.00591016568735403,0.47745338,0.005885478291198731,0.48453337,0.005922408485784125,0.47816,0.005861177869435519,0.4859067,0.005929695426008408,0.47902668,0.005858653300220951,0.48660004,0.005936679436398307,0.47925335,0.0058646703364137465,0.48728004,0.005979356523955259,0.47888002,0.0058795767008269495,0.48705333,0.006019878930708267,0.47864002,0.0058949416160413715,0.4871467,0.006017694695774123,0.47828004,0.005911776849232553,0.4870267,0.006005559954632533,0.47746667,0.005984158146544127,0.48670667,0.006009014555381442,0.47629336,0.005777997308240246,0.48202667,0.0058356929735484675,0.46496004,0.005617519766673296,0.47332004,0.005830014886286206,8.990862,0.014948715481754249,9.058557,0.01744821540541075,0.21353385,0.0011140594461608866,0.21132407,0.0012272344479049013,,,,,,,,
