,shots,val_acc,val_conf,test_acc,test_conf,val_acc_me1,val_conf_me1,test_acc_me1,test_conf_me1,val_acc_me2,val_conf_me2,test_acc_me2,test_conf_me2,val_acc_me3,val_conf_me3,test_acc_me3,test_conf_me3,val_acc_me4,val_conf_me4,test_acc_me4,test_conf_me4,val_acc_me5,val_conf_me5,test_acc_me5,test_conf_me5,val_acc_me6,val_conf_me6,test_acc_me6,test_conf_me6,val_acc_me7,val_conf_me7,test_acc_me7,test_conf_me7,val_acc_me8,val_conf_me8,test_acc_me8,test_conf_me8,val_acc_me9,val_conf_me9,test_acc_me9,test_conf_me9,val_acc_med,val_conf_med,test_acc_med,test_conf_med,val_acc_maj,val_conf_maj,test_acc_maj,test_conf_maj,val_acc_lin,val_conf_lin,test_acc_lin,test_conf_lin,val_nld,val_conf_nld,test_nld,test_conf_nld,val_mse,val_conf_mse,test_mse,test_conf_mse,val_svm,val_conf_svm,test_svm,test_conf_svm,val_mvm,val_conf_mvm,test_mvm,test_conf_mvm
0,5,0.77924013,0.005539159761181467,0.8446268,0.004897921489592338,0.7791868,0.005548378802666787,0.84461343,0.004894689468386337,0.77930677,0.005551028053368157,0.8446001,0.004906524512176436,0.7791201,0.005543039202551836,0.8445601,0.004903811073598718,0.7788535,0.005534458807348597,0.8441601,0.004896111760901656,0.7784668,0.0055375569114021195,0.84398675,0.004891847192272203,0.77818674,0.0055691147192594714,0.8433601,0.0048970773497488684,0.7778534,0.005558583289680508,0.8429067,0.004909206087707729,0.7774801,0.005555397446803001,0.8424668,0.004916323553466717,0.7769335,0.005565283303350599,0.8422801,0.004910826947035152,0.7765201,0.005568892601499731,0.84192,0.004907310929109454,0.7797068,0.005472657888644039,0.8451468,0.00489864833648157,0.76785344,0.005467319212095756,0.8390401,0.004939077924794422,4.7210126,0.012674429112921715,4.8808136,0.013875907020922007,0.14799957,0.0012933545411121516,0.13092023,0.001144086673322775,,,,,,,,
