,shots,val_acc,val_conf,test_acc,test_conf,val_acc_me1,val_conf_me1,test_acc_me1,test_conf_me1,val_acc_me2,val_conf_me2,test_acc_me2,test_conf_me2,val_acc_me3,val_conf_me3,test_acc_me3,test_conf_me3,val_acc_me4,val_conf_me4,test_acc_me4,test_conf_me4,val_acc_me5,val_conf_me5,test_acc_me5,test_conf_me5,val_acc_me6,val_conf_me6,test_acc_me6,test_conf_me6,val_acc_me7,val_conf_me7,test_acc_me7,test_conf_me7,val_acc_me8,val_conf_me8,test_acc_me8,test_conf_me8,val_acc_me9,val_conf_me9,test_acc_me9,test_conf_me9,val_acc_med,val_conf_med,test_acc_med,test_conf_med,val_acc_maj,val_conf_maj,test_acc_maj,test_conf_maj,val_acc_lin,val_conf_lin,test_acc_lin,test_conf_lin,val_nld,val_conf_nld,test_nld,test_conf_nld,val_mse,val_conf_mse,test_mse,test_conf_mse,val_svm,val_conf_svm,test_svm,test_conf_svm,val_mvm,val_conf_mvm,test_mvm,test_conf_mvm
0,5,0.33581334,0.005005249622283714,0.38629338,0.0058015228576525635,0.3357867,0.005000791104674995,0.38688007,0.0058174400656748615,0.33552003,0.005002633158195602,0.38772002,0.005823019793097517,0.33500007,0.005011935320672012,0.38796005,0.005816373808071651,0.33502668,0.005003847186449695,0.3882934,0.005820927453036917,0.33437338,0.005043381376974521,0.38852003,0.00583398160469728,0.33444002,0.005030772846183418,0.3885867,0.005832551000082897,0.33404005,0.005008989605102265,0.38888004,0.005831096382737766,0.33392003,0.004980238054262898,0.38864005,0.005840213370117253,0.33337334,0.0049680705265081615,0.38769335,0.0058216293636289,0.3326667,0.004976903978951175,0.38761336,0.00583434964597479,0.33621338,0.005032350759665405,0.38725334,0.005662515006316815,0.33426672,0.004756626887433335,0.3823867,0.005531206005894851,8.359586,0.015027438448907304,8.288649,0.015240861752920054,0.24153516,0.0009054619506351502,0.23095927,0.0011252357560961324,,,,,,,,
