,shots,val_acc,val_conf,test_acc,test_conf,val_acc_me1,val_conf_me1,test_acc_me1,test_conf_me1,val_acc_me2,val_conf_me2,test_acc_me2,test_conf_me2,val_acc_me3,val_conf_me3,test_acc_me3,test_conf_me3,val_acc_me4,val_conf_me4,test_acc_me4,test_conf_me4,val_acc_me5,val_conf_me5,test_acc_me5,test_conf_me5,val_acc_me6,val_conf_me6,test_acc_me6,test_conf_me6,val_acc_me7,val_conf_me7,test_acc_me7,test_conf_me7,val_acc_me8,val_conf_me8,test_acc_me8,test_conf_me8,val_acc_me9,val_conf_me9,test_acc_me9,test_conf_me9,val_acc_med,val_conf_med,test_acc_med,test_conf_med,val_acc_maj,val_conf_maj,test_acc_maj,test_conf_maj,val_acc_lin,val_conf_lin,test_acc_lin,test_conf_lin,val_nld,val_conf_nld,test_nld,test_conf_nld,val_mse,val_conf_mse,test_mse,test_conf_mse,val_svm,val_conf_svm,test_svm,test_conf_svm,val_mvm,val_conf_mvm,test_mvm,test_conf_mvm
0,5,0.3100667,0.005169360474730544,0.31278667,0.005449047832890741,0.31109336,0.0052508278199415725,0.3125467,0.005452321414592232,0.31217334,0.005272567653393956,0.3128667,0.005438276737787351,0.31273338,0.005296986291677908,0.3135867,0.0054116166034420266,0.3136667,0.005360322178019072,0.3133067,0.0054030422114214605,0.31322667,0.005379072426489717,0.31300002,0.0053879252738306405,0.31373334,0.005402606288001155,0.31292003,0.005384096628621549,0.31309336,0.0054676683202585785,0.31280005,0.005414443178924477,0.31249335,0.00545905698557525,0.31252003,0.005444778646428505,0.31193334,0.005476369240899004,0.3119067,0.005460216523401784,0.31092003,0.005482748776969859,0.31153336,0.005463171936420541,0.31209335,0.005122424359943645,0.31460005,0.00538129868370274,0.31049335,0.0050464106753187465,0.31480002,0.005359080442767894,9.553092,0.011296792888373375,9.414933,0.008772159947691094,0.24693616,0.0009776050254949875,0.24690588,0.0011036957593599517,,,,,,,,
