,shots,val_acc,val_conf,test_acc,test_conf,val_acc_me1,val_conf_me1,test_acc_me1,test_conf_me1,val_acc_me2,val_conf_me2,test_acc_me2,test_conf_me2,val_acc_me3,val_conf_me3,test_acc_me3,test_conf_me3,val_acc_me4,val_conf_me4,test_acc_me4,test_conf_me4,val_acc_me5,val_conf_me5,test_acc_me5,test_conf_me5,val_acc_me6,val_conf_me6,test_acc_me6,test_conf_me6,val_acc_me7,val_conf_me7,test_acc_me7,test_conf_me7,val_acc_me8,val_conf_me8,test_acc_me8,test_conf_me8,val_acc_me9,val_conf_me9,test_acc_me9,test_conf_me9,val_acc_med,val_conf_med,test_acc_med,test_conf_med,val_acc_maj,val_conf_maj,test_acc_maj,test_conf_maj,val_acc_lin,val_conf_lin,test_acc_lin,test_conf_lin,val_nld,val_conf_nld,test_nld,test_conf_nld,val_mse,val_conf_mse,test_mse,test_conf_mse,val_svm,val_conf_svm,test_svm,test_conf_svm,val_mvm,val_conf_mvm,test_mvm,test_conf_mvm
0,5,0.7201468,0.005879107990793497,0.6991734,0.00556854026085396,0.7206134,0.0058713708118671715,0.70014673,0.005587641464620541,0.7211201,0.005859894573688851,0.70065343,0.005600089756612081,0.7218001,0.005863033776454696,0.7011467,0.005586952022177294,0.7223735,0.005869648822000473,0.70177346,0.005584975589721042,0.72286683,0.005887235838378357,0.70229346,0.005593910634486554,0.72328013,0.005896095150685232,0.70274675,0.005607163352959077,0.7238534,0.005893659705644483,0.7034268,0.005595470538420466,0.72422683,0.005896154720728908,0.7034134,0.005606243018873691,0.72450674,0.005889034484270139,0.70368004,0.005603154612269123,0.7245602,0.005899198796138205,0.7037201,0.0056201080619810995,0.72100013,0.005830095698360904,0.6999601,0.00557405210613382,0.7039067,0.005869988694497619,0.6840267,0.005654222302099554,4.4754844,0.010235873499976123,4.4317517,0.009934964429207938,0.17299375,0.0010861422222702144,0.17721546,0.000989069834537032,,,,,,,,
