,shots,val_acc,val_conf,test_acc,test_conf,val_acc_me1,val_conf_me1,test_acc_me1,test_conf_me1,val_acc_me2,val_conf_me2,test_acc_me2,test_conf_me2,val_acc_me3,val_conf_me3,test_acc_me3,test_conf_me3,val_acc_me4,val_conf_me4,test_acc_me4,test_conf_me4,val_acc_me5,val_conf_me5,test_acc_me5,test_conf_me5,val_acc_me6,val_conf_me6,test_acc_me6,test_conf_me6,val_acc_me7,val_conf_me7,test_acc_me7,test_conf_me7,val_acc_me8,val_conf_me8,test_acc_me8,test_conf_me8,val_acc_me9,val_conf_me9,test_acc_me9,test_conf_me9,val_acc_med,val_conf_med,test_acc_med,test_conf_med,val_acc_maj,val_conf_maj,test_acc_maj,test_conf_maj,val_acc_lin,val_conf_lin,test_acc_lin,test_conf_lin,val_nld,val_conf_nld,test_nld,test_conf_nld,val_mse,val_conf_mse,test_mse,test_conf_mse,val_svm,val_conf_svm,test_svm,test_conf_svm,val_mvm,val_conf_mvm,test_mvm,test_conf_mvm
0,5,0.7223201,0.00587601681348926,0.7243601,0.005630675048872935,0.7228134,0.005894297428359896,0.72482675,0.005633641544690482,0.7235201,0.005888137239349001,0.72530675,0.005637198199545224,0.72408015,0.0058916227795779985,0.7260535,0.005648966746542361,0.7241868,0.005886110934298028,0.72632015,0.005666091056069522,0.7247334,0.0058722491236736785,0.7264134,0.005667316628905739,0.72529346,0.005878323882776981,0.72718674,0.005676406832854752,0.7259201,0.005858839860667819,0.7271201,0.0056995038473792725,0.72581345,0.00586438218364449,0.7272001,0.0057015158371485075,0.72608006,0.005896360676073575,0.72754675,0.005700871187683809,0.72662675,0.0059103684102158605,0.72750676,0.005730555540757187,0.7205068,0.005816547900369784,0.7232667,0.005610418463329214,0.70413345,0.005911056929092551,0.7085734,0.0057634165010423954,4.567929,0.01063536683694899,4.539811,0.012325731013641317,0.17112988,0.001102101914354614,0.17118274,0.0010369472945487568,,,,,,,,
