,shots,val_acc,val_conf,test_acc,test_conf,val_acc_me1,val_conf_me1,test_acc_me1,test_conf_me1,val_acc_me2,val_conf_me2,test_acc_me2,test_conf_me2,val_acc_me3,val_conf_me3,test_acc_me3,test_conf_me3,val_acc_me4,val_conf_me4,test_acc_me4,test_conf_me4,val_acc_me5,val_conf_me5,test_acc_me5,test_conf_me5,val_acc_me6,val_conf_me6,test_acc_me6,test_conf_me6,val_acc_me7,val_conf_me7,test_acc_me7,test_conf_me7,val_acc_me8,val_conf_me8,test_acc_me8,test_conf_me8,val_acc_me9,val_conf_me9,test_acc_me9,test_conf_me9,val_acc_med,val_conf_med,test_acc_med,test_conf_med,val_acc_maj,val_conf_maj,test_acc_maj,test_conf_maj,val_acc_lin,val_conf_lin,test_acc_lin,test_conf_lin,val_nld,val_conf_nld,test_nld,test_conf_nld,val_mse,val_conf_mse,test_mse,test_conf_mse,val_svm,val_conf_svm,test_svm,test_conf_svm,val_mvm,val_conf_mvm,test_mvm,test_conf_mvm
0,5,0.68322676,0.0061946237286231165,0.71964014,0.006279285228810716,0.68288004,0.006197597612973116,0.7197334,0.006295123471891428,0.6830401,0.006228332523018021,0.71954674,0.006288998378410127,0.68289346,0.006226131663885637,0.71941346,0.006316830056947387,0.68289346,0.006232386518469801,0.71856004,0.006335431611200537,0.6824934,0.0062345859922523506,0.7182001,0.006349897434360652,0.6821868,0.006263088641901504,0.7177601,0.0063597408068460926,0.68184006,0.006273004976145913,0.71725345,0.006377333364623317,0.6808934,0.006289849906786049,0.71617347,0.006393448677674551,0.6805201,0.006277609417272401,0.71522677,0.006414969164066919,0.67958677,0.00629872999934078,0.71453345,0.006447074646899309,0.6808268,0.006121508195889636,0.71710676,0.006218770376552607,0.68238676,0.006206724759584947,0.7156001,0.006233110132876085,7.8630047,0.023981711870377787,7.638994,0.02781380937131228,0.15389776,0.0015242397182340661,0.14206588,0.0015821441095867361,,,,,,,,
