,shots,val_acc,val_conf,test_acc,test_conf,val_acc_me1,val_conf_me1,test_acc_me1,test_conf_me1,val_acc_me2,val_conf_me2,test_acc_me2,test_conf_me2,val_acc_me3,val_conf_me3,test_acc_me3,test_conf_me3,val_acc_me4,val_conf_me4,test_acc_me4,test_conf_me4,val_acc_me5,val_conf_me5,test_acc_me5,test_conf_me5,val_acc_me6,val_conf_me6,test_acc_me6,test_conf_me6,val_acc_me7,val_conf_me7,test_acc_me7,test_conf_me7,val_acc_me8,val_conf_me8,test_acc_me8,test_conf_me8,val_acc_me9,val_conf_me9,test_acc_me9,test_conf_me9,val_acc_med,val_conf_med,test_acc_med,test_conf_med,val_acc_maj,val_conf_maj,test_acc_maj,test_conf_maj,val_acc_lin,val_conf_lin,test_acc_lin,test_conf_lin,val_nld,val_conf_nld,test_nld,test_conf_nld,val_mse,val_conf_mse,test_mse,test_conf_mse,val_svm,val_conf_svm,test_svm,test_conf_svm,val_mvm,val_conf_mvm,test_mvm,test_conf_mvm
0,5,0.26512,0.005156156705286075,0.26781335,0.00540826544214873,0.26556003,0.005145909272426974,0.26833338,0.0053954061630343,0.26568002,0.005174551380627945,0.26877338,0.0053944973735310375,0.26493335,0.005170492305560048,0.26873332,0.005361061954840318,0.26484004,0.005189307665473819,0.2684267,0.005360909104573208,0.26436,0.0052090853817517435,0.26865333,0.005379000388297417,0.26430666,0.0052334767748219435,0.2689867,0.005372064865152348,0.2642667,0.005243520561252768,0.26805335,0.005353929712016203,0.26392004,0.005235037140539134,0.26774672,0.005355541797461283,0.26372004,0.005227496681291854,0.26769337,0.0053534120529546425,0.26306668,0.005239835992428332,0.26724,0.005330254083036501,0.26512006,0.005038948257446441,0.26981336,0.005339681850566214,0.26541334,0.0049667059569034055,0.26976,0.005232203638307453,7.8435206,0.016295281079809598,7.7710648,0.013573597823237193,0.25887263,0.0011149975589027084,0.2581111,0.0011746932076146521,,,,,,,,
