,shots,val_acc,val_conf,test_acc,test_conf,val_acc_me1,val_conf_me1,test_acc_me1,test_conf_me1,val_acc_me2,val_conf_me2,test_acc_me2,test_conf_me2,val_acc_me3,val_conf_me3,test_acc_me3,test_conf_me3,val_acc_me4,val_conf_me4,test_acc_me4,test_conf_me4,val_acc_me5,val_conf_me5,test_acc_me5,test_conf_me5,val_acc_me6,val_conf_me6,test_acc_me6,test_conf_me6,val_acc_me7,val_conf_me7,test_acc_me7,test_conf_me7,val_acc_me8,val_conf_me8,test_acc_me8,test_conf_me8,val_acc_me9,val_conf_me9,test_acc_me9,test_conf_me9,val_acc_med,val_conf_med,test_acc_med,test_conf_med,val_acc_maj,val_conf_maj,test_acc_maj,test_conf_maj,val_acc_lin,val_conf_lin,test_acc_lin,test_conf_lin,val_nld,val_conf_nld,test_nld,test_conf_nld,val_mse,val_conf_mse,test_mse,test_conf_mse,val_svm,val_conf_svm,test_svm,test_conf_svm,val_mvm,val_conf_mvm,test_mvm,test_conf_mvm
0,5,0.37676007,0.007345236207871975,0.4200667,0.007959792641301533,0.37660003,0.007328466086123864,0.4197467,0.00798858205837022,0.37644008,0.007334141864469679,0.41961336,0.008020502366105575,0.3767467,0.007335062198555009,0.41937336,0.008037642838047587,0.37637335,0.0073597902316393515,0.41889337,0.008049513439150613,0.37625337,0.007359094324230098,0.4187867,0.00805437786426616,0.37612006,0.007376921467915687,0.41812006,0.008091822023646833,0.37608004,0.007389987625941452,0.41802672,0.008120494147761281,0.37608,0.007411601854340588,0.41772002,0.00813616522529309,0.37589338,0.007406876887776914,0.4174267,0.00815378964611696,0.3759067,0.0073973004260296515,0.41670674,0.008176739351773932,0.38013336,0.007319268286669622,0.42460003,0.00790822437839106,0.37360004,0.007100803232758912,0.41536003,0.0075919111408297435,4.517535,0.012164933456258353,4.6150513,0.014075567335934736,0.2320448,0.0011240015248233648,0.22519429,0.0012202357758957505,,,,,,,,
