,shots,val_acc,val_conf,test_acc,test_conf,val_acc_me1,val_conf_me1,test_acc_me1,test_conf_me1,val_acc_me2,val_conf_me2,test_acc_me2,test_conf_me2,val_acc_me3,val_conf_me3,test_acc_me3,test_conf_me3,val_acc_me4,val_conf_me4,test_acc_me4,test_conf_me4,val_acc_me5,val_conf_me5,test_acc_me5,test_conf_me5,val_acc_me6,val_conf_me6,test_acc_me6,test_conf_me6,val_acc_me7,val_conf_me7,test_acc_me7,test_conf_me7,val_acc_me8,val_conf_me8,test_acc_me8,test_conf_me8,val_acc_me9,val_conf_me9,test_acc_me9,test_conf_me9,val_acc_med,val_conf_med,test_acc_med,test_conf_med,val_acc_maj,val_conf_maj,test_acc_maj,test_conf_maj,val_acc_lin,val_conf_lin,test_acc_lin,test_conf_lin,val_nld,val_conf_nld,test_nld,test_conf_nld,val_mse,val_conf_mse,test_mse,test_conf_mse,val_svm,val_conf_svm,test_svm,test_conf_svm,val_mvm,val_conf_mvm,test_mvm,test_conf_mvm
0,5,0.53104,0.006695830375335499,0.5789067,0.00642239417749324,0.53129333,0.006699360246759767,0.57905334,0.006417798510249151,0.53158665,0.006707225339655842,0.5795334,0.006412993655177224,0.53138673,0.006735137368484634,0.57956004,0.0064037201232644,0.53142667,0.006710013125342473,0.5791867,0.006426703539101131,0.53072006,0.0067098621222084764,0.5788134,0.006424565482495481,0.52985334,0.006717665797927763,0.5783867,0.006443120858420137,0.5288667,0.006733517432723657,0.5776667,0.006464730007203157,0.5283467,0.006765591052509401,0.57593334,0.006497722575724452,0.52753335,0.00681941651211293,0.57505333,0.006505260726055284,0.52612,0.006831462590863979,0.5747067,0.006512089577261682,0.5307334,0.006670901004739327,0.5790667,0.006298027626965519,0.523,0.0063621365385244655,0.5724401,0.00618584799909061,9.565528,0.011583334957602887,9.638339,0.012464483960604511,0.19956818,0.0014060653352097607,0.18428604,0.0015051480964705655,,,,,,,,
