,shots,val_acc,val_conf,test_acc,test_conf,val_acc_me1,val_conf_me1,test_acc_me1,test_conf_me1,val_acc_me2,val_conf_me2,test_acc_me2,test_conf_me2,val_acc_me3,val_conf_me3,test_acc_me3,test_conf_me3,val_acc_me4,val_conf_me4,test_acc_me4,test_conf_me4,val_acc_me5,val_conf_me5,test_acc_me5,test_conf_me5,val_acc_me6,val_conf_me6,test_acc_me6,test_conf_me6,val_acc_me7,val_conf_me7,test_acc_me7,test_conf_me7,val_acc_me8,val_conf_me8,test_acc_me8,test_conf_me8,val_acc_me9,val_conf_me9,test_acc_me9,test_conf_me9,val_acc_med,val_conf_med,test_acc_med,test_conf_med,val_acc_maj,val_conf_maj,test_acc_maj,test_conf_maj,val_acc_lin,val_conf_lin,test_acc_lin,test_conf_lin,val_nld,val_conf_nld,test_nld,test_conf_nld,val_mse,val_conf_mse,test_mse,test_conf_mse,val_svm,val_conf_svm,test_svm,test_conf_svm,val_mvm,val_conf_mvm,test_mvm,test_conf_mvm
0,5,0.27641332,0.004797378338695257,0.29732,0.0056805670384618145,0.27637336,0.004806587682731567,0.29704005,0.005668224956625667,0.27628002,0.004793566779467684,0.2966,0.005690268643479102,0.27620003,0.004794751253591578,0.29694667,0.005702903957700678,0.27594665,0.0048325140434383185,0.29681337,0.005699745821820201,0.27564,0.004839757576033943,0.29696003,0.0057140684921622165,0.27592,0.004843590377292595,0.2968267,0.005711037346684877,0.27601337,0.004852701361489353,0.29637334,0.005722795272666559,0.27590668,0.004836696876426405,0.29644,0.005727613057670389,0.27544,0.004821286706450156,0.29642668,0.005732114521124543,0.275,0.004838083611628796,0.2963467,0.00573490184502784,0.27800003,0.004807973032584123,0.29697335,0.0056519050735795995,0.27372,0.004548727435064515,0.29164,0.005361182942060727,5.206369,0.01698036798314817,5.010263,0.013792726921510123,0.25136834,0.0008092654503462637,0.24795252,0.0009635413578525098,,,,,,,,
