,shots,val_acc,val_conf,test_acc,test_conf,val_acc_me1,val_conf_me1,test_acc_me1,test_conf_me1,val_acc_me2,val_conf_me2,test_acc_me2,test_conf_me2,val_acc_me3,val_conf_me3,test_acc_me3,test_conf_me3,val_acc_me4,val_conf_me4,test_acc_me4,test_conf_me4,val_acc_me5,val_conf_me5,test_acc_me5,test_conf_me5,val_acc_me6,val_conf_me6,test_acc_me6,test_conf_me6,val_acc_me7,val_conf_me7,test_acc_me7,test_conf_me7,val_acc_me8,val_conf_me8,test_acc_me8,test_conf_me8,val_acc_me9,val_conf_me9,test_acc_me9,test_conf_me9,val_acc_med,val_conf_med,test_acc_med,test_conf_med,val_acc_maj,val_conf_maj,test_acc_maj,test_conf_maj,val_acc_lin,val_conf_lin,test_acc_lin,test_conf_lin,val_nld,val_conf_nld,test_nld,test_conf_nld,val_mse,val_conf_mse,test_mse,test_conf_mse,val_svm,val_conf_svm,test_svm,test_conf_svm,val_mvm,val_conf_mvm,test_mvm,test_conf_mvm
0,5,0.31405336,0.005449597354998892,0.38101336,0.006480933520861654,0.3159467,0.005486509540036211,0.38310668,0.006480906737431125,0.31770673,0.005526906803519194,0.38453338,0.006541626159684122,0.31888,0.005587951782987544,0.38465336,0.006546525680329263,0.31961337,0.005628129699410511,0.38538668,0.006612532059402765,0.32025334,0.005670391643795014,0.38578668,0.0065847082311813465,0.32012004,0.005693387989563703,0.3867867,0.006622456243963015,0.32025334,0.005687485013842086,0.38750672,0.006654384863797491,0.3201067,0.00571621670800021,0.38706672,0.006679612546395264,0.31961334,0.00575282734855298,0.38620004,0.006713233140183017,0.31873336,0.005760772329957198,0.38634667,0.006794996026695865,0.31557336,0.005396445175423703,0.3846534,0.006483885239614073,0.3220667,0.005427342171401339,0.39057335,0.0064508506488140105,9.145271,0.019575940995512298,9.2184515,0.019535653174667544,0.24424697,0.0009652358716137899,0.229603,0.0012370058976438891,,,,,,,,
