,shots,val_acc,val_conf,test_acc,test_conf,val_acc_me1,val_conf_me1,test_acc_me1,test_conf_me1,val_acc_me2,val_conf_me2,test_acc_me2,test_conf_me2,val_acc_me3,val_conf_me3,test_acc_me3,test_conf_me3,val_acc_me4,val_conf_me4,test_acc_me4,test_conf_me4,val_acc_me5,val_conf_me5,test_acc_me5,test_conf_me5,val_acc_me6,val_conf_me6,test_acc_me6,test_conf_me6,val_acc_me7,val_conf_me7,test_acc_me7,test_conf_me7,val_acc_me8,val_conf_me8,test_acc_me8,test_conf_me8,val_acc_me9,val_conf_me9,test_acc_me9,test_conf_me9,val_acc_med,val_conf_med,test_acc_med,test_conf_med,val_acc_maj,val_conf_maj,test_acc_maj,test_conf_maj,val_acc_lin,val_conf_lin,test_acc_lin,test_conf_lin,val_nld,val_conf_nld,test_nld,test_conf_nld,val_mse,val_conf_mse,test_mse,test_conf_mse,val_svm,val_conf_svm,test_svm,test_conf_svm,val_mvm,val_conf_mvm,test_mvm,test_conf_mvm
0,5,0.21890669,0.003552122220896292,0.22016004,0.003759186076412374,0.21945335,0.003540270783799565,0.21960004,0.0038061055670010613,0.22002669,0.0035573837796361862,0.22060002,0.0038543727721045973,0.2204,0.003565551571475062,0.21998668,0.003841939488069823,0.22081335,0.0035396877824032946,0.21993335,0.0039009147548584866,0.22057335,0.0035477775328671135,0.21962668,0.003901899738603637,0.22092001,0.003600099887880681,0.22001335,0.0039173547015584065,0.22073336,0.0036389815786249946,0.22024003,0.0039363021314914315,0.22020002,0.003613607279834452,0.21992001,0.003951061648820253,0.21973336,0.0036279398785170613,0.22041336,0.003946999803052659,0.21944001,0.0036400390623457513,0.2202667,0.003983596590106858,0.2205467,0.003647738836826092,0.22300003,0.003910838477635403,0.21700002,0.003506419529261423,0.21853335,0.0035051055249263052,12.738989,0.0035549176260065707,12.757218,0.00358622699445732,0.24977662,0.00010294039058636462,0.24977572,9.545957353634948e-05,,,,,,,,
