,shots,val_acc,val_conf,test_acc,test_conf,val_acc_me1,val_conf_me1,test_acc_me1,test_conf_me1,val_acc_me2,val_conf_me2,test_acc_me2,test_conf_me2,val_acc_me3,val_conf_me3,test_acc_me3,test_conf_me3,val_acc_me4,val_conf_me4,test_acc_me4,test_conf_me4,val_acc_me5,val_conf_me5,test_acc_me5,test_conf_me5,val_acc_me6,val_conf_me6,test_acc_me6,test_conf_me6,val_acc_me7,val_conf_me7,test_acc_me7,test_conf_me7,val_acc_me8,val_conf_me8,test_acc_me8,test_conf_me8,val_acc_me9,val_conf_me9,test_acc_me9,test_conf_me9,val_acc_med,val_conf_med,test_acc_med,test_conf_med,val_acc_maj,val_conf_maj,test_acc_maj,test_conf_maj,val_acc_lin,val_conf_lin,test_acc_lin,test_conf_lin,val_nld,val_conf_nld,test_nld,test_conf_nld,val_mse,val_conf_mse,test_mse,test_conf_mse,val_svm,val_conf_svm,test_svm,test_conf_svm,val_mvm,val_conf_mvm,test_mvm,test_conf_mvm
0,5,0.26614666,0.004264390381015948,0.32328004,0.0057717687753032765,0.26649335,0.004292619654960916,0.32324,0.005811456277878491,0.2663867,0.004301507136048155,0.32370672,0.005787927034199891,0.2668667,0.004307876512886777,0.32370672,0.005857313666913555,0.26686665,0.004327982557079779,0.32352,0.005931975711865656,0.26642668,0.004319674614014224,0.32381335,0.005970107004773184,0.26609334,0.004313456702092766,0.32333338,0.00596766186228348,0.26612,0.004297910306047703,0.32270673,0.0060014907203323475,0.26617336,0.004325048386092156,0.3226267,0.006048600003850824,0.26541337,0.0043440946376480105,0.32256004,0.006066821510461118,0.2648,0.004326847493767327,0.32144,0.006070493611136929,0.26640004,0.004257662198565493,0.32388002,0.005694432081569223,0.26526666,0.004217523533721679,0.31820002,0.005482969047596431,9.9111395,0.011730092456014418,9.965362,0.012686067898815878,0.2547331,0.0007788959263249629,0.24485886,0.0009788442209380799,,,,,,,,
