,shots,val_acc,val_conf,test_acc,test_conf,val_acc_me1,val_conf_me1,test_acc_me1,test_conf_me1,val_acc_me2,val_conf_me2,test_acc_me2,test_conf_me2,val_acc_me3,val_conf_me3,test_acc_me3,test_conf_me3,val_acc_me4,val_conf_me4,test_acc_me4,test_conf_me4,val_acc_me5,val_conf_me5,test_acc_me5,test_conf_me5,val_acc_me6,val_conf_me6,test_acc_me6,test_conf_me6,val_acc_me7,val_conf_me7,test_acc_me7,test_conf_me7,val_acc_me8,val_conf_me8,test_acc_me8,test_conf_me8,val_acc_me9,val_conf_me9,test_acc_me9,test_conf_me9,val_acc_med,val_conf_med,test_acc_med,test_conf_med,val_acc_maj,val_conf_maj,test_acc_maj,test_conf_maj,val_acc_lin,val_conf_lin,test_acc_lin,test_conf_lin,val_nld,val_conf_nld,test_nld,test_conf_nld,val_mse,val_conf_mse,test_mse,test_conf_mse,val_svm,val_conf_svm,test_svm,test_conf_svm,val_mvm,val_conf_mvm,test_mvm,test_conf_mvm
0,5,0.25216,0.003995133783678717,0.32345337,0.005823205429977774,0.25205335,0.003985242385731669,0.32493335,0.005885861109541313,0.25238666,0.003962119049559842,0.32570666,0.005967049999431984,0.25228003,0.003958217442591838,0.32641336,0.005928133213158049,0.252,0.003998362110618381,0.3264,0.005912195686671284,0.25216,0.004025306703466791,0.3267467,0.005956911085644612,0.25226668,0.004059579797035029,0.32660004,0.005972040491384056,0.25177336,0.004065444906527327,0.3265467,0.005977643307970959,0.25197333,0.004038305902916317,0.3255067,0.006026307415807286,0.25185335,0.004025681671493531,0.3250267,0.006042192298999605,0.25106668,0.004020620526698937,0.3245467,0.006086597841389263,0.25344002,0.0039947643570513724,0.32249334,0.005767772964545281,0.25354668,0.00394324873743529,0.31997335,0.0056617863122944145,9.48549,0.010647281769248451,9.513527,0.012940262048989126,0.2582239,0.0007809077429253852,0.24489406,0.0010652788534911417,,,,,,,,
