,shots,val_acc,val_conf,test_acc,test_conf,val_acc_me1,val_conf_me1,test_acc_me1,test_conf_me1,val_acc_me2,val_conf_me2,test_acc_me2,test_conf_me2,val_acc_me3,val_conf_me3,test_acc_me3,test_conf_me3,val_acc_me4,val_conf_me4,test_acc_me4,test_conf_me4,val_acc_me5,val_conf_me5,test_acc_me5,test_conf_me5,val_acc_me6,val_conf_me6,test_acc_me6,test_conf_me6,val_acc_me7,val_conf_me7,test_acc_me7,test_conf_me7,val_acc_me8,val_conf_me8,test_acc_me8,test_conf_me8,val_acc_me9,val_conf_me9,test_acc_me9,test_conf_me9,val_acc_med,val_conf_med,test_acc_med,test_conf_med,val_acc_maj,val_conf_maj,test_acc_maj,test_conf_maj,val_acc_lin,val_conf_lin,test_acc_lin,test_conf_lin,val_nld,val_conf_nld,test_nld,test_conf_nld,val_mse,val_conf_mse,test_mse,test_conf_mse,val_svm,val_conf_svm,test_svm,test_conf_svm,val_mvm,val_conf_mvm,test_mvm,test_conf_mvm
0,5,0.54228,0.006857352932474581,0.5460267,0.006756570116053018,0.5442,0.006821170826809553,0.5486267,0.006756049224508454,0.5472933,0.00682006901189347,0.55149335,0.006694019723078259,0.55064,0.006808552598569384,0.55412,0.006709298284818477,0.55248004,0.006849130881099841,0.5564667,0.0066931935927828645,0.55466664,0.006884080025396089,0.5586,0.006696828289012635,0.5568534,0.006884492397868813,0.5607334,0.006657206359663825,0.5585334,0.006897963078051572,0.56233335,0.006660819813862462,0.5597733,0.0068870936231085755,0.5635067,0.006680877832593968,0.56076,0.006889328654203997,0.5642267,0.006736345855339221,0.5606934,0.006889405310229191,0.56424,0.006772394967418438,0.54782665,0.006754027075507096,0.55377334,0.00664306840263551,0.60352004,0.007059125444228931,0.62076,0.006721424252077668,8.497724,0.02700255588620415,8.611658,0.02874712695549242,0.18576904,0.0013984708473182006,0.18227997,0.0013888448593137315,,,,,,,,
