,shots,val_acc,val_conf,test_acc,test_conf,val_acc_me1,val_conf_me1,test_acc_me1,test_conf_me1,val_acc_me2,val_conf_me2,test_acc_me2,test_conf_me2,val_acc_me3,val_conf_me3,test_acc_me3,test_conf_me3,val_acc_me4,val_conf_me4,test_acc_me4,test_conf_me4,val_acc_me5,val_conf_me5,test_acc_me5,test_conf_me5,val_acc_me6,val_conf_me6,test_acc_me6,test_conf_me6,val_acc_me7,val_conf_me7,test_acc_me7,test_conf_me7,val_acc_me8,val_conf_me8,test_acc_me8,test_conf_me8,val_acc_me9,val_conf_me9,test_acc_me9,test_conf_me9,val_acc_med,val_conf_med,test_acc_med,test_conf_med,val_acc_maj,val_conf_maj,test_acc_maj,test_conf_maj,val_acc_lin,val_conf_lin,test_acc_lin,test_conf_lin,val_nld,val_conf_nld,test_nld,test_conf_nld,val_mse,val_conf_mse,test_mse,test_conf_mse,val_svm,val_conf_svm,test_svm,test_conf_svm,val_mvm,val_conf_mvm,test_mvm,test_conf_mvm
0,5,0.2849067,0.004543119538861495,0.34041336,0.006147187964322676,0.285,0.004547316225348097,0.3419867,0.006180944322395909,0.28569335,0.004581037949675015,0.34340006,0.006196694826652582,0.2857467,0.004555941413529885,0.34416002,0.006242729540468783,0.28577334,0.00456450656988483,0.3451867,0.006256184981803137,0.28541332,0.004580925736336949,0.34594673,0.006265706491339562,0.28560004,0.004600465172440282,0.34566668,0.0063206877945033435,0.2846267,0.004616115007941013,0.34525335,0.006342572166123717,0.28405336,0.004613226091715217,0.34529337,0.0063997418602712575,0.28308,0.004636141625409151,0.34484002,0.0064784020248978,0.28185332,0.004627732090021042,0.3438267,0.0065004923518628965,0.2883334,0.004543857006766294,0.34541336,0.0061832315350024425,0.29573336,0.00457513451217012,0.35189337,0.006247966162911345,10.083468,0.018361063060170935,10.047521,0.01608454350737709,0.24870718,0.0008523349382489331,0.23678535,0.0011152531559504852,,,,,,,,
