,shots,val_acc,val_conf,test_acc,test_conf,val_acc_me1,val_conf_me1,test_acc_me1,test_conf_me1,val_acc_me2,val_conf_me2,test_acc_me2,test_conf_me2,val_acc_me3,val_conf_me3,test_acc_me3,test_conf_me3,val_acc_me4,val_conf_me4,test_acc_me4,test_conf_me4,val_acc_me5,val_conf_me5,test_acc_me5,test_conf_me5,val_acc_me6,val_conf_me6,test_acc_me6,test_conf_me6,val_acc_me7,val_conf_me7,test_acc_me7,test_conf_me7,val_acc_me8,val_conf_me8,test_acc_me8,test_conf_me8,val_acc_me9,val_conf_me9,test_acc_me9,test_conf_me9,val_acc_med,val_conf_med,test_acc_med,test_conf_med,val_acc_maj,val_conf_maj,test_acc_maj,test_conf_maj,val_acc_lin,val_conf_lin,test_acc_lin,test_conf_lin,val_nld,val_conf_nld,test_nld,test_conf_nld,val_mse,val_conf_mse,test_mse,test_conf_mse,val_svm,val_conf_svm,test_svm,test_conf_svm,val_mvm,val_conf_mvm,test_mvm,test_conf_mvm
0,5,0.60205334,0.007873975759336904,0.6027068,0.0075261139495839124,0.60248005,0.007886776391974215,0.6029334,0.007542799564991043,0.603,0.007910705078193692,0.60370666,0.007571615765490258,0.6033601,0.007944857646324688,0.60377336,0.007598571902920681,0.60388,0.007962297353834913,0.6040934,0.00761662670576535,0.60432005,0.007967391747025987,0.6043467,0.007636747988806758,0.6054134,0.007956235986446791,0.6044934,0.007661401212999075,0.60564,0.007978754386516407,0.6047467,0.007661661658771357,0.60593337,0.008014525966841712,0.6052267,0.00766492092519111,0.60597336,0.008019656379128937,0.60576004,0.00767548375603333,0.6059867,0.008054957864071066,0.6058801,0.007691727444837482,0.60324,0.00767782453550081,0.60476005,0.0074156581587088155,0.5694,0.0074630015663523785,0.56896,0.007291874840469004,24.270998,0.0317763200130976,24.159082,0.0321886407661367,0.18782032,0.0018265262885385491,0.18863776,0.0017125357775146788,,,,,,,,
