,shots,val_acc,val_conf,test_acc,test_conf,val_acc_me1,val_conf_me1,test_acc_me1,test_conf_me1,val_acc_me2,val_conf_me2,test_acc_me2,test_conf_me2,val_acc_me3,val_conf_me3,test_acc_me3,test_conf_me3,val_acc_me4,val_conf_me4,test_acc_me4,test_conf_me4,val_acc_me5,val_conf_me5,test_acc_me5,test_conf_me5,val_acc_me6,val_conf_me6,test_acc_me6,test_conf_me6,val_acc_me7,val_conf_me7,test_acc_me7,test_conf_me7,val_acc_me8,val_conf_me8,test_acc_me8,test_conf_me8,val_acc_me9,val_conf_me9,test_acc_me9,test_conf_me9,val_acc_med,val_conf_med,test_acc_med,test_conf_med,val_acc_maj,val_conf_maj,test_acc_maj,test_conf_maj,val_acc_lin,val_conf_lin,test_acc_lin,test_conf_lin,val_nld,val_conf_nld,test_nld,test_conf_nld,val_mse,val_conf_mse,test_mse,test_conf_mse,val_svm,val_conf_svm,test_svm,test_conf_svm,val_mvm,val_conf_mvm,test_mvm,test_conf_mvm
0,5,0.7528134,0.005697562972235892,0.8168001,0.005222671969538739,0.7525068,0.005698742828527004,0.8164934,0.005208281878837262,0.7521068,0.005720377375390662,0.8164002,0.005198577964903639,0.7516668,0.005741421301433847,0.81604016,0.005192702696179108,0.75126684,0.00575459874923101,0.8158934,0.005201472884312164,0.7508134,0.005760434766376443,0.8156935,0.005195721835291045,0.7502001,0.005750368352564705,0.81540006,0.0051931755622620646,0.74973345,0.005742893466543775,0.8153601,0.005192775196154686,0.74965346,0.005757321423474515,0.8147334,0.0052045497463345525,0.7495601,0.005775346672189041,0.81432015,0.005201958218543745,0.7491201,0.005769439078634586,0.8139068,0.005189631837339337,0.7541201,0.005610756488693247,0.8168134,0.005174575393358749,0.74132013,0.005554038418597695,0.81212014,0.005207487149805234,4.477445,0.009977486357581888,4.615529,0.011237833322216062,0.15845361,0.0012278053274899503,0.14333598,0.0011245059076155084,,,,,,,,
