,shots,val_acc,val_conf,test_acc,test_conf,val_acc_me1,val_conf_me1,test_acc_me1,test_conf_me1,val_acc_me2,val_conf_me2,test_acc_me2,test_conf_me2,val_acc_me3,val_conf_me3,test_acc_me3,test_conf_me3,val_acc_me4,val_conf_me4,test_acc_me4,test_conf_me4,val_acc_me5,val_conf_me5,test_acc_me5,test_conf_me5,val_acc_me6,val_conf_me6,test_acc_me6,test_conf_me6,val_acc_me7,val_conf_me7,test_acc_me7,test_conf_me7,val_acc_me8,val_conf_me8,test_acc_me8,test_conf_me8,val_acc_me9,val_conf_me9,test_acc_me9,test_conf_me9,val_acc_med,val_conf_med,test_acc_med,test_conf_med,val_acc_maj,val_conf_maj,test_acc_maj,test_conf_maj,val_acc_lin,val_conf_lin,test_acc_lin,test_conf_lin,val_nld,val_conf_nld,test_nld,test_conf_nld,val_mse,val_conf_mse,test_mse,test_conf_mse,val_svm,val_conf_svm,test_svm,test_conf_svm,val_mvm,val_conf_mvm,test_mvm,test_conf_mvm
0,5,0.6862668,0.005662818859717866,0.67853343,0.00594369530983474,0.68682677,0.005673236690608818,0.6790534,0.005963333567560958,0.68733335,0.005654749196826847,0.68004006,0.0059622465297100025,0.6876401,0.005663034050728211,0.6808,0.005956247041281948,0.6882401,0.005668428141270665,0.68122673,0.005950341294860606,0.68862677,0.0056727864519067195,0.68145335,0.005960533313725702,0.6890534,0.005672399015731355,0.68212014,0.005962517596497796,0.68929344,0.005663910053618326,0.6824668,0.005965557977640756,0.68976015,0.005690941461724108,0.68290675,0.005977675632800827,0.68992007,0.005727001194818837,0.68301344,0.005994488238611151,0.6903734,0.005746559102253523,0.68332005,0.006002469700894797,0.6860401,0.005588859648924194,0.6779468,0.005950728731036081,0.6683601,0.005725354013844219,0.6624934,0.005835114820876619,4.375696,0.009539411027215117,4.356769,0.009741283284158797,0.18067655,0.0009942421536572876,0.1823491,0.0010108479960020678,,,,,,,,
