,shots,val_acc,val_conf,test_acc,test_conf,val_acc_me1,val_conf_me1,test_acc_me1,test_conf_me1,val_acc_me2,val_conf_me2,test_acc_me2,test_conf_me2,val_acc_me3,val_conf_me3,test_acc_me3,test_conf_me3,val_acc_me4,val_conf_me4,test_acc_me4,test_conf_me4,val_acc_me5,val_conf_me5,test_acc_me5,test_conf_me5,val_acc_me6,val_conf_me6,test_acc_me6,test_conf_me6,val_acc_me7,val_conf_me7,test_acc_me7,test_conf_me7,val_acc_me8,val_conf_me8,test_acc_me8,test_conf_me8,val_acc_me9,val_conf_me9,test_acc_me9,test_conf_me9,val_acc_med,val_conf_med,test_acc_med,test_conf_med,val_acc_maj,val_conf_maj,test_acc_maj,test_conf_maj,val_acc_lin,val_conf_lin,test_acc_lin,test_conf_lin,val_nld,val_conf_nld,test_nld,test_conf_nld,val_mse,val_conf_mse,test_mse,test_conf_mse,val_svm,val_conf_svm,test_svm,test_conf_svm,val_mvm,val_conf_mvm,test_mvm,test_conf_mvm
0,5,0.53516,0.007674453055742991,0.58618665,0.007659405385644913,0.53544,0.007678318181831623,0.58625335,0.007665353616128301,0.53569335,0.007706074127910245,0.5858934,0.007687109611995702,0.53604007,0.0077235355392347715,0.58620006,0.007689649881841953,0.5363201,0.00775013194748686,0.5866001,0.007705599876477454,0.53624004,0.007779742415234825,0.5870134,0.007722807306995705,0.5363467,0.007790299704677706,0.58752,0.007737512795680246,0.53596,0.007813136735213333,0.58769333,0.007742863016810708,0.53582674,0.007851271722387088,0.5877734,0.007774627703579284,0.53580004,0.007848866755043149,0.58724004,0.007798641357922964,0.53549343,0.007861006114017521,0.5870667,0.007807487278514658,0.53441334,0.007601248860619081,0.5864133,0.0075971200562752195,0.52372,0.00739154060312619,0.5733734,0.0073812603836538315,4.323371,0.008751671546938233,4.3959517,0.010728611041256997,0.20665532,0.0012029642729468326,0.1989754,0.001198455882743421,,,,,,,,
