,shots,val_acc,val_conf,test_acc,test_conf,val_acc_me1,val_conf_me1,test_acc_me1,test_conf_me1,val_acc_me2,val_conf_me2,test_acc_me2,test_conf_me2,val_acc_me3,val_conf_me3,test_acc_me3,test_conf_me3,val_acc_me4,val_conf_me4,test_acc_me4,test_conf_me4,val_acc_me5,val_conf_me5,test_acc_me5,test_conf_me5,val_acc_me6,val_conf_me6,test_acc_me6,test_conf_me6,val_acc_me7,val_conf_me7,test_acc_me7,test_conf_me7,val_acc_me8,val_conf_me8,test_acc_me8,test_conf_me8,val_acc_me9,val_conf_me9,test_acc_me9,test_conf_me9,val_acc_med,val_conf_med,test_acc_med,test_conf_med,val_acc_maj,val_conf_maj,test_acc_maj,test_conf_maj,val_acc_lin,val_conf_lin,test_acc_lin,test_conf_lin,val_nld,val_conf_nld,test_nld,test_conf_nld,val_mse,val_conf_mse,test_mse,test_conf_mse,val_svm,val_conf_svm,test_svm,test_conf_svm,val_mvm,val_conf_mvm,test_mvm,test_conf_mvm
0,5,0.72413343,0.005788233658300612,0.72029346,0.005885536937675795,0.7248801,0.005778075811398553,0.72108006,0.005898584624370207,0.72565347,0.005790732367651263,0.7220001,0.005906174494428873,0.7259335,0.0057845158410796405,0.72245336,0.00590875771012056,0.7265201,0.00576811930200849,0.7229067,0.005917332102141182,0.7269735,0.005790687574672715,0.72353345,0.005942940755948478,0.72742677,0.005786393913696397,0.7240801,0.0059368175096002895,0.7277334,0.005783135109060034,0.7247334,0.005932129947482601,0.72796017,0.005797478559649738,0.7251334,0.005923584647808955,0.7280534,0.00580010749188653,0.7252134,0.005941867571595982,0.72834677,0.005799573208626785,0.7252534,0.0059559242547663205,0.7223868,0.005772566736818363,0.71868014,0.00578393861197446,0.70490676,0.005754990803239268,0.70269346,0.00585909199434087,4.6878242,0.012337601614744287,4.624264,0.011054455485803416,0.16934167,0.0011119809595988017,0.17102692,0.0010954296076815528,,,,,,,,
