,shots,val_acc,val_conf,test_acc,test_conf,val_acc_me1,val_conf_me1,test_acc_me1,test_conf_me1,val_acc_me2,val_conf_me2,test_acc_me2,test_conf_me2,val_acc_me3,val_conf_me3,test_acc_me3,test_conf_me3,val_acc_me4,val_conf_me4,test_acc_me4,test_conf_me4,val_acc_me5,val_conf_me5,test_acc_me5,test_conf_me5,val_acc_me6,val_conf_me6,test_acc_me6,test_conf_me6,val_acc_me7,val_conf_me7,test_acc_me7,test_conf_me7,val_acc_me8,val_conf_me8,test_acc_me8,test_conf_me8,val_acc_me9,val_conf_me9,test_acc_me9,test_conf_me9,val_acc_med,val_conf_med,test_acc_med,test_conf_med,val_acc_maj,val_conf_maj,test_acc_maj,test_conf_maj,val_acc_lin,val_conf_lin,test_acc_lin,test_conf_lin,val_nld,val_conf_nld,test_nld,test_conf_nld,val_mse,val_conf_mse,test_mse,test_conf_mse,val_svm,val_conf_svm,test_svm,test_conf_svm,val_mvm,val_conf_mvm,test_mvm,test_conf_mvm
0,5,0.22836001,0.0038848373080365983,0.23424003,0.004015369588974582,0.22813335,0.0038741793498378307,0.23458669,0.004006658970885174,0.22833335,0.003863000500094499,0.23473334,0.004049748430914907,0.22844002,0.003908909608857425,0.23505335,0.004059896118584677,0.22798668,0.003898742988072995,0.23498668,0.0040431301528860986,0.22793335,0.0039037173176101336,0.23556001,0.004068874109195625,0.22790667,0.003946593895545858,0.23532,0.004067167358177304,0.22761334,0.003948984547608031,0.23556003,0.004046297986215558,0.22850668,0.0039561615834106945,0.23558669,0.004064615081965678,0.22858669,0.003967920894742238,0.2351867,0.004082005378664433,0.22814669,0.004002008813213526,0.23549335,0.004057909065112858,0.22878668,0.0038820957006784618,0.23574667,0.004001885517076642,0.23264001,0.0038550220394021617,0.24254669,0.004076965014117667,8.417806,0.021788658722631027,8.268792,0.02221453928002859,0.26126656,0.0008004526627052311,0.25914362,0.0008162406291308266,,,,,,,,
