,shots,val_acc,val_conf,test_acc,test_conf,val_acc_me1,val_conf_me1,test_acc_me1,test_conf_me1,val_acc_me2,val_conf_me2,test_acc_me2,test_conf_me2,val_acc_me3,val_conf_me3,test_acc_me3,test_conf_me3,val_acc_me4,val_conf_me4,test_acc_me4,test_conf_me4,val_acc_me5,val_conf_me5,test_acc_me5,test_conf_me5,val_acc_me6,val_conf_me6,test_acc_me6,test_conf_me6,val_acc_me7,val_conf_me7,test_acc_me7,test_conf_me7,val_acc_me8,val_conf_me8,test_acc_me8,test_conf_me8,val_acc_me9,val_conf_me9,test_acc_me9,test_conf_me9,val_acc_med,val_conf_med,test_acc_med,test_conf_med,val_acc_maj,val_conf_maj,test_acc_maj,test_conf_maj,val_acc_lin,val_conf_lin,test_acc_lin,test_conf_lin,val_nld,val_conf_nld,test_nld,test_conf_nld,val_mse,val_conf_mse,test_mse,test_conf_mse,val_svm,val_conf_svm,test_svm,test_conf_svm,val_mvm,val_conf_mvm,test_mvm,test_conf_mvm
0,5,0.35488003,0.007491187894451856,0.37588006,0.007839269051264808,0.35466668,0.007500738496335202,0.37581336,0.007868031684902965,0.35478672,0.007518949381929985,0.3757067,0.007861204680829736,0.35448003,0.0075120591135467985,0.37548006,0.007890402314321587,0.35396,0.007510201359394564,0.37480006,0.00788159518352577,0.35388005,0.007523139603450579,0.37462667,0.007914300522844253,0.35368,0.007532085269231603,0.374,0.007928708161310527,0.35340002,0.00754598817856833,0.37364003,0.007968054867822039,0.35336003,0.007578442307780209,0.37312004,0.007965449486532716,0.3529867,0.007574531926929806,0.3726667,0.00797144343356132,0.35241336,0.007601644608893621,0.37216005,0.007968903625498347,0.35748005,0.007462695404034936,0.38040003,0.007780737096428958,0.34981334,0.007181155371338621,0.36990666,0.007458924019953073,5.4286776,0.013510026889203886,5.4994426,0.01459143467835311,0.2380651,0.0014083814092715197,0.23354575,0.0014081739531311144,,,,,,,,
