,shots,val_acc,val_conf,test_acc,test_conf,val_acc_me1,val_conf_me1,test_acc_me1,test_conf_me1,val_acc_me2,val_conf_me2,test_acc_me2,test_conf_me2,val_acc_me3,val_conf_me3,test_acc_me3,test_conf_me3,val_acc_me4,val_conf_me4,test_acc_me4,test_conf_me4,val_acc_me5,val_conf_me5,test_acc_me5,test_conf_me5,val_acc_me6,val_conf_me6,test_acc_me6,test_conf_me6,val_acc_me7,val_conf_me7,test_acc_me7,test_conf_me7,val_acc_me8,val_conf_me8,test_acc_me8,test_conf_me8,val_acc_me9,val_conf_me9,test_acc_me9,test_conf_me9,val_acc_med,val_conf_med,test_acc_med,test_conf_med,val_acc_maj,val_conf_maj,test_acc_maj,test_conf_maj,val_acc_lin,val_conf_lin,test_acc_lin,test_conf_lin,val_nld,val_conf_nld,test_nld,test_conf_nld,val_mse,val_conf_mse,test_mse,test_conf_mse,val_svm,val_conf_svm,test_svm,test_conf_svm,val_mvm,val_conf_mvm,test_mvm,test_conf_mvm
0,5,0.27508003,0.004892632223855331,0.3042267,0.005812253315826965,0.27532,0.004887386827530371,0.30430672,0.00582894031658393,0.27533334,0.004901054689175399,0.30412006,0.005845502635854205,0.27502668,0.004918901689542232,0.30420002,0.005872121209703929,0.27478668,0.004923225366431971,0.30457336,0.005876867418298681,0.27458668,0.004911759749269162,0.30488002,0.005916498121529945,0.27449334,0.004925190254306155,0.30472,0.005936029707317436,0.27410668,0.00495688752071527,0.30448005,0.005944339959299494,0.27401337,0.004946724132413816,0.30437335,0.00596301632244467,0.2738934,0.004965403266258772,0.30373338,0.005954939271021198,0.2732,0.00496193712092774,0.30350667,0.005949611677271649,0.27589336,0.004889717909548896,0.3056667,0.005743266125654067,0.27317333,0.004718297951280148,0.29768,0.005591790587428869,5.903068,0.021065476545482298,5.6524444,0.016813941287530554,0.25123224,0.0008019737768432678,0.24662326,0.001018329231543158,,,,,,,,
