,shots,val_acc,val_conf,test_acc,test_conf,val_acc_me1,val_conf_me1,test_acc_me1,test_conf_me1,val_acc_me2,val_conf_me2,test_acc_me2,test_conf_me2,val_acc_me3,val_conf_me3,test_acc_me3,test_conf_me3,val_acc_me4,val_conf_me4,test_acc_me4,test_conf_me4,val_acc_me5,val_conf_me5,test_acc_me5,test_conf_me5,val_acc_me6,val_conf_me6,test_acc_me6,test_conf_me6,val_acc_me7,val_conf_me7,test_acc_me7,test_conf_me7,val_acc_me8,val_conf_me8,test_acc_me8,test_conf_me8,val_acc_me9,val_conf_me9,test_acc_me9,test_conf_me9,val_acc_med,val_conf_med,test_acc_med,test_conf_med,val_acc_maj,val_conf_maj,test_acc_maj,test_conf_maj,val_acc_lin,val_conf_lin,test_acc_lin,test_conf_lin,val_nld,val_conf_nld,test_nld,test_conf_nld,val_mse,val_conf_mse,test_mse,test_conf_mse,val_svm,val_conf_svm,test_svm,test_conf_svm,val_mvm,val_conf_mvm,test_mvm,test_conf_mvm
0,5,0.76732016,0.00566646925657921,0.83880013,0.004768167775271448,0.76741344,0.0056539854072747975,0.8390001,0.0047737184103472385,0.7673468,0.005654017732104721,0.8386935,0.0047677734123467985,0.7669468,0.0056555988780697675,0.8383068,0.004779836115295977,0.7664801,0.005667085275480321,0.8382401,0.004788388803502186,0.76609343,0.005669638937041865,0.83825344,0.004798746602566295,0.7658801,0.005682065987002272,0.8383867,0.00480931358945802,0.76609343,0.00569346233667245,0.8384534,0.004805060565410857,0.76616013,0.005701525072814184,0.83828014,0.004804478256689504,0.7657601,0.00570732691799658,0.8379868,0.004818249096006921,0.7656667,0.0056935962538248175,0.8374935,0.004817430354243979,0.76816016,0.005653537015705923,0.83866674,0.004793769502329459,0.7594535,0.005567384417293653,0.8340801,0.004842919867963924,4.979252,0.012831240556995027,5.180418,0.014833440520524377,0.14662454,0.0013312116501947024,0.12709855,0.001199677992204995,,,,,,,,
