,shots,val_acc,val_conf,test_acc,test_conf,val_acc_me1,val_conf_me1,test_acc_me1,test_conf_me1,val_acc_me2,val_conf_me2,test_acc_me2,test_conf_me2,val_acc_me3,val_conf_me3,test_acc_me3,test_conf_me3,val_acc_me4,val_conf_me4,test_acc_me4,test_conf_me4,val_acc_me5,val_conf_me5,test_acc_me5,test_conf_me5,val_acc_me6,val_conf_me6,test_acc_me6,test_conf_me6,val_acc_me7,val_conf_me7,test_acc_me7,test_conf_me7,val_acc_me8,val_conf_me8,test_acc_me8,test_conf_me8,val_acc_me9,val_conf_me9,test_acc_me9,test_conf_me9,val_acc_med,val_conf_med,test_acc_med,test_conf_med,val_acc_maj,val_conf_maj,test_acc_maj,test_conf_maj,val_acc_lin,val_conf_lin,test_acc_lin,test_conf_lin,val_nld,val_conf_nld,test_nld,test_conf_nld,val_mse,val_conf_mse,test_mse,test_conf_mse,val_svm,val_conf_svm,test_svm,test_conf_svm,val_mvm,val_conf_mvm,test_mvm,test_conf_mvm
0,5,0.7465735,0.005870966751493456,0.7414135,0.005558748608096242,0.74728006,0.005873582753798345,0.7420801,0.005549203085829069,0.7478002,0.005854924400201189,0.7422001,0.005540888216014173,0.74818677,0.005855930625977446,0.7423734,0.005558228640118235,0.7487601,0.005861726467977113,0.7432134,0.005545398915134059,0.7488668,0.005881252974148543,0.74356014,0.005551608053173007,0.74921346,0.005871290923359029,0.74417347,0.005551689327031095,0.7496134,0.005868824538838191,0.7450534,0.005560690868589457,0.7498668,0.005876521080835584,0.7454801,0.005571665610121235,0.7502401,0.005867427644403622,0.7459201,0.005560230008871847,0.75029343,0.0058702145065235856,0.7461868,0.00557409643732909,0.7450267,0.005834461859312801,0.73974675,0.005539090955472226,0.72120005,0.005947029846929852,0.7151334,0.005610954131938906,23.137709,0.02608868861395308,22.993418,0.024432083566033214,0.15267633,0.0014137016144885328,0.1542042,0.0012903515644151486,,,,,,,,
