,shots,val_acc,val_conf,test_acc,test_conf,val_acc_me1,val_conf_me1,test_acc_me1,test_conf_me1,val_acc_me2,val_conf_me2,test_acc_me2,test_conf_me2,val_acc_me3,val_conf_me3,test_acc_me3,test_conf_me3,val_acc_me4,val_conf_me4,test_acc_me4,test_conf_me4,val_acc_me5,val_conf_me5,test_acc_me5,test_conf_me5,val_acc_me6,val_conf_me6,test_acc_me6,test_conf_me6,val_acc_me7,val_conf_me7,test_acc_me7,test_conf_me7,val_acc_me8,val_conf_me8,test_acc_me8,test_conf_me8,val_acc_me9,val_conf_me9,test_acc_me9,test_conf_me9,val_acc_med,val_conf_med,test_acc_med,test_conf_med,val_acc_maj,val_conf_maj,test_acc_maj,test_conf_maj,val_acc_lin,val_conf_lin,test_acc_lin,test_conf_lin,val_nld,val_conf_nld,test_nld,test_conf_nld,val_mse,val_conf_mse,test_mse,test_conf_mse,val_svm,val_conf_svm,test_svm,test_conf_svm,val_mvm,val_conf_mvm,test_mvm,test_conf_mvm
0,5,0.24121337,0.004691626272352728,0.27024,0.006103614555411141,0.24224003,0.004761415580090217,0.27130663,0.006085484020107834,0.24282669,0.004821004556863545,0.27234668,0.006134022522890803,0.24362668,0.004894390694601486,0.27384004,0.006193802216160504,0.24429335,0.00491183963777736,0.27472004,0.0062361846859821934,0.24513336,0.004935475091611297,0.27484,0.006235529415501928,0.24526669,0.004959392695031928,0.27476004,0.006247758822216787,0.24573337,0.004959952838155646,0.27533337,0.006292294125709252,0.24544002,0.004963840129841801,0.275,0.006298748470672189,0.24422668,0.004965835033629462,0.27514666,0.006337112964138192,0.24340001,0.004999685595492687,0.27420005,0.006306850458393021,0.24316002,0.004745239773428833,0.27328002,0.006012426210284916,0.24653335,0.00473088893430651,0.27942666,0.006153974331466916,10.243149,0.01936066501696132,10.294051,0.020481802792748027,0.2567446,0.0008569153089217352,0.25119904,0.0010850442170662333,,,,,,,,
