,shots,val_acc,val_conf,test_acc,test_conf,val_acc_me1,val_conf_me1,test_acc_me1,test_conf_me1,val_acc_me2,val_conf_me2,test_acc_me2,test_conf_me2,val_acc_me3,val_conf_me3,test_acc_me3,test_conf_me3,val_acc_me4,val_conf_me4,test_acc_me4,test_conf_me4,val_acc_me5,val_conf_me5,test_acc_me5,test_conf_me5,val_acc_me6,val_conf_me6,test_acc_me6,test_conf_me6,val_acc_me7,val_conf_me7,test_acc_me7,test_conf_me7,val_acc_me8,val_conf_me8,test_acc_me8,test_conf_me8,val_acc_me9,val_conf_me9,test_acc_me9,test_conf_me9,val_acc_med,val_conf_med,test_acc_med,test_conf_med,val_acc_maj,val_conf_maj,test_acc_maj,test_conf_maj,val_acc_lin,val_conf_lin,test_acc_lin,test_conf_lin,val_nld,val_conf_nld,test_nld,test_conf_nld,val_mse,val_conf_mse,test_mse,test_conf_mse,val_svm,val_conf_svm,test_svm,test_conf_svm,val_mvm,val_conf_mvm,test_mvm,test_conf_mvm
0,5,0.6673068,0.007264226489895553,0.73830676,0.006027182956914068,0.6675868,0.0072772275364783034,0.7387201,0.006022923006117509,0.6677067,0.007271761869526827,0.7396001,0.006010670510238514,0.6680934,0.007260172494443773,0.74017346,0.006000581469045807,0.66824013,0.007288483504030108,0.7404534,0.006004852502641156,0.6685334,0.007285496689747983,0.74085337,0.005979815536539701,0.6687734,0.007296028119326947,0.7410001,0.005975153372502651,0.6686401,0.0073060026382650856,0.7413201,0.005961398695600195,0.6686134,0.007285040447863267,0.7414668,0.005951855944032691,0.6686534,0.0072976097270752716,0.7416134,0.005967997578731121,0.6686134,0.007300601159190179,0.7417867,0.005976049693857233,0.6676935,0.00721812712641956,0.7382134,0.006007083839470351,0.6551735,0.007126239179617855,0.7251735,0.006076297303452383,4.268543,0.008384320173676407,4.351595,0.009044875301825961,0.18250409,0.0012633590615510337,0.17013225,0.0011114082328806119,,,,,,,,
