,shots,val_acc,val_conf,test_acc,test_conf,val_acc_me1,val_conf_me1,test_acc_me1,test_conf_me1,val_acc_me2,val_conf_me2,test_acc_me2,test_conf_me2,val_acc_me3,val_conf_me3,test_acc_me3,test_conf_me3,val_acc_me4,val_conf_me4,test_acc_me4,test_conf_me4,val_acc_me5,val_conf_me5,test_acc_me5,test_conf_me5,val_acc_me6,val_conf_me6,test_acc_me6,test_conf_me6,val_acc_me7,val_conf_me7,test_acc_me7,test_conf_me7,val_acc_me8,val_conf_me8,test_acc_me8,test_conf_me8,val_acc_me9,val_conf_me9,test_acc_me9,test_conf_me9,val_acc_med,val_conf_med,test_acc_med,test_conf_med,val_acc_maj,val_conf_maj,test_acc_maj,test_conf_maj,val_acc_lin,val_conf_lin,test_acc_lin,test_conf_lin,val_nld,val_conf_nld,test_nld,test_conf_nld,val_mse,val_conf_mse,test_mse,test_conf_mse,val_svm,val_conf_svm,test_svm,test_conf_svm,val_mvm,val_conf_mvm,test_mvm,test_conf_mvm
0,5,0.56368005,0.006227443590196002,0.5741333,0.006344815509318313,0.5645867,0.006223591394039385,0.57532,0.006338045304588924,0.56537336,0.00623735761552402,0.57720006,0.006368340596947353,0.56633335,0.0062295045289932904,0.57866675,0.006374246805151973,0.56747997,0.006232954973692695,0.57944006,0.006415629052380023,0.5674534,0.006244583138571458,0.5801067,0.00640601657153661,0.56768006,0.006239419477887864,0.5808534,0.006436038026407465,0.5675601,0.006260272225651398,0.5811467,0.0064246993996478485,0.5678534,0.006269469101539027,0.5816267,0.006430682263877663,0.56747997,0.00630047923442123,0.58149344,0.006459762142631997,0.5677867,0.006301817020595513,0.5814133,0.006480223298170551,0.56312007,0.00615620012689666,0.5742267,0.006240092296132871,0.55347997,0.006117023356633777,0.56740004,0.006240446483911866,6.892804,0.019477017780375583,7.078387,0.025475961304112893,0.1917695,0.0013053439359650143,0.18711574,0.0013563562118013572,,,,,,,,
