,shots,val_acc,val_conf,test_acc,test_conf,val_acc_me1,val_conf_me1,test_acc_me1,test_conf_me1,val_acc_me2,val_conf_me2,test_acc_me2,test_conf_me2,val_acc_me3,val_conf_me3,test_acc_me3,test_conf_me3,val_acc_me4,val_conf_me4,test_acc_me4,test_conf_me4,val_acc_me5,val_conf_me5,test_acc_me5,test_conf_me5,val_acc_me6,val_conf_me6,test_acc_me6,test_conf_me6,val_acc_me7,val_conf_me7,test_acc_me7,test_conf_me7,val_acc_me8,val_conf_me8,test_acc_me8,test_conf_me8,val_acc_me9,val_conf_me9,test_acc_me9,test_conf_me9,val_acc_med,val_conf_med,test_acc_med,test_conf_med,val_acc_maj,val_conf_maj,test_acc_maj,test_conf_maj,val_acc_lin,val_conf_lin,test_acc_lin,test_conf_lin,val_nld,val_conf_nld,test_nld,test_conf_nld,val_mse,val_conf_mse,test_mse,test_conf_mse,val_svm,val_conf_svm,test_svm,test_conf_svm,val_mvm,val_conf_mvm,test_mvm,test_conf_mvm
0,5,0.79452014,0.0048119937796393675,0.78754675,0.0045337111662296925,0.79466677,0.004799185296686215,0.7875601,0.0045352840000956185,0.79474676,0.004803084132954494,0.7873201,0.004553342958989903,0.7951068,0.004798922541997541,0.78742677,0.00455387955116604,0.7952534,0.004798705965637251,0.78744006,0.004569231536448504,0.79498684,0.004803216664757137,0.7874535,0.0045700461221618305,0.7946534,0.004792500060081251,0.7871468,0.004563548369570181,0.7945735,0.0047920119551498885,0.7872134,0.004554447544605655,0.79438674,0.004779899841389157,0.7872401,0.004582417296344898,0.7943468,0.004766183954282632,0.7872401,0.00457554965534257,0.79401344,0.004768705752797531,0.78708005,0.004589936513561099,0.79310673,0.004801301187694285,0.7872135,0.00458123651648723,0.7834801,0.004847929754813962,0.78276014,0.00462798930331032,5.495218,0.017180593520900622,5.4889894,0.0184176074997513,0.1395376,0.0011285506674016121,0.14091766,0.0010526579699971506,,,,,,,,
