,shots,val_acc,val_conf,test_acc,test_conf,val_acc_me1,val_conf_me1,test_acc_me1,test_conf_me1,val_acc_me2,val_conf_me2,test_acc_me2,test_conf_me2,val_acc_me3,val_conf_me3,test_acc_me3,test_conf_me3,val_acc_me4,val_conf_me4,test_acc_me4,test_conf_me4,val_acc_me5,val_conf_me5,test_acc_me5,test_conf_me5,val_acc_me6,val_conf_me6,test_acc_me6,test_conf_me6,val_acc_me7,val_conf_me7,test_acc_me7,test_conf_me7,val_acc_me8,val_conf_me8,test_acc_me8,test_conf_me8,val_acc_me9,val_conf_me9,test_acc_me9,test_conf_me9,val_acc_med,val_conf_med,test_acc_med,test_conf_med,val_acc_maj,val_conf_maj,test_acc_maj,test_conf_maj,val_acc_lin,val_conf_lin,test_acc_lin,test_conf_lin,val_nld,val_conf_nld,test_nld,test_conf_nld,val_mse,val_conf_mse,test_mse,test_conf_mse,val_svm,val_conf_svm,test_svm,test_conf_svm,val_mvm,val_conf_mvm,test_mvm,test_conf_mvm
0,5,0.47002667,0.00570272016795359,0.513,0.006043578110635384,0.47004005,0.005735739058122025,0.5138,0.006055296785037911,0.47012004,0.005740917495870801,0.514,0.006069658245175802,0.4703467,0.005761119129203629,0.5143734,0.006062130715860481,0.47072002,0.00572861928344659,0.51441336,0.006083267460343822,0.47060004,0.005745444357405538,0.51488,0.0060997143337929716,0.47084004,0.005735384408559807,0.51529336,0.006140809813601655,0.4709867,0.005730495508930233,0.51538664,0.006132894848110859,0.4707867,0.005732075269545389,0.51518667,0.006133585675903941,0.47029334,0.00574699317854066,0.5156133,0.0061273455983849034,0.47041336,0.005766350672030018,0.51594675,0.006128060900692067,0.47133338,0.0056878969245315325,0.51437336,0.006019126685738341,0.45880005,0.005536267612472723,0.49530667,0.005855526565603841,25.275856,0.031999956116223416,24.976957,0.030988176010662727,0.2167788,0.0012568250589715946,0.20653859,0.0013970625237472722,,,,,,,,
