,shots,val_acc,val_conf,test_acc,test_conf,val_acc_me1,val_conf_me1,test_acc_me1,test_conf_me1,val_acc_me2,val_conf_me2,test_acc_me2,test_conf_me2,val_acc_me3,val_conf_me3,test_acc_me3,test_conf_me3,val_acc_me4,val_conf_me4,test_acc_me4,test_conf_me4,val_acc_me5,val_conf_me5,test_acc_me5,test_conf_me5,val_acc_me6,val_conf_me6,test_acc_me6,test_conf_me6,val_acc_me7,val_conf_me7,test_acc_me7,test_conf_me7,val_acc_me8,val_conf_me8,test_acc_me8,test_conf_me8,val_acc_me9,val_conf_me9,test_acc_me9,test_conf_me9,val_acc_med,val_conf_med,test_acc_med,test_conf_med,val_acc_maj,val_conf_maj,test_acc_maj,test_conf_maj,val_acc_lin,val_conf_lin,test_acc_lin,test_conf_lin,val_nld,val_conf_nld,test_nld,test_conf_nld,val_mse,val_conf_mse,test_mse,test_conf_mse,val_svm,val_conf_svm,test_svm,test_conf_svm,val_mvm,val_conf_mvm,test_mvm,test_conf_mvm
0,5,0.38773334,0.007582391940209765,0.38252005,0.007927017110923862,0.3878267,0.007617734062080828,0.38240004,0.007975134929134986,0.38788003,0.007645560199218693,0.3826267,0.008034385418761003,0.38764006,0.007683419963555149,0.3823734,0.008067462955406557,0.38728002,0.007706261150140337,0.38213336,0.00812101226860612,0.3870267,0.007741503988605347,0.38208002,0.008138555415571957,0.38672003,0.007777347607123064,0.38184002,0.008175317059258669,0.3865467,0.007810018774478511,0.3816267,0.008197202816228877,0.38596004,0.007819609089724289,0.3816667,0.008220406502692124,0.38584003,0.007813310365728132,0.3811867,0.008230698728529828,0.38532004,0.007830031538448134,0.3810667,0.008242631208592976,0.3907067,0.007418407154599516,0.38529336,0.007936502139580859,0.37729338,0.006988685483844015,0.37794667,0.007435577642455005,4.6988993,0.01285718908329958,4.652205,0.013170437003420687,0.2313699,0.0011434116616071133,0.23155464,0.0012539975599225872,,,,,,,,
