,shots,val_acc,val_conf,test_acc,test_conf,val_acc_me1,val_conf_me1,test_acc_me1,test_conf_me1,val_acc_me2,val_conf_me2,test_acc_me2,test_conf_me2,val_acc_me3,val_conf_me3,test_acc_me3,test_conf_me3,val_acc_me4,val_conf_me4,test_acc_me4,test_conf_me4,val_acc_me5,val_conf_me5,test_acc_me5,test_conf_me5,val_acc_me6,val_conf_me6,test_acc_me6,test_conf_me6,val_acc_me7,val_conf_me7,test_acc_me7,test_conf_me7,val_acc_me8,val_conf_me8,test_acc_me8,test_conf_me8,val_acc_me9,val_conf_me9,test_acc_me9,test_conf_me9,val_acc_med,val_conf_med,test_acc_med,test_conf_med,val_acc_maj,val_conf_maj,test_acc_maj,test_conf_maj,val_acc_lin,val_conf_lin,test_acc_lin,test_conf_lin,val_nld,val_conf_nld,test_nld,test_conf_nld,val_mse,val_conf_mse,test_mse,test_conf_mse,val_svm,val_conf_svm,test_svm,test_conf_svm,val_mvm,val_conf_mvm,test_mvm,test_conf_mvm
0,5,0.25026667,0.004716358923269881,0.24776001,0.00455279251331514,0.25046667,0.004725602901052506,0.24802668,0.004566759148744992,0.25073335,0.00471258015065551,0.24904001,0.004571002475343311,0.25172,0.004771210465330855,0.24913336,0.0045642271909978605,0.25216,0.004832278533963397,0.24957334,0.004598598644405649,0.25325337,0.004849345120579995,0.25052002,0.004616254928276109,0.25441337,0.004887152241622006,0.25136003,0.0045780095748974015,0.25516,0.004936545043480733,0.2542,0.004647565220293082,0.25541335,0.004961644812108867,0.25541335,0.004712049561661991,0.25628,0.004982303149109746,0.25781336,0.004763950770320324,0.25604,0.004994748208618283,0.25976002,0.004894227223318892,0.2533067,0.004748924342253269,0.24982668,0.004595724967028203,0.27561334,0.005152192295791447,0.27538666,0.005040965788615015,9.415648,0.035492038890753363,9.46619,0.03463338427509122,0.2483345,0.000738759166337144,0.24819973,0.0007195535995482838,,,,,,,,
