,shots,val_acc,val_conf,test_acc,test_conf,val_acc_me1,val_conf_me1,test_acc_me1,test_conf_me1,val_acc_me2,val_conf_me2,test_acc_me2,test_conf_me2,val_acc_me3,val_conf_me3,test_acc_me3,test_conf_me3,val_acc_me4,val_conf_me4,test_acc_me4,test_conf_me4,val_acc_me5,val_conf_me5,test_acc_me5,test_conf_me5,val_acc_me6,val_conf_me6,test_acc_me6,test_conf_me6,val_acc_me7,val_conf_me7,test_acc_me7,test_conf_me7,val_acc_me8,val_conf_me8,test_acc_me8,test_conf_me8,val_acc_me9,val_conf_me9,test_acc_me9,test_conf_me9,val_acc_med,val_conf_med,test_acc_med,test_conf_med,val_acc_maj,val_conf_maj,test_acc_maj,test_conf_maj,val_acc_lin,val_conf_lin,test_acc_lin,test_conf_lin,val_nld,val_conf_nld,test_nld,test_conf_nld,val_mse,val_conf_mse,test_mse,test_conf_mse,val_svm,val_conf_svm,test_svm,test_conf_svm,val_mvm,val_conf_mvm,test_mvm,test_conf_mvm
0,5,0.6280001,0.005974444996944772,0.6474134,0.005593448851202387,0.6281067,0.005993200325031589,0.64814675,0.005576239573551023,0.6281734,0.005991026249329678,0.64858675,0.005573762106231395,0.62857336,0.006002102583183899,0.64852005,0.005563659211540228,0.62868005,0.005972511048550677,0.64857334,0.005593368500910967,0.6286001,0.006005940925841946,0.6488134,0.0055677990986827686,0.62876,0.006027776810217489,0.64890677,0.005561883654812583,0.62834674,0.006026970074820004,0.64865345,0.005563605182895892,0.62818676,0.006022140745234106,0.6479734,0.005553188275571497,0.62778676,0.006038574226968074,0.64768004,0.005535793361039931,0.6272667,0.006029853449646461,0.64676005,0.005550452209612811,0.6275334,0.005823842229126686,0.64594674,0.0055313990313076156,0.6209867,0.005767090448851264,0.6415334,0.005594970888907036,7.569917,0.020166160988082105,7.684491,0.02533278816755402,0.17346491,0.0013399827618943427,0.16653495,0.0013048447482348347,,,,,,,,
