,shots,val_acc,val_conf,test_acc,test_conf,val_acc_me1,val_conf_me1,test_acc_me1,test_conf_me1,val_acc_me2,val_conf_me2,test_acc_me2,test_conf_me2,val_acc_me3,val_conf_me3,test_acc_me3,test_conf_me3,val_acc_me4,val_conf_me4,test_acc_me4,test_conf_me4,val_acc_me5,val_conf_me5,test_acc_me5,test_conf_me5,val_acc_me6,val_conf_me6,test_acc_me6,test_conf_me6,val_acc_me7,val_conf_me7,test_acc_me7,test_conf_me7,val_acc_me8,val_conf_me8,test_acc_me8,test_conf_me8,val_acc_me9,val_conf_me9,test_acc_me9,test_conf_me9,val_acc_med,val_conf_med,test_acc_med,test_conf_med,val_acc_maj,val_conf_maj,test_acc_maj,test_conf_maj,val_acc_lin,val_conf_lin,test_acc_lin,test_conf_lin,val_nld,val_conf_nld,test_nld,test_conf_nld,val_mse,val_conf_mse,test_mse,test_conf_mse,val_svm,val_conf_svm,test_svm,test_conf_svm,val_mvm,val_conf_mvm,test_mvm,test_conf_mvm
0,5,0.6215467,0.006615929860807723,0.6572401,0.006131159466528979,0.62217337,0.006650191871577116,0.65796006,0.006123541427689894,0.62261343,0.006693643369701685,0.6581201,0.006141796182696613,0.62376,0.006722935668766805,0.6578001,0.006132476472455406,0.62330675,0.006759645592725683,0.6579201,0.006154779681514566,0.6240001,0.0067752778804616165,0.6581601,0.006162288739498534,0.62426674,0.006782115505550412,0.65801334,0.006169763625519464,0.6243601,0.0068217868457106645,0.65730673,0.006191961547989844,0.62372005,0.006896192139156709,0.65696007,0.006210856796411757,0.62312,0.0069039736492784165,0.65590674,0.006227000740026467,0.6230534,0.006906662151558884,0.65512013,0.006244009603732503,0.6208667,0.006554747269920669,0.65662676,0.006001046023029755,0.63176006,0.0067185413390346005,0.65520006,0.006084445007718431,9.338883,0.0222572006669548,9.224025,0.02590673491718931,0.17567374,0.001338062666998735,0.16229273,0.0014023702608156052,,,,,,,,
