,shots,val_acc,val_conf,test_acc,test_conf,val_acc_me1,val_conf_me1,test_acc_me1,test_conf_me1,val_acc_me2,val_conf_me2,test_acc_me2,test_conf_me2,val_acc_me3,val_conf_me3,test_acc_me3,test_conf_me3,val_acc_me4,val_conf_me4,test_acc_me4,test_conf_me4,val_acc_me5,val_conf_me5,test_acc_me5,test_conf_me5,val_acc_me6,val_conf_me6,test_acc_me6,test_conf_me6,val_acc_me7,val_conf_me7,test_acc_me7,test_conf_me7,val_acc_me8,val_conf_me8,test_acc_me8,test_conf_me8,val_acc_me9,val_conf_me9,test_acc_me9,test_conf_me9,val_acc_med,val_conf_med,test_acc_med,test_conf_med,val_acc_maj,val_conf_maj,test_acc_maj,test_conf_maj,val_acc_lin,val_conf_lin,test_acc_lin,test_conf_lin,val_nld,val_conf_nld,test_nld,test_conf_nld,val_mse,val_conf_mse,test_mse,test_conf_mse,val_svm,val_conf_svm,test_svm,test_conf_svm,val_mvm,val_conf_mvm,test_mvm,test_conf_mvm
0,5,0.7967334,0.004484082854895988,0.7930801,0.004760688733200902,0.79677343,0.004479694528346512,0.7929868,0.004779583058056258,0.7964401,0.004486425019713414,0.79298675,0.00477843829729474,0.7962668,0.004500716750575284,0.79261345,0.004786140380691584,0.7963068,0.004490427757220639,0.7921601,0.0047886515581908595,0.7962268,0.0044831634443772694,0.7915868,0.004791119328061533,0.79620016,0.004494802692054933,0.7918001,0.004782260015754658,0.7960801,0.004491896228064229,0.79154676,0.004786351877435702,0.79585344,0.004496057819021293,0.79128015,0.00478022401325473,0.79548013,0.004502575428294131,0.79076016,0.00479054256073963,0.7950668,0.004505081987960624,0.7905735,0.004785716925419958,0.79629344,0.00451596529640208,0.7935068,0.0047466089608664275,0.7889068,0.004594977801674394,0.7862534,0.004739128995229325,4.827401,0.012899322190148332,4.7564178,0.013568625340832696,0.14597061,0.0010290617677423397,0.14735937,0.0010181254696690345,,,,,,,,
