,shots,val_acc,val_conf,test_acc,test_conf,val_acc_me1,val_conf_me1,test_acc_me1,test_conf_me1,val_acc_me2,val_conf_me2,test_acc_me2,test_conf_me2,val_acc_me3,val_conf_me3,test_acc_me3,test_conf_me3,val_acc_me4,val_conf_me4,test_acc_me4,test_conf_me4,val_acc_me5,val_conf_me5,test_acc_me5,test_conf_me5,val_acc_me6,val_conf_me6,test_acc_me6,test_conf_me6,val_acc_me7,val_conf_me7,test_acc_me7,test_conf_me7,val_acc_me8,val_conf_me8,test_acc_me8,test_conf_me8,val_acc_me9,val_conf_me9,test_acc_me9,test_conf_me9,val_acc_med,val_conf_med,test_acc_med,test_conf_med,val_acc_maj,val_conf_maj,test_acc_maj,test_conf_maj,val_acc_lin,val_conf_lin,test_acc_lin,test_conf_lin,val_nld,val_conf_nld,test_nld,test_conf_nld,val_mse,val_conf_mse,test_mse,test_conf_mse,val_svm,val_conf_svm,test_svm,test_conf_svm,val_mvm,val_conf_mvm,test_mvm,test_conf_mvm
0,5,0.29113334,0.004330430470269209,0.3802934,0.005244167519633858,0.2902267,0.004271857416721092,0.37981334,0.005243664637637424,0.28968003,0.004282422556479759,0.3792667,0.005253639618358896,0.28846666,0.004273702240941368,0.37833336,0.005282278955860198,0.28824002,0.00428889491099077,0.3773067,0.005327947937315336,0.28777334,0.004260833264377928,0.3760667,0.005346122342030635,0.28746668,0.004256763106511241,0.37512004,0.005313998387866947,0.28736,0.004244612664737968,0.37401336,0.005338663618424611,0.28658667,0.0042671541539717195,0.37282673,0.0053373932526098455,0.28597337,0.004255068361858294,0.37157336,0.005360016477484908,0.28502667,0.004228603561842181,0.37082672,0.005394980398846283,0.29162672,0.004241415739061616,0.37973335,0.005192163333303135,0.29420003,0.004164906099189514,0.37516004,0.005124084470850221,9.7658415,0.009707919441877877,9.880863,0.011401867980421088,0.25315657,0.0008177836202519773,0.23551711,0.0010475852806204888,,,,,,,,
