,shots,val_acc,val_conf,test_acc,test_conf,val_acc_me1,val_conf_me1,test_acc_me1,test_conf_me1,val_acc_me2,val_conf_me2,test_acc_me2,test_conf_me2,val_acc_me3,val_conf_me3,test_acc_me3,test_conf_me3,val_acc_me4,val_conf_me4,test_acc_me4,test_conf_me4,val_acc_me5,val_conf_me5,test_acc_me5,test_conf_me5,val_acc_me6,val_conf_me6,test_acc_me6,test_conf_me6,val_acc_me7,val_conf_me7,test_acc_me7,test_conf_me7,val_acc_me8,val_conf_me8,test_acc_me8,test_conf_me8,val_acc_me9,val_conf_me9,test_acc_me9,test_conf_me9,val_acc_med,val_conf_med,test_acc_med,test_conf_med,val_acc_maj,val_conf_maj,test_acc_maj,test_conf_maj,val_acc_lin,val_conf_lin,test_acc_lin,test_conf_lin,val_nld,val_conf_nld,test_nld,test_conf_nld,val_mse,val_conf_mse,test_mse,test_conf_mse,val_svm,val_conf_svm,test_svm,test_conf_svm,val_mvm,val_conf_mvm,test_mvm,test_conf_mvm
0,5,0.3714267,0.0076221805733242,0.40588003,0.008153528276778066,0.3712267,0.007612330274089418,0.4058534,0.008169433016651684,0.3713467,0.007631154869668866,0.4053067,0.0081793567394286,0.3710267,0.0076365397245456434,0.40480003,0.008183818489520323,0.37081334,0.007654700275762427,0.40473336,0.008214857714749502,0.37077338,0.007659603490673794,0.4040667,0.008247869678168651,0.37053338,0.007690989053366071,0.40340003,0.00825201279779425,0.37052003,0.007698832442447789,0.4027867,0.008299647590690129,0.37048003,0.007691535804774552,0.4023867,0.008339321239766828,0.37029335,0.007693926456836753,0.40213338,0.00835649496010532,0.37008002,0.007701051311128249,0.40165338,0.008370399254791883,0.37585336,0.007578860683435662,0.41012007,0.007970303752415975,0.36112005,0.007287398775095544,0.39001337,0.007375748538373916,25.349903,0.036028549793108766,25.566753,0.03668669441251282,0.24678418,0.0020107704303921614,0.23785861,0.0020493073999148514,,,,,,,,
