,shots,val_acc,val_conf,test_acc,test_conf,val_acc_me1,val_conf_me1,test_acc_me1,test_conf_me1,val_acc_me2,val_conf_me2,test_acc_me2,test_conf_me2,val_acc_me3,val_conf_me3,test_acc_me3,test_conf_me3,val_acc_me4,val_conf_me4,test_acc_me4,test_conf_me4,val_acc_me5,val_conf_me5,test_acc_me5,test_conf_me5,val_acc_me6,val_conf_me6,test_acc_me6,test_conf_me6,val_acc_me7,val_conf_me7,test_acc_me7,test_conf_me7,val_acc_me8,val_conf_me8,test_acc_me8,test_conf_me8,val_acc_me9,val_conf_me9,test_acc_me9,test_conf_me9,val_acc_med,val_conf_med,test_acc_med,test_conf_med,val_acc_maj,val_conf_maj,test_acc_maj,test_conf_maj,val_acc_lin,val_conf_lin,test_acc_lin,test_conf_lin,val_nld,val_conf_nld,test_nld,test_conf_nld,val_mse,val_conf_mse,test_mse,test_conf_mse,val_svm,val_conf_svm,test_svm,test_conf_svm,val_mvm,val_conf_mvm,test_mvm,test_conf_mvm
0,5,0.37636006,0.007632259917067896,0.42441335,0.008185323903026731,0.37646666,0.007653024926007446,0.42401338,0.00818160470045598,0.37620002,0.0076759025934720615,0.42370674,0.008197936128084171,0.37572002,0.00768854714335937,0.42318672,0.008204945074771375,0.37532005,0.007718622165091171,0.42294672,0.008218941726114759,0.37550667,0.007735150774181687,0.4226667,0.008229616308511767,0.37521338,0.007745778716466978,0.42236,0.008247318308927332,0.37485337,0.007763229044992714,0.42188004,0.00821789994302563,0.37456003,0.007759464587660081,0.42137334,0.008204133259757773,0.37448004,0.007774122512666404,0.4214,0.008227081118281632,0.37406668,0.007770928819473055,0.42081335,0.008245726080163496,0.37704003,0.007559959893614354,0.42730668,0.007935266407512409,0.3730934,0.007297370061550734,0.41976005,0.007795947314243101,4.524005,0.010624549101733827,4.669923,0.013802823351235283,0.23234257,0.0011915531462115547,0.22433834,0.0012724808976549984,,,,,,,,
