,shots,val_acc,val_conf,test_acc,test_conf,val_acc_me1,val_conf_me1,test_acc_me1,test_conf_me1,val_acc_me2,val_conf_me2,test_acc_me2,test_conf_me2,val_acc_me3,val_conf_me3,test_acc_me3,test_conf_me3,val_acc_me4,val_conf_me4,test_acc_me4,test_conf_me4,val_acc_me5,val_conf_me5,test_acc_me5,test_conf_me5,val_acc_me6,val_conf_me6,test_acc_me6,test_conf_me6,val_acc_me7,val_conf_me7,test_acc_me7,test_conf_me7,val_acc_me8,val_conf_me8,test_acc_me8,test_conf_me8,val_acc_me9,val_conf_me9,test_acc_me9,test_conf_me9,val_acc_med,val_conf_med,test_acc_med,test_conf_med,val_acc_maj,val_conf_maj,test_acc_maj,test_conf_maj,val_acc_lin,val_conf_lin,test_acc_lin,test_conf_lin,val_nld,val_conf_nld,test_nld,test_conf_nld,val_mse,val_conf_mse,test_mse,test_conf_mse,val_svm,val_conf_svm,test_svm,test_conf_svm,val_mvm,val_conf_mvm,test_mvm,test_conf_mvm
0,5,0.56105334,0.005573853539321605,0.59604,0.006041961407357577,0.56105334,0.005575447615218665,0.59576,0.006030981124426349,0.5610133,0.005588274107719893,0.5954667,0.006062045285952888,0.5606666,0.005585048551479899,0.5951467,0.006077199627989693,0.56028,0.005592451861091807,0.59478676,0.006092064431907351,0.56006664,0.005607858336801774,0.59477335,0.0060980209744898595,0.5596267,0.005626493139451405,0.59425336,0.006126814547608106,0.5588401,0.005635611050397449,0.59406674,0.00615029668939171,0.55828005,0.00565068873640906,0.5932933,0.006136667155759334,0.55746675,0.0056679344949399635,0.59241337,0.006145975783201751,0.5575601,0.005668031469429624,0.59194666,0.006142189160271427,0.561,0.0056394881828514265,0.59760004,0.0059955531108644156,0.56357336,0.005579579190262196,0.5964267,0.005896714402069292,5.01194,0.01236239845353726,4.9132586,0.010809980026627919,0.19765384,0.000952621164471229,0.18837954,0.0010704123828154943,,,,,,,,
