,shots,val_acc,val_conf,test_acc,test_conf,val_acc_me1,val_conf_me1,test_acc_me1,test_conf_me1,val_acc_me2,val_conf_me2,test_acc_me2,test_conf_me2,val_acc_me3,val_conf_me3,test_acc_me3,test_conf_me3,val_acc_me4,val_conf_me4,test_acc_me4,test_conf_me4,val_acc_me5,val_conf_me5,test_acc_me5,test_conf_me5,val_acc_me6,val_conf_me6,test_acc_me6,test_conf_me6,val_acc_me7,val_conf_me7,test_acc_me7,test_conf_me7,val_acc_me8,val_conf_me8,test_acc_me8,test_conf_me8,val_acc_me9,val_conf_me9,test_acc_me9,test_conf_me9,val_acc_med,val_conf_med,test_acc_med,test_conf_med,val_acc_maj,val_conf_maj,test_acc_maj,test_conf_maj,val_acc_lin,val_conf_lin,test_acc_lin,test_conf_lin,val_nld,val_conf_nld,test_nld,test_conf_nld,val_mse,val_conf_mse,test_mse,test_conf_mse,val_svm,val_conf_svm,test_svm,test_conf_svm,val_mvm,val_conf_mvm,test_mvm,test_conf_mvm
0,5,0.39644006,0.006002624860078298,0.42008,0.006311194453747282,0.39664003,0.006014501926147331,0.42025337,0.006327511566093624,0.3972267,0.006017469807314713,0.4203334,0.006329657934798505,0.39745337,0.00601586695753531,0.42050672,0.006334903792906688,0.39726672,0.0060388032714770445,0.4204134,0.006354324088922725,0.39702675,0.006033496919758574,0.42052004,0.006375130658357819,0.39736006,0.0060540559733534005,0.4209734,0.0063874607338286205,0.39740002,0.00603902954528629,0.42128003,0.0063777203390155135,0.3971867,0.006061034904127127,0.42140004,0.006374406582168257,0.3973067,0.0060638947280060584,0.42124006,0.006370672140749101,0.3968534,0.006086237188644317,0.42105335,0.006368225612909562,0.3965867,0.005987730040247219,0.4207734,0.006280176470549181,0.3850267,0.005633940318475306,0.40377337,0.005986727970520578,23.775974,0.028080801383424614,23.472673,0.025571905093499936,0.23295632,0.001238472059571144,0.22706522,0.0013034042152798575,,,,,,,,
