,shots,val_acc,val_conf,test_acc,test_conf,val_acc_me1,val_conf_me1,test_acc_me1,test_conf_me1,val_acc_me2,val_conf_me2,test_acc_me2,test_conf_me2,val_acc_me3,val_conf_me3,test_acc_me3,test_conf_me3,val_acc_me4,val_conf_me4,test_acc_me4,test_conf_me4,val_acc_me5,val_conf_me5,test_acc_me5,test_conf_me5,val_acc_me6,val_conf_me6,test_acc_me6,test_conf_me6,val_acc_me7,val_conf_me7,test_acc_me7,test_conf_me7,val_acc_me8,val_conf_me8,test_acc_me8,test_conf_me8,val_acc_me9,val_conf_me9,test_acc_me9,test_conf_me9,val_acc_med,val_conf_med,test_acc_med,test_conf_med,val_acc_maj,val_conf_maj,test_acc_maj,test_conf_maj,val_acc_lin,val_conf_lin,test_acc_lin,test_conf_lin,val_nld,val_conf_nld,test_nld,test_conf_nld,val_mse,val_conf_mse,test_mse,test_conf_mse,val_svm,val_conf_svm,test_svm,test_conf_svm,val_mvm,val_conf_mvm,test_mvm,test_conf_mvm
0,5,0.36613336,0.007023208402169023,0.3977467,0.007950273440681555,0.36614674,0.007020583164198457,0.39813337,0.007978682348324051,0.36584002,0.007039335259802271,0.39828002,0.008017740902066195,0.36545336,0.007090308284059432,0.3985067,0.008006865905723859,0.3651067,0.007113245983351002,0.3984134,0.008013752941624042,0.36512002,0.007116908386577803,0.39816004,0.008015634246723802,0.36508003,0.007106204250050652,0.3979067,0.008028732267796157,0.36504003,0.007087771708479462,0.39754668,0.008028468127757593,0.36514673,0.0071056833585060875,0.39758667,0.008039192582749322,0.36473337,0.007112893180921898,0.39717335,0.008018282112075226,0.36465338,0.007130758190836806,0.39656,0.008026053001181366,0.36785337,0.006979645152489722,0.40160003,0.00783966433775607,0.35964,0.0067856763164546585,0.3949067,0.007624759632966327,4.468736,0.01035245623146519,4.5472245,0.01176939667846355,0.2346786,0.0010832079358367441,0.2287176,0.0012189522492573879,,,,,,,,
