,shots,val_acc,val_conf,test_acc,test_conf,val_acc_me1,val_conf_me1,test_acc_me1,test_conf_me1,val_acc_me2,val_conf_me2,test_acc_me2,test_conf_me2,val_acc_me3,val_conf_me3,test_acc_me3,test_conf_me3,val_acc_me4,val_conf_me4,test_acc_me4,test_conf_me4,val_acc_me5,val_conf_me5,test_acc_me5,test_conf_me5,val_acc_me6,val_conf_me6,test_acc_me6,test_conf_me6,val_acc_me7,val_conf_me7,test_acc_me7,test_conf_me7,val_acc_me8,val_conf_me8,test_acc_me8,test_conf_me8,val_acc_me9,val_conf_me9,test_acc_me9,test_conf_me9,val_acc_med,val_conf_med,test_acc_med,test_conf_med,val_acc_maj,val_conf_maj,test_acc_maj,test_conf_maj,val_acc_lin,val_conf_lin,test_acc_lin,test_conf_lin,val_nld,val_conf_nld,test_nld,test_conf_nld,val_mse,val_conf_mse,test_mse,test_conf_mse,val_svm,val_conf_svm,test_svm,test_conf_svm,val_mvm,val_conf_mvm,test_mvm,test_conf_mvm
0,5,0.48036,0.0056459633080621074,0.49721333,0.005657215581347685,0.4815867,0.005701062365963405,0.49884003,0.0056639853242936855,0.48348004,0.005719740114458471,0.5002133,0.005687190396106767,0.4847467,0.00573599442427819,0.5023867,0.005751508033710051,0.48529336,0.005727414490858174,0.5034534,0.0057765897927900545,0.48625335,0.005756918286667467,0.5045067,0.005776520525297424,0.48693335,0.005756239003456454,0.50504,0.005764398714087848,0.4870267,0.005769742470252304,0.50541335,0.005769972900111164,0.4872267,0.005788961428756401,0.5062,0.005781016909135461,0.48732004,0.005791049150984162,0.50614667,0.005828694186093442,0.4869867,0.005804480579587712,0.5068934,0.005830056446781806,0.4825467,0.005619643046213929,0.49841335,0.005546133150555854,0.47448003,0.005524567871184827,0.4940934,0.005734235029965451,8.526916,0.017456302154283065,8.682953,0.02399417078338395,0.2114257,0.0011310949778515766,0.20570548,0.0012196205651154035,,,,,,,,
