,shots,val_acc,val_conf,test_acc,test_conf,val_acc_me1,val_conf_me1,test_acc_me1,test_conf_me1,val_acc_me2,val_conf_me2,test_acc_me2,test_conf_me2,val_acc_me3,val_conf_me3,test_acc_me3,test_conf_me3,val_acc_me4,val_conf_me4,test_acc_me4,test_conf_me4,val_acc_me5,val_conf_me5,test_acc_me5,test_conf_me5,val_acc_me6,val_conf_me6,test_acc_me6,test_conf_me6,val_acc_me7,val_conf_me7,test_acc_me7,test_conf_me7,val_acc_me8,val_conf_me8,test_acc_me8,test_conf_me8,val_acc_me9,val_conf_me9,test_acc_me9,test_conf_me9,val_acc_med,val_conf_med,test_acc_med,test_conf_med,val_acc_maj,val_conf_maj,test_acc_maj,test_conf_maj,val_acc_lin,val_conf_lin,test_acc_lin,test_conf_lin,val_nld,val_conf_nld,test_nld,test_conf_nld,val_mse,val_conf_mse,test_mse,test_conf_mse,val_svm,val_conf_svm,test_svm,test_conf_svm,val_mvm,val_conf_mvm,test_mvm,test_conf_mvm
0,5,0.29608002,0.0053668342458925156,0.31414667,0.006053688393859169,0.29614666,0.005389391435757895,0.31453335,0.006072946142159141,0.29568002,0.005394876959390615,0.3148267,0.006112863612809882,0.29624003,0.005387107455634366,0.3144934,0.006142481930873633,0.29625335,0.005403234775050947,0.31472003,0.0061680674955166825,0.29598668,0.005404522688630509,0.31472003,0.006188647791142532,0.2958267,0.005420981106661837,0.31432,0.006220672923683446,0.296,0.005406078436514916,0.31462672,0.006243820734369299,0.29597333,0.005410300059298823,0.3143867,0.006253293294877615,0.29598668,0.005406925347058056,0.31440002,0.006250770111012882,0.29577336,0.005404023500900301,0.31434667,0.0062520067666478885,0.29721338,0.005359872401100252,0.31609336,0.005965006608399492,0.29097334,0.005094879910609085,0.30677333,0.005642309678717705,24.467115,0.03408652203863838,24.163082,0.028582152106519487,0.25860596,0.0012474172635689174,0.2533758,0.0014066295189371636,,,,,,,,
