,shots,val_acc,val_conf,test_acc,test_conf,val_acc_me1,val_conf_me1,test_acc_me1,test_conf_me1,val_acc_me2,val_conf_me2,test_acc_me2,test_conf_me2,val_acc_me3,val_conf_me3,test_acc_me3,test_conf_me3,val_acc_me4,val_conf_me4,test_acc_me4,test_conf_me4,val_acc_me5,val_conf_me5,test_acc_me5,test_conf_me5,val_acc_me6,val_conf_me6,test_acc_me6,test_conf_me6,val_acc_me7,val_conf_me7,test_acc_me7,test_conf_me7,val_acc_me8,val_conf_me8,test_acc_me8,test_conf_me8,val_acc_me9,val_conf_me9,test_acc_me9,test_conf_me9,val_acc_med,val_conf_med,test_acc_med,test_conf_med,val_acc_maj,val_conf_maj,test_acc_maj,test_conf_maj,val_acc_lin,val_conf_lin,test_acc_lin,test_conf_lin,val_nld,val_conf_nld,test_nld,test_conf_nld,val_mse,val_conf_mse,test_mse,test_conf_mse,val_svm,val_conf_svm,test_svm,test_conf_svm,val_mvm,val_conf_mvm,test_mvm,test_conf_mvm
0,5,0.3302267,0.005698896140577336,0.34138668,0.005557789945998315,0.33120003,0.005674955909775792,0.34272003,0.00558852901209278,0.33134672,0.00573429783249213,0.34334671,0.005614926391749375,0.3318267,0.005727465287019451,0.34360003,0.005679935318929075,0.3320267,0.005704033017830512,0.34385332,0.0057273604622139485,0.3324267,0.0057518303584424,0.34368002,0.005802855564210729,0.33226672,0.005784316812484203,0.34400007,0.0058127525035571725,0.3317334,0.005785616732429166,0.34413335,0.005810041373895791,0.33104002,0.005760561756779636,0.3443067,0.005814261611329863,0.33001336,0.005776594410622893,0.34357336,0.005869757341072257,0.33000004,0.005797178862298358,0.34292004,0.005878942672377763,0.33150667,0.005600738100343061,0.34288004,0.005602271220846555,0.32744005,0.0053499352866080985,0.34026673,0.005486510463602767,8.952387,0.015682531604371164,8.901038,0.014763986467452028,0.24330254,0.0010555250669627703,0.24178295,0.0011480423089350045,,,,,,,,
