,shots,val_acc,val_conf,test_acc,test_conf,val_acc_me1,val_conf_me1,test_acc_me1,test_conf_me1,val_acc_me2,val_conf_me2,test_acc_me2,test_conf_me2,val_acc_me3,val_conf_me3,test_acc_me3,test_conf_me3,val_acc_me4,val_conf_me4,test_acc_me4,test_conf_me4,val_acc_me5,val_conf_me5,test_acc_me5,test_conf_me5,val_acc_me6,val_conf_me6,test_acc_me6,test_conf_me6,val_acc_me7,val_conf_me7,test_acc_me7,test_conf_me7,val_acc_me8,val_conf_me8,test_acc_me8,test_conf_me8,val_acc_me9,val_conf_me9,test_acc_me9,test_conf_me9,val_acc_med,val_conf_med,test_acc_med,test_conf_med,val_acc_maj,val_conf_maj,test_acc_maj,test_conf_maj,val_acc_lin,val_conf_lin,test_acc_lin,test_conf_lin,val_nld,val_conf_nld,test_nld,test_conf_nld,val_mse,val_conf_mse,test_mse,test_conf_mse,val_svm,val_conf_svm,test_svm,test_conf_svm,val_mvm,val_conf_mvm,test_mvm,test_conf_mvm
0,5,0.4960934,0.0061438012457165625,0.5278,0.006026666683202397,0.49602666,0.006137847935616891,0.52816004,0.006017510444243701,0.49602666,0.0061253613156128095,0.5282667,0.006020017465693472,0.49602666,0.006137291024976177,0.5281333,0.006014126496337258,0.4959467,0.0061385378398435275,0.52828,0.006016482514653143,0.49625337,0.006139732473199655,0.5286533,0.006022185999996044,0.49584,0.006142716516781999,0.52882665,0.0060168459380978145,0.4955067,0.0061439282361196446,0.5286001,0.006035859403040411,0.4953067,0.0061424625359757234,0.52867997,0.006036098144998392,0.4954134,0.006155002261057474,0.5285734,0.006020355029274227,0.49518672,0.006155446958360122,0.5286267,0.00603106701611722,0.49492002,0.006071985632928101,0.5286,0.006008729173311855,0.48348,0.005891884148916837,0.51236,0.0059444295452566465,23.635735,0.026022457808203114,23.422188,0.022636636908764274,0.20964862,0.0012594393295891348,0.20170276,0.001289281035316614,,,,,,,,
