,shots,val_acc,val_conf,test_acc,test_conf,val_acc_me1,val_conf_me1,test_acc_me1,test_conf_me1,val_acc_me2,val_conf_me2,test_acc_me2,test_conf_me2,val_acc_me3,val_conf_me3,test_acc_me3,test_conf_me3,val_acc_me4,val_conf_me4,test_acc_me4,test_conf_me4,val_acc_me5,val_conf_me5,test_acc_me5,test_conf_me5,val_acc_me6,val_conf_me6,test_acc_me6,test_conf_me6,val_acc_me7,val_conf_me7,test_acc_me7,test_conf_me7,val_acc_me8,val_conf_me8,test_acc_me8,test_conf_me8,val_acc_me9,val_conf_me9,test_acc_me9,test_conf_me9,val_acc_med,val_conf_med,test_acc_med,test_conf_med,val_acc_maj,val_conf_maj,test_acc_maj,test_conf_maj,val_acc_lin,val_conf_lin,test_acc_lin,test_conf_lin,val_nld,val_conf_nld,test_nld,test_conf_nld,val_mse,val_conf_mse,test_mse,test_conf_mse,val_svm,val_conf_svm,test_svm,test_conf_svm,val_mvm,val_conf_mvm,test_mvm,test_conf_mvm
0,5,0.29169336,0.0049460660912338805,0.34384003,0.005778845604133276,0.29178667,0.004964735989413105,0.34401336,0.005843448623806202,0.29273334,0.005002487696461055,0.34505337,0.005898232283724381,0.29320002,0.0049792660004497336,0.3459067,0.005950583269301535,0.2938667,0.0049979368221955145,0.34644005,0.00597105227515593,0.29442668,0.005039133894326697,0.34638673,0.006009842994593229,0.2942667,0.005046171471577543,0.34654668,0.006019297083770192,0.29400003,0.005017396831573984,0.34629336,0.006009766800351368,0.2936667,0.005029296063240596,0.34581336,0.006031039770903468,0.2932267,0.005026274615212267,0.34560004,0.006031702429916297,0.29265338,0.005038939021780764,0.34610668,0.006052782375055632,0.29429337,0.004856448732840468,0.3468534,0.005889384977782852,0.30594668,0.004925513502605061,0.35676,0.00588335454987482,8.295472,0.023698025468975814,8.344398,0.0215349568334382,0.24809359,0.0009889696275643678,0.2380939,0.0011526343973586872,,,,,,,,
