,shots,val_acc,val_conf,test_acc,test_conf,val_acc_me1,val_conf_me1,test_acc_me1,test_conf_me1,val_acc_me2,val_conf_me2,test_acc_me2,test_conf_me2,val_acc_me3,val_conf_me3,test_acc_me3,test_conf_me3,val_acc_me4,val_conf_me4,test_acc_me4,test_conf_me4,val_acc_me5,val_conf_me5,test_acc_me5,test_conf_me5,val_acc_me6,val_conf_me6,test_acc_me6,test_conf_me6,val_acc_me7,val_conf_me7,test_acc_me7,test_conf_me7,val_acc_me8,val_conf_me8,test_acc_me8,test_conf_me8,val_acc_me9,val_conf_me9,test_acc_me9,test_conf_me9,val_acc_med,val_conf_med,test_acc_med,test_conf_med,val_acc_maj,val_conf_maj,test_acc_maj,test_conf_maj,val_acc_lin,val_conf_lin,test_acc_lin,test_conf_lin,val_nld,val_conf_nld,test_nld,test_conf_nld,val_mse,val_conf_mse,test_mse,test_conf_mse,val_svm,val_conf_svm,test_svm,test_conf_svm,val_mvm,val_conf_mvm,test_mvm,test_conf_mvm
0,5,0.4791467,0.007445298642370202,0.52212006,0.007526474140545636,0.47960004,0.007467082807017911,0.52304006,0.00755124188699241,0.48000002,0.007500647063244936,0.5238667,0.007593396697654908,0.48029336,0.007516648777608215,0.52510667,0.007617952485574286,0.48056003,0.007529584712747839,0.52584,0.007641957366035568,0.4803334,0.00755442680630336,0.52590674,0.007683111954104649,0.48032004,0.007534993118572086,0.5262134,0.0077196870373444915,0.48017338,0.007546842015860755,0.52652,0.007725928961996642,0.48021337,0.007545977557552763,0.5266267,0.007745993445694155,0.48008,0.007553140739856912,0.5268267,0.00778375623554084,0.4797467,0.007567096292487974,0.52697337,0.007794095563273595,0.48229337,0.007396406413591516,0.52371997,0.007537430410745949,0.47209337,0.00720354077782237,0.50888,0.007365288223420752,5.743832,0.013047764273979467,5.8205857,0.014316890662412263,0.21207789,0.0014706108628637915,0.20395839,0.0014729500260897699,,,,,,,,
