,shots,val_acc,val_conf,test_acc,test_conf,val_acc_me1,val_conf_me1,test_acc_me1,test_conf_me1,val_acc_me2,val_conf_me2,test_acc_me2,test_conf_me2,val_acc_me3,val_conf_me3,test_acc_me3,test_conf_me3,val_acc_me4,val_conf_me4,test_acc_me4,test_conf_me4,val_acc_me5,val_conf_me5,test_acc_me5,test_conf_me5,val_acc_me6,val_conf_me6,test_acc_me6,test_conf_me6,val_acc_me7,val_conf_me7,test_acc_me7,test_conf_me7,val_acc_me8,val_conf_me8,test_acc_me8,test_conf_me8,val_acc_me9,val_conf_me9,test_acc_me9,test_conf_me9,val_acc_med,val_conf_med,test_acc_med,test_conf_med,val_acc_maj,val_conf_maj,test_acc_maj,test_conf_maj,val_acc_lin,val_conf_lin,test_acc_lin,test_conf_lin,val_nld,val_conf_nld,test_nld,test_conf_nld,val_mse,val_conf_mse,test_mse,test_conf_mse,val_svm,val_conf_svm,test_svm,test_conf_svm,val_mvm,val_conf_mvm,test_mvm,test_conf_mvm
0,5,0.29134667,0.005332924113985615,0.30912003,0.005858681007217981,0.29129332,0.005326304912390223,0.30937338,0.0058683373574733855,0.2910267,0.00533934705768524,0.30953336,0.00588084568129188,0.29130667,0.005325875453935924,0.3095067,0.005891463926128215,0.29137334,0.005307778167029098,0.30965334,0.005879046573616709,0.29141334,0.005313948515272282,0.30964002,0.005883779852279503,0.29173335,0.005297606928411858,0.30938673,0.005900320005952142,0.29160002,0.005310849487652147,0.30937335,0.0059179855254882785,0.2911867,0.00530930343721675,0.30972004,0.005954304780788733,0.29101333,0.005298260351758954,0.30953336,0.0059919705961458125,0.29109332,0.005299682644274217,0.30890667,0.006000578236562859,0.29344,0.005406326875921796,0.31033337,0.005805184337312808,0.28898668,0.005184001775538627,0.30254668,0.005448244791759538,5.1401644,0.01427231379842464,5.040101,0.012786092005301342,0.24781694,0.0008455781252348638,0.24507591,0.0009297977565424775,,,,,,,,
