,shots,val_acc,val_conf,test_acc,test_conf,val_acc_me1,val_conf_me1,test_acc_me1,test_conf_me1,val_acc_me2,val_conf_me2,test_acc_me2,test_conf_me2,val_acc_me3,val_conf_me3,test_acc_me3,test_conf_me3,val_acc_me4,val_conf_me4,test_acc_me4,test_conf_me4,val_acc_me5,val_conf_me5,test_acc_me5,test_conf_me5,val_acc_me6,val_conf_me6,test_acc_me6,test_conf_me6,val_acc_me7,val_conf_me7,test_acc_me7,test_conf_me7,val_acc_me8,val_conf_me8,test_acc_me8,test_conf_me8,val_acc_me9,val_conf_me9,test_acc_me9,test_conf_me9,val_acc_med,val_conf_med,test_acc_med,test_conf_med,val_acc_maj,val_conf_maj,test_acc_maj,test_conf_maj,val_acc_lin,val_conf_lin,test_acc_lin,test_conf_lin,val_nld,val_conf_nld,test_nld,test_conf_nld,val_mse,val_conf_mse,test_mse,test_conf_mse,val_svm,val_conf_svm,test_svm,test_conf_svm,val_mvm,val_conf_mvm,test_mvm,test_conf_mvm
0,5,0.49212003,0.006150616705207668,0.5305601,0.006176791967104633,0.49258667,0.006148512820565,0.53096,0.006190587280936133,0.49276,0.006153751751923953,0.53129333,0.006180490389427584,0.49313337,0.006157284855831169,0.5313467,0.006182547633958535,0.49316004,0.00615784269003844,0.5316,0.006200340605681198,0.49297333,0.006155258088996918,0.5314534,0.006213998308093993,0.4929867,0.006165082066584504,0.53164,0.006236934160252394,0.49269336,0.0061833714553375385,0.53220004,0.006241147932720459,0.49252003,0.0061758259164741425,0.53216004,0.006227137889661893,0.49217337,0.006199256800313191,0.53227997,0.00624645705513871,0.49225336,0.006208347927828761,0.53236,0.006264101794427046,0.4933467,0.006067377035751997,0.53129333,0.006134750755129925,0.4887467,0.005818022374396159,0.52184,0.006094916405470441,4.920072,0.01229725745633825,4.7862315,0.010507347580643867,0.21295983,0.0009354185249545455,0.20490092,0.0009746633505289537,,,,,,,,
