,shots,val_acc,val_conf,test_acc,test_conf,val_acc_me1,val_conf_me1,test_acc_me1,test_conf_me1,val_acc_me2,val_conf_me2,test_acc_me2,test_conf_me2,val_acc_me3,val_conf_me3,test_acc_me3,test_conf_me3,val_acc_me4,val_conf_me4,test_acc_me4,test_conf_me4,val_acc_me5,val_conf_me5,test_acc_me5,test_conf_me5,val_acc_me6,val_conf_me6,test_acc_me6,test_conf_me6,val_acc_me7,val_conf_me7,test_acc_me7,test_conf_me7,val_acc_me8,val_conf_me8,test_acc_me8,test_conf_me8,val_acc_me9,val_conf_me9,test_acc_me9,test_conf_me9,val_acc_med,val_conf_med,test_acc_med,test_conf_med,val_acc_maj,val_conf_maj,test_acc_maj,test_conf_maj,val_acc_lin,val_conf_lin,test_acc_lin,test_conf_lin,val_nld,val_conf_nld,test_nld,test_conf_nld,val_mse,val_conf_mse,test_mse,test_conf_mse,val_svm,val_conf_svm,test_svm,test_conf_svm,val_mvm,val_conf_mvm,test_mvm,test_conf_mvm
0,5,0.37537336,0.0069748204407366066,0.37997338,0.006965032482245226,0.37570673,0.007008198136516874,0.38005337,0.006975232351426108,0.37569335,0.0070149914304104,0.38028005,0.0069727604255059306,0.37566668,0.007047886562658645,0.38032007,0.006997318984124978,0.37557337,0.007046014493224562,0.3805334,0.007003128217839882,0.3756267,0.007050119284837619,0.38068005,0.0070247165863751015,0.37569335,0.007078340246683468,0.38094673,0.007057898024259546,0.3754267,0.00708985619822422,0.38064006,0.007087317775511137,0.37510672,0.007121265773647301,0.3804267,0.007088728985227555,0.37509334,0.007159621955014239,0.38045338,0.007109715188360233,0.37504,0.0071628216513903165,0.38021338,0.0071406514359170226,0.37614673,0.006928053800415002,0.38409337,0.006932851728737588,0.3675067,0.006488408406882584,0.37132004,0.006601638129945797,4.5147514,0.011336120199986865,4.464699,0.010641765306134587,0.23406926,0.0010357897193011278,0.23291935,0.0010349594329562006,,,,,,,,
