,shots,val_acc,val_conf,test_acc,test_conf,val_acc_me1,val_conf_me1,test_acc_me1,test_conf_me1,val_acc_me2,val_conf_me2,test_acc_me2,test_conf_me2,val_acc_me3,val_conf_me3,test_acc_me3,test_conf_me3,val_acc_me4,val_conf_me4,test_acc_me4,test_conf_me4,val_acc_me5,val_conf_me5,test_acc_me5,test_conf_me5,val_acc_me6,val_conf_me6,test_acc_me6,test_conf_me6,val_acc_me7,val_conf_me7,test_acc_me7,test_conf_me7,val_acc_me8,val_conf_me8,test_acc_me8,test_conf_me8,val_acc_me9,val_conf_me9,test_acc_me9,test_conf_me9,val_acc_med,val_conf_med,test_acc_med,test_conf_med,val_acc_maj,val_conf_maj,test_acc_maj,test_conf_maj,val_acc_lin,val_conf_lin,test_acc_lin,test_conf_lin,val_nld,val_conf_nld,test_nld,test_conf_nld,val_mse,val_conf_mse,test_mse,test_conf_mse,val_svm,val_conf_svm,test_svm,test_conf_svm,val_mvm,val_conf_mvm,test_mvm,test_conf_mvm
0,5,0.23417334,0.004539766992218364,0.2355467,0.00438912589638768,0.23409334,0.0045049028160463744,0.23565336,0.0043567096334050925,0.23358667,0.004493727198786046,0.23557335,0.004368465712253633,0.23333336,0.004491776626193683,0.23517334,0.004367149629893735,0.23364002,0.004538670256918453,0.23464002,0.004368357654965155,0.23320001,0.004552989232994187,0.23404,0.004396187024585996,0.23285337,0.004583427678170632,0.23400001,0.0043729801056397455,0.23249334,0.004553449630928491,0.23413335,0.00434529296527042,0.23253335,0.004562925423919784,0.23404,0.004290099703579159,0.23206668,0.004558321906359852,0.23394668,0.004317633070114846,0.23140003,0.004509014996191968,0.23332001,0.004312255603770632,0.23366669,0.004448910669273498,0.23665336,0.004403086528634886,0.24237335,0.004500922705920063,0.2472667,0.004664097985433158,9.811847,0.02250214529794725,9.752567,0.025162161091182966,0.25764135,0.0008417148462794288,0.25612536,0.0008393057228859302,,,,,,,,
