,shots,val_acc,val_conf,test_acc,test_conf,val_acc_me1,val_conf_me1,test_acc_me1,test_conf_me1,val_acc_me2,val_conf_me2,test_acc_me2,test_conf_me2,val_acc_me3,val_conf_me3,test_acc_me3,test_conf_me3,val_acc_me4,val_conf_me4,test_acc_me4,test_conf_me4,val_acc_me5,val_conf_me5,test_acc_me5,test_conf_me5,val_acc_me6,val_conf_me6,test_acc_me6,test_conf_me6,val_acc_me7,val_conf_me7,test_acc_me7,test_conf_me7,val_acc_me8,val_conf_me8,test_acc_me8,test_conf_me8,val_acc_me9,val_conf_me9,test_acc_me9,test_conf_me9,val_acc_med,val_conf_med,test_acc_med,test_conf_med,val_acc_maj,val_conf_maj,test_acc_maj,test_conf_maj,val_acc_lin,val_conf_lin,test_acc_lin,test_conf_lin,val_nld,val_conf_nld,test_nld,test_conf_nld,val_mse,val_conf_mse,test_mse,test_conf_mse,val_svm,val_conf_svm,test_svm,test_conf_svm,val_mvm,val_conf_mvm,test_mvm,test_conf_mvm
0,5,0.35645336,0.007960706048637634,0.37760004,0.008554220403157176,0.3568667,0.008030069592187106,0.37793335,0.008606817519224763,0.35701337,0.008080734606993767,0.37773338,0.008722601365632743,0.35645336,0.008143491878879805,0.37788,0.008749271197427022,0.3564267,0.00815938091812174,0.37788,0.008776653099045517,0.35634667,0.008190519888540304,0.37738672,0.008820817128777525,0.35574672,0.00821245459453862,0.37653336,0.008818135091463064,0.35492003,0.008262769577615847,0.37588,0.008855350206334767,0.3547467,0.008273308395727319,0.3749334,0.008871742589356468,0.35436004,0.008318354431532116,0.37428004,0.008893843537337076,0.35400003,0.008356948431290367,0.3732,0.008881996025398298,0.3581067,0.00813343700965019,0.38593334,0.008571479091619927,0.36589336,0.007901637501625591,0.39428002,0.008302597462309436,7.1104484,0.022650447923226125,7.352329,0.022893373637699277,0.2346724,0.0015339020716721719,0.22883444,0.0016307359483390682,,,,,,,,
