,shots,val_acc,val_conf,test_acc,test_conf,val_acc_me1,val_conf_me1,test_acc_me1,test_conf_me1,val_acc_me2,val_conf_me2,test_acc_me2,test_conf_me2,val_acc_me3,val_conf_me3,test_acc_me3,test_conf_me3,val_acc_me4,val_conf_me4,test_acc_me4,test_conf_me4,val_acc_me5,val_conf_me5,test_acc_me5,test_conf_me5,val_acc_me6,val_conf_me6,test_acc_me6,test_conf_me6,val_acc_me7,val_conf_me7,test_acc_me7,test_conf_me7,val_acc_me8,val_conf_me8,test_acc_me8,test_conf_me8,val_acc_me9,val_conf_me9,test_acc_me9,test_conf_me9,val_acc_med,val_conf_med,test_acc_med,test_conf_med,val_acc_maj,val_conf_maj,test_acc_maj,test_conf_maj,val_acc_lin,val_conf_lin,test_acc_lin,test_conf_lin,val_nld,val_conf_nld,test_nld,test_conf_nld,val_mse,val_conf_mse,test_mse,test_conf_mse,val_svm,val_conf_svm,test_svm,test_conf_svm,val_mvm,val_conf_mvm,test_mvm,test_conf_mvm
0,5,0.38700005,0.007944421722904438,0.42348003,0.008389457974496362,0.38701338,0.00795237547819111,0.4235867,0.008447347127000626,0.3870934,0.007954594808654847,0.42372003,0.00848427039483679,0.38678667,0.00797124763744883,0.4237334,0.008506376884216849,0.3866667,0.007978922475631811,0.42348003,0.00852477155955872,0.38612005,0.007992675305401153,0.42312002,0.00854180951561162,0.38572004,0.007994841069003944,0.42278668,0.008563274126226705,0.38548005,0.008006167689398158,0.42264003,0.008566247087010204,0.38521335,0.0080164940871989,0.42249334,0.00856098737540345,0.3845467,0.00802768309617452,0.42189336,0.008550711773763986,0.3841867,0.008041197645769216,0.42164,0.008546755214585144,0.38921338,0.007906908296031134,0.42422667,0.00826904151818153,0.38125336,0.007639140026218849,0.41729337,0.00800624065115707,4.6071014,0.012223702767702349,4.7125683,0.014172406984893193,0.23094122,0.0012806223678466788,0.2248556,0.0013332826327784042,,,,,,,,
