,shots,val_acc,val_conf,test_acc,test_conf,val_acc_me1,val_conf_me1,test_acc_me1,test_conf_me1,val_acc_me2,val_conf_me2,test_acc_me2,test_conf_me2,val_acc_me3,val_conf_me3,test_acc_me3,test_conf_me3,val_acc_me4,val_conf_me4,test_acc_me4,test_conf_me4,val_acc_me5,val_conf_me5,test_acc_me5,test_conf_me5,val_acc_me6,val_conf_me6,test_acc_me6,test_conf_me6,val_acc_me7,val_conf_me7,test_acc_me7,test_conf_me7,val_acc_me8,val_conf_me8,test_acc_me8,test_conf_me8,val_acc_me9,val_conf_me9,test_acc_me9,test_conf_me9,val_acc_med,val_conf_med,test_acc_med,test_conf_med,val_acc_maj,val_conf_maj,test_acc_maj,test_conf_maj,val_acc_lin,val_conf_lin,test_acc_lin,test_conf_lin,val_nld,val_conf_nld,test_nld,test_conf_nld,val_mse,val_conf_mse,test_mse,test_conf_mse,val_svm,val_conf_svm,test_svm,test_conf_svm,val_mvm,val_conf_mvm,test_mvm,test_conf_mvm
0,5,0.8013868,0.004417129358306626,0.79488015,0.004506859853604661,0.8010402,0.004427079864514072,0.79498684,0.004489845448499286,0.80076015,0.004417947176502901,0.7948534,0.004518559133109279,0.8004668,0.004440483124337313,0.79500014,0.004507302241990918,0.8004401,0.00445355990337859,0.7949068,0.004520606680191386,0.80032015,0.004450912038027166,0.79500014,0.004526070038226471,0.8000935,0.004453639791886732,0.7946135,0.004527762012179637,0.7999601,0.004471718607462205,0.7942268,0.004542137325816098,0.7996268,0.004483034145057685,0.79400015,0.004539125575236613,0.79944015,0.004480060722490853,0.79349345,0.004530710498449109,0.79890674,0.004476018733404419,0.7932535,0.004526039098746382,0.80044013,0.0044391074719337675,0.7955334,0.004471549132996966,0.79349345,0.00444264427010721,0.7882534,0.004524141169448437,4.8173547,0.012963851786278902,4.8063836,0.014814252501500924,0.14518268,0.0010066379178002294,0.14640659,0.0009773195279795532,,,,,,,,
