,shots,val_acc,val_conf,test_acc,test_conf,val_acc_me1,val_conf_me1,test_acc_me1,test_conf_me1,val_acc_me2,val_conf_me2,test_acc_me2,test_conf_me2,val_acc_me3,val_conf_me3,test_acc_me3,test_conf_me3,val_acc_me4,val_conf_me4,test_acc_me4,test_conf_me4,val_acc_me5,val_conf_me5,test_acc_me5,test_conf_me5,val_acc_me6,val_conf_me6,test_acc_me6,test_conf_me6,val_acc_me7,val_conf_me7,test_acc_me7,test_conf_me7,val_acc_me8,val_conf_me8,test_acc_me8,test_conf_me8,val_acc_me9,val_conf_me9,test_acc_me9,test_conf_me9,val_acc_med,val_conf_med,test_acc_med,test_conf_med,val_acc_maj,val_conf_maj,test_acc_maj,test_conf_maj,val_acc_lin,val_conf_lin,test_acc_lin,test_conf_lin,val_nld,val_conf_nld,test_nld,test_conf_nld,val_mse,val_conf_mse,test_mse,test_conf_mse,val_svm,val_conf_svm,test_svm,test_conf_svm,val_mvm,val_conf_mvm,test_mvm,test_conf_mvm
0,5,0.30070665,0.006343026099092097,0.33037338,0.006914138884712928,0.30102667,0.006363302541316951,0.3303067,0.006949580289990154,0.30155998,0.0063873346669920394,0.33000004,0.006995465847805582,0.30241334,0.006399039026112774,0.3308667,0.006979091936115234,0.3035467,0.006484045478413691,0.33096004,0.006991889336269597,0.3033467,0.006523553809074656,0.33112,0.007019023722047768,0.3034,0.006555227062752966,0.3305867,0.007013524344916533,0.30297333,0.0065750791261396935,0.32984003,0.007020528673770898,0.30308002,0.0065890152838728455,0.32964003,0.007004000064680438,0.30317333,0.00658791162182365,0.32881334,0.006979449356377232,0.30349335,0.006608011662833979,0.3282134,0.007009087069338893,0.30745336,0.006467909385114712,0.33582672,0.007039717616361574,0.33641335,0.007033092411583508,0.36472005,0.007612853012767096,8.046623,0.026888403058356047,7.9665685,0.026698591657228654,0.23978709,0.00124176088012104,0.23436931,0.0013760882115342044,,,,,,,,
