,shots,val_acc,val_conf,test_acc,test_conf,val_acc_me1,val_conf_me1,test_acc_me1,test_conf_me1,val_acc_me2,val_conf_me2,test_acc_me2,test_conf_me2,val_acc_me3,val_conf_me3,test_acc_me3,test_conf_me3,val_acc_me4,val_conf_me4,test_acc_me4,test_conf_me4,val_acc_me5,val_conf_me5,test_acc_me5,test_conf_me5,val_acc_me6,val_conf_me6,test_acc_me6,test_conf_me6,val_acc_me7,val_conf_me7,test_acc_me7,test_conf_me7,val_acc_me8,val_conf_me8,test_acc_me8,test_conf_me8,val_acc_me9,val_conf_me9,test_acc_me9,test_conf_me9,val_acc_med,val_conf_med,test_acc_med,test_conf_med,val_acc_maj,val_conf_maj,test_acc_maj,test_conf_maj,val_acc_lin,val_conf_lin,test_acc_lin,test_conf_lin,val_nld,val_conf_nld,test_nld,test_conf_nld,val_mse,val_conf_mse,test_mse,test_conf_mse,val_svm,val_conf_svm,test_svm,test_conf_svm,val_mvm,val_conf_mvm,test_mvm,test_conf_mvm
0,5,0.5776001,0.007588069565688693,0.5800801,0.006939071026008881,0.5781334,0.007620917596041998,0.5809867,0.006955924268748137,0.57884,0.007623430158891109,0.58165336,0.0069772226373808754,0.58006674,0.007657676930812207,0.5824,0.006963442100614503,0.5805867,0.007689040327906849,0.5831734,0.006980099547241325,0.5810667,0.007711480224818157,0.58372,0.0069958888412938736,0.58181334,0.007733430169664879,0.5842134,0.007017742273434213,0.58236,0.007729944629435881,0.58448005,0.007025382939654157,0.58268005,0.00776439920383476,0.58464,0.007031792029855266,0.5830934,0.0077609016572404155,0.5853467,0.007024803863415863,0.58312,0.007771159711115083,0.5856134,0.007043732822017423,0.5797867,0.0073829615932727854,0.58282673,0.00687200623964801,0.56108004,0.007272632331017492,0.56269336,0.006785923832294927,4.645504,0.01127731486944672,4.607296,0.010956249881890479,0.1988245,0.0012514889222313141,0.19957453,0.0011012272968143888,,,,,,,,
