,shots,val_acc,val_conf,test_acc,test_conf,val_acc_me1,val_conf_me1,test_acc_me1,test_conf_me1,val_acc_me2,val_conf_me2,test_acc_me2,test_conf_me2,val_acc_me3,val_conf_me3,test_acc_me3,test_conf_me3,val_acc_me4,val_conf_me4,test_acc_me4,test_conf_me4,val_acc_me5,val_conf_me5,test_acc_me5,test_conf_me5,val_acc_me6,val_conf_me6,test_acc_me6,test_conf_me6,val_acc_me7,val_conf_me7,test_acc_me7,test_conf_me7,val_acc_me8,val_conf_me8,test_acc_me8,test_conf_me8,val_acc_me9,val_conf_me9,test_acc_me9,test_conf_me9,val_acc_med,val_conf_med,test_acc_med,test_conf_med,val_acc_maj,val_conf_maj,test_acc_maj,test_conf_maj,val_acc_lin,val_conf_lin,test_acc_lin,test_conf_lin,val_nld,val_conf_nld,test_nld,test_conf_nld,val_mse,val_conf_mse,test_mse,test_conf_mse,val_svm,val_conf_svm,test_svm,test_conf_svm,val_mvm,val_conf_mvm,test_mvm,test_conf_mvm
0,5,0.3891067,0.007548322493069803,0.38853338,0.007538756652338108,0.3892,0.007551056250112154,0.38821337,0.007539035107658465,0.38906673,0.007574183280550206,0.38812006,0.007552740835532812,0.3887867,0.007600857268394101,0.3879867,0.00759993416360899,0.38845336,0.007614889477050357,0.38776004,0.007592018274551693,0.38844004,0.007604705308501103,0.38738668,0.007583090618318689,0.38852003,0.007611910051300852,0.38726673,0.007581191765454187,0.38828003,0.007610952312769426,0.38717335,0.007595046649329307,0.38812006,0.0076019997202391165,0.38669336,0.007614707996219661,0.38788003,0.007617971418688918,0.38653338,0.007639351522962967,0.38756004,0.007626034154830652,0.3863067,0.007637041221192242,0.39045337,0.007414450595420674,0.39117336,0.007510928206283851,0.3736267,0.006866257961326616,0.37788,0.007133802266246103,22.976475,0.02711117655030648,22.883213,0.028670578064041052,0.23427011,0.0015316730437594517,0.23334159,0.0015269724362640125,,,,,,,,
