,shots,val_acc,val_conf,test_acc,test_conf,val_acc_me1,val_conf_me1,test_acc_me1,test_conf_me1,val_acc_me2,val_conf_me2,test_acc_me2,test_conf_me2,val_acc_me3,val_conf_me3,test_acc_me3,test_conf_me3,val_acc_me4,val_conf_me4,test_acc_me4,test_conf_me4,val_acc_me5,val_conf_me5,test_acc_me5,test_conf_me5,val_acc_me6,val_conf_me6,test_acc_me6,test_conf_me6,val_acc_me7,val_conf_me7,test_acc_me7,test_conf_me7,val_acc_me8,val_conf_me8,test_acc_me8,test_conf_me8,val_acc_me9,val_conf_me9,test_acc_me9,test_conf_me9,val_acc_med,val_conf_med,test_acc_med,test_conf_med,val_acc_maj,val_conf_maj,test_acc_maj,test_conf_maj,val_acc_lin,val_conf_lin,test_acc_lin,test_conf_lin,val_nld,val_conf_nld,test_nld,test_conf_nld,val_mse,val_conf_mse,test_mse,test_conf_mse,val_svm,val_conf_svm,test_svm,test_conf_svm,val_mvm,val_conf_mvm,test_mvm,test_conf_mvm
0,5,0.79840016,0.004388593460260992,0.8055201,0.00439878501734281,0.7985868,0.004386190801833445,0.80508006,0.0044002788862670394,0.7983734,0.0043796676511611565,0.8048001,0.004384603652685781,0.7981868,0.004373606283773146,0.8046001,0.004392203681976681,0.7979601,0.004366104152538353,0.8044267,0.0043750336559045255,0.7977734,0.0043687275433758055,0.80434674,0.004370652256104224,0.79762685,0.0043680394862823935,0.80429345,0.004346073840803988,0.79724014,0.004362075555167211,0.80389345,0.00436744609476214,0.7969868,0.004371059548960887,0.8039867,0.004373926299588993,0.7965868,0.004366329040997763,0.8038134,0.004365682082616673,0.79616016,0.004381379481795622,0.8034801,0.004350834364680534,0.7985468,0.004355563949077101,0.8055734,0.004378899705559602,0.79220015,0.004313269218079396,0.79713345,0.0044203470642307785,4.7411923,0.012851632906824229,4.711588,0.013087477636418932,0.14730798,0.0009634838081107044,0.14655738,0.0009357512975337046,,,,,,,,
