,shots,val_acc,val_conf,test_acc,test_conf,val_acc_me1,val_conf_me1,test_acc_me1,test_conf_me1,val_acc_me2,val_conf_me2,test_acc_me2,test_conf_me2,val_acc_me3,val_conf_me3,test_acc_me3,test_conf_me3,val_acc_me4,val_conf_me4,test_acc_me4,test_conf_me4,val_acc_me5,val_conf_me5,test_acc_me5,test_conf_me5,val_acc_me6,val_conf_me6,test_acc_me6,test_conf_me6,val_acc_me7,val_conf_me7,test_acc_me7,test_conf_me7,val_acc_me8,val_conf_me8,test_acc_me8,test_conf_me8,val_acc_me9,val_conf_me9,test_acc_me9,test_conf_me9,val_acc_med,val_conf_med,test_acc_med,test_conf_med,val_acc_maj,val_conf_maj,test_acc_maj,test_conf_maj,val_acc_lin,val_conf_lin,test_acc_lin,test_conf_lin,val_nld,val_conf_nld,test_nld,test_conf_nld,val_mse,val_conf_mse,test_mse,test_conf_mse,val_svm,val_conf_svm,test_svm,test_conf_svm,val_mvm,val_conf_mvm,test_mvm,test_conf_mvm
0,5,0.3362667,0.00511322471335629,0.39264005,0.005906278395667874,0.33845338,0.005149656181994755,0.39408004,0.005918509649515846,0.34037334,0.00517538997907202,0.39520007,0.005919290986832637,0.34264004,0.005228061442248411,0.3967467,0.005898933732533029,0.34529337,0.005301656767814078,0.3978667,0.005895568255957995,0.34712005,0.005403349297305404,0.39898673,0.005921821097446656,0.34762672,0.00538154296706006,0.40014672,0.005931547638761248,0.34793338,0.0054304273455229035,0.4005067,0.005966118582547808,0.34874672,0.005443483806099714,0.4007467,0.005998931055588186,0.3497467,0.005509142924143506,0.40101337,0.006033437811498232,0.35033336,0.005541912451338504,0.40004003,0.006055986227481214,0.33885333,0.005093198095888152,0.3951734,0.005934893720438372,0.34333336,0.004905934353139296,0.40014672,0.005861873315061494,10.653902,0.013807036661919625,10.663019,0.013514786027730707,0.23956682,0.0007905814100539199,0.22737375,0.0011453376442396024,,,,,,,,
