,shots,val_acc,val_conf,test_acc,test_conf,val_acc_me1,val_conf_me1,test_acc_me1,test_conf_me1,val_acc_me2,val_conf_me2,test_acc_me2,test_conf_me2,val_acc_me3,val_conf_me3,test_acc_me3,test_conf_me3,val_acc_me4,val_conf_me4,test_acc_me4,test_conf_me4,val_acc_me5,val_conf_me5,test_acc_me5,test_conf_me5,val_acc_me6,val_conf_me6,test_acc_me6,test_conf_me6,val_acc_me7,val_conf_me7,test_acc_me7,test_conf_me7,val_acc_me8,val_conf_me8,test_acc_me8,test_conf_me8,val_acc_me9,val_conf_me9,test_acc_me9,test_conf_me9,val_acc_med,val_conf_med,test_acc_med,test_conf_med,val_acc_maj,val_conf_maj,test_acc_maj,test_conf_maj,val_acc_lin,val_conf_lin,test_acc_lin,test_conf_lin,val_nld,val_conf_nld,test_nld,test_conf_nld,val_mse,val_conf_mse,test_mse,test_conf_mse,val_svm,val_conf_svm,test_svm,test_conf_svm,val_mvm,val_conf_mvm,test_mvm,test_conf_mvm
0,5,0.3629734,0.007152585763113228,0.39606673,0.007567337805145624,0.36326668,0.00714941700621724,0.3957467,0.00759273680934186,0.36326674,0.007146547946672632,0.39560005,0.007612063825134463,0.36326674,0.007154196463208473,0.39565334,0.007615324015120717,0.36326674,0.007159449709849219,0.39582673,0.007636001285236282,0.36316004,0.007163833880349191,0.39577338,0.007645908383815014,0.36337334,0.00717737936942392,0.3955067,0.007652027012330309,0.36333337,0.007168731092077885,0.39536005,0.0076681561788800034,0.36304003,0.007167897111466648,0.39536005,0.007695209752583476,0.36272004,0.007166961076749634,0.39548004,0.007715313026076753,0.3625067,0.007166115551556329,0.39536005,0.007723850475434613,0.3653067,0.0070905908954293495,0.3963067,0.007572047071077614,0.35852003,0.0068259752200980905,0.3861867,0.007254763626836247,4.346471,0.00993949637035918,4.4259562,0.010969418094022743,0.23510833,0.0010814528130194123,0.23050714,0.0011183401772051904,,,,,,,,
