,shots,val_acc,val_conf,test_acc,test_conf,val_acc_me1,val_conf_me1,test_acc_me1,test_conf_me1,val_acc_me2,val_conf_me2,test_acc_me2,test_conf_me2,val_acc_me3,val_conf_me3,test_acc_me3,test_conf_me3,val_acc_me4,val_conf_me4,test_acc_me4,test_conf_me4,val_acc_me5,val_conf_me5,test_acc_me5,test_conf_me5,val_acc_me6,val_conf_me6,test_acc_me6,test_conf_me6,val_acc_me7,val_conf_me7,test_acc_me7,test_conf_me7,val_acc_me8,val_conf_me8,test_acc_me8,test_conf_me8,val_acc_me9,val_conf_me9,test_acc_me9,test_conf_me9,val_acc_med,val_conf_med,test_acc_med,test_conf_med,val_acc_maj,val_conf_maj,test_acc_maj,test_conf_maj,val_acc_lin,val_conf_lin,test_acc_lin,test_conf_lin,val_nld,val_conf_nld,test_nld,test_conf_nld,val_mse,val_conf_mse,test_mse,test_conf_mse,val_svm,val_conf_svm,test_svm,test_conf_svm,val_mvm,val_conf_mvm,test_mvm,test_conf_mvm
0,5,0.30522668,0.004297037073857313,0.3650667,0.00514627408122148,0.30489337,0.004306490701250998,0.36437336,0.005164494202481884,0.3044267,0.0042915797190049565,0.36420006,0.005164848852044157,0.30421337,0.004294156931513915,0.3632667,0.005195544510509853,0.30441335,0.004291154878383496,0.36273336,0.005221138849035301,0.30329335,0.00429374732974086,0.36249334,0.005258260221900346,0.3024267,0.004317711573273153,0.36220008,0.005278744928386425,0.30122668,0.0043242508863604034,0.36164004,0.005296463091216952,0.30056003,0.004322724692606195,0.36068004,0.00528719602427008,0.29946667,0.00429815551297158,0.35920003,0.005316336396634758,0.2990667,0.004280840025164878,0.35784003,0.005311921286654753,0.30534667,0.004275255679909329,0.3642267,0.005041116791748956,0.30352002,0.00418059472448612,0.35653338,0.0048372376246521576,9.660916,0.008049850540947645,9.710381,0.009797909921164916,0.25074947,0.0009104167698285037,0.23999068,0.0010021985641978093,,,,,,,,
