,shots,val_acc,val_conf,test_acc,test_conf,val_acc_me1,val_conf_me1,test_acc_me1,test_conf_me1,val_acc_me2,val_conf_me2,test_acc_me2,test_conf_me2,val_acc_me3,val_conf_me3,test_acc_me3,test_conf_me3,val_acc_me4,val_conf_me4,test_acc_me4,test_conf_me4,val_acc_me5,val_conf_me5,test_acc_me5,test_conf_me5,val_acc_me6,val_conf_me6,test_acc_me6,test_conf_me6,val_acc_me7,val_conf_me7,test_acc_me7,test_conf_me7,val_acc_me8,val_conf_me8,test_acc_me8,test_conf_me8,val_acc_me9,val_conf_me9,test_acc_me9,test_conf_me9,val_acc_med,val_conf_med,test_acc_med,test_conf_med,val_acc_maj,val_conf_maj,test_acc_maj,test_conf_maj,val_acc_lin,val_conf_lin,test_acc_lin,test_conf_lin,val_nld,val_conf_nld,test_nld,test_conf_nld,val_mse,val_conf_mse,test_mse,test_conf_mse,val_svm,val_conf_svm,test_svm,test_conf_svm,val_mvm,val_conf_mvm,test_mvm,test_conf_mvm
0,5,0.49925336,0.006077838736055052,0.5298934,0.00598413090133032,0.4993067,0.006059389108502344,0.53018665,0.005973203723476872,0.4988667,0.006063306877885255,0.53092,0.005965297531868474,0.4983467,0.006095682503938882,0.53101337,0.005978547017858049,0.4988,0.006118254009086055,0.5316534,0.005968843103924426,0.49832,0.006099354142831359,0.53168005,0.0059705891065219285,0.49833336,0.006113361876973533,0.53146666,0.0059855564263285865,0.49824002,0.006096353013267497,0.53129333,0.0059763664771902425,0.49801338,0.006106169140539186,0.5314934,0.005961671147737935,0.49781334,0.006131491026927005,0.53164,0.005971633660310727,0.49752003,0.006125596363304453,0.5316,0.005975652098449635,0.4985467,0.005975138595437635,0.5300934,0.005891481935676346,0.4883067,0.006019294313070467,0.51277333,0.005868595494329276,23.674015,0.027762846968069965,23.385708,0.02424072611447059,0.20837997,0.0012370703164120145,0.20112213,0.001245094839986971,,,,,,,,
