,shots,val_acc,val_conf,test_acc,test_conf,val_acc_me1,val_conf_me1,test_acc_me1,test_conf_me1,val_acc_me2,val_conf_me2,test_acc_me2,test_conf_me2,val_acc_me3,val_conf_me3,test_acc_me3,test_conf_me3,val_acc_me4,val_conf_me4,test_acc_me4,test_conf_me4,val_acc_me5,val_conf_me5,test_acc_me5,test_conf_me5,val_acc_me6,val_conf_me6,test_acc_me6,test_conf_me6,val_acc_me7,val_conf_me7,test_acc_me7,test_conf_me7,val_acc_me8,val_conf_me8,test_acc_me8,test_conf_me8,val_acc_me9,val_conf_me9,test_acc_me9,test_conf_me9,val_acc_med,val_conf_med,test_acc_med,test_conf_med,val_acc_maj,val_conf_maj,test_acc_maj,test_conf_maj,val_acc_lin,val_conf_lin,test_acc_lin,test_conf_lin,val_nld,val_conf_nld,test_nld,test_conf_nld,val_mse,val_conf_mse,test_mse,test_conf_mse,val_svm,val_conf_svm,test_svm,test_conf_svm,val_mvm,val_conf_mvm,test_mvm,test_conf_mvm
0,5,0.5547867,0.0056069527797815155,0.5950668,0.005750386823896059,0.55446666,0.005605773385273682,0.5948401,0.005759066502505461,0.5543467,0.005620111756247437,0.59466666,0.005745207462580781,0.55378675,0.005619297632317388,0.59454674,0.005748878177906702,0.55344003,0.005588623215882715,0.5940267,0.00574576021717188,0.55329335,0.005569021439036037,0.5936934,0.005708996726352167,0.5526533,0.005586265812216995,0.59356004,0.005693074900496975,0.5521733,0.005608922285488482,0.59305334,0.005713083508417038,0.55134666,0.005599124629548147,0.5928267,0.005725335080729588,0.55068004,0.0056051407421744415,0.59225345,0.005735765841552554,0.55006665,0.005605480614671587,0.59197336,0.005720379684307053,0.5562933,0.005667259829561733,0.59660006,0.005736989567255546,0.55616003,0.005522986725219781,0.59021336,0.00558454289878374,5.006291,0.012903588144126843,4.9205475,0.01189585603083465,0.20010966,0.0009383421903725042,0.19041428,0.0009991856591601844,,,,,,,,
