,shots,val_acc,val_conf,test_acc,test_conf,val_acc_me1,val_conf_me1,test_acc_me1,test_conf_me1,val_acc_me2,val_conf_me2,test_acc_me2,test_conf_me2,val_acc_me3,val_conf_me3,test_acc_me3,test_conf_me3,val_acc_me4,val_conf_me4,test_acc_me4,test_conf_me4,val_acc_me5,val_conf_me5,test_acc_me5,test_conf_me5,val_acc_me6,val_conf_me6,test_acc_me6,test_conf_me6,val_acc_me7,val_conf_me7,test_acc_me7,test_conf_me7,val_acc_me8,val_conf_me8,test_acc_me8,test_conf_me8,val_acc_me9,val_conf_me9,test_acc_me9,test_conf_me9,val_acc_med,val_conf_med,test_acc_med,test_conf_med,val_acc_maj,val_conf_maj,test_acc_maj,test_conf_maj,val_acc_lin,val_conf_lin,test_acc_lin,test_conf_lin,val_nld,val_conf_nld,test_nld,test_conf_nld,val_mse,val_conf_mse,test_mse,test_conf_mse,val_svm,val_conf_svm,test_svm,test_conf_svm,val_mvm,val_conf_mvm,test_mvm,test_conf_mvm
0,5,0.40089333,0.008045239173072316,0.39893338,0.0078912039701029,0.40125334,0.008092373392888097,0.39890668,0.007933265962325353,0.4011867,0.008120451663699124,0.3986667,0.007970179070929229,0.40116003,0.008164877986336583,0.3982134,0.007998349698397078,0.40137336,0.008180643267658327,0.39796,0.008022396601137238,0.40078667,0.008215295485302865,0.3979734,0.008044236179779063,0.40066668,0.008243787513936507,0.39761338,0.00808374358687347,0.40018672,0.008276902916811324,0.39745337,0.008117986664528232,0.39992002,0.008289783899740166,0.39708,0.008112110934020367,0.39973336,0.008291500809990693,0.39672002,0.008127705355526982,0.39976,0.008338202800652561,0.39661333,0.00814559945778881,0.4066667,0.007953865191065834,0.4040534,0.007815734727970036,0.39560005,0.007646024291419307,0.39544007,0.007205328802698696,5.0099316,0.01471450269428587,5.0050545,0.015231566978976652,0.22886685,0.0013461954787538088,0.22849219,0.00129128355852845,,,,,,,,
