,shots,val_acc,val_conf,test_acc,test_conf,val_acc_me1,val_conf_me1,test_acc_me1,test_conf_me1,val_acc_me2,val_conf_me2,test_acc_me2,test_conf_me2,val_acc_me3,val_conf_me3,test_acc_me3,test_conf_me3,val_acc_me4,val_conf_me4,test_acc_me4,test_conf_me4,val_acc_me5,val_conf_me5,test_acc_me5,test_conf_me5,val_acc_me6,val_conf_me6,test_acc_me6,test_conf_me6,val_acc_me7,val_conf_me7,test_acc_me7,test_conf_me7,val_acc_me8,val_conf_me8,test_acc_me8,test_conf_me8,val_acc_me9,val_conf_me9,test_acc_me9,test_conf_me9,val_acc_med,val_conf_med,test_acc_med,test_conf_med,val_acc_maj,val_conf_maj,test_acc_maj,test_conf_maj,val_acc_lin,val_conf_lin,test_acc_lin,test_conf_lin,val_nld,val_conf_nld,test_nld,test_conf_nld,val_mse,val_conf_mse,test_mse,test_conf_mse,val_svm,val_conf_svm,test_svm,test_conf_svm,val_mvm,val_conf_mvm,test_mvm,test_conf_mvm
0,5,0.4783067,0.005563671679688853,0.51766664,0.006049852821900847,0.4786267,0.005564010628619442,0.51816005,0.006081891346156887,0.47876,0.005588526703176333,0.51861334,0.006091338508584565,0.47925335,0.005599190202774551,0.51853335,0.0060885724267123464,0.47945336,0.005612631328827056,0.5188,0.006070468674839513,0.47958666,0.005601337033262654,0.5186934,0.0060578712268472,0.47964004,0.005605255264428899,0.5185334,0.006032399260892052,0.47925335,0.0056026073990774194,0.51845336,0.006054944906175419,0.4788534,0.00560649469076363,0.51836,0.006054681227920189,0.4789467,0.005604797175410958,0.51812,0.006063213135878542,0.4788667,0.005598513228479929,0.5179867,0.006075776411907929,0.4787467,0.005540665636471209,0.51933336,0.006011261592842265,0.47260004,0.005461118847939095,0.5078667,0.005971006096827547,5.0513315,0.013471587125063245,4.9017515,0.012132947575296704,0.21583858,0.0008607153812901502,0.20743474,0.001007770556750498,,,,,,,,
