,shots,val_acc,val_conf,test_acc,test_conf,val_acc_me1,val_conf_me1,test_acc_me1,test_conf_me1,val_acc_me2,val_conf_me2,test_acc_me2,test_conf_me2,val_acc_me3,val_conf_me3,test_acc_me3,test_conf_me3,val_acc_me4,val_conf_me4,test_acc_me4,test_conf_me4,val_acc_me5,val_conf_me5,test_acc_me5,test_conf_me5,val_acc_me6,val_conf_me6,test_acc_me6,test_conf_me6,val_acc_me7,val_conf_me7,test_acc_me7,test_conf_me7,val_acc_me8,val_conf_me8,test_acc_me8,test_conf_me8,val_acc_me9,val_conf_me9,test_acc_me9,test_conf_me9,val_acc_med,val_conf_med,test_acc_med,test_conf_med,val_acc_maj,val_conf_maj,test_acc_maj,test_conf_maj,val_acc_lin,val_conf_lin,test_acc_lin,test_conf_lin,val_nld,val_conf_nld,test_nld,test_conf_nld,val_mse,val_conf_mse,test_mse,test_conf_mse,val_svm,val_conf_svm,test_svm,test_conf_svm,val_mvm,val_conf_mvm,test_mvm,test_conf_mvm
0,5,0.36114672,0.005625119795964306,0.3613067,0.005952688077510815,0.3614134,0.0056386034060789125,0.36205336,0.005970913740170669,0.3614134,0.005639209265747791,0.36185336,0.005988027890465486,0.3618534,0.005635020429577031,0.3619467,0.005980317494969634,0.36204004,0.005679122118565638,0.36144003,0.005986809244378555,0.3617467,0.005685753326526433,0.36137336,0.005977556492713532,0.36140004,0.005726494618556122,0.36108002,0.005983274755121504,0.36132005,0.005736348612057129,0.36093336,0.005979311730976711,0.3615867,0.005777294935864985,0.36072004,0.005983654340981082,0.3607067,0.005788250744282075,0.36004004,0.005995974719002872,0.3602267,0.005795480885162407,0.35906672,0.005993244194443581,0.36228007,0.005553518912402966,0.36208007,0.005843230662096077,0.3575467,0.005449162816928477,0.36369336,0.005692988547022881,7.8249497,0.013767820178294699,7.698203,0.014147930623698457,0.23813327,0.0011029738766409614,0.2371164,0.0011444283929530619,,,,,,,,
