,shots,val_acc,val_conf,test_acc,test_conf,val_acc_me1,val_conf_me1,test_acc_me1,test_conf_me1,val_acc_me2,val_conf_me2,test_acc_me2,test_conf_me2,val_acc_me3,val_conf_me3,test_acc_me3,test_conf_me3,val_acc_me4,val_conf_me4,test_acc_me4,test_conf_me4,val_acc_me5,val_conf_me5,test_acc_me5,test_conf_me5,val_acc_me6,val_conf_me6,test_acc_me6,test_conf_me6,val_acc_me7,val_conf_me7,test_acc_me7,test_conf_me7,val_acc_me8,val_conf_me8,test_acc_me8,test_conf_me8,val_acc_me9,val_conf_me9,test_acc_me9,test_conf_me9,val_acc_med,val_conf_med,test_acc_med,test_conf_med,val_acc_maj,val_conf_maj,test_acc_maj,test_conf_maj,val_acc_lin,val_conf_lin,test_acc_lin,test_conf_lin,val_nld,val_conf_nld,test_nld,test_conf_nld,val_mse,val_conf_mse,test_mse,test_conf_mse,val_svm,val_conf_svm,test_svm,test_conf_svm,val_mvm,val_conf_mvm,test_mvm,test_conf_mvm
0,5,0.7082268,0.005721319875073627,0.70530677,0.005782897752451888,0.7089201,0.005723298154662992,0.7060801,0.005769315320714452,0.7094801,0.005731178948190752,0.7069335,0.005775209522553726,0.71028,0.0057424441514082325,0.70737344,0.005765885194479625,0.7108801,0.005754252411767968,0.7080402,0.005744992733353604,0.7116134,0.005751829434875844,0.7083068,0.005729472197172458,0.7119201,0.005751793877562972,0.70876014,0.005719349907583382,0.7124401,0.005746606204148574,0.70934683,0.005725934475432459,0.7128401,0.005753211552245396,0.7095868,0.005746102398585529,0.71322674,0.005770847979434612,0.70965344,0.005775696242135142,0.7133468,0.005771089030308985,0.71038675,0.0057639272333547265,0.7078668,0.005741750091132092,0.7040268,0.0057528652147822434,0.69145346,0.005918177627334487,0.68929344,0.005840042972085402,4.479738,0.010229087132831438,4.455544,0.011330251858010953,0.17513363,0.0010386874094093501,0.17637543,0.0010174603862939946,,,,,,,,
