,shots,val_acc,val_conf,test_acc,test_conf,val_acc_me1,val_conf_me1,test_acc_me1,test_conf_me1,val_acc_me2,val_conf_me2,test_acc_me2,test_conf_me2,val_acc_me3,val_conf_me3,test_acc_me3,test_conf_me3,val_acc_me4,val_conf_me4,test_acc_me4,test_conf_me4,val_acc_me5,val_conf_me5,test_acc_me5,test_conf_me5,val_acc_me6,val_conf_me6,test_acc_me6,test_conf_me6,val_acc_me7,val_conf_me7,test_acc_me7,test_conf_me7,val_acc_me8,val_conf_me8,test_acc_me8,test_conf_me8,val_acc_me9,val_conf_me9,test_acc_me9,test_conf_me9,val_acc_med,val_conf_med,test_acc_med,test_conf_med,val_acc_maj,val_conf_maj,test_acc_maj,test_conf_maj,val_acc_lin,val_conf_lin,test_acc_lin,test_conf_lin,val_nld,val_conf_nld,test_nld,test_conf_nld,val_mse,val_conf_mse,test_mse,test_conf_mse,val_svm,val_conf_svm,test_svm,test_conf_svm,val_mvm,val_conf_mvm,test_mvm,test_conf_mvm
0,5,0.79410684,0.00437572633083072,0.80176014,0.004607220600104545,0.79389346,0.004353454061251649,0.8015868,0.004595056766615979,0.7936668,0.004351658647842815,0.80128014,0.004614797078447919,0.7936668,0.004347100846827989,0.8008268,0.00461297257269222,0.7934535,0.0043661300124022695,0.8004934,0.004623886820613654,0.79324013,0.004376922349536794,0.8005068,0.004591464092665087,0.79305345,0.00437985836765753,0.7997468,0.004610932875925955,0.7927867,0.004386156629870408,0.7996002,0.004601766015951858,0.7924801,0.004388772632175297,0.79948014,0.004610698751800868,0.79209346,0.004387016008562283,0.79944015,0.0046224529835163786,0.7917068,0.00439991223033942,0.7990934,0.004626823762301058,0.79412013,0.004327647302415527,0.8012401,0.004621129974407112,0.7856135,0.0043037477085430265,0.79541343,0.004635406928204078,4.7419972,0.013143969432705127,4.6954365,0.014100212709811544,0.1475181,0.0009594251948260857,0.14719424,0.0009789107177309853,,,,,,,,
