,shots,val_acc,val_conf,test_acc,test_conf,val_acc_me1,val_conf_me1,test_acc_me1,test_conf_me1,val_acc_me2,val_conf_me2,test_acc_me2,test_conf_me2,val_acc_me3,val_conf_me3,test_acc_me3,test_conf_me3,val_acc_me4,val_conf_me4,test_acc_me4,test_conf_me4,val_acc_me5,val_conf_me5,test_acc_me5,test_conf_me5,val_acc_me6,val_conf_me6,test_acc_me6,test_conf_me6,val_acc_me7,val_conf_me7,test_acc_me7,test_conf_me7,val_acc_me8,val_conf_me8,test_acc_me8,test_conf_me8,val_acc_me9,val_conf_me9,test_acc_me9,test_conf_me9,val_acc_med,val_conf_med,test_acc_med,test_conf_med,val_acc_maj,val_conf_maj,test_acc_maj,test_conf_maj,val_acc_lin,val_conf_lin,test_acc_lin,test_conf_lin,val_nld,val_conf_nld,test_nld,test_conf_nld,val_mse,val_conf_mse,test_mse,test_conf_mse,val_svm,val_conf_svm,test_svm,test_conf_svm,val_mvm,val_conf_mvm,test_mvm,test_conf_mvm
0,5,0.7389868,0.005966902228781046,0.7986801,0.005330898732501255,0.7387201,0.00597117187702656,0.7982401,0.0053218745635618125,0.73829347,0.0059693870846331265,0.79801345,0.005320860949253103,0.73812014,0.005971248071268365,0.79785347,0.005322420391403737,0.73768014,0.005963779650213441,0.7973601,0.005316233880745647,0.7374001,0.0059642520545131195,0.7967868,0.005305429075462498,0.7370401,0.005962230829078319,0.7961468,0.005311131637238842,0.73653346,0.005964963662554057,0.7955068,0.005314345648896657,0.7362001,0.005950872807420682,0.7950535,0.005314340569280485,0.73577344,0.0059668611300687235,0.79438686,0.005322207047526506,0.7355335,0.00598175133206702,0.7939735,0.00533989935049306,0.7400268,0.005914878185769079,0.79945344,0.005304810285861716,0.7292534,0.005764236166371783,0.79468006,0.005168026382822544,4.409025,0.008993851019624799,4.5051,0.009905992145958997,0.16231544,0.0012147021113556589,0.14922114,0.0010877324884550899,,,,,,,,
