,shots,val_acc,val_conf,test_acc,test_conf,val_acc_me1,val_conf_me1,test_acc_me1,test_conf_me1,val_acc_me2,val_conf_me2,test_acc_me2,test_conf_me2,val_acc_me3,val_conf_me3,test_acc_me3,test_conf_me3,val_acc_me4,val_conf_me4,test_acc_me4,test_conf_me4,val_acc_me5,val_conf_me5,test_acc_me5,test_conf_me5,val_acc_me6,val_conf_me6,test_acc_me6,test_conf_me6,val_acc_me7,val_conf_me7,test_acc_me7,test_conf_me7,val_acc_me8,val_conf_me8,test_acc_me8,test_conf_me8,val_acc_me9,val_conf_me9,test_acc_me9,test_conf_me9,val_acc_med,val_conf_med,test_acc_med,test_conf_med,val_acc_maj,val_conf_maj,test_acc_maj,test_conf_maj,val_acc_lin,val_conf_lin,test_acc_lin,test_conf_lin,val_nld,val_conf_nld,test_nld,test_conf_nld,val_mse,val_conf_mse,test_mse,test_conf_mse,val_svm,val_conf_svm,test_svm,test_conf_svm,val_mvm,val_conf_mvm,test_mvm,test_conf_mvm
0,5,0.7158268,0.0060369953899195306,0.7007068,0.005915986927434336,0.71669346,0.006032546569759711,0.70152014,0.005920826878035856,0.7169734,0.0060098956378876744,0.70193344,0.005939270040622557,0.71754676,0.006023907989862631,0.7023734,0.005967823486432988,0.7179201,0.006029665965633035,0.70314676,0.005973661812494813,0.7182801,0.006004369939109244,0.70396006,0.005974891079597255,0.7183334,0.005988467046368795,0.7042667,0.005970530921828088,0.7187734,0.006024441349555931,0.7046268,0.005977281731659456,0.7190668,0.006018285778377819,0.7048001,0.005986014053563249,0.71901345,0.006027220361360053,0.70542675,0.005978011349248469,0.7192401,0.0060168459380978145,0.7056268,0.005989183272242515,0.7156134,0.00599949489297813,0.70238674,0.005838800775050945,0.6987068,0.006128228528024304,0.68496007,0.005809553730747652,4.5328345,0.010627935820340717,4.467981,0.009986400622099545,0.17276539,0.0011424752805526406,0.17670915,0.0010494307975156825,,,,,,,,
