,shots,val_acc,val_conf,test_acc,test_conf,val_acc_me1,val_conf_me1,test_acc_me1,test_conf_me1,val_acc_me2,val_conf_me2,test_acc_me2,test_conf_me2,val_acc_me3,val_conf_me3,test_acc_me3,test_conf_me3,val_acc_me4,val_conf_me4,test_acc_me4,test_conf_me4,val_acc_me5,val_conf_me5,test_acc_me5,test_conf_me5,val_acc_me6,val_conf_me6,test_acc_me6,test_conf_me6,val_acc_me7,val_conf_me7,test_acc_me7,test_conf_me7,val_acc_me8,val_conf_me8,test_acc_me8,test_conf_me8,val_acc_me9,val_conf_me9,test_acc_me9,test_conf_me9,val_acc_med,val_conf_med,test_acc_med,test_conf_med,val_acc_maj,val_conf_maj,test_acc_maj,test_conf_maj,val_acc_lin,val_conf_lin,test_acc_lin,test_conf_lin,val_nld,val_conf_nld,test_nld,test_conf_nld,val_mse,val_conf_mse,test_mse,test_conf_mse,val_svm,val_conf_svm,test_svm,test_conf_svm,val_mvm,val_conf_mvm,test_mvm,test_conf_mvm
0,5,0.4653467,0.008084429796833714,0.4818267,0.007453205757545156,0.46897337,0.00817356597704505,0.48412,0.00746636935184386,0.47248003,0.00826541929010044,0.48518667,0.00751674713744771,0.4742,0.008350985885525075,0.4858667,0.007574309809170121,0.4762667,0.008406947554601252,0.4870667,0.007614936578945297,0.47794673,0.008466207279892946,0.48736003,0.007641650741934902,0.47892004,0.008481863580359628,0.4874267,0.0077312745652943216,0.47844002,0.008487055871606919,0.4868267,0.007766347929294037,0.4787467,0.008484713706789604,0.48650667,0.007761416083819028,0.47898668,0.008525105890656415,0.4865467,0.007798499128671477,0.4777867,0.008534892002014682,0.48521337,0.007850057232349716,0.46844003,0.007952202771242811,0.48569337,0.007364370198251813,0.4830267,0.008020686155852663,0.49978667,0.007351691938184746,8.799383,0.020579141167653248,8.9207535,0.024163155758396115,0.21211635,0.0014194216085837985,0.2078449,0.0013419374905362658,,,,,,,,
