,shots,val_acc,val_conf,test_acc,test_conf,val_acc_me1,val_conf_me1,test_acc_me1,test_conf_me1,val_acc_me2,val_conf_me2,test_acc_me2,test_conf_me2,val_acc_me3,val_conf_me3,test_acc_me3,test_conf_me3,val_acc_me4,val_conf_me4,test_acc_me4,test_conf_me4,val_acc_me5,val_conf_me5,test_acc_me5,test_conf_me5,val_acc_me6,val_conf_me6,test_acc_me6,test_conf_me6,val_acc_me7,val_conf_me7,test_acc_me7,test_conf_me7,val_acc_me8,val_conf_me8,test_acc_me8,test_conf_me8,val_acc_me9,val_conf_me9,test_acc_me9,test_conf_me9,val_acc_med,val_conf_med,test_acc_med,test_conf_med,val_acc_maj,val_conf_maj,test_acc_maj,test_conf_maj,val_acc_lin,val_conf_lin,test_acc_lin,test_conf_lin,val_nld,val_conf_nld,test_nld,test_conf_nld,val_mse,val_conf_mse,test_mse,test_conf_mse,val_svm,val_conf_svm,test_svm,test_conf_svm,val_mvm,val_conf_mvm,test_mvm,test_conf_mvm
0,5,0.3730267,0.005662177442736116,0.40017337,0.0060593632486384275,0.37348005,0.005684012403545047,0.40041336,0.006068449758321159,0.3735467,0.005673109700205681,0.40042672,0.006059596910980236,0.37356007,0.005664364910153263,0.40105337,0.006089294655768851,0.37380004,0.005657062269297297,0.40106672,0.0060740548838244535,0.37381336,0.005663639910397089,0.40089336,0.006093320944223546,0.37386674,0.005660965261615136,0.4007867,0.006112084122626205,0.37377337,0.005621309160303234,0.40096006,0.006113163771944596,0.3737867,0.005626592422857513,0.40100005,0.006131172396460882,0.37369335,0.0056312938384737166,0.4009867,0.0061263282898099125,0.37329337,0.005629031100381265,0.40082672,0.006118492289260702,0.3745067,0.005555395137886554,0.4024667,0.006024738276207642,0.36825338,0.005357672927317703,0.39309338,0.005828354313596351,4.760877,0.012188651569299935,4.6222873,0.010366909124694068,0.23339319,0.0008275057169024602,0.22872815,0.0009168241283422918,,,,,,,,
