,shots,val_acc,val_conf,test_acc,test_conf,val_acc_me1,val_conf_me1,test_acc_me1,test_conf_me1,val_acc_me2,val_conf_me2,test_acc_me2,test_conf_me2,val_acc_me3,val_conf_me3,test_acc_me3,test_conf_me3,val_acc_me4,val_conf_me4,test_acc_me4,test_conf_me4,val_acc_me5,val_conf_me5,test_acc_me5,test_conf_me5,val_acc_me6,val_conf_me6,test_acc_me6,test_conf_me6,val_acc_me7,val_conf_me7,test_acc_me7,test_conf_me7,val_acc_me8,val_conf_me8,test_acc_me8,test_conf_me8,val_acc_me9,val_conf_me9,test_acc_me9,test_conf_me9,val_acc_med,val_conf_med,test_acc_med,test_conf_med,val_acc_maj,val_conf_maj,test_acc_maj,test_conf_maj,val_acc_lin,val_conf_lin,test_acc_lin,test_conf_lin,val_nld,val_conf_nld,test_nld,test_conf_nld,val_mse,val_conf_mse,test_mse,test_conf_mse,val_svm,val_conf_svm,test_svm,test_conf_svm,val_mvm,val_conf_mvm,test_mvm,test_conf_mvm
0,5,0.36100003,0.0048262707334362775,0.44468006,0.005596438897967404,0.36328006,0.004869849683747263,0.44556004,0.0056239353218403565,0.36513337,0.004902398940315633,0.44677338,0.005647759645037553,0.36756006,0.004933447862993767,0.44726673,0.005663837091859414,0.3694134,0.004915543601499706,0.44817337,0.00570276449914886,0.37160006,0.004975502928466935,0.44833335,0.005769096897221049,0.37289336,0.005069473517880341,0.44901335,0.005827729520812841,0.37452003,0.005129074501019015,0.44956005,0.0058579089055668665,0.37505338,0.005123692878625241,0.44882673,0.005916481497331705,0.37428004,0.005160358933172127,0.44794673,0.005959138266424191,0.37400007,0.005189127569992957,0.44721338,0.006005847645618567,0.36468005,0.004814672584470936,0.4457334,0.005528062185296223,0.36686674,0.004775894333182262,0.4462534,0.0055630681289364214,10.801377,0.012341405785438297,10.831996,0.013177808911768452,0.23646009,0.0008401436863779421,0.21860695,0.0012460448436483473,,,,,,,,
