,shots,val_acc,val_conf,test_acc,test_conf,val_acc_me1,val_conf_me1,test_acc_me1,test_conf_me1,val_acc_me2,val_conf_me2,test_acc_me2,test_conf_me2,val_acc_me3,val_conf_me3,test_acc_me3,test_conf_me3,val_acc_me4,val_conf_me4,test_acc_me4,test_conf_me4,val_acc_me5,val_conf_me5,test_acc_me5,test_conf_me5,val_acc_me6,val_conf_me6,test_acc_me6,test_conf_me6,val_acc_me7,val_conf_me7,test_acc_me7,test_conf_me7,val_acc_me8,val_conf_me8,test_acc_me8,test_conf_me8,val_acc_me9,val_conf_me9,test_acc_me9,test_conf_me9,val_acc_med,val_conf_med,test_acc_med,test_conf_med,val_acc_maj,val_conf_maj,test_acc_maj,test_conf_maj,val_acc_lin,val_conf_lin,test_acc_lin,test_conf_lin,val_nld,val_conf_nld,test_nld,test_conf_nld,val_mse,val_conf_mse,test_mse,test_conf_mse,val_svm,val_conf_svm,test_svm,test_conf_svm,val_mvm,val_conf_mvm,test_mvm,test_conf_mvm
0,5,0.3945867,0.006127145184439575,0.42908,0.006300260349144549,0.3946267,0.0061237649307994135,0.42920005,0.006321689402446762,0.39494672,0.0061168829745153475,0.42945337,0.00634023046308968,0.39505342,0.006118335744727366,0.42969337,0.0063483199826618875,0.39493337,0.006111529520901882,0.42968005,0.006346998358902567,0.39524004,0.00610279581364831,0.43008006,0.006342663599213982,0.3953067,0.006092400148354937,0.43013337,0.006345569601421297,0.39562672,0.006098474445674962,0.43000007,0.00634315031879551,0.39568004,0.006108700174719761,0.43036005,0.006378121628689448,0.39560005,0.00610792160810264,0.4305067,0.0063709783030665434,0.3954267,0.006132285755959033,0.43057337,0.006392621623812544,0.39477336,0.005946250356746119,0.42894667,0.006217992733502098,0.38932008,0.00572168283673502,0.41957337,0.006043555945037804,4.979139,0.013661683908259725,4.8655705,0.011118460496123639,0.23000516,0.000880677753158865,0.22348112,0.0009911256937182034,,,,,,,,
