,shots,val_acc,val_conf,test_acc,test_conf,val_acc_me1,val_conf_me1,test_acc_me1,test_conf_me1,val_acc_me2,val_conf_me2,test_acc_me2,test_conf_me2,val_acc_me3,val_conf_me3,test_acc_me3,test_conf_me3,val_acc_me4,val_conf_me4,test_acc_me4,test_conf_me4,val_acc_me5,val_conf_me5,test_acc_me5,test_conf_me5,val_acc_me6,val_conf_me6,test_acc_me6,test_conf_me6,val_acc_me7,val_conf_me7,test_acc_me7,test_conf_me7,val_acc_me8,val_conf_me8,test_acc_me8,test_conf_me8,val_acc_me9,val_conf_me9,test_acc_me9,test_conf_me9,val_acc_med,val_conf_med,test_acc_med,test_conf_med,val_acc_maj,val_conf_maj,test_acc_maj,test_conf_maj,val_acc_lin,val_conf_lin,test_acc_lin,test_conf_lin,val_nld,val_conf_nld,test_nld,test_conf_nld,val_mse,val_conf_mse,test_mse,test_conf_mse,val_svm,val_conf_svm,test_svm,test_conf_svm,val_mvm,val_conf_mvm,test_mvm,test_conf_mvm
0,5,0.34565336,0.006650233432072716,0.38396,0.007452727811846027,0.3458,0.006638429327762652,0.38382673,0.007461245866305921,0.34584004,0.0066323194731297,0.3838667,0.007478280128092596,0.3462667,0.006664654000471004,0.3837867,0.0075038070462585815,0.34628004,0.006655367538626222,0.38373336,0.007524197548954614,0.34632,0.006651112205662502,0.3834267,0.007533383803826732,0.34648004,0.006656993015786483,0.38348004,0.007546165041566133,0.34660003,0.0066760231049273755,0.38329333,0.007563588586661396,0.34637335,0.00669486524827162,0.38305333,0.007579775014338319,0.34628004,0.006701022204799512,0.3829867,0.0075985229538925725,0.34644005,0.00669022802053193,0.38266668,0.007614887629917189,0.34680006,0.006654018207869816,0.3871867,0.0074832867824596305,0.3422534,0.0065187549571854575,0.38029337,0.007266853574999288,4.314439,0.00916986710692047,4.3788476,0.01137914085430669,0.23792005,0.0010177337619982352,0.23159233,0.0011164421324613982,,,,,,,,
