,shots,val_acc,val_conf,test_acc,test_conf,val_acc_me1,val_conf_me1,test_acc_me1,test_conf_me1,val_acc_me2,val_conf_me2,test_acc_me2,test_conf_me2,val_acc_me3,val_conf_me3,test_acc_me3,test_conf_me3,val_acc_me4,val_conf_me4,test_acc_me4,test_conf_me4,val_acc_me5,val_conf_me5,test_acc_me5,test_conf_me5,val_acc_me6,val_conf_me6,test_acc_me6,test_conf_me6,val_acc_me7,val_conf_me7,test_acc_me7,test_conf_me7,val_acc_me8,val_conf_me8,test_acc_me8,test_conf_me8,val_acc_me9,val_conf_me9,test_acc_me9,test_conf_me9,val_acc_med,val_conf_med,test_acc_med,test_conf_med,val_acc_maj,val_conf_maj,test_acc_maj,test_conf_maj,val_acc_lin,val_conf_lin,test_acc_lin,test_conf_lin,val_nld,val_conf_nld,test_nld,test_conf_nld,val_mse,val_conf_mse,test_mse,test_conf_mse,val_svm,val_conf_svm,test_svm,test_conf_svm,val_mvm,val_conf_mvm,test_mvm,test_conf_mvm
0,5,0.37369338,0.005923324202036617,0.41257337,0.0061602250300015204,0.37373337,0.005918869840477459,0.4133334,0.006197743998274219,0.3739734,0.005945063573705778,0.41381338,0.006207701893014228,0.3737867,0.005964989522417974,0.4140667,0.006228111328824948,0.3739067,0.005975312225952434,0.41402668,0.006242107518384998,0.37440002,0.005966636703392647,0.4138267,0.006253395810766671,0.37440002,0.00597876913561779,0.41392004,0.006258992162387622,0.37428004,0.00599329314347169,0.41380006,0.006292526402701171,0.3748667,0.006009230208175176,0.41380006,0.006342734252056503,0.37476003,0.006028865695201613,0.41388008,0.006362080200963738,0.3745467,0.006029612860555367,0.41424006,0.0063589663962785314,0.37476003,0.005804959448853397,0.41288003,0.006176244292129596,0.3698534,0.005658216727507714,0.4048667,0.005952423013905694,4.8138576,0.012812186455123609,4.7067122,0.011103478399251188,0.23318772,0.0008664869219445204,0.22652267,0.0009743366388554053,,,,,,,,
