,shots,val_acc,val_conf,test_acc,test_conf,val_acc_me1,val_conf_me1,test_acc_me1,test_conf_me1,val_acc_me2,val_conf_me2,test_acc_me2,test_conf_me2,val_acc_me3,val_conf_me3,test_acc_me3,test_conf_me3,val_acc_me4,val_conf_me4,test_acc_me4,test_conf_me4,val_acc_me5,val_conf_me5,test_acc_me5,test_conf_me5,val_acc_me6,val_conf_me6,test_acc_me6,test_conf_me6,val_acc_me7,val_conf_me7,test_acc_me7,test_conf_me7,val_acc_me8,val_conf_me8,test_acc_me8,test_conf_me8,val_acc_me9,val_conf_me9,test_acc_me9,test_conf_me9,val_acc_med,val_conf_med,test_acc_med,test_conf_med,val_acc_maj,val_conf_maj,test_acc_maj,test_conf_maj,val_acc_lin,val_conf_lin,test_acc_lin,test_conf_lin,val_nld,val_conf_nld,test_nld,test_conf_nld,val_mse,val_conf_mse,test_mse,test_conf_mse,val_svm,val_conf_svm,test_svm,test_conf_svm,val_mvm,val_conf_mvm,test_mvm,test_conf_mvm
0,5,0.8245868,0.004350895781857322,0.81421345,0.004246089909464068,0.8248934,0.004342374956697759,0.8144668,0.0042351391806630945,0.8248934,0.0043330774120541315,0.8144801,0.00425453084611549,0.8248135,0.004325210472024943,0.81437343,0.004251904222795089,0.8243734,0.00433048126643043,0.8140401,0.004261722197200002,0.8242134,0.004344014749139813,0.8140134,0.0042566028677115675,0.8239334,0.004338726406969418,0.81389344,0.004255465033699446,0.82378674,0.004331659275588429,0.8136268,0.00425090723268462,0.8237334,0.0043066721820816944,0.8134401,0.0042472406734082035,0.8233468,0.004302495814059615,0.8132268,0.004274035648472507,0.82278675,0.004320516906724525,0.81320006,0.004277549819265092,0.8244135,0.004326851188033554,0.8148135,0.004269293595927315,0.8154135,0.004337204831048047,0.8077068,0.00440587431432149,5.0323644,0.01453420310524578,4.9726677,0.015087679001894116,0.13702154,0.0010284307408845172,0.14064288,0.000984377192803254,,,,,,,,
