,shots,val_acc,val_conf,test_acc,test_conf,val_acc_me1,val_conf_me1,test_acc_me1,test_conf_me1,val_acc_me2,val_conf_me2,test_acc_me2,test_conf_me2,val_acc_me3,val_conf_me3,test_acc_me3,test_conf_me3,val_acc_me4,val_conf_me4,test_acc_me4,test_conf_me4,val_acc_me5,val_conf_me5,test_acc_me5,test_conf_me5,val_acc_me6,val_conf_me6,test_acc_me6,test_conf_me6,val_acc_me7,val_conf_me7,test_acc_me7,test_conf_me7,val_acc_me8,val_conf_me8,test_acc_me8,test_conf_me8,val_acc_me9,val_conf_me9,test_acc_me9,test_conf_me9,val_acc_med,val_conf_med,test_acc_med,test_conf_med,val_acc_maj,val_conf_maj,test_acc_maj,test_conf_maj,val_acc_lin,val_conf_lin,test_acc_lin,test_conf_lin,val_nld,val_conf_nld,test_nld,test_conf_nld,val_mse,val_conf_mse,test_mse,test_conf_mse,val_svm,val_conf_svm,test_svm,test_conf_svm,val_mvm,val_conf_mvm,test_mvm,test_conf_mvm
0,5,0.559,0.007354370743016259,0.6242933,0.007689407445617746,0.5597467,0.007395123117844737,0.62496,0.007666137724144928,0.5605067,0.007409433781821351,0.62534666,0.007684021667174412,0.56096,0.007417099384338766,0.62576,0.007697895484164219,0.56154674,0.007433106640101439,0.6260934,0.007676809997625433,0.56177336,0.007457473558657446,0.62612003,0.007692118575279183,0.5623067,0.00747229772564606,0.6262001,0.007712463361430166,0.5622267,0.00748272202150313,0.62612,0.007725462099096414,0.56276,0.007499196140166031,0.62625337,0.007721333756535831,0.56280005,0.007531566686603486,0.6262134,0.0077240250295159685,0.5631467,0.007539296015214081,0.6261067,0.007737615773352635,0.55866677,0.007336624873188646,0.6253067,0.007500902429401046,0.54334676,0.007028101919631435,0.6082001,0.007409628192584061,4.460323,0.010879941117747371,4.5581985,0.011788376895009556,0.20185477,0.0012138725176856213,0.19121103,0.0012952622833048988,,,,,,,,
