,shots,val_acc,val_conf,test_acc,test_conf,val_acc_me1,val_conf_me1,test_acc_me1,test_conf_me1,val_acc_me2,val_conf_me2,test_acc_me2,test_conf_me2,val_acc_me3,val_conf_me3,test_acc_me3,test_conf_me3,val_acc_me4,val_conf_me4,test_acc_me4,test_conf_me4,val_acc_me5,val_conf_me5,test_acc_me5,test_conf_me5,val_acc_me6,val_conf_me6,test_acc_me6,test_conf_me6,val_acc_me7,val_conf_me7,test_acc_me7,test_conf_me7,val_acc_me8,val_conf_me8,test_acc_me8,test_conf_me8,val_acc_me9,val_conf_me9,test_acc_me9,test_conf_me9,val_acc_med,val_conf_med,test_acc_med,test_conf_med,val_acc_maj,val_conf_maj,test_acc_maj,test_conf_maj,val_acc_lin,val_conf_lin,test_acc_lin,test_conf_lin,val_nld,val_conf_nld,test_nld,test_conf_nld,val_mse,val_conf_mse,test_mse,test_conf_mse,val_svm,val_conf_svm,test_svm,test_conf_svm,val_mvm,val_conf_mvm,test_mvm,test_conf_mvm
0,5,0.41412005,0.007243957436203263,0.4525467,0.007382859077383619,0.4178667,0.0073383200796248715,0.4553467,0.007419835450297452,0.4222267,0.007371395769137257,0.45732003,0.007484844839260429,0.42626673,0.007436626352293363,0.45873335,0.007529527913403888,0.43062672,0.00754557165004599,0.45978668,0.007581136351460072,0.4334267,0.0076601756401628585,0.4604667,0.007661461244826029,0.43558672,0.0077597241098658065,0.46172002,0.007676374074205183,0.43805334,0.007877117732802419,0.4623067,0.007725141621497178,0.44022667,0.008006407816705974,0.4622267,0.007795263874982528,0.44193336,0.008082856039401287,0.46158668,0.007929067428705638,0.44266668,0.008160128083475549,0.46128002,0.007972699484094237,0.41917333,0.007204717863413701,0.45908004,0.007329317614499897,0.43309337,0.007413728366364225,0.4619734,0.007117366937379022,9.637795,0.021748875169132376,9.651442,0.019910713558074278,0.22220796,0.0012357475381944982,0.21482953,0.001330686833492245,,,,,,,,
