,shots,val_acc,val_conf,test_acc,test_conf,val_acc_me1,val_conf_me1,test_acc_me1,test_conf_me1,val_acc_me2,val_conf_me2,test_acc_me2,test_conf_me2,val_acc_me3,val_conf_me3,test_acc_me3,test_conf_me3,val_acc_me4,val_conf_me4,test_acc_me4,test_conf_me4,val_acc_me5,val_conf_me5,test_acc_me5,test_conf_me5,val_acc_me6,val_conf_me6,test_acc_me6,test_conf_me6,val_acc_me7,val_conf_me7,test_acc_me7,test_conf_me7,val_acc_me8,val_conf_me8,test_acc_me8,test_conf_me8,val_acc_me9,val_conf_me9,test_acc_me9,test_conf_me9,val_acc_med,val_conf_med,test_acc_med,test_conf_med,val_acc_maj,val_conf_maj,test_acc_maj,test_conf_maj,val_acc_lin,val_conf_lin,test_acc_lin,test_conf_lin,val_nld,val_conf_nld,test_nld,test_conf_nld,val_mse,val_conf_mse,test_mse,test_conf_mse,val_svm,val_conf_svm,test_svm,test_conf_svm,val_mvm,val_conf_mvm,test_mvm,test_conf_mvm
0,5,0.38660005,0.00781588342218753,0.4083467,0.008110218546121817,0.38664004,0.007827464023388131,0.40808,0.008126328317773546,0.3865467,0.007814656002218201,0.40748003,0.008134884238462758,0.3867867,0.007840418891642387,0.4072267,0.008137992039965292,0.38694668,0.007869211079410743,0.40654668,0.008158448115887729,0.38700005,0.007884997602763566,0.40613335,0.00817387260114577,0.38728002,0.007906448359880136,0.40608,0.00820349415169247,0.38700005,0.00791614765598092,0.40564,0.008238005063652076,0.3871867,0.007932240803434465,0.40513337,0.008238532420162592,0.38705337,0.007939419686370297,0.40428004,0.008242561941100346,0.38681334,0.007975789737831973,0.40396002,0.008269425721873946,0.3902667,0.007693353383781076,0.41056004,0.008060274836805048,0.38029337,0.0075227396991264794,0.40229338,0.00785337837772948,4.5500174,0.012143362635487875,4.6669307,0.014058116545625943,0.2313722,0.001231619888308888,0.22726299,0.0012649577552808489,,,,,,,,
