,shots,val_acc,val_conf,test_acc,test_conf,val_acc_me1,val_conf_me1,test_acc_me1,test_conf_me1,val_acc_me2,val_conf_me2,test_acc_me2,test_conf_me2,val_acc_me3,val_conf_me3,test_acc_me3,test_conf_me3,val_acc_me4,val_conf_me4,test_acc_me4,test_conf_me4,val_acc_me5,val_conf_me5,test_acc_me5,test_conf_me5,val_acc_me6,val_conf_me6,test_acc_me6,test_conf_me6,val_acc_me7,val_conf_me7,test_acc_me7,test_conf_me7,val_acc_me8,val_conf_me8,test_acc_me8,test_conf_me8,val_acc_me9,val_conf_me9,test_acc_me9,test_conf_me9,val_acc_med,val_conf_med,test_acc_med,test_conf_med,val_acc_maj,val_conf_maj,test_acc_maj,test_conf_maj,val_acc_lin,val_conf_lin,test_acc_lin,test_conf_lin,val_nld,val_conf_nld,test_nld,test_conf_nld,val_mse,val_conf_mse,test_mse,test_conf_mse,val_svm,val_conf_svm,test_svm,test_conf_svm,val_mvm,val_conf_mvm,test_mvm,test_conf_mvm
0,5,0.35840002,0.0070695428133366045,0.3893734,0.007081242554624501,0.35825336,0.007087227727770706,0.3890267,0.007088569669994549,0.35857338,0.007093962836970391,0.38904005,0.007102570939170716,0.35869336,0.007108924153594431,0.38904002,0.007141253601319564,0.35865337,0.0070955647631832375,0.38889337,0.007142152693373871,0.35860005,0.007085883938413751,0.38882673,0.007157577178631913,0.35872003,0.00710817329397434,0.3887067,0.007160338642671293,0.35880005,0.007110150188213926,0.38836002,0.007199436447992591,0.35878667,0.0071251729220147,0.38792002,0.007196316178341433,0.35856006,0.007142499030837024,0.3879067,0.007213640901813867,0.3583467,0.007147200908236451,0.38768005,0.00722140116990444,0.35940006,0.006949555815476072,0.39229336,0.007110151111780483,0.35512003,0.006763262741190601,0.38277337,0.006802704113275326,4.344363,0.009879320467031327,4.3979044,0.010998332192578175,0.23532943,0.0010669910304630381,0.23102453,0.0010486472667282642,,,,,,,,
