,shots,val_acc,val_conf,test_acc,test_conf,val_acc_me1,val_conf_me1,test_acc_me1,test_conf_me1,val_acc_me2,val_conf_me2,test_acc_me2,test_conf_me2,val_acc_me3,val_conf_me3,test_acc_me3,test_conf_me3,val_acc_me4,val_conf_me4,test_acc_me4,test_conf_me4,val_acc_me5,val_conf_me5,test_acc_me5,test_conf_me5,val_acc_me6,val_conf_me6,test_acc_me6,test_conf_me6,val_acc_me7,val_conf_me7,test_acc_me7,test_conf_me7,val_acc_me8,val_conf_me8,test_acc_me8,test_conf_me8,val_acc_me9,val_conf_me9,test_acc_me9,test_conf_me9,val_acc_med,val_conf_med,test_acc_med,test_conf_med,val_acc_maj,val_conf_maj,test_acc_maj,test_conf_maj,val_acc_lin,val_conf_lin,test_acc_lin,test_conf_lin,val_nld,val_conf_nld,test_nld,test_conf_nld,val_mse,val_conf_mse,test_mse,test_conf_mse,val_svm,val_conf_svm,test_svm,test_conf_svm,val_mvm,val_conf_mvm,test_mvm,test_conf_mvm
0,5,0.36473337,0.005684739712217668,0.39610672,0.005882819343048462,0.3649734,0.005664434639429172,0.39624006,0.005896847857438436,0.36521336,0.005644501763967691,0.3964934,0.005912671323453966,0.36498672,0.005649344023485547,0.39684007,0.005933734182611838,0.3650667,0.005645439184034595,0.3962934,0.0059563804966510925,0.36524004,0.005639196335815833,0.39644003,0.005977517702917656,0.3649734,0.005638791351875616,0.39670673,0.005981421157018829,0.3646667,0.005633795780307371,0.39672002,0.005996686788827088,0.36466673,0.005661273271065692,0.3967467,0.006005172518457114,0.3647467,0.005625159971110016,0.39673337,0.006014187913514046,0.36468005,0.005627014954562526,0.39684004,0.006013043152752584,0.36556005,0.005627702088089381,0.3964134,0.005828410651157023,0.3581867,0.005324887237707798,0.38660005,0.0056706525513505746,5.155568,0.015396457783390716,5.01705,0.012478908223267915,0.23557135,0.0008853020509665965,0.22953051,0.0009828396853585886,,,,,,,,
