,shots,val_acc,val_conf,test_acc,test_conf,val_acc_me1,val_conf_me1,test_acc_me1,test_conf_me1,val_acc_me2,val_conf_me2,test_acc_me2,test_conf_me2,val_acc_me3,val_conf_me3,test_acc_me3,test_conf_me3,val_acc_me4,val_conf_me4,test_acc_me4,test_conf_me4,val_acc_me5,val_conf_me5,test_acc_me5,test_conf_me5,val_acc_me6,val_conf_me6,test_acc_me6,test_conf_me6,val_acc_me7,val_conf_me7,test_acc_me7,test_conf_me7,val_acc_me8,val_conf_me8,test_acc_me8,test_conf_me8,val_acc_me9,val_conf_me9,test_acc_me9,test_conf_me9,val_acc_med,val_conf_med,test_acc_med,test_conf_med,val_acc_maj,val_conf_maj,test_acc_maj,test_conf_maj,val_acc_lin,val_conf_lin,test_acc_lin,test_conf_lin,val_nld,val_conf_nld,test_nld,test_conf_nld,val_mse,val_conf_mse,test_mse,test_conf_mse,val_svm,val_conf_svm,test_svm,test_conf_svm,val_mvm,val_conf_mvm,test_mvm,test_conf_mvm
0,5,0.78401345,0.005643731509449745,0.83990675,0.004917725989300736,0.78396016,0.0056591172049118565,0.8397068,0.004913454032138831,0.7837734,0.005674926817428871,0.8393734,0.004914934047564601,0.78366673,0.005688911000623631,0.83900005,0.004932468420648095,0.78368014,0.005690800617822456,0.8387867,0.004927430826801027,0.7833201,0.005707004593264231,0.8384534,0.004923671449084455,0.7830935,0.005698024755520059,0.8383868,0.004923797515921091,0.78285336,0.005707975261727505,0.8378934,0.00494241338545609,0.78272015,0.005711218365732296,0.83776015,0.004946336234455173,0.78217345,0.005705892619115915,0.8374001,0.004955117967170297,0.7817201,0.005704570071790038,0.83690673,0.004955338699580092,0.78501344,0.005632893455770116,0.84029347,0.00491484538517406,0.7724534,0.0056018015872465465,0.8356268,0.00494126400686179,4.6238656,0.011857513241183781,4.7478223,0.013466212891201756,0.14949119,0.0012851836322361199,0.13593447,0.001091221722950314,,,,,,,,
