,shots,val_acc,val_conf,test_acc,test_conf,val_acc_me1,val_conf_me1,test_acc_me1,test_conf_me1,val_acc_me2,val_conf_me2,test_acc_me2,test_conf_me2,val_acc_me3,val_conf_me3,test_acc_me3,test_conf_me3,val_acc_me4,val_conf_me4,test_acc_me4,test_conf_me4,val_acc_me5,val_conf_me5,test_acc_me5,test_conf_me5,val_acc_me6,val_conf_me6,test_acc_me6,test_conf_me6,val_acc_me7,val_conf_me7,test_acc_me7,test_conf_me7,val_acc_me8,val_conf_me8,test_acc_me8,test_conf_me8,val_acc_me9,val_conf_me9,test_acc_me9,test_conf_me9,val_acc_med,val_conf_med,test_acc_med,test_conf_med,val_acc_maj,val_conf_maj,test_acc_maj,test_conf_maj,val_acc_lin,val_conf_lin,test_acc_lin,test_conf_lin,val_nld,val_conf_nld,test_nld,test_conf_nld,val_mse,val_conf_mse,test_mse,test_conf_mse,val_svm,val_conf_svm,test_svm,test_conf_svm,val_mvm,val_conf_mvm,test_mvm,test_conf_mvm
0,5,0.6696801,0.006620081754315721,0.7420135,0.006043794686995674,0.67026675,0.006601684308274236,0.74253345,0.006059423280465381,0.6709068,0.006597736984761071,0.7430268,0.00604488449554641,0.6711201,0.006601029037793915,0.74326676,0.006059765923662197,0.6710134,0.006612167250608314,0.7434001,0.006070304741773724,0.67132014,0.006611726247571892,0.74385345,0.006056522357874128,0.6713468,0.006612584240913932,0.7439335,0.006076495408481319,0.67166674,0.00662077627637514,0.7438668,0.006081382922761058,0.67176014,0.006622619253462303,0.74400014,0.006088578891678353,0.6714935,0.006632257132386354,0.74418676,0.00610222782020875,0.67146677,0.006644071395928708,0.74440014,0.0061073619267622,0.66921335,0.006548630026755209,0.74326676,0.006022877289572404,0.6556268,0.006419154767754787,0.7307334,0.006042085165277711,4.2882733,0.008601013826909032,4.3613973,0.00960037842709216,0.18239294,0.0011560977719899945,0.1691135,0.0011246116559875674,,,,,,,,
