,shots,val_acc,val_conf,test_acc,test_conf,val_acc_me1,val_conf_me1,test_acc_me1,test_conf_me1,val_acc_me2,val_conf_me2,test_acc_me2,test_conf_me2,val_acc_me3,val_conf_me3,test_acc_me3,test_conf_me3,val_acc_me4,val_conf_me4,test_acc_me4,test_conf_me4,val_acc_me5,val_conf_me5,test_acc_me5,test_conf_me5,val_acc_me6,val_conf_me6,test_acc_me6,test_conf_me6,val_acc_me7,val_conf_me7,test_acc_me7,test_conf_me7,val_acc_me8,val_conf_me8,test_acc_me8,test_conf_me8,val_acc_me9,val_conf_me9,test_acc_me9,test_conf_me9,val_acc_med,val_conf_med,test_acc_med,test_conf_med,val_acc_maj,val_conf_maj,test_acc_maj,test_conf_maj,val_acc_lin,val_conf_lin,test_acc_lin,test_conf_lin,val_nld,val_conf_nld,test_nld,test_conf_nld,val_mse,val_conf_mse,test_mse,test_conf_mse,val_svm,val_conf_svm,test_svm,test_conf_svm,val_mvm,val_conf_mvm,test_mvm,test_conf_mvm
0,5,0.3582534,0.006864083423841427,0.36754668,0.007154514631891262,0.35881335,0.006884332620852529,0.3676267,0.007158105458708985,0.3587467,0.006912381337533358,0.3673467,0.00718101683635336,0.35841337,0.0069222477991830456,0.36740002,0.007216228735338337,0.3582,0.006950923155780553,0.3670667,0.007229011820210907,0.35812005,0.006956347262236484,0.3669067,0.007257258641920672,0.35769337,0.006976167462576566,0.36693335,0.007286585574732107,0.35764006,0.006971393085201505,0.36676005,0.007298038723746236,0.35765338,0.0069921193043451235,0.3665734,0.007322632377894878,0.3577067,0.007001762262885292,0.36649337,0.007336243901979234,0.35768005,0.007030276918899903,0.3663067,0.0073444137718428615,0.3617334,0.00673028448795121,0.37177336,0.007064788754426066,0.35192,0.0064155510110050495,0.36153337,0.0066350818607356365,4.465253,0.011271074330143627,4.4382186,0.011426451475337274,0.2360524,0.0010166753547108942,0.23445755,0.0010608804831551966,,,,,,,,
