,shots,val_acc,val_conf,test_acc,test_conf,val_acc_me1,val_conf_me1,test_acc_me1,test_conf_me1,val_acc_me2,val_conf_me2,test_acc_me2,test_conf_me2,val_acc_me3,val_conf_me3,test_acc_me3,test_conf_me3,val_acc_me4,val_conf_me4,test_acc_me4,test_conf_me4,val_acc_me5,val_conf_me5,test_acc_me5,test_conf_me5,val_acc_me6,val_conf_me6,test_acc_me6,test_conf_me6,val_acc_me7,val_conf_me7,test_acc_me7,test_conf_me7,val_acc_me8,val_conf_me8,test_acc_me8,test_conf_me8,val_acc_me9,val_conf_me9,test_acc_me9,test_conf_me9,val_acc_med,val_conf_med,test_acc_med,test_conf_med,val_acc_maj,val_conf_maj,test_acc_maj,test_conf_maj,val_acc_lin,val_conf_lin,test_acc_lin,test_conf_lin,val_nld,val_conf_nld,test_nld,test_conf_nld,val_mse,val_conf_mse,test_mse,test_conf_mse,val_svm,val_conf_svm,test_svm,test_conf_svm,val_mvm,val_conf_mvm,test_mvm,test_conf_mvm
0,5,0.31308,0.005210041273150001,0.32422668,0.005454577225935453,0.3136667,0.0052118602375063605,0.32472003,0.005469606424702234,0.31368005,0.00526380162131046,0.32532004,0.00551721258703447,0.31405336,0.00522925699917115,0.3254267,0.005538208949399381,0.31478667,0.0052703427815308235,0.32497334,0.005532683712404229,0.31516004,0.005283110627554988,0.32417333,0.005532384476836072,0.31496003,0.00529964016021206,0.3243867,0.00555210308485371,0.31476003,0.0052994748417963256,0.3240267,0.005543603039941836,0.31401336,0.005315243355601074,0.32336003,0.005533586960508097,0.31373337,0.005337299972386467,0.32248005,0.005548817496786762,0.31289336,0.005352763247440384,0.32164,0.005546751478373357,0.3128267,0.005153505145668369,0.32602668,0.005445996830732214,0.30873337,0.004898646489348457,0.32069337,0.005380811040554656,9.686916,0.009995153262467582,9.591275,0.0073562331150007765,0.24778211,0.0009657235724847835,0.24594931,0.0010607196671264807,,,,,,,,
