,shots,val_acc,val_conf,test_acc,test_conf,val_acc_me1,val_conf_me1,test_acc_me1,test_conf_me1,val_acc_me2,val_conf_me2,test_acc_me2,test_conf_me2,val_acc_me3,val_conf_me3,test_acc_me3,test_conf_me3,val_acc_me4,val_conf_me4,test_acc_me4,test_conf_me4,val_acc_me5,val_conf_me5,test_acc_me5,test_conf_me5,val_acc_me6,val_conf_me6,test_acc_me6,test_conf_me6,val_acc_me7,val_conf_me7,test_acc_me7,test_conf_me7,val_acc_me8,val_conf_me8,test_acc_me8,test_conf_me8,val_acc_me9,val_conf_me9,test_acc_me9,test_conf_me9,val_acc_med,val_conf_med,test_acc_med,test_conf_med,val_acc_maj,val_conf_maj,test_acc_maj,test_conf_maj,val_acc_lin,val_conf_lin,test_acc_lin,test_conf_lin,val_nld,val_conf_nld,test_nld,test_conf_nld,val_mse,val_conf_mse,test_mse,test_conf_mse,val_svm,val_conf_svm,test_svm,test_conf_svm,val_mvm,val_conf_mvm,test_mvm,test_conf_mvm
0,5,0.50665337,0.008136343473640784,0.5504,0.0076481914403719875,0.50725335,0.008180546293168667,0.55093336,0.007665512007794861,0.5078533,0.008209783640023005,0.5512267,0.007710569126398448,0.5084667,0.008232969778721455,0.5518267,0.007695846089948999,0.5086267,0.008247430984048676,0.55190676,0.007719585445021937,0.5087867,0.008303533958809783,0.5519867,0.007754188251855143,0.50848,0.008340244806335217,0.5517733,0.007771647354263167,0.50845337,0.008357952348150177,0.55193335,0.00776903643157445,0.50809336,0.008387325459289996,0.5516267,0.007789891488254486,0.5081867,0.00841350672436969,0.5516667,0.007813319601393864,0.508,0.008465630974354266,0.55130666,0.007835883256225196,0.50665337,0.008078754480271177,0.55304,0.007530913725039667,0.49029335,0.007683435202403555,0.5349067,0.007287733106193239,5.7563357,0.01381234347542204,5.8555174,0.01438891500124484,0.20768575,0.0015959334202355069,0.19861935,0.0014828086374236438,,,,,,,,
