,shots,val_acc,val_conf,test_acc,test_conf,val_acc_me1,val_conf_me1,test_acc_me1,test_conf_me1,val_acc_me2,val_conf_me2,test_acc_me2,test_conf_me2,val_acc_me3,val_conf_me3,test_acc_me3,test_conf_me3,val_acc_me4,val_conf_me4,test_acc_me4,test_conf_me4,val_acc_me5,val_conf_me5,test_acc_me5,test_conf_me5,val_acc_me6,val_conf_me6,test_acc_me6,test_conf_me6,val_acc_me7,val_conf_me7,test_acc_me7,test_conf_me7,val_acc_me8,val_conf_me8,test_acc_me8,test_conf_me8,val_acc_me9,val_conf_me9,test_acc_me9,test_conf_me9,val_acc_med,val_conf_med,test_acc_med,test_conf_med,val_acc_maj,val_conf_maj,test_acc_maj,test_conf_maj,val_acc_lin,val_conf_lin,test_acc_lin,test_conf_lin,val_nld,val_conf_nld,test_nld,test_conf_nld,val_mse,val_conf_mse,test_mse,test_conf_mse,val_svm,val_conf_svm,test_svm,test_conf_svm,val_mvm,val_conf_mvm,test_mvm,test_conf_mvm
0,5,0.37277338,0.007525225940328506,0.3819467,0.007358520789391143,0.37285337,0.007562310370530789,0.38205335,0.007377707423065372,0.3728267,0.007572872739589731,0.38221338,0.007399365059093221,0.37261334,0.007568381435367866,0.38225335,0.007422840274127596,0.37264,0.007596250056567833,0.38214672,0.007447051571716934,0.37258667,0.007624167165012685,0.3818267,0.007461868811956263,0.37257338,0.007645159371328036,0.38184002,0.007479882054305387,0.37268,0.007641529754714438,0.38156003,0.007491268244743332,0.3725467,0.007654353476515996,0.3812934,0.007537677003019716,0.37277338,0.0076751665109170975,0.38094673,0.007565304111562088,0.37297335,0.007675167896266932,0.38077337,0.007580455221115889,0.37509337,0.007381518982292945,0.3866534,0.00720712975750698,0.36561334,0.0070086585344512065,0.37625337,0.006969596748226059,4.699756,0.012705218051610956,4.688331,0.013619728126193387,0.23354107,0.0011713458560334844,0.23171198,0.0011698843119390678,,,,,,,,
