,shots,val_acc,val_conf,test_acc,test_conf,val_acc_me1,val_conf_me1,test_acc_me1,test_conf_me1,val_acc_me2,val_conf_me2,test_acc_me2,test_conf_me2,val_acc_me3,val_conf_me3,test_acc_me3,test_conf_me3,val_acc_me4,val_conf_me4,test_acc_me4,test_conf_me4,val_acc_me5,val_conf_me5,test_acc_me5,test_conf_me5,val_acc_me6,val_conf_me6,test_acc_me6,test_conf_me6,val_acc_me7,val_conf_me7,test_acc_me7,test_conf_me7,val_acc_me8,val_conf_me8,test_acc_me8,test_conf_me8,val_acc_me9,val_conf_me9,test_acc_me9,test_conf_me9,val_acc_med,val_conf_med,test_acc_med,test_conf_med,val_acc_maj,val_conf_maj,test_acc_maj,test_conf_maj,val_acc_lin,val_conf_lin,test_acc_lin,test_conf_lin,val_nld,val_conf_nld,test_nld,test_conf_nld,val_mse,val_conf_mse,test_mse,test_conf_mse,val_svm,val_conf_svm,test_svm,test_conf_svm,val_mvm,val_conf_mvm,test_mvm,test_conf_mvm
0,5,0.47912002,0.005836088260039729,0.51140004,0.006254015523934009,0.47940004,0.005853125754309352,0.51124,0.006253270667496702,0.47960004,0.005859320115283284,0.5115334,0.006278822983743271,0.47972003,0.005869546306111362,0.5119067,0.00628941675406558,0.4795067,0.005884032909519277,0.51221335,0.006296390605223134,0.47917336,0.0058910298498410785,0.5128267,0.006299626320695362,0.4791067,0.005906927201182133,0.5132534,0.006284709335266703,0.47908002,0.005901701199755083,0.51324,0.00629057998615834,0.47897336,0.005905686389497566,0.51353335,0.006274575039312169,0.4787467,0.0059060387301433925,0.5135067,0.006271091346216284,0.47869337,0.00592044544504311,0.51352,0.006261489024605105,0.47924003,0.005742336094119782,0.5133733,0.006188581756132905,0.47150669,0.0056902838823274515,0.50292003,0.0061681145974116225,4.7242203,0.01159464495379936,4.5980725,0.010100601475409476,0.21592416,0.0008712059430484032,0.20973592,0.0009541713709562138,,,,,,,,
