,shots,val_acc,val_conf,test_acc,test_conf,val_acc_me1,val_conf_me1,test_acc_me1,test_conf_me1,val_acc_me2,val_conf_me2,test_acc_me2,test_conf_me2,val_acc_me3,val_conf_me3,test_acc_me3,test_conf_me3,val_acc_me4,val_conf_me4,test_acc_me4,test_conf_me4,val_acc_me5,val_conf_me5,test_acc_me5,test_conf_me5,val_acc_me6,val_conf_me6,test_acc_me6,test_conf_me6,val_acc_me7,val_conf_me7,test_acc_me7,test_conf_me7,val_acc_me8,val_conf_me8,test_acc_me8,test_conf_me8,val_acc_me9,val_conf_me9,test_acc_me9,test_conf_me9,val_acc_med,val_conf_med,test_acc_med,test_conf_med,val_acc_maj,val_conf_maj,test_acc_maj,test_conf_maj,val_acc_lin,val_conf_lin,test_acc_lin,test_conf_lin,val_nld,val_conf_nld,test_nld,test_conf_nld,val_mse,val_conf_mse,test_mse,test_conf_mse,val_svm,val_conf_svm,test_svm,test_conf_svm,val_mvm,val_conf_mvm,test_mvm,test_conf_mvm
0,5,0.7690268,0.00480464311332196,0.76244015,0.004724644238954578,0.7694001,0.004789773691571408,0.76242673,0.004732115892492561,0.7691601,0.004779561816025235,0.7626002,0.004745683085381591,0.7689335,0.004797127128588707,0.7626801,0.00474594445472043,0.7691468,0.004780875589468714,0.7622401,0.004760267125062501,0.7690001,0.004765835769686366,0.7621468,0.0047685395108152395,0.76897347,0.004772193140159642,0.76184016,0.004779270430772864,0.7683068,0.004787410746506349,0.76112014,0.004793552002402612,0.76777345,0.004781426958709978,0.7610001,0.004793297559812948,0.76784015,0.004776215272564777,0.7607201,0.004791421796112694,0.76721346,0.004795930648099356,0.7601201,0.004819718952200347,0.7667334,0.0047909147580667,0.76122683,0.0046945992331361985,0.75810677,0.004821201738325898,0.7511201,0.004732084953012472,5.9243,0.016690820628303626,5.9906807,0.021055018077661636,0.1429956,0.0011272848039738659,0.14487886,0.0011076480470433858,,,,,,,,
