,shots,val_acc,val_conf,test_acc,test_conf,val_acc_me1,val_conf_me1,test_acc_me1,test_conf_me1,val_acc_me2,val_conf_me2,test_acc_me2,test_conf_me2,val_acc_me3,val_conf_me3,test_acc_me3,test_conf_me3,val_acc_me4,val_conf_me4,test_acc_me4,test_conf_me4,val_acc_me5,val_conf_me5,test_acc_me5,test_conf_me5,val_acc_me6,val_conf_me6,test_acc_me6,test_conf_me6,val_acc_me7,val_conf_me7,test_acc_me7,test_conf_me7,val_acc_me8,val_conf_me8,test_acc_me8,test_conf_me8,val_acc_me9,val_conf_me9,test_acc_me9,test_conf_me9,val_acc_med,val_conf_med,test_acc_med,test_conf_med,val_acc_maj,val_conf_maj,test_acc_maj,test_conf_maj,val_acc_lin,val_conf_lin,test_acc_lin,test_conf_lin,val_nld,val_conf_nld,test_nld,test_conf_nld,val_mse,val_conf_mse,test_mse,test_conf_mse,val_svm,val_conf_svm,test_svm,test_conf_svm,val_mvm,val_conf_mvm,test_mvm,test_conf_mvm
0,5,0.49301335,0.006743188560044189,0.53980005,0.006799338174916958,0.49769336,0.006751933811879884,0.54290676,0.006818148455214557,0.50149333,0.006821405412717918,0.5472134,0.006822600507857324,0.50472003,0.006891656965522852,0.5499067,0.006840144578389773,0.5083334,0.006998976786115163,0.5526801,0.006887634371334439,0.5109067,0.007069507717807011,0.5555334,0.006922639391408025,0.51314676,0.00714649160911196,0.5577334,0.006946609638123102,0.51457334,0.007177015022412747,0.55952,0.0069953291599534895,0.51472,0.007266178447837834,0.5598667,0.007014904615152973,0.51494664,0.007363009784696617,0.5597334,0.007071765838066679,0.5141733,0.007405810168390481,0.5594267,0.007136122265465783,0.49604005,0.006766685940676198,0.54504,0.006665577567039338,0.49556,0.006439711974216444,0.5416267,0.006759575863449774,10.208324,0.016121947953394056,10.354703,0.01543934082629228,0.20872511,0.0011335897620443347,0.19668826,0.0013111024889645162,,,,,,,,
