,shots,val_acc,val_conf,test_acc,test_conf,val_acc_me1,val_conf_me1,test_acc_me1,test_conf_me1,val_acc_me2,val_conf_me2,test_acc_me2,test_conf_me2,val_acc_me3,val_conf_me3,test_acc_me3,test_conf_me3,val_acc_me4,val_conf_me4,test_acc_me4,test_conf_me4,val_acc_me5,val_conf_me5,test_acc_me5,test_conf_me5,val_acc_me6,val_conf_me6,test_acc_me6,test_conf_me6,val_acc_me7,val_conf_me7,test_acc_me7,test_conf_me7,val_acc_me8,val_conf_me8,test_acc_me8,test_conf_me8,val_acc_me9,val_conf_me9,test_acc_me9,test_conf_me9,val_acc_med,val_conf_med,test_acc_med,test_conf_med,val_acc_maj,val_conf_maj,test_acc_maj,test_conf_maj,val_acc_lin,val_conf_lin,test_acc_lin,test_conf_lin,val_nld,val_conf_nld,test_nld,test_conf_nld,val_mse,val_conf_mse,test_mse,test_conf_mse,val_svm,val_conf_svm,test_svm,test_conf_svm,val_mvm,val_conf_mvm,test_mvm,test_conf_mvm
0,5,0.24361335,0.004977594806744284,0.27517334,0.006109032196901065,0.24364002,0.004970235828327646,0.27504,0.0061438825195745395,0.24329333,0.005038232955139249,0.27494672,0.006175609340113852,0.24357335,0.005048005212998974,0.27489334,0.0061889308642957275,0.24384001,0.005069955157845724,0.27492002,0.006230956375638752,0.24394669,0.005113677722758059,0.27473336,0.006236940625218401,0.24374668,0.00514045468827426,0.2742267,0.006236531485228569,0.24306668,0.0051569893005474765,0.27370667,0.006309745839584824,0.24249335,0.005167777019849107,0.27293336,0.006301500699045837,0.24221335,0.005190243238407527,0.27201334,0.006314022876362846,0.24229333,0.005176393434148524,0.27144003,0.006306853690876024,0.24665335,0.004948423956682879,0.27677333,0.006090792218959418,0.25108,0.005066946177966047,0.28204003,0.006111752562228179,9.8653145,0.017831429034483648,9.93442,0.019702955411391443,0.2581223,0.0009712618548577412,0.25239804,0.0011386835780062832,,,,,,,,
