,shots,val_acc,val_conf,test_acc,test_conf,val_acc_me1,val_conf_me1,test_acc_me1,test_conf_me1,val_acc_me2,val_conf_me2,test_acc_me2,test_conf_me2,val_acc_me3,val_conf_me3,test_acc_me3,test_conf_me3,val_acc_me4,val_conf_me4,test_acc_me4,test_conf_me4,val_acc_me5,val_conf_me5,test_acc_me5,test_conf_me5,val_acc_me6,val_conf_me6,test_acc_me6,test_conf_me6,val_acc_me7,val_conf_me7,test_acc_me7,test_conf_me7,val_acc_me8,val_conf_me8,test_acc_me8,test_conf_me8,val_acc_me9,val_conf_me9,test_acc_me9,test_conf_me9,val_acc_med,val_conf_med,test_acc_med,test_conf_med,val_acc_maj,val_conf_maj,test_acc_maj,test_conf_maj,val_acc_lin,val_conf_lin,test_acc_lin,test_conf_lin,val_nld,val_conf_nld,test_nld,test_conf_nld,val_mse,val_conf_mse,test_mse,test_conf_mse,val_svm,val_conf_svm,test_svm,test_conf_svm,val_mvm,val_conf_mvm,test_mvm,test_conf_mvm
0,5,0.60244006,0.0067394407269097956,0.6350934,0.00610587636993698,0.6031067,0.006710734430832366,0.6357334,0.006131406982369247,0.60348004,0.006701772602636269,0.6362401,0.006129672062570646,0.6034267,0.006688093658192451,0.63716006,0.006148888250374962,0.60393333,0.006688759087905005,0.6366134,0.006145989174916933,0.6042267,0.006729136956490023,0.63677347,0.006133850739509117,0.60401344,0.006749520070653547,0.6364134,0.006121422765982043,0.6035067,0.006771837594994445,0.6363867,0.00613251988008412,0.60290676,0.006779134694451017,0.6355201,0.006152860510185487,0.6025067,0.0067799502037309,0.63452,0.0061502472785803786,0.602,0.006768993933530476,0.6335067,0.00617375250952823,0.60246676,0.006668020400612651,0.6350934,0.006069944089028723,0.59772,0.00657931321707228,0.6284,0.006094700290893429,8.377363,0.016218170659884734,8.433244,0.018084550923871845,0.17886041,0.0015213620002529071,0.1710318,0.0014946416031890175,,,,,,,,
