,shots,val_acc,val_conf,test_acc,test_conf,val_acc_me1,val_conf_me1,test_acc_me1,test_conf_me1,val_acc_me2,val_conf_me2,test_acc_me2,test_conf_me2,val_acc_me3,val_conf_me3,test_acc_me3,test_conf_me3,val_acc_me4,val_conf_me4,test_acc_me4,test_conf_me4,val_acc_me5,val_conf_me5,test_acc_me5,test_conf_me5,val_acc_me6,val_conf_me6,test_acc_me6,test_conf_me6,val_acc_me7,val_conf_me7,test_acc_me7,test_conf_me7,val_acc_me8,val_conf_me8,test_acc_me8,test_conf_me8,val_acc_me9,val_conf_me9,test_acc_me9,test_conf_me9,val_acc_med,val_conf_med,test_acc_med,test_conf_med,val_acc_maj,val_conf_maj,test_acc_maj,test_conf_maj,val_acc_lin,val_conf_lin,test_acc_lin,test_conf_lin,val_nld,val_conf_nld,test_nld,test_conf_nld,val_mse,val_conf_mse,test_mse,test_conf_mse,val_svm,val_conf_svm,test_svm,test_conf_svm,val_mvm,val_conf_mvm,test_mvm,test_conf_mvm
0,5,0.74140006,0.005809281278610023,0.80342674,0.005164662291597288,0.7411068,0.005808817648192743,0.80296016,0.005171525314766723,0.7408401,0.005802985325313537,0.8022534,0.005189848413699516,0.7408001,0.005798057174104865,0.80201346,0.005184956743370273,0.74028015,0.005801072157167186,0.8016134,0.00517084049015637,0.7398668,0.005800738749636047,0.80118674,0.005160301210261564,0.7393335,0.0058178958457763,0.80080014,0.005163699011666578,0.73885345,0.005815140384919593,0.8001068,0.0051815099929372055,0.7383468,0.005833334184532912,0.7998001,0.00520394527201562,0.73805344,0.005829586351398519,0.7990268,0.005203610479134535,0.7375868,0.005853842441966406,0.7987734,0.005210297101089445,0.74296016,0.005780836351871321,0.8055601,0.005142255181299293,0.7311201,0.005606485455097898,0.8008268,0.005175584389834675,4.397981,0.00915395128424823,4.495858,0.010465909919421534,0.1625235,0.0011954611026997186,0.14869261,0.001055673068505375,,,,,,,,
