,shots,val_acc,val_conf,test_acc,test_conf,val_acc_me1,val_conf_me1,test_acc_me1,test_conf_me1,val_acc_me2,val_conf_me2,test_acc_me2,test_conf_me2,val_acc_me3,val_conf_me3,test_acc_me3,test_conf_me3,val_acc_me4,val_conf_me4,test_acc_me4,test_conf_me4,val_acc_me5,val_conf_me5,test_acc_me5,test_conf_me5,val_acc_me6,val_conf_me6,test_acc_me6,test_conf_me6,val_acc_me7,val_conf_me7,test_acc_me7,test_conf_me7,val_acc_me8,val_conf_me8,test_acc_me8,test_conf_me8,val_acc_me9,val_conf_me9,test_acc_me9,test_conf_me9,val_acc_med,val_conf_med,test_acc_med,test_conf_med,val_acc_maj,val_conf_maj,test_acc_maj,test_conf_maj,val_acc_lin,val_conf_lin,test_acc_lin,test_conf_lin,val_nld,val_conf_nld,test_nld,test_conf_nld,val_mse,val_conf_mse,test_mse,test_conf_mse,val_svm,val_conf_svm,test_svm,test_conf_svm,val_mvm,val_conf_mvm,test_mvm,test_conf_mvm
0,5,0.5545067,0.005731761256912105,0.60157335,0.005772158982178421,0.5546,0.0057155609757366665,0.60141337,0.005740133849637563,0.5544534,0.005688824647149482,0.6014401,0.005741894629300082,0.5539601,0.005713815434922442,0.60156006,0.005745880280825788,0.5534267,0.005703766107092223,0.60137343,0.005742850058915061,0.5528934,0.005724162151187762,0.60132,0.005746706411121183,0.55236006,0.005723550750119544,0.60092,0.0057367674494959164,0.55123997,0.005739216286251847,0.6005067,0.005753919927803275,0.55064,0.005737181669101754,0.5999867,0.005768304015322134,0.5503334,0.0057499278113115615,0.5994267,0.0057602482059296856,0.5499334,0.005762729829298818,0.5988933,0.005746522621374095,0.55653334,0.00573308149532159,0.60376,0.005741902941399202,0.5560667,0.005791661475619048,0.59873337,0.005706164147686987,5.0387807,0.013859638395820717,4.9044466,0.01193379983972953,0.20009515,0.0009629785017520043,0.18892942,0.0010014561321226578,,,,,,,,
