,shots,val_acc,val_conf,test_acc,test_conf,val_acc_me1,val_conf_me1,test_acc_me1,test_conf_me1,val_acc_me2,val_conf_me2,test_acc_me2,test_conf_me2,val_acc_me3,val_conf_me3,test_acc_me3,test_conf_me3,val_acc_me4,val_conf_me4,test_acc_me4,test_conf_me4,val_acc_me5,val_conf_me5,test_acc_me5,test_conf_me5,val_acc_me6,val_conf_me6,test_acc_me6,test_conf_me6,val_acc_me7,val_conf_me7,test_acc_me7,test_conf_me7,val_acc_me8,val_conf_me8,test_acc_me8,test_conf_me8,val_acc_me9,val_conf_me9,test_acc_me9,test_conf_me9,val_acc_med,val_conf_med,test_acc_med,test_conf_med,val_acc_maj,val_conf_maj,test_acc_maj,test_conf_maj,val_acc_lin,val_conf_lin,test_acc_lin,test_conf_lin,val_nld,val_conf_nld,test_nld,test_conf_nld,val_mse,val_conf_mse,test_mse,test_conf_mse,val_svm,val_conf_svm,test_svm,test_conf_svm,val_mvm,val_conf_mvm,test_mvm,test_conf_mvm
0,5,0.56076,0.007524930860809853,0.56084,0.007450582366707703,0.5616534,0.00755443788910215,0.56116,0.007494421301007637,0.56252,0.007560798953841652,0.56228006,0.007528019267414421,0.56316006,0.0075819966537185035,0.56332004,0.007566209206799068,0.56353337,0.007604501662072827,0.5643201,0.0075773155565668215,0.56414676,0.007654922855305335,0.56493336,0.007636898991940755,0.5643867,0.0076966246565661756,0.56544006,0.007674155205524724,0.5647733,0.00773256063174077,0.5654,0.007714288790752422,0.5654267,0.007753286850884389,0.56594664,0.007741362682920361,0.56578666,0.007780759262026593,0.56656003,0.007767318597757367,0.56581336,0.007791921487571685,0.56692004,0.007781726236223641,0.5635468,0.0074214493828757,0.5619867,0.007395592289661468,0.54236007,0.007165448274710662,0.53893334,0.007313367619864453,5.248961,0.013837389677188838,5.207228,0.013624381978130984,0.19980828,0.0013212502920801061,0.19957083,0.0013238832649206667,,,,,,,,
