,shots,val_acc,val_conf,test_acc,test_conf,val_acc_me1,val_conf_me1,test_acc_me1,test_conf_me1,val_acc_me2,val_conf_me2,test_acc_me2,test_conf_me2,val_acc_me3,val_conf_me3,test_acc_me3,test_conf_me3,val_acc_me4,val_conf_me4,test_acc_me4,test_conf_me4,val_acc_me5,val_conf_me5,test_acc_me5,test_conf_me5,val_acc_me6,val_conf_me6,test_acc_me6,test_conf_me6,val_acc_me7,val_conf_me7,test_acc_me7,test_conf_me7,val_acc_me8,val_conf_me8,test_acc_me8,test_conf_me8,val_acc_me9,val_conf_me9,test_acc_me9,test_conf_me9,val_acc_med,val_conf_med,test_acc_med,test_conf_med,val_acc_maj,val_conf_maj,test_acc_maj,test_conf_maj,val_acc_lin,val_conf_lin,test_acc_lin,test_conf_lin,val_nld,val_conf_nld,test_nld,test_conf_nld,val_mse,val_conf_mse,test_mse,test_conf_mse,val_svm,val_conf_svm,test_svm,test_conf_svm,val_mvm,val_conf_mvm,test_mvm,test_conf_mvm
0,5,0.36601338,0.006892594847372979,0.40049338,0.007889299575838948,0.36658671,0.006909750096380118,0.4006534,0.007917969852820284,0.36681336,0.006907767198957859,0.40041333,0.00791613287891585,0.36694673,0.006923270649157542,0.40046674,0.00790557836017275,0.36693338,0.006944273014705127,0.39974672,0.007901119380780752,0.3670534,0.006975485408665827,0.3994267,0.007923863131092945,0.36694673,0.006996738984320017,0.3989067,0.00793912322150181,0.3670267,0.006978724356621058,0.39861336,0.007951251497677447,0.36684003,0.0069874640670573585,0.39813337,0.007966678753635159,0.3670667,0.006998768060070715,0.39782673,0.007973884420001465,0.3671867,0.007011619488869303,0.39798668,0.007968042861456637,0.3669867,0.006826312783678845,0.40268004,0.007743107300168028,0.36132002,0.006618546786679169,0.39656,0.007556103541408177,4.407731,0.010288803100007904,4.4535913,0.011634384176102408,0.23404402,0.0010696219252788186,0.22872056,0.0011730668068877792,,,,,,,,
