,shots,val_acc,val_conf,test_acc,test_conf,val_acc_me1,val_conf_me1,test_acc_me1,test_conf_me1,val_acc_me2,val_conf_me2,test_acc_me2,test_conf_me2,val_acc_me3,val_conf_me3,test_acc_me3,test_conf_me3,val_acc_me4,val_conf_me4,test_acc_me4,test_conf_me4,val_acc_me5,val_conf_me5,test_acc_me5,test_conf_me5,val_acc_me6,val_conf_me6,test_acc_me6,test_conf_me6,val_acc_me7,val_conf_me7,test_acc_me7,test_conf_me7,val_acc_me8,val_conf_me8,test_acc_me8,test_conf_me8,val_acc_me9,val_conf_me9,test_acc_me9,test_conf_me9,val_acc_med,val_conf_med,test_acc_med,test_conf_med,val_acc_maj,val_conf_maj,test_acc_maj,test_conf_maj,val_acc_lin,val_conf_lin,test_acc_lin,test_conf_lin,val_nld,val_conf_nld,test_nld,test_conf_nld,val_mse,val_conf_mse,test_mse,test_conf_mse,val_svm,val_conf_svm,test_svm,test_conf_svm,val_mvm,val_conf_mvm,test_mvm,test_conf_mvm
0,5,0.55292004,0.006131933415313262,0.6126134,0.0062813974255525595,0.5538667,0.006148931658003676,0.6131467,0.00629491751654665,0.55526674,0.006209368007103477,0.61364007,0.006337487932164931,0.55681336,0.006239400544773233,0.61394674,0.006299372339889087,0.5569867,0.006282912074724645,0.6144534,0.006309514024376184,0.55727994,0.00633769942890916,0.6142934,0.006323144481575227,0.5575601,0.006403751986311046,0.61434674,0.006336503871986365,0.55748004,0.00643940211763272,0.6137334,0.006389088519905384,0.55741334,0.0064904273234009935,0.61334676,0.006408953513224014,0.55730665,0.006522306532424027,0.61248004,0.006407828147360517,0.55628,0.006535078534497862,0.6108667,0.006397304568097395,0.55404,0.006025215298340214,0.6117467,0.006270818894078656,0.55012,0.005788824740904364,0.6032667,0.006244169842532177,10.195535,0.01890544090255375,10.285978,0.018698748551690514,0.19315705,0.001188720221208972,0.18016262,0.0012788224520507707,,,,,,,,
