,shots,val_acc,val_conf,test_acc,test_conf,val_acc_me1,val_conf_me1,test_acc_me1,test_conf_me1,val_acc_me2,val_conf_me2,test_acc_me2,test_conf_me2,val_acc_me3,val_conf_me3,test_acc_me3,test_conf_me3,val_acc_me4,val_conf_me4,test_acc_me4,test_conf_me4,val_acc_me5,val_conf_me5,test_acc_me5,test_conf_me5,val_acc_me6,val_conf_me6,test_acc_me6,test_conf_me6,val_acc_me7,val_conf_me7,test_acc_me7,test_conf_me7,val_acc_me8,val_conf_me8,test_acc_me8,test_conf_me8,val_acc_me9,val_conf_me9,test_acc_me9,test_conf_me9,val_acc_med,val_conf_med,test_acc_med,test_conf_med,val_acc_maj,val_conf_maj,test_acc_maj,test_conf_maj,val_acc_lin,val_conf_lin,test_acc_lin,test_conf_lin,val_nld,val_conf_nld,test_nld,test_conf_nld,val_mse,val_conf_mse,test_mse,test_conf_mse,val_svm,val_conf_svm,test_svm,test_conf_svm,val_mvm,val_conf_mvm,test_mvm,test_conf_mvm
0,5,0.4360267,0.006402454375282529,0.4867467,0.006393092180979165,0.43788007,0.006457447684811712,0.48888004,0.006413082779351098,0.43908006,0.006474918793585249,0.49069336,0.006417577316056022,0.43961337,0.006494733452525936,0.49190667,0.006449388181153037,0.44064,0.006477635002862747,0.49357337,0.006494813341034078,0.44161338,0.006489479282318578,0.4947467,0.006512843669364776,0.44201335,0.006495998276941306,0.49512,0.006547352734191159,0.44278672,0.00650657265236565,0.49465337,0.006604691441020716,0.44204003,0.006523794398165694,0.49421337,0.006600469818236809,0.4416267,0.006524293124112623,0.49338666,0.006683852178727356,0.44096002,0.00653652576331043,0.49252003,0.00668964340289413,0.43744004,0.0063757018842803825,0.48868003,0.006412376712709611,0.43968004,0.006174506139847935,0.49312,0.0064082469847992485,9.404293,0.013660730787561803,9.490207,0.015176415277780464,0.2204621,0.0011942975242694165,0.20667063,0.0013521178493733632,,,,,,,,
