,shots,val_acc,val_conf,test_acc,test_conf,val_acc_me1,val_conf_me1,test_acc_me1,test_conf_me1,val_acc_me2,val_conf_me2,test_acc_me2,test_conf_me2,val_acc_me3,val_conf_me3,test_acc_me3,test_conf_me3,val_acc_me4,val_conf_me4,test_acc_me4,test_conf_me4,val_acc_me5,val_conf_me5,test_acc_me5,test_conf_me5,val_acc_me6,val_conf_me6,test_acc_me6,test_conf_me6,val_acc_me7,val_conf_me7,test_acc_me7,test_conf_me7,val_acc_me8,val_conf_me8,test_acc_me8,test_conf_me8,val_acc_me9,val_conf_me9,test_acc_me9,test_conf_me9,val_acc_med,val_conf_med,test_acc_med,test_conf_med,val_acc_maj,val_conf_maj,test_acc_maj,test_conf_maj,val_acc_lin,val_conf_lin,test_acc_lin,test_conf_lin,val_nld,val_conf_nld,test_nld,test_conf_nld,val_mse,val_conf_mse,test_mse,test_conf_mse,val_svm,val_conf_svm,test_svm,test_conf_svm,val_mvm,val_conf_mvm,test_mvm,test_conf_mvm
0,5,0.39161336,0.005904429877181316,0.4190667,0.006384807788861024,0.3921867,0.005921035142296971,0.41941336,0.006402821492993427,0.3926267,0.0059158710198300435,0.41972002,0.0064294308311775294,0.39266673,0.005904437727497158,0.4197867,0.006448656716430856,0.39310673,0.005921214314211221,0.41996002,0.006453015027066911,0.39304003,0.005908373968211478,0.41985336,0.006459467524896734,0.3930667,0.0059288231173846295,0.41964003,0.006451492989362262,0.39298669,0.005946192172052334,0.42008,0.0064465477521720715,0.39332002,0.005971355204990314,0.4201467,0.006486397802463295,0.39348003,0.005985869515395259,0.42038673,0.006485200860190721,0.39362672,0.0059788785782561304,0.42064005,0.00648174949192476,0.39428005,0.005816806499008953,0.4202534,0.006422732664640551,0.38572004,0.0056460658239512185,0.41069338,0.006281273205849092,4.997677,0.014105024491632534,4.8585553,0.01229545927222997,0.23050746,0.0008680971025335216,0.2255236,0.0010159643238990823,,,,,,,,
