,shots,val_acc,val_conf,test_acc,test_conf,val_acc_me1,val_conf_me1,test_acc_me1,test_conf_me1,val_acc_me2,val_conf_me2,test_acc_me2,test_conf_me2,val_acc_me3,val_conf_me3,test_acc_me3,test_conf_me3,val_acc_me4,val_conf_me4,test_acc_me4,test_conf_me4,val_acc_me5,val_conf_me5,test_acc_me5,test_conf_me5,val_acc_me6,val_conf_me6,test_acc_me6,test_conf_me6,val_acc_me7,val_conf_me7,test_acc_me7,test_conf_me7,val_acc_me8,val_conf_me8,test_acc_me8,test_conf_me8,val_acc_me9,val_conf_me9,test_acc_me9,test_conf_me9,val_acc_med,val_conf_med,test_acc_med,test_conf_med,val_acc_maj,val_conf_maj,test_acc_maj,test_conf_maj,val_acc_lin,val_conf_lin,test_acc_lin,test_conf_lin,val_nld,val_conf_nld,test_nld,test_conf_nld,val_mse,val_conf_mse,test_mse,test_conf_mse,val_svm,val_conf_svm,test_svm,test_conf_svm,val_mvm,val_conf_mvm,test_mvm,test_conf_mvm
0,5,0.38500002,0.007504354721233564,0.4084267,0.008021244913626546,0.38480005,0.0075060411537873906,0.40850672,0.008059436238360973,0.38461336,0.0075286791557275246,0.4079067,0.008069625024743066,0.3842,0.0075211613238611585,0.4078667,0.008098822658234917,0.38382673,0.00751483535465125,0.40784,0.008150582099425041,0.38369337,0.007534805172775438,0.40769336,0.0081529233406758,0.3835067,0.007556075834411147,0.4073467,0.008166383399842991,0.38345337,0.007591101634732589,0.4071467,0.008165768304508436,0.38357335,0.007585393069773627,0.4070667,0.008176577727624423,0.3830667,0.007595071123843333,0.4065334,0.008167910978947035,0.3824667,0.007624297387898826,0.40644002,0.008169409927487492,0.38761336,0.007443648690695859,0.41204002,0.007989436357445923,0.38100007,0.007123428766550366,0.40332,0.007762435701310466,4.5048776,0.011341031726996853,4.597143,0.012959209017139983,0.2313352,0.001146164928993193,0.22737752,0.0012243936725864768,,,,,,,,
