,shots,val_acc,val_conf,test_acc,test_conf,val_acc_me1,val_conf_me1,test_acc_me1,test_conf_me1,val_acc_me2,val_conf_me2,test_acc_me2,test_conf_me2,val_acc_me3,val_conf_me3,test_acc_me3,test_conf_me3,val_acc_me4,val_conf_me4,test_acc_me4,test_conf_me4,val_acc_me5,val_conf_me5,test_acc_me5,test_conf_me5,val_acc_me6,val_conf_me6,test_acc_me6,test_conf_me6,val_acc_me7,val_conf_me7,test_acc_me7,test_conf_me7,val_acc_me8,val_conf_me8,test_acc_me8,test_conf_me8,val_acc_me9,val_conf_me9,test_acc_me9,test_conf_me9,val_acc_med,val_conf_med,test_acc_med,test_conf_med,val_acc_maj,val_conf_maj,test_acc_maj,test_conf_maj,val_acc_lin,val_conf_lin,test_acc_lin,test_conf_lin,val_nld,val_conf_nld,test_nld,test_conf_nld,val_mse,val_conf_mse,test_mse,test_conf_mse,val_svm,val_conf_svm,test_svm,test_conf_svm,val_mvm,val_conf_mvm,test_mvm,test_conf_mvm
0,5,0.80085343,0.005325298686614022,0.86140007,0.004625463810529196,0.8004934,0.00532091451611405,0.8613734,0.004631402343563629,0.8000267,0.005329923446205087,0.8612668,0.004626645975736587,0.7999734,0.005339406627728915,0.8610267,0.004641625763691981,0.7997468,0.00533931935068821,0.8608268,0.004676114510054008,0.7995468,0.005341764493177914,0.8606134,0.004674924956313942,0.7992268,0.0053250885752197386,0.8605601,0.004669097713050907,0.7991068,0.005316600998456544,0.8604935,0.004671176199612992,0.7990535,0.005318108259096066,0.86037344,0.004664482189125629,0.79885346,0.005320462892062117,0.85993344,0.00464574117632055,0.79844004,0.005319866268059026,0.8596001,0.004647736080108267,0.80194676,0.005254271337891692,0.8618001,0.004613684642516436,0.78813344,0.005350910572904266,0.8558001,0.00470472567877489,24.001078,0.03265333513213875,24.385595,0.03419942251021979,0.124925464,0.0015380797095982945,0.10409884,0.0013491559713886686,,,,,,,,
