,shots,val_acc,val_conf,test_acc,test_conf,val_acc_me1,val_conf_me1,test_acc_me1,test_conf_me1,val_acc_me2,val_conf_me2,test_acc_me2,test_conf_me2,val_acc_me3,val_conf_me3,test_acc_me3,test_conf_me3,val_acc_me4,val_conf_me4,test_acc_me4,test_conf_me4,val_acc_me5,val_conf_me5,test_acc_me5,test_conf_me5,val_acc_me6,val_conf_me6,test_acc_me6,test_conf_me6,val_acc_me7,val_conf_me7,test_acc_me7,test_conf_me7,val_acc_me8,val_conf_me8,test_acc_me8,test_conf_me8,val_acc_me9,val_conf_me9,test_acc_me9,test_conf_me9,val_acc_med,val_conf_med,test_acc_med,test_conf_med,val_acc_maj,val_conf_maj,test_acc_maj,test_conf_maj,val_acc_lin,val_conf_lin,test_acc_lin,test_conf_lin,val_nld,val_conf_nld,test_nld,test_conf_nld,val_mse,val_conf_mse,test_mse,test_conf_mse,val_svm,val_conf_svm,test_svm,test_conf_svm,val_mvm,val_conf_mvm,test_mvm,test_conf_mvm
0,5,0.2810267,0.004998529751932379,0.3050267,0.005605718894846179,0.2807867,0.004998150166072801,0.30474672,0.005612263287549546,0.28116003,0.005006480274736047,0.30468002,0.005635816082175671,0.2808667,0.004979326032276632,0.3047334,0.005659248813147888,0.28117338,0.0050055807208984615,0.3044267,0.0056420580068278214,0.28133336,0.0050147055585937905,0.3043867,0.005653071999938752,0.28108,0.005016643201254167,0.30432004,0.005653269643184355,0.28110668,0.0050351191504540704,0.30442667,0.005676123297918223,0.2809867,0.005032431109956881,0.30448005,0.00568739219540193,0.28102666,0.005027439694438196,0.30478668,0.005675722008244288,0.28080004,0.005003268110211345,0.30497336,0.005695786030158412,0.28257337,0.004877162483835462,0.3086267,0.005627354827059672,0.2793867,0.004724526022433839,0.29952002,0.00537518005518739,5.5842123,0.018694823393774485,5.369665,0.017059730058366362,0.24984148,0.0008263896444274943,0.24575852,0.0009641577230910525,,,,,,,,
