,shots,val_acc,val_conf,test_acc,test_conf,val_acc_me1,val_conf_me1,test_acc_me1,test_conf_me1,val_acc_me2,val_conf_me2,test_acc_me2,test_conf_me2,val_acc_me3,val_conf_me3,test_acc_me3,test_conf_me3,val_acc_me4,val_conf_me4,test_acc_me4,test_conf_me4,val_acc_me5,val_conf_me5,test_acc_me5,test_conf_me5,val_acc_me6,val_conf_me6,test_acc_me6,test_conf_me6,val_acc_me7,val_conf_me7,test_acc_me7,test_conf_me7,val_acc_me8,val_conf_me8,test_acc_me8,test_conf_me8,val_acc_me9,val_conf_me9,test_acc_me9,test_conf_me9,val_acc_med,val_conf_med,test_acc_med,test_conf_med,val_acc_maj,val_conf_maj,test_acc_maj,test_conf_maj,val_acc_lin,val_conf_lin,test_acc_lin,test_conf_lin,val_nld,val_conf_nld,test_nld,test_conf_nld,val_mse,val_conf_mse,test_mse,test_conf_mse,val_svm,val_conf_svm,test_svm,test_conf_svm,val_mvm,val_conf_mvm,test_mvm,test_conf_mvm
0,5,0.37341338,0.007518670003043015,0.38736004,0.007522820972984512,0.3732667,0.0075321605399069624,0.38716003,0.007558554225297276,0.3734267,0.007568465479925568,0.3875467,0.0075886126228308926,0.3733734,0.0075820040422510115,0.38772002,0.007616627167548684,0.37313336,0.007616538043374865,0.38748005,0.0076214057009733605,0.37304005,0.007635485473307835,0.38744006,0.007629624519865097,0.37276,0.007640302334745108,0.38761342,0.00765437333319724,0.37292,0.007662945416301359,0.3875467,0.007672645635968756,0.3730134,0.007676555093252602,0.38758674,0.007698555834260601,0.3728267,0.007656274956761466,0.38746673,0.007705663602570634,0.37248003,0.007674260953896839,0.38690674,0.0077232653960135345,0.3745467,0.007402241507170337,0.38880005,0.007494374660895975,0.35576004,0.0068638359080011035,0.37262672,0.0068681826740550345,23.185274,0.02877640955710703,23.16863,0.03024099033840244,0.2397065,0.0016210172573402903,0.2356347,0.0016032417179366876,,,,,,,,
