,shots,val_acc,val_conf,test_acc,test_conf,val_acc_me1,val_conf_me1,test_acc_me1,test_conf_me1,val_acc_me2,val_conf_me2,test_acc_me2,test_conf_me2,val_acc_me3,val_conf_me3,test_acc_me3,test_conf_me3,val_acc_me4,val_conf_me4,test_acc_me4,test_conf_me4,val_acc_me5,val_conf_me5,test_acc_me5,test_conf_me5,val_acc_me6,val_conf_me6,test_acc_me6,test_conf_me6,val_acc_me7,val_conf_me7,test_acc_me7,test_conf_me7,val_acc_me8,val_conf_me8,test_acc_me8,test_conf_me8,val_acc_me9,val_conf_me9,test_acc_me9,test_conf_me9,val_acc_med,val_conf_med,test_acc_med,test_conf_med,val_acc_maj,val_conf_maj,test_acc_maj,test_conf_maj,val_acc_lin,val_conf_lin,test_acc_lin,test_conf_lin,val_nld,val_conf_nld,test_nld,test_conf_nld,val_mse,val_conf_mse,test_mse,test_conf_mse,val_svm,val_conf_svm,test_svm,test_conf_svm,val_mvm,val_conf_mvm,test_mvm,test_conf_mvm
0,5,0.8214535,0.004301949062651134,0.8162268,0.004289360388541219,0.8211068,0.004311076209262854,0.81624013,0.004288608605354516,0.8209734,0.004326237478048944,0.8163468,0.004288963254916789,0.82116014,0.004319735107624401,0.8159202,0.004301174190300294,0.82105345,0.004315881987901227,0.81592005,0.00429274202753116,0.8212668,0.004306622771270252,0.81593347,0.004296133825753445,0.82113343,0.004332403670242457,0.8155868,0.0043034046035628215,0.8210268,0.004332032396482055,0.8149868,0.004317217465159118,0.82066673,0.004351982819708278,0.81488013,0.004330491425662775,0.82064015,0.004349641116674241,0.81456006,0.00433482987961753,0.82024014,0.004375494977405414,0.8142534,0.004348111690437029,0.82050675,0.004338851088456219,0.8161868,0.004280130264257109,0.81161344,0.004329845852631409,0.80837345,0.004373771140405491,5.048953,0.01448957913936244,4.968558,0.015946435209878373,0.13703723,0.0010223145367314335,0.14007013,0.0009864213919564824,,,,,,,,
