,shots,val_acc,val_conf,test_acc,test_conf,val_acc_me1,val_conf_me1,test_acc_me1,test_conf_me1,val_acc_me2,val_conf_me2,test_acc_me2,test_conf_me2,val_acc_me3,val_conf_me3,test_acc_me3,test_conf_me3,val_acc_me4,val_conf_me4,test_acc_me4,test_conf_me4,val_acc_me5,val_conf_me5,test_acc_me5,test_conf_me5,val_acc_me6,val_conf_me6,test_acc_me6,test_conf_me6,val_acc_me7,val_conf_me7,test_acc_me7,test_conf_me7,val_acc_me8,val_conf_me8,test_acc_me8,test_conf_me8,val_acc_me9,val_conf_me9,test_acc_me9,test_conf_me9,val_acc_med,val_conf_med,test_acc_med,test_conf_med,val_acc_maj,val_conf_maj,test_acc_maj,test_conf_maj,val_acc_lin,val_conf_lin,test_acc_lin,test_conf_lin,val_nld,val_conf_nld,test_nld,test_conf_nld,val_mse,val_conf_mse,test_mse,test_conf_mse,val_svm,val_conf_svm,test_svm,test_conf_svm,val_mvm,val_conf_mvm,test_mvm,test_conf_mvm
0,5,0.7141868,0.0057013662193643455,0.7124268,0.006104466545570397,0.7148001,0.00570316440347296,0.71310675,0.006106724204046787,0.71541345,0.005690670394936315,0.71368,0.00611822214603952,0.7158001,0.0057134561675273865,0.7140801,0.006112159393301564,0.71650684,0.005720724636420371,0.7144134,0.006104581991391522,0.71713346,0.005711481120420969,0.71501344,0.006113907704815458,0.71714675,0.005705100199000279,0.7151067,0.00612129300487918,0.7173735,0.005692264009049985,0.7153468,0.006111060349085151,0.71754676,0.005696102351708032,0.7154934,0.006098101324781391,0.7178,0.005718837789921216,0.71544015,0.006114294217424265,0.71806675,0.005700531315186663,0.71570677,0.006141139526866568,0.7135734,0.005581386148253098,0.71013343,0.006040129051285925,0.69800013,0.005627847549823928,0.6961868,0.0059648375957175315,4.524717,0.011489703778903682,4.507183,0.011871987376443016,0.17294483,0.0010769269904970236,0.1735818,0.001086947572317809,,,,,,,,
