,shots,val_acc,val_conf,test_acc,test_conf,val_acc_me1,val_conf_me1,test_acc_me1,test_conf_me1,val_acc_me2,val_conf_me2,test_acc_me2,test_conf_me2,val_acc_me3,val_conf_me3,test_acc_me3,test_conf_me3,val_acc_me4,val_conf_me4,test_acc_me4,test_conf_me4,val_acc_me5,val_conf_me5,test_acc_me5,test_conf_me5,val_acc_me6,val_conf_me6,test_acc_me6,test_conf_me6,val_acc_me7,val_conf_me7,test_acc_me7,test_conf_me7,val_acc_me8,val_conf_me8,test_acc_me8,test_conf_me8,val_acc_me9,val_conf_me9,test_acc_me9,test_conf_me9,val_acc_med,val_conf_med,test_acc_med,test_conf_med,val_acc_maj,val_conf_maj,test_acc_maj,test_conf_maj,val_acc_lin,val_conf_lin,test_acc_lin,test_conf_lin,val_nld,val_conf_nld,test_nld,test_conf_nld,val_mse,val_conf_mse,test_mse,test_conf_mse,val_svm,val_conf_svm,test_svm,test_conf_svm,val_mvm,val_conf_mvm,test_mvm,test_conf_mvm
0,5,0.39012003,0.007507749290155574,0.39234668,0.007502129387587153,0.3900667,0.007497090870173528,0.3919867,0.007486954727085826,0.3904134,0.00749754988275797,0.3922267,0.007519721945364377,0.3900667,0.007519397773498915,0.39240003,0.007569737231090168,0.39000005,0.007531912100500082,0.39252,0.007602860484280827,0.38964,0.007586883706214909,0.39226672,0.007610918602589722,0.38964003,0.007615303234872972,0.3923334,0.007617955718057234,0.3894667,0.007643913941810632,0.39252,0.0076423212512635175,0.38909334,0.0076843629250214485,0.3923467,0.007642958050412374,0.38916004,0.007702630148176848,0.39261338,0.0076665597940666075,0.38888004,0.007714177039197689,0.39244002,0.007677449105690792,0.39477336,0.007406009196985974,0.39504004,0.007420453778114955,0.3825867,0.0070101510180256565,0.38376004,0.0069070047947557,4.680431,0.011104437061349337,4.658025,0.011803112399607407,0.2312797,0.0011744226026101368,0.23067959,0.0011168040551103875,,,,,,,,
