,shots,val_acc,val_conf,test_acc,test_conf,val_acc_me1,val_conf_me1,test_acc_me1,test_conf_me1,val_acc_me2,val_conf_me2,test_acc_me2,test_conf_me2,val_acc_me3,val_conf_me3,test_acc_me3,test_conf_me3,val_acc_me4,val_conf_me4,test_acc_me4,test_conf_me4,val_acc_me5,val_conf_me5,test_acc_me5,test_conf_me5,val_acc_me6,val_conf_me6,test_acc_me6,test_conf_me6,val_acc_me7,val_conf_me7,test_acc_me7,test_conf_me7,val_acc_me8,val_conf_me8,test_acc_me8,test_conf_me8,val_acc_me9,val_conf_me9,test_acc_me9,test_conf_me9,val_acc_med,val_conf_med,test_acc_med,test_conf_med,val_acc_maj,val_conf_maj,test_acc_maj,test_conf_maj,val_acc_lin,val_conf_lin,test_acc_lin,test_conf_lin,val_nld,val_conf_nld,test_nld,test_conf_nld,val_mse,val_conf_mse,test_mse,test_conf_mse,val_svm,val_conf_svm,test_svm,test_conf_svm,val_mvm,val_conf_mvm,test_mvm,test_conf_mvm
0,5,0.5589867,0.005680724506561763,0.55318666,0.005560906521383191,0.55924,0.0056479900748963585,0.55426675,0.005571911740611668,0.55928004,0.005666679367973493,0.55493337,0.005568506088890923,0.55958664,0.005655506983196168,0.55556005,0.005613532268014421,0.5599201,0.005644128181290786,0.5565867,0.005626812231700806,0.5600934,0.005610172794622059,0.55680007,0.005645487209496092,0.5596534,0.005615553955232611,0.55649334,0.005686714297540751,0.5589334,0.005636470429089324,0.55653334,0.005712416231571482,0.55771995,0.00563259791446824,0.55618674,0.005718863188001855,0.55670667,0.005690809853488132,0.55565333,0.005739834152286072,0.55517334,0.005709815468114998,0.55514675,0.005715473236912683,0.5571334,0.005621604239821831,0.55276,0.005444769872546162,0.5521067,0.005502679805298172,0.54569334,0.005589708406600558,9.207234,0.017377276257295904,9.33865,0.022264565186770113,0.19303346,0.0011975134985062474,0.19114384,0.0013060924866686863,,,,,,,,
