,shots,val_acc,val_conf,test_acc,test_conf,val_acc_me1,val_conf_me1,test_acc_me1,test_conf_me1,val_acc_me2,val_conf_me2,test_acc_me2,test_conf_me2,val_acc_me3,val_conf_me3,test_acc_me3,test_conf_me3,val_acc_me4,val_conf_me4,test_acc_me4,test_conf_me4,val_acc_me5,val_conf_me5,test_acc_me5,test_conf_me5,val_acc_me6,val_conf_me6,test_acc_me6,test_conf_me6,val_acc_me7,val_conf_me7,test_acc_me7,test_conf_me7,val_acc_me8,val_conf_me8,test_acc_me8,test_conf_me8,val_acc_me9,val_conf_me9,test_acc_me9,test_conf_me9,val_acc_med,val_conf_med,test_acc_med,test_conf_med,val_acc_maj,val_conf_maj,test_acc_maj,test_conf_maj,val_acc_lin,val_conf_lin,test_acc_lin,test_conf_lin,val_nld,val_conf_nld,test_nld,test_conf_nld,val_mse,val_conf_mse,test_mse,test_conf_mse,val_svm,val_conf_svm,test_svm,test_conf_svm,val_mvm,val_conf_mvm,test_mvm,test_conf_mvm
0,5,0.38585338,0.0057552701821262375,0.43165338,0.006683552943159143,0.3862134,0.005753937475568127,0.43253338,0.006717235415906964,0.3860801,0.005764930226647924,0.43304005,0.006742483416969258,0.38629338,0.005767013792826126,0.43325335,0.00674585120246074,0.3864667,0.005756190054428345,0.43345338,0.006745241186742357,0.3865067,0.005775816767572384,0.43369335,0.006746322683193917,0.38637337,0.005778163088439259,0.43357337,0.0067452287185936766,0.3866667,0.0057871761745798,0.43380004,0.006770472563606411,0.3871067,0.0058054517098343195,0.4340934,0.006777030809808293,0.38692003,0.005809496469620423,0.43441337,0.0067863398990339885,0.38708007,0.005819219778452067,0.43422672,0.0067840254412137035,0.3885467,0.005662095707094805,0.4324267,0.006683002959267714,0.38376004,0.005603438608988931,0.4229467,0.006427601707588881,4.9590335,0.013555595663686582,4.834531,0.010975920002663564,0.23047245,0.0008508625999702479,0.22289094,0.0010457932151404226,,,,,,,,
