,shots,val_acc,val_conf,test_acc,test_conf,val_acc_me1,val_conf_me1,test_acc_me1,test_conf_me1,val_acc_me2,val_conf_me2,test_acc_me2,test_conf_me2,val_acc_me3,val_conf_me3,test_acc_me3,test_conf_me3,val_acc_me4,val_conf_me4,test_acc_me4,test_conf_me4,val_acc_me5,val_conf_me5,test_acc_me5,test_conf_me5,val_acc_me6,val_conf_me6,test_acc_me6,test_conf_me6,val_acc_me7,val_conf_me7,test_acc_me7,test_conf_me7,val_acc_me8,val_conf_me8,test_acc_me8,test_conf_me8,val_acc_me9,val_conf_me9,test_acc_me9,test_conf_me9,val_acc_med,val_conf_med,test_acc_med,test_conf_med,val_acc_maj,val_conf_maj,test_acc_maj,test_conf_maj,val_acc_lin,val_conf_lin,test_acc_lin,test_conf_lin,val_nld,val_conf_nld,test_nld,test_conf_nld,val_mse,val_conf_mse,test_mse,test_conf_mse,val_svm,val_conf_svm,test_svm,test_conf_svm,val_mvm,val_conf_mvm,test_mvm,test_conf_mvm
0,5,0.49980003,0.0058771823544985224,0.5139734,0.005855620307610443,0.50112,0.005878995315672153,0.51569337,0.005895468048985331,0.50229335,0.005864644476549885,0.5172667,0.0058826004577717805,0.5035067,0.005878523373155753,0.51864004,0.005902243333330781,0.5035467,0.005888539452589492,0.51964,0.005905987472198837,0.5044,0.005885047909177876,0.52033335,0.005937969197110982,0.50476,0.0058932574924039915,0.5214934,0.005961470272009217,0.50456,0.005911468839781997,0.52173334,0.005941233081363517,0.50452,0.00595548278994662,0.52196,0.0059363003123219515,0.50412,0.00596072818627158,0.52194667,0.005961884491615166,0.50405335,0.005958609986347119,0.5217867,0.0059511748136885645,0.50125337,0.005811880194933394,0.51392007,0.005763387870478809,0.49601337,0.005859057360594555,0.5160533,0.005867089619039589,8.067424,0.018590290435302137,8.260978,0.024306722334312525,0.20611954,0.0012178806811464493,0.2005441,0.0012426380374693236,,,,,,,,
