,shots,val_acc,val_conf,test_acc,test_conf,val_acc_me1,val_conf_me1,test_acc_me1,test_conf_me1,val_acc_me2,val_conf_me2,test_acc_me2,test_conf_me2,val_acc_me3,val_conf_me3,test_acc_me3,test_conf_me3,val_acc_me4,val_conf_me4,test_acc_me4,test_conf_me4,val_acc_me5,val_conf_me5,test_acc_me5,test_conf_me5,val_acc_me6,val_conf_me6,test_acc_me6,test_conf_me6,val_acc_me7,val_conf_me7,test_acc_me7,test_conf_me7,val_acc_me8,val_conf_me8,test_acc_me8,test_conf_me8,val_acc_me9,val_conf_me9,test_acc_me9,test_conf_me9,val_acc_med,val_conf_med,test_acc_med,test_conf_med,val_acc_maj,val_conf_maj,test_acc_maj,test_conf_maj,val_acc_lin,val_conf_lin,test_acc_lin,test_conf_lin,val_nld,val_conf_nld,test_nld,test_conf_nld,val_mse,val_conf_mse,test_mse,test_conf_mse,val_svm,val_conf_svm,test_svm,test_conf_svm,val_mvm,val_conf_mvm,test_mvm,test_conf_mvm
0,5,0.553,0.0068713260328704395,0.5931067,0.0068944844645718595,0.55377334,0.00690257028987773,0.59392005,0.006894799400771645,0.5544401,0.006902085417429427,0.5947467,0.006925008339655925,0.5556134,0.006913745445354835,0.59516,0.006920686509899299,0.5558267,0.006945622345461477,0.5956934,0.006948458618392883,0.5557467,0.006983226743641824,0.59552,0.006961159505840864,0.5557334,0.006967760697888181,0.5955334,0.0069566243322070065,0.55566674,0.006999366992990308,0.59482664,0.006975009771883145,0.5553334,0.006998298888253984,0.5944534,0.0069563380265708075,0.55516005,0.0069989693975825995,0.5938267,0.006963983772406923,0.5547734,0.007010344505221755,0.59336007,0.006963559393568741,0.5531734,0.006753238811440965,0.59257334,0.006763298298503528,0.54596007,0.006633248119314206,0.58732,0.006685621732272273,6.7351556,0.017750055431280387,6.7771807,0.01827745627300459,0.19221936,0.001507170822701076,0.18247588,0.0014964186607123453,,,,,,,,
