,shots,val_acc,val_conf,test_acc,test_conf,val_acc_me1,val_conf_me1,test_acc_me1,test_conf_me1,val_acc_me2,val_conf_me2,test_acc_me2,test_conf_me2,val_acc_me3,val_conf_me3,test_acc_me3,test_conf_me3,val_acc_me4,val_conf_me4,test_acc_me4,test_conf_me4,val_acc_me5,val_conf_me5,test_acc_me5,test_conf_me5,val_acc_me6,val_conf_me6,test_acc_me6,test_conf_me6,val_acc_me7,val_conf_me7,test_acc_me7,test_conf_me7,val_acc_me8,val_conf_me8,test_acc_me8,test_conf_me8,val_acc_me9,val_conf_me9,test_acc_me9,test_conf_me9,val_acc_med,val_conf_med,test_acc_med,test_conf_med,val_acc_maj,val_conf_maj,test_acc_maj,test_conf_maj,val_acc_lin,val_conf_lin,test_acc_lin,test_conf_lin,val_nld,val_conf_nld,test_nld,test_conf_nld,val_mse,val_conf_mse,test_mse,test_conf_mse,val_svm,val_conf_svm,test_svm,test_conf_svm,val_mvm,val_conf_mvm,test_mvm,test_conf_mvm
0,5,0.2538667,0.004894417478031987,0.25848,0.004980439853558061,0.25381336,0.004900022603535281,0.25888002,0.0049646256232082075,0.2536667,0.004960591946220949,0.25861335,0.00497124759550327,0.25378668,0.004964481085040273,0.25856003,0.004963895543835917,0.2539867,0.004975193533666544,0.25878668,0.004921392086793819,0.25396,0.00499276346406291,0.25889337,0.004934112830922988,0.25354668,0.004967847023398586,0.25820002,0.004916671276279705,0.25333333,0.004969103073931558,0.25768,0.004934570919940928,0.25289333,0.004993935008254846,0.25744,0.004935776636095901,0.25320002,0.005002687648623105,0.25726667,0.0049457968715792,0.2532267,0.005007607025949434,0.25645337,0.004937307447682948,0.25516003,0.0050017534610392045,0.26168004,0.004961263379116121,0.25585333,0.004823996912544981,0.26418668,0.005126563323519684,8.888056,0.013150779812580282,8.8101425,0.01243678712278573,0.2596966,0.001054077953596022,0.2588393,0.001120587330111833,,,,,,,,
