,shots,val_acc,val_conf,test_acc,test_conf,val_acc_me1,val_conf_me1,test_acc_me1,test_conf_me1,val_acc_me2,val_conf_me2,test_acc_me2,test_conf_me2,val_acc_me3,val_conf_me3,test_acc_me3,test_conf_me3,val_acc_me4,val_conf_me4,test_acc_me4,test_conf_me4,val_acc_me5,val_conf_me5,test_acc_me5,test_conf_me5,val_acc_me6,val_conf_me6,test_acc_me6,test_conf_me6,val_acc_me7,val_conf_me7,test_acc_me7,test_conf_me7,val_acc_me8,val_conf_me8,test_acc_me8,test_conf_me8,val_acc_me9,val_conf_me9,test_acc_me9,test_conf_me9,val_acc_med,val_conf_med,test_acc_med,test_conf_med,val_acc_maj,val_conf_maj,test_acc_maj,test_conf_maj,val_acc_lin,val_conf_lin,test_acc_lin,test_conf_lin,val_nld,val_conf_nld,test_nld,test_conf_nld,val_mse,val_conf_mse,test_mse,test_conf_mse,val_svm,val_conf_svm,test_svm,test_conf_svm,val_mvm,val_conf_mvm,test_mvm,test_conf_mvm
0,5,0.38825336,0.007948828982568656,0.4229867,0.00863155709689123,0.38820004,0.007945944684175699,0.42284003,0.008630084008214689,0.38841337,0.007970600217284407,0.4224267,0.008645051328021403,0.38789335,0.007994224126536276,0.42217335,0.008652424159936556,0.38746673,0.008003149473852833,0.42201337,0.008671434854179483,0.38688,0.008014303387298805,0.42205337,0.008683925168449902,0.38652003,0.008021257843558505,0.4218667,0.008676684406554003,0.38609338,0.008010182433270785,0.42168003,0.008689820293855677,0.38568002,0.008006058708543096,0.4213734,0.00869506061056452,0.38568002,0.008008790618452277,0.42092004,0.008691358955758566,0.38556007,0.008025996663620694,0.42056003,0.008710411210497093,0.3918267,0.007921536666907258,0.42681336,0.00862652827692656,0.3854267,0.007631403770859024,0.41728002,0.008167680087304952,4.6024837,0.012535857185006272,4.6903024,0.013675826483121156,0.23037161,0.001249300877585069,0.22522308,0.0013352605660303662,,,,,,,,
