,shots,val_acc,val_conf,test_acc,test_conf,val_acc_me1,val_conf_me1,test_acc_me1,test_conf_me1,val_acc_me2,val_conf_me2,test_acc_me2,test_conf_me2,val_acc_me3,val_conf_me3,test_acc_me3,test_conf_me3,val_acc_me4,val_conf_me4,test_acc_me4,test_conf_me4,val_acc_me5,val_conf_me5,test_acc_me5,test_conf_me5,val_acc_me6,val_conf_me6,test_acc_me6,test_conf_me6,val_acc_me7,val_conf_me7,test_acc_me7,test_conf_me7,val_acc_me8,val_conf_me8,test_acc_me8,test_conf_me8,val_acc_me9,val_conf_me9,test_acc_me9,test_conf_me9,val_acc_med,val_conf_med,test_acc_med,test_conf_med,val_acc_maj,val_conf_maj,test_acc_maj,test_conf_maj,val_acc_lin,val_conf_lin,test_acc_lin,test_conf_lin,val_nld,val_conf_nld,test_nld,test_conf_nld,val_mse,val_conf_mse,test_mse,test_conf_mse,val_svm,val_conf_svm,test_svm,test_conf_svm,val_mvm,val_conf_mvm,test_mvm,test_conf_mvm
0,5,0.4639067,0.005578720273353599,0.5157467,0.006143416580240868,0.46440005,0.005580615893735097,0.51647997,0.006154371465091346,0.46460003,0.005572150020786315,0.51640004,0.006158745938142363,0.46490672,0.0055852369590598805,0.51676,0.006149128839466056,0.4650667,0.005578563728820263,0.51664,0.0061225310458641324,0.4646667,0.0055838243639935725,0.51670665,0.006102932501500402,0.46465337,0.005573941739928923,0.5164267,0.0060957697809795874,0.46505338,0.0055727249409751045,0.51632,0.006068775315536512,0.46532002,0.005606262875554935,0.5155734,0.0060869931278805245,0.46517336,0.005620551835717191,0.5157867,0.006088586280210917,0.46501336,0.00562499927052712,0.5158,0.006088340611503762,0.46585336,0.005663433031485754,0.5153867,0.006098354843804388,0.46077338,0.0054067507929766445,0.5055467,0.00601827700449542,4.7466187,0.01200442959304393,4.650949,0.010688307519780338,0.21785751,0.0008244840957053468,0.2084513,0.0009578621738549897,,,,,,,,
