,shots,val_acc,val_conf,test_acc,test_conf,val_acc_me1,val_conf_me1,test_acc_me1,test_conf_me1,val_acc_me2,val_conf_me2,test_acc_me2,test_conf_me2,val_acc_me3,val_conf_me3,test_acc_me3,test_conf_me3,val_acc_me4,val_conf_me4,test_acc_me4,test_conf_me4,val_acc_me5,val_conf_me5,test_acc_me5,test_conf_me5,val_acc_me6,val_conf_me6,test_acc_me6,test_conf_me6,val_acc_me7,val_conf_me7,test_acc_me7,test_conf_me7,val_acc_me8,val_conf_me8,test_acc_me8,test_conf_me8,val_acc_me9,val_conf_me9,test_acc_me9,test_conf_me9,val_acc_med,val_conf_med,test_acc_med,test_conf_med,val_acc_maj,val_conf_maj,test_acc_maj,test_conf_maj,val_acc_lin,val_conf_lin,test_acc_lin,test_conf_lin,val_nld,val_conf_nld,test_nld,test_conf_nld,val_mse,val_conf_mse,test_mse,test_conf_mse,val_svm,val_conf_svm,test_svm,test_conf_svm,val_mvm,val_conf_mvm,test_mvm,test_conf_mvm
0,5,0.54528004,0.005859208363728552,0.54681337,0.005224927780882016,0.54653335,0.005837976491888663,0.54760003,0.005243618459308985,0.54688,0.005845691043434131,0.54890674,0.005221976062129485,0.54678667,0.0058295997431137,0.5501067,0.005219335123527347,0.5470267,0.005824869235150687,0.5512267,0.005242440911934376,0.54701334,0.005825517117098333,0.5520133,0.0052323357083267075,0.5457867,0.00585094521364149,0.5527867,0.005278520501710293,0.54532003,0.005894314976124693,0.55244005,0.0052879140972770244,0.5444401,0.005936284611690268,0.55156004,0.005329814927133247,0.5441201,0.00594327046921328,0.55032,0.005320739962032639,0.5435601,0.005945121758399563,0.54977334,0.005346105256049172,0.54468006,0.005788640489373886,0.5473733,0.0051907535089364965,0.53852004,0.005593865379724727,0.54392004,0.005224318226946911,9.980707,0.016714332786001762,10.064157,0.018813130424048197,0.19584577,0.0011308973346059459,0.19106165,0.0011891800419141785,,,,,,,,
