,shots,val_acc,val_conf,test_acc,test_conf,val_acc_me1,val_conf_me1,test_acc_me1,test_conf_me1,val_acc_me2,val_conf_me2,test_acc_me2,test_conf_me2,val_acc_me3,val_conf_me3,test_acc_me3,test_conf_me3,val_acc_me4,val_conf_me4,test_acc_me4,test_conf_me4,val_acc_me5,val_conf_me5,test_acc_me5,test_conf_me5,val_acc_me6,val_conf_me6,test_acc_me6,test_conf_me6,val_acc_me7,val_conf_me7,test_acc_me7,test_conf_me7,val_acc_me8,val_conf_me8,test_acc_me8,test_conf_me8,val_acc_me9,val_conf_me9,test_acc_me9,test_conf_me9,val_acc_med,val_conf_med,test_acc_med,test_conf_med,val_acc_maj,val_conf_maj,test_acc_maj,test_conf_maj,val_acc_lin,val_conf_lin,test_acc_lin,test_conf_lin,val_nld,val_conf_nld,test_nld,test_conf_nld,val_mse,val_conf_mse,test_mse,test_conf_mse,val_svm,val_conf_svm,test_svm,test_conf_svm,val_mvm,val_conf_mvm,test_mvm,test_conf_mvm
0,5,0.46973336,0.005689915379266719,0.51712,0.005984582525382254,0.46969336,0.0057000210446576105,0.51728004,0.006010401752367112,0.4696667,0.005701754117323099,0.51797336,0.005999844001140953,0.4695467,0.0057214408622940915,0.5181866,0.006010693137619372,0.46952003,0.0057375995829739845,0.51846665,0.005983236427108851,0.4697467,0.00576276954266125,0.5188134,0.006004865894356448,0.4697467,0.005750300470421965,0.5188933,0.006002647025675989,0.4698667,0.005765067838066629,0.5188667,0.00598415029622823,0.4701867,0.00573855870685519,0.51892006,0.005965653104997304,0.47012,0.005717650545097597,0.51912,0.005998860864528943,0.46985337,0.005738056748425313,0.51902676,0.005996355228429007,0.46984002,0.00561701734646014,0.51764,0.006010930032444239,0.46220002,0.005721526292201684,0.5087067,0.005811199526372435,4.9504924,0.012470788225999563,4.802006,0.010519647640201413,0.21776669,0.0008441152535134944,0.20776007,0.000939836290188456,,,,,,,,
