,shots,val_acc,val_conf,test_acc,test_conf,val_acc_me1,val_conf_me1,test_acc_me1,test_conf_me1,val_acc_me2,val_conf_me2,test_acc_me2,test_conf_me2,val_acc_me3,val_conf_me3,test_acc_me3,test_conf_me3,val_acc_me4,val_conf_me4,test_acc_me4,test_conf_me4,val_acc_me5,val_conf_me5,test_acc_me5,test_conf_me5,val_acc_me6,val_conf_me6,test_acc_me6,test_conf_me6,val_acc_me7,val_conf_me7,test_acc_me7,test_conf_me7,val_acc_me8,val_conf_me8,test_acc_me8,test_conf_me8,val_acc_me9,val_conf_me9,test_acc_me9,test_conf_me9,val_acc_med,val_conf_med,test_acc_med,test_conf_med,val_acc_maj,val_conf_maj,test_acc_maj,test_conf_maj,val_acc_lin,val_conf_lin,test_acc_lin,test_conf_lin,val_nld,val_conf_nld,test_nld,test_conf_nld,val_mse,val_conf_mse,test_mse,test_conf_mse,val_svm,val_conf_svm,test_svm,test_conf_svm,val_mvm,val_conf_mvm,test_mvm,test_conf_mvm
0,5,0.3639867,0.005636956225104295,0.41198674,0.006179229721061774,0.3641334,0.005620700529934741,0.4124134,0.006180526408523734,0.36437336,0.005623528490767027,0.41261333,0.006188862982152987,0.3645867,0.005641930092858127,0.41269338,0.006184587792508078,0.36441338,0.005683685460979859,0.4129067,0.0062026490603187545,0.36489338,0.005702349817759689,0.41294673,0.00618328648721328,0.3646934,0.0057056926669538655,0.4130267,0.006217042845286513,0.36508003,0.005707713892388666,0.41358674,0.006198992198491349,0.36533338,0.005686965507647357,0.41376007,0.006205183326982333,0.36540005,0.00567679750151312,0.41373336,0.006199238328981838,0.36529335,0.0056738111490143295,0.41372004,0.006227791774792268,0.3660267,0.005660198239580139,0.41402674,0.00609672982842735,0.35876003,0.005340325114681077,0.40314668,0.005847244482402092,5.5572324,0.017670129980454696,5.3326397,0.015254679232350021,0.23501278,0.0008664256202135234,0.22625898,0.000986031069635518,,,,,,,,
