,shots,val_acc,val_conf,test_acc,test_conf,val_acc_me1,val_conf_me1,test_acc_me1,test_conf_me1,val_acc_me2,val_conf_me2,test_acc_me2,test_conf_me2,val_acc_me3,val_conf_me3,test_acc_me3,test_conf_me3,val_acc_me4,val_conf_me4,test_acc_me4,test_conf_me4,val_acc_me5,val_conf_me5,test_acc_me5,test_conf_me5,val_acc_me6,val_conf_me6,test_acc_me6,test_conf_me6,val_acc_me7,val_conf_me7,test_acc_me7,test_conf_me7,val_acc_me8,val_conf_me8,test_acc_me8,test_conf_me8,val_acc_me9,val_conf_me9,test_acc_me9,test_conf_me9,val_acc_med,val_conf_med,test_acc_med,test_conf_med,val_acc_maj,val_conf_maj,test_acc_maj,test_conf_maj,val_acc_lin,val_conf_lin,test_acc_lin,test_conf_lin,val_nld,val_conf_nld,test_nld,test_conf_nld,val_mse,val_conf_mse,test_mse,test_conf_mse,val_svm,val_conf_svm,test_svm,test_conf_svm,val_mvm,val_conf_mvm,test_mvm,test_conf_mvm
0,5,0.32117334,0.004964716132731917,0.3947867,0.0058059347351496204,0.32373333,0.004977459966025277,0.3969734,0.0058764675139745814,0.32702667,0.0049853970971137085,0.39842674,0.005902502855536451,0.33033338,0.005028072337537548,0.39993334,0.005946746773776601,0.33268002,0.005069654998710982,0.40222675,0.005987767444693204,0.33552003,0.0051859389564157254,0.40448007,0.0060862824434061435,0.33836004,0.005297947262692282,0.40557337,0.006092466645147843,0.34060004,0.005387075592587776,0.40673336,0.006131428224400326,0.34156004,0.005455567289296748,0.40693334,0.006152666099422832,0.34249339,0.00555778024854936,0.40781334,0.006311446125637166,0.34197336,0.005637592562469873,0.40748003,0.006404114024405827,0.32625335,0.004988671140598533,0.39828002,0.005766844318360831,0.32858667,0.004841536365244592,0.39670673,0.005821213758673116,10.784653,0.014856209207135151,10.820085,0.016135915974174964,0.24246845,0.0007815785985914592,0.22826208,0.001145907831149734,,,,,,,,
