,shots,val_acc,val_conf,test_acc,test_conf,val_acc_me1,val_conf_me1,test_acc_me1,test_conf_me1,val_acc_me2,val_conf_me2,test_acc_me2,test_conf_me2,val_acc_me3,val_conf_me3,test_acc_me3,test_conf_me3,val_acc_me4,val_conf_me4,test_acc_me4,test_conf_me4,val_acc_me5,val_conf_me5,test_acc_me5,test_conf_me5,val_acc_me6,val_conf_me6,test_acc_me6,test_conf_me6,val_acc_me7,val_conf_me7,test_acc_me7,test_conf_me7,val_acc_me8,val_conf_me8,test_acc_me8,test_conf_me8,val_acc_me9,val_conf_me9,test_acc_me9,test_conf_me9,val_acc_med,val_conf_med,test_acc_med,test_conf_med,val_acc_maj,val_conf_maj,test_acc_maj,test_conf_maj,val_acc_lin,val_conf_lin,test_acc_lin,test_conf_lin,val_nld,val_conf_nld,test_nld,test_conf_nld,val_mse,val_conf_mse,test_mse,test_conf_mse,val_svm,val_conf_svm,test_svm,test_conf_svm,val_mvm,val_conf_mvm,test_mvm,test_conf_mvm
0,5,0.2625067,0.005394600351203427,0.3035867,0.006858892517944026,0.26234668,0.005421674243371366,0.3031067,0.0068664666873710645,0.26248005,0.005417913942088293,0.30282673,0.006904063697018792,0.2619867,0.005434945894958576,0.30245337,0.006917768501326582,0.26205334,0.005411404644914575,0.30193335,0.006949260735957474,0.26242667,0.005409546428979062,0.30128002,0.006934282795135249,0.26197335,0.005423758733116124,0.30060002,0.0069523588400110525,0.26181334,0.0054033903960177265,0.30029336,0.00694554799835273,0.26153332,0.005405748261466725,0.29926667,0.006940598605112924,0.26160005,0.005415907493718564,0.29917333,0.0069463667401155615,0.26104003,0.005427527346498318,0.29856002,0.006960041528509875,0.26389337,0.005327917921401859,0.30560005,0.006800937792213357,0.26581335,0.0052663058720605616,0.30356002,0.00655709082008793,7.75627,0.016594067794603262,7.836669,0.01839628234768842,0.25932813,0.0011577040851439846,0.25022265,0.0014176039141314267,,,,,,,,
