,shots,val_acc,val_conf,test_acc,test_conf,val_acc_me1,val_conf_me1,test_acc_me1,test_conf_me1,val_acc_me2,val_conf_me2,test_acc_me2,test_conf_me2,val_acc_me3,val_conf_me3,test_acc_me3,test_conf_me3,val_acc_me4,val_conf_me4,test_acc_me4,test_conf_me4,val_acc_me5,val_conf_me5,test_acc_me5,test_conf_me5,val_acc_me6,val_conf_me6,test_acc_me6,test_conf_me6,val_acc_me7,val_conf_me7,test_acc_me7,test_conf_me7,val_acc_me8,val_conf_me8,test_acc_me8,test_conf_me8,val_acc_me9,val_conf_me9,test_acc_me9,test_conf_me9,val_acc_med,val_conf_med,test_acc_med,test_conf_med,val_acc_maj,val_conf_maj,test_acc_maj,test_conf_maj,val_acc_lin,val_conf_lin,test_acc_lin,test_conf_lin,val_nld,val_conf_nld,test_nld,test_conf_nld,val_mse,val_conf_mse,test_mse,test_conf_mse,val_svm,val_conf_svm,test_svm,test_conf_svm,val_mvm,val_conf_mvm,test_mvm,test_conf_mvm
0,5,0.56828,0.00596719546116653,0.59540004,0.0059261914144480565,0.56785333,0.00595668804431837,0.59528005,0.005940173750509703,0.56732005,0.005958725893951411,0.59465337,0.00595589100636984,0.56702673,0.005949406645493482,0.59436005,0.00593910241329032,0.5671467,0.0059595921993925716,0.59416,0.005928969040902454,0.56684005,0.005944266073974025,0.5938267,0.005917455860061316,0.56644005,0.005940347842807836,0.5935867,0.005915318265238834,0.56594664,0.005950889431618922,0.59294665,0.005916330955981097,0.56537336,0.005959241244096525,0.5927467,0.0059173076276271,0.5653867,0.005980322574585695,0.5922001,0.005928197862817841,0.5650934,0.00599683455947797,0.5916667,0.005921829409545776,0.57132,0.005908065496977644,0.59657335,0.005981475185663054,0.57238674,0.005868812532472845,0.59246665,0.005802380389211326,4.916529,0.012552848039163678,4.8145556,0.010608052355689956,0.19639672,0.0010267631259995302,0.18964916,0.0010006301172731102,,,,,,,,
