,shots,val_acc,val_conf,test_acc,test_conf,val_acc_me1,val_conf_me1,test_acc_me1,test_conf_me1,val_acc_me2,val_conf_me2,test_acc_me2,test_conf_me2,val_acc_me3,val_conf_me3,test_acc_me3,test_conf_me3,val_acc_me4,val_conf_me4,test_acc_me4,test_conf_me4,val_acc_me5,val_conf_me5,test_acc_me5,test_conf_me5,val_acc_me6,val_conf_me6,test_acc_me6,test_conf_me6,val_acc_me7,val_conf_me7,test_acc_me7,test_conf_me7,val_acc_me8,val_conf_me8,test_acc_me8,test_conf_me8,val_acc_me9,val_conf_me9,test_acc_me9,test_conf_me9,val_acc_med,val_conf_med,test_acc_med,test_conf_med,val_acc_maj,val_conf_maj,test_acc_maj,test_conf_maj,val_acc_lin,val_conf_lin,test_acc_lin,test_conf_lin,val_nld,val_conf_nld,test_nld,test_conf_nld,val_mse,val_conf_mse,test_mse,test_conf_mse,val_svm,val_conf_svm,test_svm,test_conf_svm,val_mvm,val_conf_mvm,test_mvm,test_conf_mvm
0,5,0.34573337,0.00518079515241332,0.39413336,0.0062857123285599,0.34576002,0.005169982035031051,0.39424005,0.006291309603747408,0.34617338,0.005185577841887501,0.39456004,0.006279463477158409,0.34605336,0.005209007802160048,0.39461336,0.006295622197838302,0.34589338,0.0052091878976408545,0.39449337,0.006315767493610458,0.3460934,0.005185942188898729,0.39477336,0.0063491202530933655,0.34576005,0.005173947368092235,0.39458674,0.0063723788917674495,0.34604004,0.005180906442184774,0.39484006,0.006380637424021618,0.34589338,0.005203673281661214,0.39465338,0.006396846940862788,0.3457067,0.005216543643574489,0.39393336,0.006397262084035238,0.34590667,0.005220273005377474,0.39369336,0.006398079440448234,0.3483867,0.005198792232347482,0.39340004,0.006159571606654424,0.33696002,0.0050010557064968375,0.3779067,0.005687768086995282,27.732718,0.042217657520399854,27.35138,0.03639988266184346,0.25367665,0.001311137699939957,0.24215491,0.0015779761691095961,,,,,,,,
