,shots,val_acc,val_conf,test_acc,test_conf,val_acc_me1,val_conf_me1,test_acc_me1,test_conf_me1,val_acc_me2,val_conf_me2,test_acc_me2,test_conf_me2,val_acc_me3,val_conf_me3,test_acc_me3,test_conf_me3,val_acc_me4,val_conf_me4,test_acc_me4,test_conf_me4,val_acc_me5,val_conf_me5,test_acc_me5,test_conf_me5,val_acc_me6,val_conf_me6,test_acc_me6,test_conf_me6,val_acc_me7,val_conf_me7,test_acc_me7,test_conf_me7,val_acc_me8,val_conf_me8,test_acc_me8,test_conf_me8,val_acc_me9,val_conf_me9,test_acc_me9,test_conf_me9,val_acc_med,val_conf_med,test_acc_med,test_conf_med,val_acc_maj,val_conf_maj,test_acc_maj,test_conf_maj,val_acc_lin,val_conf_lin,test_acc_lin,test_conf_lin,val_nld,val_conf_nld,test_nld,test_conf_nld,val_mse,val_conf_mse,test_mse,test_conf_mse,val_svm,val_conf_svm,test_svm,test_conf_svm,val_mvm,val_conf_mvm,test_mvm,test_conf_mvm
0,5,0.39377338,0.004911046294095112,0.45124006,0.00553827036657617,0.39389336,0.004898594769620623,0.45096,0.005537527819055255,0.3937467,0.004869678362148799,0.45094672,0.005501402512734177,0.39381337,0.0048707774063651565,0.4508667,0.0054737352290460395,0.39368007,0.004857328891780088,0.45078668,0.005489059045548139,0.3928667,0.004844042924911085,0.45074672,0.0055202206433476175,0.39232007,0.004841039486430776,0.4501734,0.005506610966396375,0.39145336,0.004854710118775529,0.44982672,0.005498224520172457,0.3907734,0.004853655405754498,0.4492,0.005503324454762926,0.39010668,0.004874195988017915,0.4486667,0.0055338963553084874,0.38936004,0.00487502073296342,0.4480667,0.0055015276560042015,0.39404005,0.004862524415510383,0.4514134,0.00545149020468072,0.39568004,0.004756477731432507,0.45312002,0.0052449640957991095,7.588677,0.018315717788797592,7.552651,0.018557542611921996,0.22906418,0.000886540149674403,0.2134581,0.001135778268473886,,,,,,,,
