,shots,val_acc,val_conf,test_acc,test_conf,val_acc_me1,val_conf_me1,test_acc_me1,test_conf_me1,val_acc_me2,val_conf_me2,test_acc_me2,test_conf_me2,val_acc_me3,val_conf_me3,test_acc_me3,test_conf_me3,val_acc_me4,val_conf_me4,test_acc_me4,test_conf_me4,val_acc_me5,val_conf_me5,test_acc_me5,test_conf_me5,val_acc_me6,val_conf_me6,test_acc_me6,test_conf_me6,val_acc_me7,val_conf_me7,test_acc_me7,test_conf_me7,val_acc_me8,val_conf_me8,test_acc_me8,test_conf_me8,val_acc_me9,val_conf_me9,test_acc_me9,test_conf_me9,val_acc_med,val_conf_med,test_acc_med,test_conf_med,val_acc_maj,val_conf_maj,test_acc_maj,test_conf_maj,val_acc_lin,val_conf_lin,test_acc_lin,test_conf_lin,val_nld,val_conf_nld,test_nld,test_conf_nld,val_mse,val_conf_mse,test_mse,test_conf_mse,val_svm,val_conf_svm,test_svm,test_conf_svm,val_mvm,val_conf_mvm,test_mvm,test_conf_mvm
0,5,0.7527868,0.005967823486432988,0.8130934,0.0050901821892591625,0.7527201,0.005968142578682278,0.81266683,0.005108268855150477,0.75273347,0.005972269997676305,0.8126134,0.005108910272132228,0.7527601,0.00595898726329025,0.81233346,0.005088147110325791,0.7524801,0.005953923347795986,0.8117601,0.005092357650310908,0.7522001,0.005954432232975093,0.81154674,0.0050818737844102735,0.7517068,0.005971076287886734,0.8112268,0.005078038212451896,0.75150675,0.005993023462033675,0.81066674,0.005075678961653063,0.7510134,0.005987688479751618,0.81017345,0.0050676480885579744,0.75044006,0.0059893541320577,0.8100402,0.005064892627701267,0.75010675,0.005981845997640289,0.8096801,0.005070081686465611,0.7535602,0.00592283055570586,0.8139201,0.0050391874611877,0.7415601,0.005704986600312378,0.8080935,0.005081773115654387,4.5889,0.010629553908968248,4.7188005,0.012107957711089412,0.15658669,0.001317423609449947,0.14233094,0.0011547590622491832,,,,,,,,
