,shots,val_acc,val_conf,test_acc,test_conf,val_acc_me1,val_conf_me1,test_acc_me1,test_conf_me1,val_acc_me2,val_conf_me2,test_acc_me2,test_conf_me2,val_acc_me3,val_conf_me3,test_acc_me3,test_conf_me3,val_acc_me4,val_conf_me4,test_acc_me4,test_conf_me4,val_acc_me5,val_conf_me5,test_acc_me5,test_conf_me5,val_acc_me6,val_conf_me6,test_acc_me6,test_conf_me6,val_acc_me7,val_conf_me7,test_acc_me7,test_conf_me7,val_acc_me8,val_conf_me8,test_acc_me8,test_conf_me8,val_acc_me9,val_conf_me9,test_acc_me9,test_conf_me9,val_acc_med,val_conf_med,test_acc_med,test_conf_med,val_acc_maj,val_conf_maj,test_acc_maj,test_conf_maj,val_acc_lin,val_conf_lin,test_acc_lin,test_conf_lin,val_nld,val_conf_nld,test_nld,test_conf_nld,val_mse,val_conf_mse,test_mse,test_conf_mse,val_svm,val_conf_svm,test_svm,test_conf_svm,val_mvm,val_conf_mvm,test_mvm,test_conf_mvm
0,5,0.31108,0.004654081444216085,0.38626674,0.006089313588883483,0.31321335,0.004675366421133587,0.3891867,0.006137184353037561,0.31560004,0.004757632651426258,0.39237335,0.0061520671665032944,0.31733337,0.0047914873693390425,0.3947334,0.006202979697150224,0.3194267,0.004813064193292138,0.39661336,0.0062328016616423065,0.3209067,0.004938562574649308,0.39884004,0.006262779247101169,0.32310668,0.005003699415798757,0.40089336,0.00630342125572475,0.32550672,0.005080957606374503,0.40258673,0.006341472198340858,0.3276667,0.005140743302826878,0.40385336,0.00642868228047383,0.32981336,0.0051328865220299225,0.40476003,0.006525783298770627,0.33069336,0.005170737050700647,0.4043467,0.006624665415194464,0.3159867,0.004608690456298026,0.39184004,0.006143317758617983,0.31645337,0.004657884691344538,0.39124003,0.006230490898088303,10.891089,0.014957284332375309,10.899884,0.015493305744447738,0.24409238,0.0007451710272379231,0.22959565,0.0011493067870129159,,,,,,,,
