,shots,val_acc,val_conf,test_acc,test_conf,val_acc_me1,val_conf_me1,test_acc_me1,test_conf_me1,val_acc_me2,val_conf_me2,test_acc_me2,test_conf_me2,val_acc_me3,val_conf_me3,test_acc_me3,test_conf_me3,val_acc_me4,val_conf_me4,test_acc_me4,test_conf_me4,val_acc_me5,val_conf_me5,test_acc_me5,test_conf_me5,val_acc_me6,val_conf_me6,test_acc_me6,test_conf_me6,val_acc_me7,val_conf_me7,test_acc_me7,test_conf_me7,val_acc_me8,val_conf_me8,test_acc_me8,test_conf_me8,val_acc_me9,val_conf_me9,test_acc_me9,test_conf_me9,val_acc_med,val_conf_med,test_acc_med,test_conf_med,val_acc_maj,val_conf_maj,test_acc_maj,test_conf_maj,val_acc_lin,val_conf_lin,test_acc_lin,test_conf_lin,val_nld,val_conf_nld,test_nld,test_conf_nld,val_mse,val_conf_mse,test_mse,test_conf_mse,val_svm,val_conf_svm,test_svm,test_conf_svm,val_mvm,val_conf_mvm,test_mvm,test_conf_mvm
0,5,0.3975067,0.005914533233655761,0.42381334,0.006570499159527232,0.39777339,0.00590348876284813,0.42408004,0.006561762219790657,0.39800006,0.005949764989321982,0.4240267,0.006573338664941641,0.39792004,0.005960565176772292,0.42440003,0.00656544586504848,0.39773336,0.005963284618532794,0.42466667,0.006602740868428381,0.39825338,0.0059708883420900305,0.4252267,0.006589725506563893,0.39860004,0.005971696924620629,0.42548004,0.006608927840869805,0.39861333,0.005964091815713557,0.42560002,0.006599120949263737,0.3984267,0.005975479853284615,0.42572007,0.0066146599567762365,0.39833337,0.005963414841418935,0.42601338,0.006643567590365662,0.39801335,0.005966820031356457,0.42602673,0.006646710025614455,0.3993334,0.005760981979568203,0.4257467,0.006451968164361721,0.39124006,0.005714148380670414,0.41706672,0.006258857321668643,5.0446773,0.014276926089866748,4.8930364,0.011753680346170192,0.22977427,0.00087576564891928,0.2242869,0.0009941054658051673,,,,,,,,
