,shots,val_acc,val_conf,test_acc,test_conf,val_acc_me1,val_conf_me1,test_acc_me1,test_conf_me1,val_acc_me2,val_conf_me2,test_acc_me2,test_conf_me2,val_acc_me3,val_conf_me3,test_acc_me3,test_conf_me3,val_acc_me4,val_conf_me4,test_acc_me4,test_conf_me4,val_acc_me5,val_conf_me5,test_acc_me5,test_conf_me5,val_acc_me6,val_conf_me6,test_acc_me6,test_conf_me6,val_acc_me7,val_conf_me7,test_acc_me7,test_conf_me7,val_acc_me8,val_conf_me8,test_acc_me8,test_conf_me8,val_acc_me9,val_conf_me9,test_acc_me9,test_conf_me9,val_acc_med,val_conf_med,test_acc_med,test_conf_med,val_acc_maj,val_conf_maj,test_acc_maj,test_conf_maj,val_acc_lin,val_conf_lin,test_acc_lin,test_conf_lin,val_nld,val_conf_nld,test_nld,test_conf_nld,val_mse,val_conf_mse,test_mse,test_conf_mse,val_svm,val_conf_svm,test_svm,test_conf_svm,val_mvm,val_conf_mvm,test_mvm,test_conf_mvm
0,5,0.25178668,0.004000629928327004,0.30805334,0.00564311225806563,0.25261337,0.004000505246840258,0.30973333,0.005724412437727755,0.25321335,0.004031980395489687,0.31276006,0.005807937951036346,0.25353336,0.004043142621034779,0.31538668,0.00585331924150545,0.2538,0.0041111328210970965,0.31844,0.005878551080152783,0.25356,0.004090372429990441,0.32126668,0.005902496390570444,0.25452,0.004105916978902335,0.32336003,0.005971497896025135,0.25441334,0.004104864113014417,0.32445338,0.005995373477166888,0.2541067,0.004118181942930066,0.32596,0.0060757196125639235,0.25244,0.004082493483595795,0.32613337,0.006062496910004822,0.25213334,0.004089302016337726,0.32477337,0.006093619718008425,0.25369334,0.003979533358989429,0.31181335,0.005623564048079899,0.25817335,0.004088744643913678,0.31446669,0.0055790033465067945,10.746635,0.017447829354585664,10.776656,0.01971837712594926,0.25196818,0.0006374699468216227,0.24365586,0.0007684436348563695,,,,,,,,
