,shots,val_acc,val_conf,test_acc,test_conf,val_acc_me1,val_conf_me1,test_acc_me1,test_conf_me1,val_acc_me2,val_conf_me2,test_acc_me2,test_conf_me2,val_acc_me3,val_conf_me3,test_acc_me3,test_conf_me3,val_acc_me4,val_conf_me4,test_acc_me4,test_conf_me4,val_acc_me5,val_conf_me5,test_acc_me5,test_conf_me5,val_acc_me6,val_conf_me6,test_acc_me6,test_conf_me6,val_acc_me7,val_conf_me7,test_acc_me7,test_conf_me7,val_acc_me8,val_conf_me8,test_acc_me8,test_conf_me8,val_acc_me9,val_conf_me9,test_acc_me9,test_conf_me9,val_acc_med,val_conf_med,test_acc_med,test_conf_med,val_acc_maj,val_conf_maj,test_acc_maj,test_conf_maj,val_acc_lin,val_conf_lin,test_acc_lin,test_conf_lin,val_nld,val_conf_nld,test_nld,test_conf_nld,val_mse,val_conf_mse,test_mse,test_conf_mse,val_svm,val_conf_svm,test_svm,test_conf_svm,val_mvm,val_conf_mvm,test_mvm,test_conf_mvm
0,5,0.37085333,0.006300106113527659,0.4276934,0.007161745696338151,0.37084,0.006331745195242933,0.42869335,0.007175659688473668,0.37148005,0.006361562541902177,0.42872003,0.007190572056069544,0.37168005,0.006399540522759373,0.4292267,0.007214341427055959,0.37197337,0.006444513135021979,0.4285467,0.007214150710559586,0.37121338,0.006468237251246511,0.42857337,0.0072330510385976154,0.37180004,0.0065067014899019004,0.4281867,0.007235056563400788,0.3715734,0.0065019091029787646,0.42849338,0.007235209413667842,0.3715467,0.006511966742908104,0.42852002,0.00724773897951736,0.3712267,0.006523346468380042,0.42792004,0.007241581099422911,0.37128,0.00652529796453899,0.42728004,0.00725999978749553,0.3727467,0.006200394172542145,0.4305067,0.006986643478161414,0.38093337,0.006052379238248529,0.4314667,0.00694007771356836,7.7491946,0.019383733862706087,7.7724705,0.019394589464150513,0.23293288,0.0012034490299493994,0.22117102,0.0013938652517334615,,,,,,,,
