,shots,val_acc,val_conf,test_acc,test_conf,val_acc_me1,val_conf_me1,test_acc_me1,test_conf_me1,val_acc_me2,val_conf_me2,test_acc_me2,test_conf_me2,val_acc_me3,val_conf_me3,test_acc_me3,test_conf_me3,val_acc_me4,val_conf_me4,test_acc_me4,test_conf_me4,val_acc_me5,val_conf_me5,test_acc_me5,test_conf_me5,val_acc_me6,val_conf_me6,test_acc_me6,test_conf_me6,val_acc_me7,val_conf_me7,test_acc_me7,test_conf_me7,val_acc_me8,val_conf_me8,test_acc_me8,test_conf_me8,val_acc_me9,val_conf_me9,test_acc_me9,test_conf_me9,val_acc_med,val_conf_med,test_acc_med,test_conf_med,val_acc_maj,val_conf_maj,test_acc_maj,test_conf_maj,val_acc_lin,val_conf_lin,test_acc_lin,test_conf_lin,val_nld,val_conf_nld,test_nld,test_conf_nld,val_mse,val_conf_mse,test_mse,test_conf_mse,val_svm,val_conf_svm,test_svm,test_conf_svm,val_mvm,val_conf_mvm,test_mvm,test_conf_mvm
0,5,0.37456006,0.005658980978843042,0.4057867,0.006250881400784336,0.3748267,0.00565148161830803,0.40588006,0.0062624019701579825,0.37484002,0.005680363853816817,0.4061467,0.006273960405760892,0.37529337,0.005696897542523449,0.4063334,0.006286852933271803,0.37560004,0.005706830962749321,0.40668005,0.0063050194876712595,0.3754667,0.005730338964396897,0.40645337,0.006322329434078622,0.37566668,0.0057386820029921015,0.40652,0.006314763576750648,0.37585336,0.005742070568731383,0.4066134,0.0063042598541688255,0.37572002,0.005743479931314688,0.40725335,0.006319102492488793,0.37561336,0.005738288101850675,0.40734667,0.00632868726633512,0.37553337,0.005760049177334192,0.40757337,0.006315927270626798,0.3759467,0.005654028814903511,0.40560004,0.006110187116894816,0.36749336,0.005497871717743352,0.3958267,0.0058148125187878485,4.812739,0.012588032231152013,4.6772375,0.011078210541508149,0.23391382,0.0008462732822462904,0.22795019,0.0009254401963042502,,,,,,,,
