,shots,val_acc,val_conf,test_acc,test_conf,val_acc_me1,val_conf_me1,test_acc_me1,test_conf_me1,val_acc_me2,val_conf_me2,test_acc_me2,test_conf_me2,val_acc_me3,val_conf_me3,test_acc_me3,test_conf_me3,val_acc_me4,val_conf_me4,test_acc_me4,test_conf_me4,val_acc_me5,val_conf_me5,test_acc_me5,test_conf_me5,val_acc_me6,val_conf_me6,test_acc_me6,test_conf_me6,val_acc_me7,val_conf_me7,test_acc_me7,test_conf_me7,val_acc_me8,val_conf_me8,test_acc_me8,test_conf_me8,val_acc_me9,val_conf_me9,test_acc_me9,test_conf_me9,val_acc_med,val_conf_med,test_acc_med,test_conf_med,val_acc_maj,val_conf_maj,test_acc_maj,test_conf_maj,val_acc_lin,val_conf_lin,test_acc_lin,test_conf_lin,val_nld,val_conf_nld,test_nld,test_conf_nld,val_mse,val_conf_mse,test_mse,test_conf_mse,val_svm,val_conf_svm,test_svm,test_conf_svm,val_mvm,val_conf_mvm,test_mvm,test_conf_mvm
0,5,0.56105334,0.00783945284101184,0.6124934,0.00788615298454054,0.56172,0.007845276851791927,0.6129867,0.007895695274324765,0.56180006,0.00788856903468338,0.6136667,0.007925295582840497,0.5619867,0.007879551330710055,0.6142134,0.007966732320496162,0.5623734,0.007877187923861606,0.6148134,0.007989225784268306,0.5626533,0.007899507757119006,0.61480004,0.007998769921185644,0.5629734,0.007906594283397905,0.6149468,0.008002293327643906,0.5630133,0.007924024755242454,0.6151734,0.008040243601504127,0.56329334,0.007930625485506382,0.6154801,0.008059695760566754,0.5632667,0.007933684337980806,0.6156401,0.008071391807588313,0.56312,0.007927574945131188,0.61569333,0.008107585457835409,0.56176007,0.0077861584321851085,0.6132667,0.007814395556445919,0.5490534,0.007631251382375304,0.5970267,0.007667727182208983,4.3769784,0.01030421280820093,4.4605026,0.010825735148717541,0.20219484,0.001256263761389681,0.19414544,0.0012750573020432476,,,,,,,,
