,shots,val_acc,val_conf,test_acc,test_conf,val_acc_me1,val_conf_me1,test_acc_me1,test_conf_me1,val_acc_me2,val_conf_me2,test_acc_me2,test_conf_me2,val_acc_me3,val_conf_me3,test_acc_me3,test_conf_me3,val_acc_me4,val_conf_me4,test_acc_me4,test_conf_me4,val_acc_me5,val_conf_me5,test_acc_me5,test_conf_me5,val_acc_me6,val_conf_me6,test_acc_me6,test_conf_me6,val_acc_me7,val_conf_me7,test_acc_me7,test_conf_me7,val_acc_me8,val_conf_me8,test_acc_me8,test_conf_me8,val_acc_me9,val_conf_me9,test_acc_me9,test_conf_me9,val_acc_med,val_conf_med,test_acc_med,test_conf_med,val_acc_maj,val_conf_maj,test_acc_maj,test_conf_maj,val_acc_lin,val_conf_lin,test_acc_lin,test_conf_lin,val_nld,val_conf_nld,test_nld,test_conf_nld,val_mse,val_conf_mse,test_mse,test_conf_mse,val_svm,val_conf_svm,test_svm,test_conf_svm,val_mvm,val_conf_mvm,test_mvm,test_conf_mvm
0,5,0.7786268,0.005548939869357117,0.8350001,0.005219004024912599,0.77853346,0.0055563579560340415,0.83498675,0.005199204143036984,0.7785868,0.005550503005773977,0.83461344,0.00520696625826067,0.7787068,0.0055386564174018105,0.8345868,0.005193319638646665,0.7784001,0.0055743961346805815,0.8347334,0.005179863273745866,0.7786001,0.005565767252232456,0.83464015,0.005189977251235822,0.7783068,0.005567540961826989,0.83441347,0.0051831918076581385,0.7779335,0.005569511852883791,0.8341468,0.005194314319840854,0.7774934,0.00555529770161356,0.8339334,0.0051992928054275245,0.7770267,0.005576644557491184,0.83346677,0.005227349372424195,0.77673346,0.005579935225174193,0.8330402,0.005233597762042352,0.78070676,0.005462885169001064,0.8350534,0.005212646192656045,0.76642674,0.005583345956511221,0.82993346,0.005260401049205776,24.971306,0.03486139069521954,25.470823,0.03972709402685837,0.12856601,0.0016286675055634248,0.10755137,0.0015238477796716277,,,,,,,,
