,shots,val_acc,val_conf,test_acc,test_conf,val_acc_me1,val_conf_me1,test_acc_me1,test_conf_me1,val_acc_me2,val_conf_me2,test_acc_me2,test_conf_me2,val_acc_me3,val_conf_me3,test_acc_me3,test_conf_me3,val_acc_me4,val_conf_me4,test_acc_me4,test_conf_me4,val_acc_me5,val_conf_me5,test_acc_me5,test_conf_me5,val_acc_me6,val_conf_me6,test_acc_me6,test_conf_me6,val_acc_me7,val_conf_me7,test_acc_me7,test_conf_me7,val_acc_me8,val_conf_me8,test_acc_me8,test_conf_me8,val_acc_me9,val_conf_me9,test_acc_me9,test_conf_me9,val_acc_med,val_conf_med,test_acc_med,test_conf_med,val_acc_maj,val_conf_maj,test_acc_maj,test_conf_maj,val_acc_lin,val_conf_lin,test_acc_lin,test_conf_lin,val_nld,val_conf_nld,test_nld,test_conf_nld,val_mse,val_conf_mse,test_mse,test_conf_mse,val_svm,val_conf_svm,test_svm,test_conf_svm,val_mvm,val_conf_mvm,test_mvm,test_conf_mvm
0,5,0.38020003,0.0076226834553206335,0.37557337,0.00752138852123696,0.38025334,0.007608225020693082,0.3757467,0.00756762087829882,0.3804667,0.007600455516936833,0.37596002,0.007569244508325967,0.38037336,0.007609912838596744,0.3757467,0.007578092276050774,0.3801067,0.007629772752299313,0.37558672,0.007587297002254245,0.3803067,0.007633961588470073,0.37537336,0.007602200595967723,0.3799467,0.007665262183038091,0.37533334,0.0076285878163921406,0.37944004,0.00769295948263965,0.37526673,0.007640160105493565,0.37945336,0.007681402432386575,0.3751867,0.007638267717595015,0.3795467,0.00767528241852139,0.3752,0.007671788566193327,0.37941337,0.007701122425754048,0.37472004,0.007689001538110973,0.38226673,0.007517721500177321,0.3787067,0.007494291539904829,0.37300003,0.007064066063586283,0.37005335,0.00707234029647219,4.729795,0.0134940187098751,4.7200665,0.014643060202391034,0.23232798,0.0011586389654028306,0.23255304,0.001153460296762443,,,,,,,,
