,shots,val_acc,val_conf,test_acc,test_conf,val_acc_me1,val_conf_me1,test_acc_me1,test_conf_me1,val_acc_me2,val_conf_me2,test_acc_me2,test_conf_me2,val_acc_me3,val_conf_me3,test_acc_me3,test_conf_me3,val_acc_me4,val_conf_me4,test_acc_me4,test_conf_me4,val_acc_me5,val_conf_me5,test_acc_me5,test_conf_me5,val_acc_me6,val_conf_me6,test_acc_me6,test_conf_me6,val_acc_me7,val_conf_me7,test_acc_me7,test_conf_me7,val_acc_me8,val_conf_me8,test_acc_me8,test_conf_me8,val_acc_me9,val_conf_me9,test_acc_me9,test_conf_me9,val_acc_med,val_conf_med,test_acc_med,test_conf_med,val_acc_maj,val_conf_maj,test_acc_maj,test_conf_maj,val_acc_lin,val_conf_lin,test_acc_lin,test_conf_lin,val_nld,val_conf_nld,test_nld,test_conf_nld,val_mse,val_conf_mse,test_mse,test_conf_mse,val_svm,val_conf_svm,test_svm,test_conf_svm,val_mvm,val_conf_mvm,test_mvm,test_conf_mvm
0,5,0.44848,0.006095844589871613,0.52356,0.006333994541620203,0.4485067,0.006078743369508699,0.5242,0.006320817093822928,0.44885334,0.006052492375153151,0.5244,0.00634646869347566,0.44872004,0.006042045913698557,0.5247868,0.006377255785031566,0.44904003,0.006032196076247054,0.5245067,0.0063885888703918425,0.44869336,0.006053723027605484,0.52453333,0.006398246144213804,0.4484267,0.006023251795815865,0.5238667,0.00641902038881903,0.44804004,0.006028402988350834,0.5237733,0.006417902411488097,0.44784003,0.005991826519761156,0.52353334,0.006439906846762322,0.44708005,0.005978736810787866,0.5236533,0.006460263177495373,0.44676003,0.0059849602641087185,0.52382666,0.006452412399881036,0.45201337,0.006087297904848077,0.52371997,0.006364327700207784,0.46544003,0.006250984840240004,0.5317867,0.0063009271642069375,6.7896523,0.02163662673554878,6.7356153,0.019252243843236982,0.2118058,0.0012883198334106005,0.19763157,0.0013346378512716361,,,,,,,,
