,shots,val_acc,val_conf,test_acc,test_conf,val_acc_me1,val_conf_me1,test_acc_me1,test_conf_me1,val_acc_me2,val_conf_me2,test_acc_me2,test_conf_me2,val_acc_me3,val_conf_me3,test_acc_me3,test_conf_me3,val_acc_me4,val_conf_me4,test_acc_me4,test_conf_me4,val_acc_me5,val_conf_me5,test_acc_me5,test_conf_me5,val_acc_me6,val_conf_me6,test_acc_me6,test_conf_me6,val_acc_me7,val_conf_me7,test_acc_me7,test_conf_me7,val_acc_me8,val_conf_me8,test_acc_me8,test_conf_me8,val_acc_me9,val_conf_me9,test_acc_me9,test_conf_me9,val_acc_med,val_conf_med,test_acc_med,test_conf_med,val_acc_maj,val_conf_maj,test_acc_maj,test_conf_maj,val_acc_lin,val_conf_lin,test_acc_lin,test_conf_lin,val_nld,val_conf_nld,test_nld,test_conf_nld,val_mse,val_conf_mse,test_mse,test_conf_mse,val_svm,val_conf_svm,test_svm,test_conf_svm,val_mvm,val_conf_mvm,test_mvm,test_conf_mvm
0,5,0.56453335,0.006567491103214085,0.61365336,0.0060202340420537626,0.5653201,0.006655862108523536,0.61424005,0.006056684905590193,0.5666801,0.006642300918817123,0.61562675,0.006052001499522119,0.56805336,0.006654187220551888,0.61514676,0.006066278453318974,0.56872004,0.006692964086490671,0.6151334,0.006058231417808924,0.56904006,0.0067247578656062235,0.6151867,0.006063470810951155,0.56886667,0.006750146710570171,0.6146667,0.006079251792904583,0.56832004,0.006780654423239274,0.61350673,0.006141502026744572,0.56770664,0.00681451006471856,0.61288,0.006147287709512006,0.56708,0.006809648872086016,0.61157334,0.006153942006636992,0.56570673,0.006847179846724116,0.6103334,0.006198205781558386,0.5653067,0.006490386224688671,0.61430675,0.00600079989253921,0.55957335,0.006362598783591911,0.60858667,0.005952163491700024,10.353326,0.021029198850676778,10.393838,0.021966057389080973,0.1920322,0.0011672992491142675,0.18230462,0.0011071093768423856,,,,,,,,
