,shots,val_acc,val_conf,test_acc,test_conf,val_acc_me1,val_conf_me1,test_acc_me1,test_conf_me1,val_acc_me2,val_conf_me2,test_acc_me2,test_conf_me2,val_acc_me3,val_conf_me3,test_acc_me3,test_conf_me3,val_acc_me4,val_conf_me4,test_acc_me4,test_conf_me4,val_acc_me5,val_conf_me5,test_acc_me5,test_conf_me5,val_acc_me6,val_conf_me6,test_acc_me6,test_conf_me6,val_acc_me7,val_conf_me7,test_acc_me7,test_conf_me7,val_acc_me8,val_conf_me8,test_acc_me8,test_conf_me8,val_acc_me9,val_conf_me9,test_acc_me9,test_conf_me9,val_acc_med,val_conf_med,test_acc_med,test_conf_med,val_acc_maj,val_conf_maj,test_acc_maj,test_conf_maj,val_acc_lin,val_conf_lin,test_acc_lin,test_conf_lin,val_nld,val_conf_nld,test_nld,test_conf_nld,val_mse,val_conf_mse,test_mse,test_conf_mse,val_svm,val_conf_svm,test_svm,test_conf_svm,val_mvm,val_conf_mvm,test_mvm,test_conf_mvm
0,5,0.38317338,0.005036832828221649,0.43408003,0.005739425935862907,0.38320008,0.005073280921058354,0.43456003,0.005754097714367745,0.38332006,0.005086710964312013,0.4345067,0.005756753430035011,0.38261336,0.005081035185966254,0.43456003,0.005765609971642216,0.3820667,0.005059894747216687,0.43473336,0.005776593025273058,0.3819734,0.0050366116340285205,0.43457335,0.005786901413525725,0.3819467,0.005038551585605344,0.43414673,0.0058041781115366065,0.38152006,0.005020631623479599,0.43394673,0.005800737826069491,0.38104004,0.00501742546213757,0.4334134,0.005804041423684458,0.3801867,0.0049911892448471495,0.43252006,0.0058341339931810565,0.3790667,0.004955402425673383,0.43150672,0.005831024806328744,0.3844934,0.0050019040023898675,0.43454668,0.00574542865677391,0.3861067,0.005031596667562366,0.4363867,0.005521780547281585,8.03234,0.018288071747141643,7.8990574,0.018588301072914426,0.23066069,0.0009392354524128121,0.21842918,0.001156836856136323,,,,,,,,
