,shots,val_acc,val_conf,test_acc,test_conf,val_acc_me1,val_conf_me1,test_acc_me1,test_conf_me1,val_acc_me2,val_conf_me2,test_acc_me2,test_conf_me2,val_acc_me3,val_conf_me3,test_acc_me3,test_conf_me3,val_acc_me4,val_conf_me4,test_acc_me4,test_conf_me4,val_acc_me5,val_conf_me5,test_acc_me5,test_conf_me5,val_acc_me6,val_conf_me6,test_acc_me6,test_conf_me6,val_acc_me7,val_conf_me7,test_acc_me7,test_conf_me7,val_acc_me8,val_conf_me8,test_acc_me8,test_conf_me8,val_acc_me9,val_conf_me9,test_acc_me9,test_conf_me9,val_acc_med,val_conf_med,test_acc_med,test_conf_med,val_acc_maj,val_conf_maj,test_acc_maj,test_conf_maj,val_acc_lin,val_conf_lin,test_acc_lin,test_conf_lin,val_nld,val_conf_nld,test_nld,test_conf_nld,val_mse,val_conf_mse,test_mse,test_conf_mse,val_svm,val_conf_svm,test_svm,test_conf_svm,val_mvm,val_conf_mvm,test_mvm,test_conf_mvm
0,5,0.30224004,0.004566773002243563,0.3769734,0.0050969459290224894,0.30206668,0.004559446810440071,0.37694672,0.005117898883758687,0.30221337,0.004556482161755693,0.37657335,0.005114049920085073,0.30173334,0.004525369051201045,0.37694672,0.00510439033734672,0.30133334,0.004506666366408674,0.37657335,0.005081329341918239,0.30129334,0.0045061048379350654,0.37604004,0.005106548250633669,0.30048004,0.004518838511996248,0.3752,0.005118756415317394,0.29994673,0.004544128535337422,0.37461334,0.005143030515433411,0.29896003,0.004564836744932965,0.37361342,0.005126773896697301,0.29868004,0.004549106559140814,0.37277338,0.00511914616040926,0.2976667,0.004559851332597009,0.3711334,0.005123253260938709,0.30220002,0.004572831137148625,0.37781337,0.005153807151936196,0.29917338,0.0044057376264693415,0.36848003,0.00474572095161091,10.429481,0.0060853080806761994,10.4325285,0.005916466720266911,0.2512843,0.0008639477488335823,0.23739286,0.0009606348938618892,,,,,,,,
