,shots,val_acc,val_conf,test_acc,test_conf,val_acc_me1,val_conf_me1,test_acc_me1,test_conf_me1,val_acc_me2,val_conf_me2,test_acc_me2,test_conf_me2,val_acc_me3,val_conf_me3,test_acc_me3,test_conf_me3,val_acc_me4,val_conf_me4,test_acc_me4,test_conf_me4,val_acc_me5,val_conf_me5,test_acc_me5,test_conf_me5,val_acc_me6,val_conf_me6,test_acc_me6,test_conf_me6,val_acc_me7,val_conf_me7,test_acc_me7,test_conf_me7,val_acc_me8,val_conf_me8,test_acc_me8,test_conf_me8,val_acc_me9,val_conf_me9,test_acc_me9,test_conf_me9,val_acc_med,val_conf_med,test_acc_med,test_conf_med,val_acc_maj,val_conf_maj,test_acc_maj,test_conf_maj,val_acc_lin,val_conf_lin,test_acc_lin,test_conf_lin,val_nld,val_conf_nld,test_nld,test_conf_nld,val_mse,val_conf_mse,test_mse,test_conf_mse,val_svm,val_conf_svm,test_svm,test_conf_svm,val_mvm,val_conf_mvm,test_mvm,test_conf_mvm
0,5,0.38326672,0.007733981538906143,0.41721338,0.00854425327275149,0.38333338,0.007756995894222907,0.4172667,0.008542639801956575,0.38384002,0.007793814799036791,0.41716003,0.008569909952020338,0.3834667,0.007788697316681581,0.41704005,0.008605813602365009,0.3833067,0.007799226899127321,0.4166667,0.008635423146546306,0.38320005,0.007795715499034461,0.41628003,0.00866019227834297,0.3827867,0.007790009704775169,0.41582668,0.00865323782208327,0.38260004,0.00780139450986328,0.4155467,0.00866091450739942,0.38234672,0.007800827439990277,0.41528004,0.008688425708337444,0.38222668,0.007803328458257375,0.41477337,0.008711906464771213,0.38240004,0.007795680403504868,0.41437337,0.008703097486842282,0.3859067,0.007665162437848705,0.4213067,0.00849160813122235,0.3795067,0.00745432512022598,0.41194668,0.008160512287167965,4.56671,0.01129688524502992,4.6876893,0.01304488274628568,0.23163693,0.0012204664366461948,0.22603884,0.001281169927375897,,,,,,,,
