,shots,val_acc,val_conf,test_acc,test_conf,val_acc_me1,val_conf_me1,test_acc_me1,test_conf_me1,val_acc_me2,val_conf_me2,test_acc_me2,test_conf_me2,val_acc_me3,val_conf_me3,test_acc_me3,test_conf_me3,val_acc_me4,val_conf_me4,test_acc_me4,test_conf_me4,val_acc_me5,val_conf_me5,test_acc_me5,test_conf_me5,val_acc_me6,val_conf_me6,test_acc_me6,test_conf_me6,val_acc_me7,val_conf_me7,test_acc_me7,test_conf_me7,val_acc_me8,val_conf_me8,test_acc_me8,test_conf_me8,val_acc_me9,val_conf_me9,test_acc_me9,test_conf_me9,val_acc_med,val_conf_med,test_acc_med,test_conf_med,val_acc_maj,val_conf_maj,test_acc_maj,test_conf_maj,val_acc_lin,val_conf_lin,test_acc_lin,test_conf_lin,val_nld,val_conf_nld,test_nld,test_conf_nld,val_mse,val_conf_mse,test_mse,test_conf_mse,val_svm,val_conf_svm,test_svm,test_conf_svm,val_mvm,val_conf_mvm,test_mvm,test_conf_mvm
0,5,0.3012,0.004956836724553992,0.31857336,0.00527264015336959,0.3027067,0.005044660054888406,0.32050672,0.005257253996124145,0.30492005,0.00510159562491086,0.32272002,0.005262830952847131,0.30777338,0.0051648714794250705,0.32556003,0.005328840564403636,0.31022668,0.0052400063904601835,0.32825336,0.005374234784804699,0.31321338,0.0053813582537464155,0.3311067,0.005424957060738589,0.31606668,0.005486534014550293,0.33329338,0.005495560492406071,0.3180934,0.005571632823508033,0.3366134,0.005556578688443892,0.32200003,0.005623836962000861,0.3397734,0.005623606993925334,0.3247467,0.005682953072691177,0.34185335,0.005733575603435681,0.32554668,0.005698669866768091,0.34385338,0.005839064915089509,0.31033337,0.0050451061375409445,0.32809338,0.005330600420499654,0.34982672,0.005579742199761484,0.37529337,0.005934918656735733,9.840559,0.02955175662117071,9.694661,0.0300511567716768,0.23741657,0.0008407229357850488,0.2319412,0.0009376997343783777,,,,,,,,
