,shots,val_acc,val_conf,test_acc,test_conf,val_acc_me1,val_conf_me1,test_acc_me1,test_conf_me1,val_acc_me2,val_conf_me2,test_acc_me2,test_conf_me2,val_acc_me3,val_conf_me3,test_acc_me3,test_conf_me3,val_acc_me4,val_conf_me4,test_acc_me4,test_conf_me4,val_acc_me5,val_conf_me5,test_acc_me5,test_conf_me5,val_acc_me6,val_conf_me6,test_acc_me6,test_conf_me6,val_acc_me7,val_conf_me7,test_acc_me7,test_conf_me7,val_acc_me8,val_conf_me8,test_acc_me8,test_conf_me8,val_acc_me9,val_conf_me9,test_acc_me9,test_conf_me9,val_acc_med,val_conf_med,test_acc_med,test_conf_med,val_acc_maj,val_conf_maj,test_acc_maj,test_conf_maj,val_acc_lin,val_conf_lin,test_acc_lin,test_conf_lin,val_nld,val_conf_nld,test_nld,test_conf_nld,val_mse,val_conf_mse,test_mse,test_conf_mse,val_svm,val_conf_svm,test_svm,test_conf_svm,val_mvm,val_conf_mvm,test_mvm,test_conf_mvm
0,5,0.59604,0.0066122217410358175,0.6174534,0.0061638726561632495,0.59702665,0.0066003465220999535,0.6178401,0.006105830653391875,0.5978667,0.006585578230888678,0.6176,0.006095512567690253,0.5983067,0.006600015423485206,0.61660004,0.006115743293370057,0.5989467,0.006603426616605401,0.61656004,0.006083716313695975,0.5990533,0.006605041472750206,0.61566675,0.006082083448003206,0.60008,0.006628081687930831,0.61447996,0.006093549988732572,0.59976,0.006654110102743416,0.61321336,0.006080427954929357,0.5992667,0.006636018819019207,0.6122134,0.006107016512865604,0.5987067,0.0066453671598241115,0.6108134,0.006141749080801673,0.5972001,0.006648673989922083,0.60937333,0.006141944876914107,0.59849334,0.006594179406339773,0.6221201,0.006095687583554943,0.62192005,0.006645967939876818,0.65696007,0.0059594375019923485,9.471069,0.024602054910142,9.278744,0.023736274054838802,0.1762911,0.0014771123097216954,0.16980483,0.0012580209622317928,,,,,,,,
