,shots,val_acc,val_conf,test_acc,test_conf,val_acc_me1,val_conf_me1,test_acc_me1,test_conf_me1,val_acc_me2,val_conf_me2,test_acc_me2,test_conf_me2,val_acc_me3,val_conf_me3,test_acc_me3,test_conf_me3,val_acc_me4,val_conf_me4,test_acc_me4,test_conf_me4,val_acc_me5,val_conf_me5,test_acc_me5,test_conf_me5,val_acc_me6,val_conf_me6,test_acc_me6,test_conf_me6,val_acc_me7,val_conf_me7,test_acc_me7,test_conf_me7,val_acc_me8,val_conf_me8,test_acc_me8,test_conf_me8,val_acc_me9,val_conf_me9,test_acc_me9,test_conf_me9,val_acc_med,val_conf_med,test_acc_med,test_conf_med,val_acc_maj,val_conf_maj,test_acc_maj,test_conf_maj,val_acc_lin,val_conf_lin,test_acc_lin,test_conf_lin,val_nld,val_conf_nld,test_nld,test_conf_nld,val_mse,val_conf_mse,test_mse,test_conf_mse,val_svm,val_conf_svm,test_svm,test_conf_svm,val_mvm,val_conf_mvm,test_mvm,test_conf_mvm
0,5,0.71853346,0.006054570399931958,0.70440006,0.005827850969816528,0.7193334,0.006048786564297637,0.70517343,0.005824234744918222,0.72020006,0.0060363008678601116,0.70622677,0.00581956473056533,0.72110677,0.00601379816842218,0.7068401,0.005820205685763802,0.72162676,0.006006006960851629,0.7075067,0.005837809326339816,0.7222268,0.0060045264836425805,0.70792,0.005823043805828321,0.7226935,0.0060025957677314334,0.7084934,0.005855884909432341,0.72309345,0.00597697233685901,0.7088135,0.005852080738737331,0.72328013,0.00600021989273436,0.7088934,0.005855819797989215,0.7232667,0.006008729635095134,0.7091201,0.005871269219544617,0.72368014,0.005993285293155792,0.7091201,0.005887663449699487,0.7179335,0.005954214271264968,0.70480007,0.005744041921571519,0.6993334,0.006080011426407017,0.68754673,0.005796951203139278,4.791179,0.012726656802361624,4.709808,0.01256207169848178,0.16969012,0.0011678718603866378,0.17266288,0.0010621321467469413,,,,,,,,
