,shots,val_acc,val_conf,test_acc,test_conf,val_acc_me1,val_conf_me1,test_acc_me1,test_conf_me1,val_acc_me2,val_conf_me2,test_acc_me2,test_conf_me2,val_acc_me3,val_conf_me3,test_acc_me3,test_conf_me3,val_acc_me4,val_conf_me4,test_acc_me4,test_conf_me4,val_acc_me5,val_conf_me5,test_acc_me5,test_conf_me5,val_acc_me6,val_conf_me6,test_acc_me6,test_conf_me6,val_acc_me7,val_conf_me7,test_acc_me7,test_conf_me7,val_acc_me8,val_conf_me8,test_acc_me8,test_conf_me8,val_acc_me9,val_conf_me9,test_acc_me9,test_conf_me9,val_acc_med,val_conf_med,test_acc_med,test_conf_med,val_acc_maj,val_conf_maj,test_acc_maj,test_conf_maj,val_acc_lin,val_conf_lin,test_acc_lin,test_conf_lin,val_nld,val_conf_nld,test_nld,test_conf_nld,val_mse,val_conf_mse,test_mse,test_conf_mse,val_svm,val_conf_svm,test_svm,test_conf_svm,val_mvm,val_conf_mvm,test_mvm,test_conf_mvm
0,5,0.57869333,0.007809645653584885,0.5736667,0.007405087477550754,0.5793867,0.00781539762617256,0.5736267,0.007419988300564562,0.5798934,0.007838283605736351,0.57372004,0.007432996735679764,0.58042663,0.007841729432602862,0.57388,0.007453072302175956,0.5809733,0.007875728688683581,0.5740934,0.007457768638176043,0.5814266,0.007909416702830852,0.57446665,0.007448597622152331,0.58208007,0.007929749020833099,0.5748667,0.007452909754460002,0.58230674,0.00795025774004987,0.57508004,0.00744391883391704,0.58253336,0.007963223691102916,0.5748534,0.007443696716157411,0.58282673,0.007966362893868761,0.5747201,0.007451873974553602,0.5832933,0.007984360435586257,0.57492006,0.007458643255716324,0.5812667,0.007645929164062815,0.57494664,0.007273004066561173,0.56148,0.007280816516162858,0.5606667,0.0070443511498350375,4.552795,0.01152558434008455,4.530271,0.01160298568347784,0.19907509,0.0012302829102553703,0.19999029,0.001148639048383998,,,,,,,,
