,shots,val_acc,val_conf,test_acc,test_conf,val_acc_me1,val_conf_me1,test_acc_me1,test_conf_me1,val_acc_me2,val_conf_me2,test_acc_me2,test_conf_me2,val_acc_me3,val_conf_me3,test_acc_me3,test_conf_me3,val_acc_me4,val_conf_me4,test_acc_me4,test_conf_me4,val_acc_me5,val_conf_me5,test_acc_me5,test_conf_me5,val_acc_me6,val_conf_me6,test_acc_me6,test_conf_me6,val_acc_me7,val_conf_me7,test_acc_me7,test_conf_me7,val_acc_me8,val_conf_me8,test_acc_me8,test_conf_me8,val_acc_me9,val_conf_me9,test_acc_me9,test_conf_me9,val_acc_med,val_conf_med,test_acc_med,test_conf_med,val_acc_maj,val_conf_maj,test_acc_maj,test_conf_maj,val_acc_lin,val_conf_lin,test_acc_lin,test_conf_lin,val_nld,val_conf_nld,test_nld,test_conf_nld,val_mse,val_conf_mse,test_mse,test_conf_mse,val_svm,val_conf_svm,test_svm,test_conf_svm,val_mvm,val_conf_mvm,test_mvm,test_conf_mvm
0,5,0.3795867,0.007299494726441258,0.38726673,0.007623544219362344,0.37976003,0.007326539526262277,0.3873067,0.007643100279663917,0.37988007,0.00734946798988817,0.38716003,0.00767718727456862,0.38022667,0.007386293359668061,0.3865867,0.007695523765216705,0.3799867,0.0074206555774101735,0.38653338,0.007709011531380872,0.37993336,0.007430597309735165,0.38680002,0.007739809243952456,0.37968007,0.0074552787027077905,0.38696003,0.007762194650436149,0.37968004,0.007486115666858473,0.3867467,0.007771808054846119,0.37917334,0.007503205804422541,0.3864267,0.007778126173740185,0.3787067,0.007516061389270745,0.38617337,0.0077616709881919155,0.37826672,0.007528897579220983,0.38584003,0.007796230849179631,0.38197336,0.007202437577556453,0.39033338,0.0075751659553789374,0.37428004,0.00679834210837299,0.38248006,0.007222971694853919,4.6764793,0.013735950666720953,4.644534,0.01350349265573314,0.23212042,0.0011368901271763543,0.23135316,0.0011586186469383086,,,,,,,,
