,shots,val_acc,val_conf,test_acc,test_conf,val_acc_me1,val_conf_me1,test_acc_me1,test_conf_me1,val_acc_me2,val_conf_me2,test_acc_me2,test_conf_me2,val_acc_me3,val_conf_me3,test_acc_me3,test_conf_me3,val_acc_me4,val_conf_me4,test_acc_me4,test_conf_me4,val_acc_me5,val_conf_me5,test_acc_me5,test_conf_me5,val_acc_me6,val_conf_me6,test_acc_me6,test_conf_me6,val_acc_me7,val_conf_me7,test_acc_me7,test_conf_me7,val_acc_me8,val_conf_me8,test_acc_me8,test_conf_me8,val_acc_me9,val_conf_me9,test_acc_me9,test_conf_me9,val_acc_med,val_conf_med,test_acc_med,test_conf_med,val_acc_maj,val_conf_maj,test_acc_maj,test_conf_maj,val_acc_lin,val_conf_lin,test_acc_lin,test_conf_lin,val_nld,val_conf_nld,test_nld,test_conf_nld,val_mse,val_conf_mse,test_mse,test_conf_mse,val_svm,val_conf_svm,test_svm,test_conf_svm,val_mvm,val_conf_mvm,test_mvm,test_conf_mvm
0,5,0.55202675,0.007086771947669268,0.5468667,0.007145389794195989,0.5525734,0.0071087486759464635,0.5471067,0.007165793688607258,0.5528667,0.007110192210492805,0.54764,0.007172361632258095,0.5535466,0.007125125358336426,0.5482,0.007195584713619252,0.5542,0.0071597743434980154,0.54869336,0.007219255724766116,0.55465335,0.007179626406884743,0.5494534,0.0072283597822137,0.5553067,0.007201962402556994,0.54977334,0.007251936127787295,0.5555867,0.007195284092701315,0.5497467,0.007266952396622117,0.55628,0.0071817667724068945,0.54984,0.007280472949399486,0.5568267,0.0072104652181685935,0.55017334,0.007296346288009681,0.55693334,0.007224281774031116,0.55045336,0.007293699808008092,0.5522,0.007012998373755908,0.54744005,0.007037900960921606,0.53488,0.006764803712009937,0.5340267,0.006775948389790232,4.393294,0.010639068491755665,4.3535447,0.010175163775172358,0.2054877,0.0010586963636668723,0.20588239,0.0010684949431737922,,,,,,,,
