,shots,val_acc,val_conf,test_acc,test_conf,val_acc_me1,val_conf_me1,test_acc_me1,test_conf_me1,val_acc_me2,val_conf_me2,test_acc_me2,test_conf_me2,val_acc_me3,val_conf_me3,test_acc_me3,test_conf_me3,val_acc_me4,val_conf_me4,test_acc_me4,test_conf_me4,val_acc_me5,val_conf_me5,test_acc_me5,test_conf_me5,val_acc_me6,val_conf_me6,test_acc_me6,test_conf_me6,val_acc_me7,val_conf_me7,test_acc_me7,test_conf_me7,val_acc_me8,val_conf_me8,test_acc_me8,test_conf_me8,val_acc_me9,val_conf_me9,test_acc_me9,test_conf_me9,val_acc_med,val_conf_med,test_acc_med,test_conf_med,val_acc_maj,val_conf_maj,test_acc_maj,test_conf_maj,val_acc_lin,val_conf_lin,test_acc_lin,test_conf_lin,val_nld,val_conf_nld,test_nld,test_conf_nld,val_mse,val_conf_mse,test_mse,test_conf_mse,val_svm,val_conf_svm,test_svm,test_conf_svm,val_mvm,val_conf_mvm,test_mvm,test_conf_mvm
0,5,0.48798668,0.006076113975488628,0.5218267,0.006007663377491923,0.48838666,0.0060746039441493815,0.5215867,0.006014520859261907,0.4888267,0.006088003047923007,0.5224,0.005996122951437144,0.4887467,0.006101121387459885,0.52268004,0.005996408333506675,0.48902667,0.0061115895527288355,0.52256,0.006008055431500181,0.48905334,0.006118815999342941,0.5228,0.0060061648907348,0.48888004,0.006136915133382881,0.5228,0.006014126496337258,0.48896003,0.006131118367816657,0.5228534,0.006032869818058728,0.48869336,0.0061417283005538725,0.52313334,0.0060500449237470555,0.48850664,0.00611317116047716,0.5233733,0.006038804195043657,0.48850667,0.006110933820465292,0.5235467,0.006029868688494866,0.48848003,0.006144766372780441,0.52202666,0.005921051304711877,0.48244002,0.006071573260455321,0.51308,0.005893320294930615,4.846689,0.011994097653843738,4.738036,0.010584833892162138,0.21473476,0.000912236946366024,0.20770007,0.0009239241040593926,,,,,,,,
