,shots,val_acc,val_conf,test_acc,test_conf,val_acc_me1,val_conf_me1,test_acc_me1,test_conf_me1,val_acc_me2,val_conf_me2,test_acc_me2,test_conf_me2,val_acc_me3,val_conf_me3,test_acc_me3,test_conf_me3,val_acc_me4,val_conf_me4,test_acc_me4,test_conf_me4,val_acc_me5,val_conf_me5,test_acc_me5,test_conf_me5,val_acc_me6,val_conf_me6,test_acc_me6,test_conf_me6,val_acc_me7,val_conf_me7,test_acc_me7,test_conf_me7,val_acc_me8,val_conf_me8,test_acc_me8,test_conf_me8,val_acc_me9,val_conf_me9,test_acc_me9,test_conf_me9,val_acc_med,val_conf_med,test_acc_med,test_conf_med,val_acc_maj,val_conf_maj,test_acc_maj,test_conf_maj,val_acc_lin,val_conf_lin,test_acc_lin,test_conf_lin,val_nld,val_conf_nld,test_nld,test_conf_nld,val_mse,val_conf_mse,test_mse,test_conf_mse,val_svm,val_conf_svm,test_svm,test_conf_svm,val_mvm,val_conf_mvm,test_mvm,test_conf_mvm
0,5,0.37864003,0.007790592475279801,0.38636002,0.007501671298569268,0.37884003,0.007793172920271818,0.38692003,0.007497121347870284,0.37874672,0.007793468461573638,0.38714674,0.007513974128826262,0.37854668,0.00781969313428199,0.38741335,0.00751034127972966,0.37869337,0.007850853346731634,0.38756007,0.0075126007853391075,0.37849337,0.007872453721632255,0.38744003,0.007523790256097951,0.37872005,0.007897143426704,0.38692003,0.0075466522229309385,0.37925336,0.007922987589986163,0.38662672,0.007535336685335514,0.37890667,0.007938606947790139,0.38652003,0.0075413172406488815,0.37870672,0.007938750100608238,0.3865067,0.007568868154949393,0.37840003,0.00795230159286564,0.3863467,0.007562613762148507,0.3809067,0.007740139419000647,0.3899867,0.007467352950239148,0.3731867,0.007265035534209485,0.38149336,0.006970402098273654,4.691525,0.012626701963368347,4.687742,0.01414929288438671,0.23238264,0.0012136627526287969,0.23083633,0.001141771522827545,,,,,,,,
