,shots,val_acc,val_conf,test_acc,test_conf,val_acc_me1,val_conf_me1,test_acc_me1,test_conf_me1,val_acc_me2,val_conf_me2,test_acc_me2,test_conf_me2,val_acc_me3,val_conf_me3,test_acc_me3,test_conf_me3,val_acc_me4,val_conf_me4,test_acc_me4,test_conf_me4,val_acc_me5,val_conf_me5,test_acc_me5,test_conf_me5,val_acc_me6,val_conf_me6,test_acc_me6,test_conf_me6,val_acc_me7,val_conf_me7,test_acc_me7,test_conf_me7,val_acc_me8,val_conf_me8,test_acc_me8,test_conf_me8,val_acc_me9,val_conf_me9,test_acc_me9,test_conf_me9,val_acc_med,val_conf_med,test_acc_med,test_conf_med,val_acc_maj,val_conf_maj,test_acc_maj,test_conf_maj,val_acc_lin,val_conf_lin,test_acc_lin,test_conf_lin,val_nld,val_conf_nld,test_nld,test_conf_nld,val_mse,val_conf_mse,test_mse,test_conf_mse,val_svm,val_conf_svm,test_svm,test_conf_svm,val_mvm,val_conf_mvm,test_mvm,test_conf_mvm
0,5,0.35814673,0.00630944568045011,0.42924005,0.00672737155899461,0.35925338,0.006343439395131434,0.42948005,0.006775403023731585,0.35949335,0.006388631816237278,0.42938668,0.006808010464993797,0.35993338,0.006451265330203182,0.42988002,0.006844888939851357,0.35994673,0.006477016675045244,0.42993334,0.006882042637546326,0.35934672,0.0064939147107631046,0.42974672,0.0069232748052071025,0.3597467,0.006514621535008813,0.42949334,0.00696272818365723,0.35906672,0.006522197089785742,0.42932004,0.007010494123005806,0.3584267,0.006523400958807601,0.42848003,0.007037458572535404,0.35789338,0.00652282234435253,0.42773336,0.007050951880099021,0.35769337,0.006525234238445754,0.42681336,0.007055084840492387,0.36149335,0.006401827735365906,0.42948005,0.006729643532752738,0.36469337,0.006126527780188629,0.43166673,0.006594601938044786,8.128167,0.0179963189153316,8.1835785,0.01834546217369848,0.23617618,0.0012026162037963861,0.22086264,0.001383525231325844,,,,,,,,
