,shots,val_acc,val_conf,test_acc,test_conf,val_acc_me1,val_conf_me1,test_acc_me1,test_conf_me1,val_acc_me2,val_conf_me2,test_acc_me2,test_conf_me2,val_acc_me3,val_conf_me3,test_acc_me3,test_conf_me3,val_acc_me4,val_conf_me4,test_acc_me4,test_conf_me4,val_acc_me5,val_conf_me5,test_acc_me5,test_conf_me5,val_acc_me6,val_conf_me6,test_acc_me6,test_conf_me6,val_acc_me7,val_conf_me7,test_acc_me7,test_conf_me7,val_acc_me8,val_conf_me8,test_acc_me8,test_conf_me8,val_acc_me9,val_conf_me9,test_acc_me9,test_conf_me9,val_acc_med,val_conf_med,test_acc_med,test_conf_med,val_acc_maj,val_conf_maj,test_acc_maj,test_conf_maj,val_acc_lin,val_conf_lin,test_acc_lin,test_conf_lin,val_nld,val_conf_nld,test_nld,test_conf_nld,val_mse,val_conf_mse,test_mse,test_conf_mse,val_svm,val_conf_svm,test_svm,test_conf_svm,val_mvm,val_conf_mvm,test_mvm,test_conf_mvm
0,5,0.53230673,0.005355965252732853,0.5245734,0.0053603207926692376,0.5328933,0.005316433371124418,0.52540004,0.005332806821031433,0.53328,0.005287556677015082,0.52632,0.005331290786509513,0.53473336,0.005247845161709064,0.52701336,0.005344737453961357,0.5350534,0.005254119411191138,0.5276667,0.005321603958557297,0.5351467,0.00528079847865115,0.5289067,0.0053547336767139075,0.53485334,0.0053316546717374624,0.5293467,0.00532989758634117,0.5342,0.005328946774558974,0.5292401,0.005384459128499608,0.53292006,0.005343759858748798,0.52841336,0.005415732939637152,0.53117335,0.005351794887893502,0.52782667,0.005446796177597135,0.52937335,0.00540208031684053,0.5265067,0.005468804307137587,0.5317467,0.005275185964615292,0.52452004,0.005324539053111588,0.5221467,0.004993604371423377,0.5199866,0.005370236665130257,10.234121,0.01600338971301518,10.31818,0.01921550251801385,0.20210452,0.0009492956321502377,0.2002034,0.0012085440003695158,,,,,,,,
