,shots,val_acc,val_conf,test_acc,test_conf,val_acc_me1,val_conf_me1,test_acc_me1,test_conf_me1,val_acc_me2,val_conf_me2,test_acc_me2,test_conf_me2,val_acc_me3,val_conf_me3,test_acc_me3,test_conf_me3,val_acc_me4,val_conf_me4,test_acc_me4,test_conf_me4,val_acc_me5,val_conf_me5,test_acc_me5,test_conf_me5,val_acc_me6,val_conf_me6,test_acc_me6,test_conf_me6,val_acc_me7,val_conf_me7,test_acc_me7,test_conf_me7,val_acc_me8,val_conf_me8,test_acc_me8,test_conf_me8,val_acc_me9,val_conf_me9,test_acc_me9,test_conf_me9,val_acc_med,val_conf_med,test_acc_med,test_conf_med,val_acc_maj,val_conf_maj,test_acc_maj,test_conf_maj,val_acc_lin,val_conf_lin,test_acc_lin,test_conf_lin,val_nld,val_conf_nld,test_nld,test_conf_nld,val_mse,val_conf_mse,test_mse,test_conf_mse,val_svm,val_conf_svm,test_svm,test_conf_svm,val_mvm,val_conf_mvm,test_mvm,test_conf_mvm
0,5,0.6086001,0.00671176605468915,0.6472134,0.006015286957730348,0.60902673,0.006726503406420337,0.6470267,0.006017272625852388,0.60901344,0.006747424498109944,0.64680004,0.006027411077856426,0.6091201,0.006761851993257406,0.64693344,0.0060172915589670195,0.60912,0.006764379333171755,0.6465067,0.006032849961377429,0.6085734,0.0067934933838891265,0.6455601,0.00605802407711431,0.6087334,0.006773560970210979,0.6452001,0.006067089806549242,0.6078267,0.006810822725194399,0.6448667,0.006073727017692709,0.60772,0.006802855116409212,0.6444934,0.006073144708971356,0.6070534,0.00678461236776795,0.6433468,0.006094975051947449,0.60605335,0.006808587232315699,0.6423601,0.006073721014509981,0.6079467,0.0066828699656819035,0.64494675,0.0059884661228022384,0.6034534,0.00641774309625498,0.64058673,0.005938411585497239,8.492585,0.015759414826920448,8.583981,0.016327330686864983,0.17829399,0.001572039136870762,0.16834536,0.001427965638353429,,,,,,,,
