,shots,val_acc,val_conf,test_acc,test_conf,val_acc_me1,val_conf_me1,test_acc_me1,test_conf_me1,val_acc_me2,val_conf_me2,test_acc_me2,test_conf_me2,val_acc_me3,val_conf_me3,test_acc_me3,test_conf_me3,val_acc_me4,val_conf_me4,test_acc_me4,test_conf_me4,val_acc_me5,val_conf_me5,test_acc_me5,test_conf_me5,val_acc_me6,val_conf_me6,test_acc_me6,test_conf_me6,val_acc_me7,val_conf_me7,test_acc_me7,test_conf_me7,val_acc_me8,val_conf_me8,test_acc_me8,test_conf_me8,val_acc_me9,val_conf_me9,test_acc_me9,test_conf_me9,val_acc_med,val_conf_med,test_acc_med,test_conf_med,val_acc_maj,val_conf_maj,test_acc_maj,test_conf_maj,val_acc_lin,val_conf_lin,test_acc_lin,test_conf_lin,val_nld,val_conf_nld,test_nld,test_conf_nld,val_mse,val_conf_mse,test_mse,test_conf_mse,val_svm,val_conf_svm,test_svm,test_conf_svm,val_mvm,val_conf_mvm,test_mvm,test_conf_mvm
0,5,0.7187734,0.0057568291624936485,0.7150001,0.005909465162111993,0.71953344,0.005781135125656256,0.7154934,0.0059120894765158916,0.7201467,0.005781555348444822,0.7159868,0.005920330461005374,0.72060007,0.005796911951560069,0.7163201,0.005923645141419187,0.7209468,0.005797795342982748,0.71665347,0.005940134960713772,0.7214401,0.005821586417783409,0.71753347,0.005946045324967897,0.72152007,0.005835347559651871,0.71802676,0.005920659712486898,0.7218934,0.005828832721078703,0.71838677,0.005922637068509817,0.7224268,0.005851368207129837,0.7188268,0.005922515619506075,0.72306675,0.00584167629956156,0.71913344,0.005905437950090686,0.72324014,0.005831536462207576,0.7192401,0.005910123203291873,0.7178268,0.005761748539819922,0.71424013,0.0058282190110940935,0.6979601,0.005815256754307274,0.6969734,0.005867677469160282,4.5078573,0.011150750230486395,4.4846425,0.011070209684326038,0.17271397,0.0010716178680788557,0.17388253,0.0010593452846269502,,,,,,,,
