,shots,val_acc,val_conf,test_acc,test_conf,val_acc_me1,val_conf_me1,test_acc_me1,test_conf_me1,val_acc_me2,val_conf_me2,test_acc_me2,test_conf_me2,val_acc_me3,val_conf_me3,test_acc_me3,test_conf_me3,val_acc_me4,val_conf_me4,test_acc_me4,test_conf_me4,val_acc_me5,val_conf_me5,test_acc_me5,test_conf_me5,val_acc_me6,val_conf_me6,test_acc_me6,test_conf_me6,val_acc_me7,val_conf_me7,test_acc_me7,test_conf_me7,val_acc_me8,val_conf_me8,test_acc_me8,test_conf_me8,val_acc_me9,val_conf_me9,test_acc_me9,test_conf_me9,val_acc_med,val_conf_med,test_acc_med,test_conf_med,val_acc_maj,val_conf_maj,test_acc_maj,test_conf_maj,val_acc_lin,val_conf_lin,test_acc_lin,test_conf_lin,val_nld,val_conf_nld,test_nld,test_conf_nld,val_mse,val_conf_mse,test_mse,test_conf_mse,val_svm,val_conf_svm,test_svm,test_conf_svm,val_mvm,val_conf_mvm,test_mvm,test_conf_mvm
0,5,0.44069335,0.006233778795071643,0.4926267,0.006438920015884031,0.4434267,0.006367108559145129,0.49446666,0.006433374460424357,0.4444267,0.00642156943254768,0.49693334,0.006453814373931888,0.44621336,0.006486238487230234,0.49904,0.006467766232296612,0.4477467,0.006536453725118074,0.5006533,0.0064734073768961675,0.44900003,0.0066186594618005135,0.50156,0.0064734447813421525,0.44929338,0.0066428776861390815,0.50256,0.006514543031850506,0.44977337,0.006664684939951038,0.50361335,0.006512308000755085,0.4502267,0.006686548069540332,0.50484,0.0065649840817643135,0.44992006,0.006730252624904565,0.5047067,0.006595172240400737,0.4496534,0.006714966674631784,0.5038133,0.006616532487993543,0.4422134,0.006232854766719975,0.49733338,0.006378535386512119,0.4426267,0.006027087367774242,0.50292003,0.0063516877681533135,9.696419,0.014526550432661267,9.789997,0.01475354831809561,0.22027792,0.00113841505102652,0.20597321,0.0013142502347210927,,,,,,,,
