,shots,val_acc,val_conf,test_acc,test_conf,val_acc_me1,val_conf_me1,test_acc_me1,test_conf_me1,val_acc_me2,val_conf_me2,test_acc_me2,test_conf_me2,val_acc_me3,val_conf_me3,test_acc_me3,test_conf_me3,val_acc_me4,val_conf_me4,test_acc_me4,test_conf_me4,val_acc_me5,val_conf_me5,test_acc_me5,test_conf_me5,val_acc_me6,val_conf_me6,test_acc_me6,test_conf_me6,val_acc_me7,val_conf_me7,test_acc_me7,test_conf_me7,val_acc_me8,val_conf_me8,test_acc_me8,test_conf_me8,val_acc_me9,val_conf_me9,test_acc_me9,test_conf_me9,val_acc_med,val_conf_med,test_acc_med,test_conf_med,val_acc_maj,val_conf_maj,test_acc_maj,test_conf_maj,val_acc_lin,val_conf_lin,test_acc_lin,test_conf_lin,val_nld,val_conf_nld,test_nld,test_conf_nld,val_mse,val_conf_mse,test_mse,test_conf_mse,val_svm,val_conf_svm,test_svm,test_conf_svm,val_mvm,val_conf_mvm,test_mvm,test_conf_mvm
0,5,0.64006674,0.006651812730904649,0.7055601,0.0062399616114634515,0.63996005,0.006641426301276954,0.7062134,0.0062318891778727625,0.6401868,0.006641261906427776,0.70632005,0.006227306902343854,0.6403068,0.006649114992958505,0.70673347,0.006229592729600553,0.6404801,0.006668632263464147,0.7071201,0.00623616621465084,0.64034677,0.006677371973900503,0.70708007,0.006230419321679226,0.64012,0.0066948347705748645,0.7073601,0.006238602121474868,0.6400667,0.006685846158948405,0.70738673,0.006239685926842764,0.6401067,0.0066800641704471975,0.7075334,0.006223433464156214,0.64010674,0.006675969538066373,0.7074668,0.00622396220601662,0.63972,0.0066900156002212,0.70765346,0.006228250787376766,0.6388001,0.00657412369652477,0.70576006,0.006240797439207801,0.62820005,0.0065332277070948575,0.6956801,0.006275297268368618,4.1960945,0.008146055699673305,4.2415614,0.008304659786456448,0.189154,0.0011132771852774836,0.17748226,0.0010914142865798282,,,,,,,,
