,shots,val_acc,val_conf,test_acc,test_conf,val_acc_me1,val_conf_me1,test_acc_me1,test_conf_me1,val_acc_me2,val_conf_me2,test_acc_me2,test_conf_me2,val_acc_me3,val_conf_me3,test_acc_me3,test_conf_me3,val_acc_me4,val_conf_me4,test_acc_me4,test_conf_me4,val_acc_me5,val_conf_me5,test_acc_me5,test_conf_me5,val_acc_me6,val_conf_me6,test_acc_me6,test_conf_me6,val_acc_me7,val_conf_me7,test_acc_me7,test_conf_me7,val_acc_me8,val_conf_me8,test_acc_me8,test_conf_me8,val_acc_me9,val_conf_me9,test_acc_me9,test_conf_me9,val_acc_med,val_conf_med,test_acc_med,test_conf_med,val_acc_maj,val_conf_maj,test_acc_maj,test_conf_maj,val_acc_lin,val_conf_lin,test_acc_lin,test_conf_lin,val_nld,val_conf_nld,test_nld,test_conf_nld,val_mse,val_conf_mse,test_mse,test_conf_mse,val_svm,val_conf_svm,test_svm,test_conf_svm,val_mvm,val_conf_mvm,test_mvm,test_conf_mvm
0,5,0.31380004,0.00458566963601531,0.36557338,0.0051763181634731925,0.31357336,0.004583351022145465,0.3660267,0.005179514627366266,0.31376004,0.004597743421763334,0.3669067,0.005214240730336328,0.3141067,0.004578348523827991,0.3664667,0.005211099680437314,0.3137067,0.004600883086312457,0.36625338,0.005210395460928996,0.3133067,0.0046389686626748805,0.36584005,0.0052788991640033145,0.31324005,0.004665268606058537,0.36537334,0.005316348864783382,0.3131467,0.004652639295019634,0.36521336,0.005288470546134405,0.3125467,0.0046434262567170426,0.36488006,0.005265796063314843,0.31177336,0.004643852020905004,0.36406672,0.0052854874261186735,0.31184003,0.004653348132360846,0.3635867,0.005302317579693738,0.3141067,0.004607966380108464,0.3680667,0.005203564300806152,0.31092003,0.00441202342053354,0.35584003,0.0051255801869076745,9.183098,0.011927616561553833,9.198888,0.012277553163603017,0.24759202,0.0008855430441180312,0.2377544,0.0010029460758890496,,,,,,,,
