,shots,val_acc,val_conf,test_acc,test_conf,val_acc_me1,val_conf_me1,test_acc_me1,test_conf_me1,val_acc_me2,val_conf_me2,test_acc_me2,test_conf_me2,val_acc_me3,val_conf_me3,test_acc_me3,test_conf_me3,val_acc_me4,val_conf_me4,test_acc_me4,test_conf_me4,val_acc_me5,val_conf_me5,test_acc_me5,test_conf_me5,val_acc_me6,val_conf_me6,test_acc_me6,test_conf_me6,val_acc_me7,val_conf_me7,test_acc_me7,test_conf_me7,val_acc_me8,val_conf_me8,test_acc_me8,test_conf_me8,val_acc_me9,val_conf_me9,test_acc_me9,test_conf_me9,val_acc_med,val_conf_med,test_acc_med,test_conf_med,val_acc_maj,val_conf_maj,test_acc_maj,test_conf_maj,val_acc_lin,val_conf_lin,test_acc_lin,test_conf_lin,val_nld,val_conf_nld,test_nld,test_conf_nld,val_mse,val_conf_mse,test_mse,test_conf_mse,val_svm,val_conf_svm,test_svm,test_conf_svm,val_mvm,val_conf_mvm,test_mvm,test_conf_mvm
0,5,0.29101336,0.005476166518037229,0.30846667,0.005675942740654083,0.29074672,0.005485685718657263,0.30840003,0.005665232600944203,0.29045334,0.005497448262471782,0.3083467,0.00566517395446714,0.2904267,0.005509939500308703,0.30852002,0.005662491917152623,0.29046667,0.005516653367477364,0.30876002,0.005663135643050765,0.29008,0.005516014721195339,0.30850673,0.005677398281565826,0.28977337,0.005539835350126254,0.30844,0.005697492319393427,0.28981334,0.005535181036405046,0.3083867,0.005716122042426941,0.28944,0.005520738764192457,0.3082667,0.005726114109129932,0.28880006,0.005507204357916573,0.30836004,0.005725354475627498,0.28856,0.005517462873574519,0.30756003,0.005719000799420504,0.29233333,0.0054179120949551796,0.3079467,0.005597353690653339,0.28684002,0.005094085643360335,0.30192006,0.005272751443141099,5.059233,0.014326418175131472,4.963241,0.012959455609413695,0.24792507,0.0008443840691078064,0.24516985,0.0008936294466530548,,,,,,,,
