,shots,val_acc,val_conf,test_acc,test_conf,val_acc_me1,val_conf_me1,test_acc_me1,test_conf_me1,val_acc_me2,val_conf_me2,test_acc_me2,test_conf_me2,val_acc_me3,val_conf_me3,test_acc_me3,test_conf_me3,val_acc_me4,val_conf_me4,test_acc_me4,test_conf_me4,val_acc_me5,val_conf_me5,test_acc_me5,test_conf_me5,val_acc_me6,val_conf_me6,test_acc_me6,test_conf_me6,val_acc_me7,val_conf_me7,test_acc_me7,test_conf_me7,val_acc_me8,val_conf_me8,test_acc_me8,test_conf_me8,val_acc_me9,val_conf_me9,test_acc_me9,test_conf_me9,val_acc_med,val_conf_med,test_acc_med,test_conf_med,val_acc_maj,val_conf_maj,test_acc_maj,test_conf_maj,val_acc_lin,val_conf_lin,test_acc_lin,test_conf_lin,val_nld,val_conf_nld,test_nld,test_conf_nld,val_mse,val_conf_mse,test_mse,test_conf_mse,val_svm,val_conf_svm,test_svm,test_conf_svm,val_mvm,val_conf_mvm,test_mvm,test_conf_mvm
0,5,0.33617336,0.004784321878118447,0.38268006,0.005555970519858677,0.33597338,0.004819284414129987,0.38320005,0.005548632321689839,0.33612004,0.004826833647259721,0.38348004,0.005561644451071324,0.3354934,0.004866498522453966,0.38326672,0.005565336870211601,0.33501336,0.004874524777716216,0.38301337,0.0055744774085385584,0.3350667,0.004876836464836831,0.38292006,0.005564726854493218,0.33472005,0.004888043483360471,0.3823734,0.005513650390780389,0.33378673,0.00492258164053383,0.38182673,0.0055274521695777845,0.33292004,0.004874098089961643,0.38124004,0.005484501244533313,0.33152002,0.004856778446105381,0.3806267,0.005462171713827013,0.33024004,0.004851474403303302,0.3801734,0.005455286525059944,0.33577338,0.004822596323844075,0.3850134,0.00545921953329126,0.3329067,0.0046805582505975996,0.37280005,0.005244485226533424,9.614526,0.010830692854057133,9.616033,0.012196277458453864,0.24270242,0.0009126719462197175,0.23522069,0.0010161974090117654,,,,,,,,
