,shots,val_acc,val_conf,test_acc,test_conf,val_acc_me1,val_conf_me1,test_acc_me1,test_conf_me1,val_acc_me2,val_conf_me2,test_acc_me2,test_conf_me2,val_acc_me3,val_conf_me3,test_acc_me3,test_conf_me3,val_acc_me4,val_conf_me4,test_acc_me4,test_conf_me4,val_acc_me5,val_conf_me5,test_acc_me5,test_conf_me5,val_acc_me6,val_conf_me6,test_acc_me6,test_conf_me6,val_acc_me7,val_conf_me7,test_acc_me7,test_conf_me7,val_acc_me8,val_conf_me8,test_acc_me8,test_conf_me8,val_acc_me9,val_conf_me9,test_acc_me9,test_conf_me9,val_acc_med,val_conf_med,test_acc_med,test_conf_med,val_acc_maj,val_conf_maj,test_acc_maj,test_conf_maj,val_acc_lin,val_conf_lin,test_acc_lin,test_conf_lin,val_nld,val_conf_nld,test_nld,test_conf_nld,val_mse,val_conf_mse,test_mse,test_conf_mse,val_svm,val_conf_svm,test_svm,test_conf_svm,val_mvm,val_conf_mvm,test_mvm,test_conf_mvm
0,5,0.40260005,0.005936046793298955,0.42896003,0.006431177295558255,0.40313336,0.005940351537074062,0.42932004,0.006432186292034181,0.40308005,0.0059607932977146505,0.4293334,0.006443579871004634,0.40326673,0.005987759132594139,0.42941338,0.00642272897037427,0.40321338,0.006018956749489768,0.42937338,0.00641773616950575,0.4033734,0.006014075700176036,0.4293334,0.00641710860602257,0.40368006,0.006001605704370139,0.42950672,0.00642613739279474,0.40349337,0.005994285515749376,0.42974672,0.0064085609974324775,0.40349334,0.0060024909429258755,0.42972004,0.006381458474700896,0.40400004,0.0060084465619418825,0.42976004,0.0063970588993901845,0.40369335,0.0059838362835950565,0.4293867,0.006413719116716732,0.4070667,0.005919908852866862,0.4302267,0.0062608291362920565,0.3995467,0.00570274094820139,0.42013335,0.006075534899250279,5.0245867,0.013724205670671452,4.886104,0.01131029543160178,0.22832038,0.0008636942875334674,0.22365108,0.0009727694618347493,,,,,,,,
