,shots,val_acc,val_conf,test_acc,test_conf,val_acc_me1,val_conf_me1,test_acc_me1,test_conf_me1,val_acc_me2,val_conf_me2,test_acc_me2,test_conf_me2,val_acc_me3,val_conf_me3,test_acc_me3,test_conf_me3,val_acc_me4,val_conf_me4,test_acc_me4,test_conf_me4,val_acc_me5,val_conf_me5,test_acc_me5,test_conf_me5,val_acc_me6,val_conf_me6,test_acc_me6,test_conf_me6,val_acc_me7,val_conf_me7,test_acc_me7,test_conf_me7,val_acc_me8,val_conf_me8,test_acc_me8,test_conf_me8,val_acc_me9,val_conf_me9,test_acc_me9,test_conf_me9,val_acc_med,val_conf_med,test_acc_med,test_conf_med,val_acc_maj,val_conf_maj,test_acc_maj,test_conf_maj,val_acc_lin,val_conf_lin,test_acc_lin,test_conf_lin,val_nld,val_conf_nld,test_nld,test_conf_nld,val_mse,val_conf_mse,test_mse,test_conf_mse,val_svm,val_conf_svm,test_svm,test_conf_svm,val_mvm,val_conf_mvm,test_mvm,test_conf_mvm
0,5,0.32116005,0.004399314682769717,0.36532003,0.004754521155657443,0.32133338,0.004396250288895953,0.36672002,0.004781631528704866,0.32304004,0.004376614801869516,0.36828002,0.004776294237506362,0.32446668,0.004307400414320817,0.3695334,0.0047954642469823505,0.32512,0.004363515857230549,0.37120005,0.004811590181049041,0.32576,0.00435966273750743,0.37106672,0.0048278093953391665,0.32601336,0.004370329931371875,0.3712934,0.004810396009476192,0.32592005,0.004371054007561437,0.3708667,0.004811616964479515,0.32544002,0.0043820407554585605,0.37036005,0.0047998451849993184,0.3249867,0.004370214485550805,0.3687067,0.004808761758433477,0.32453337,0.004346551786503061,0.36701337,0.004819180051107763,0.32369336,0.004349999922286019,0.36621338,0.004666067029356902,0.32310668,0.004221148070719161,0.36644003,0.0046015138822786406,11.047015,0.020056853190451918,10.800469,0.02297380335587107,0.2403698,0.0006085500759751838,0.23592518,0.0006394616181262802,,,,,,,,
