,shots,val_acc,val_conf,test_acc,test_conf,val_acc_me1,val_conf_me1,test_acc_me1,test_conf_me1,val_acc_me2,val_conf_me2,test_acc_me2,test_conf_me2,val_acc_me3,val_conf_me3,test_acc_me3,test_conf_me3,val_acc_me4,val_conf_me4,test_acc_me4,test_conf_me4,val_acc_me5,val_conf_me5,test_acc_me5,test_conf_me5,val_acc_me6,val_conf_me6,test_acc_me6,test_conf_me6,val_acc_me7,val_conf_me7,test_acc_me7,test_conf_me7,val_acc_me8,val_conf_me8,test_acc_me8,test_conf_me8,val_acc_me9,val_conf_me9,test_acc_me9,test_conf_me9,val_acc_med,val_conf_med,test_acc_med,test_conf_med,val_acc_maj,val_conf_maj,test_acc_maj,test_conf_maj,val_acc_lin,val_conf_lin,test_acc_lin,test_conf_lin,val_nld,val_conf_nld,test_nld,test_conf_nld,val_mse,val_conf_mse,test_mse,test_conf_mse,val_svm,val_conf_svm,test_svm,test_conf_svm,val_mvm,val_conf_mvm,test_mvm,test_conf_mvm
0,5,0.27884,0.004489145385040472,0.3435467,0.005810120800620655,0.27934667,0.004485425720686387,0.3443067,0.005810616294084581,0.27978668,0.004493582660618112,0.3448267,0.005861294700606423,0.27993336,0.004506285856982484,0.34485337,0.00586365856923815,0.2796,0.004533971612001975,0.3453067,0.005890997986794488,0.2787067,0.004514970615208003,0.34504005,0.005887603417872533,0.27844,0.004504490443573594,0.34509337,0.005922620444311577,0.27788,0.004495406242807309,0.34521338,0.005961794905658069,0.27776,0.004511349772476747,0.34512004,0.005989446950497801,0.27758667,0.004508807655497382,0.3446267,0.006002276213698754,0.27728003,0.00451563650670378,0.34369335,0.006011249124693585,0.28004003,0.004505528070613163,0.3440534,0.005851759799354761,0.27997333,0.004428938080449585,0.33925337,0.005533857103729334,7.9673114,0.013680895940014537,7.9313703,0.012859163668623275,0.25552326,0.0009122667891107716,0.24161388,0.0011867906597560207,,,,,,,,
