,shots,val_acc,val_conf,test_acc,test_conf,val_acc_me1,val_conf_me1,test_acc_me1,test_conf_me1,val_acc_me2,val_conf_me2,test_acc_me2,test_conf_me2,val_acc_me3,val_conf_me3,test_acc_me3,test_conf_me3,val_acc_me4,val_conf_me4,test_acc_me4,test_conf_me4,val_acc_me5,val_conf_me5,test_acc_me5,test_conf_me5,val_acc_me6,val_conf_me6,test_acc_me6,test_conf_me6,val_acc_me7,val_conf_me7,test_acc_me7,test_conf_me7,val_acc_me8,val_conf_me8,test_acc_me8,test_conf_me8,val_acc_me9,val_conf_me9,test_acc_me9,test_conf_me9,val_acc_med,val_conf_med,test_acc_med,test_conf_med,val_acc_maj,val_conf_maj,test_acc_maj,test_conf_maj,val_acc_lin,val_conf_lin,test_acc_lin,test_conf_lin,val_nld,val_conf_nld,test_nld,test_conf_nld,val_mse,val_conf_mse,test_mse,test_conf_mse,val_svm,val_conf_svm,test_svm,test_conf_svm,val_mvm,val_conf_mvm,test_mvm,test_conf_mvm
0,5,0.48505333,0.007163572511010352,0.52432007,0.007125858208408387,0.4854267,0.007194899427225565,0.52444,0.0071143893587626295,0.48593336,0.007187371897910189,0.52464,0.007131797665009487,0.4864267,0.007196910031644854,0.5250533,0.007145418424759575,0.4864267,0.007213134787334374,0.52540004,0.007161168005449636,0.48673338,0.007213717557839006,0.52570665,0.007170318703008882,0.48650667,0.007204039503769244,0.52554667,0.007187751021986544,0.48645335,0.007205931891667794,0.5255601,0.007206755251263464,0.48657337,0.0072221460263418025,0.52544,0.007203834471991133,0.4863867,0.007209432208961863,0.52544004,0.007198328168110613,0.4864667,0.007220906600007071,0.5255601,0.007202865188877583,0.48465335,0.007164233322890012,0.52477336,0.006998218076179286,0.47257337,0.006871096064794913,0.5122934,0.0068045715648765714,4.3150887,0.008023516887385007,4.339262,0.008962616921849076,0.21483916,0.0011146733870371905,0.20903312,0.0011206430904433795,,,,,,,,
