,shots,val_acc,val_conf,test_acc,test_conf,val_acc_me1,val_conf_me1,test_acc_me1,test_conf_me1,val_acc_me2,val_conf_me2,test_acc_me2,test_conf_me2,val_acc_me3,val_conf_me3,test_acc_me3,test_conf_me3,val_acc_me4,val_conf_me4,test_acc_me4,test_conf_me4,val_acc_me5,val_conf_me5,test_acc_me5,test_conf_me5,val_acc_me6,val_conf_me6,test_acc_me6,test_conf_me6,val_acc_me7,val_conf_me7,test_acc_me7,test_conf_me7,val_acc_me8,val_conf_me8,test_acc_me8,test_conf_me8,val_acc_me9,val_conf_me9,test_acc_me9,test_conf_me9,val_acc_med,val_conf_med,test_acc_med,test_conf_med,val_acc_maj,val_conf_maj,test_acc_maj,test_conf_maj,val_acc_lin,val_conf_lin,test_acc_lin,test_conf_lin,val_nld,val_conf_nld,test_nld,test_conf_nld,val_mse,val_conf_mse,test_mse,test_conf_mse,val_svm,val_conf_svm,test_svm,test_conf_svm,val_mvm,val_conf_mvm,test_mvm,test_conf_mvm
0,5,0.7222268,0.005779439919220031,0.71952015,0.005972425618643085,0.72310674,0.005774328440047438,0.7199201,0.005965970350113592,0.7240268,0.005778948120022331,0.72041345,0.0059697546641274135,0.7248134,0.005771958106449815,0.7210268,0.005954908793324387,0.7254667,0.005777120843566852,0.7218268,0.0059647253823794655,0.7258534,0.005778562992763359,0.72197336,0.005968612212282287,0.7260402,0.005780190317056788,0.7218135,0.005979677925120996,0.7264134,0.0057633629341814485,0.72225344,0.0059662266398362584,0.7268534,0.005767403999701215,0.7222934,0.005970119934705198,0.7272268,0.005790850584171947,0.7223068,0.005974735458630476,0.72718674,0.005787086588622703,0.7227867,0.005980353514065784,0.7210134,0.005770391275766618,0.72001344,0.005930286508612159,0.7067601,0.005816335941842388,0.7064001,0.0059142769439330944,4.5855627,0.011141618927824837,4.5156035,0.011130788262677882,0.17106482,0.0010987910436529025,0.17168115,0.0011002089492269385,,,,,,,,
