,shots,val_acc,val_conf,test_acc,test_conf,val_acc_me1,val_conf_me1,test_acc_me1,test_conf_me1,val_acc_me2,val_conf_me2,test_acc_me2,test_conf_me2,val_acc_me3,val_conf_me3,test_acc_me3,test_conf_me3,val_acc_me4,val_conf_me4,test_acc_me4,test_conf_me4,val_acc_me5,val_conf_me5,test_acc_me5,test_conf_me5,val_acc_me6,val_conf_me6,test_acc_me6,test_conf_me6,val_acc_me7,val_conf_me7,test_acc_me7,test_conf_me7,val_acc_me8,val_conf_me8,test_acc_me8,test_conf_me8,val_acc_me9,val_conf_me9,test_acc_me9,test_conf_me9,val_acc_med,val_conf_med,test_acc_med,test_conf_med,val_acc_maj,val_conf_maj,test_acc_maj,test_conf_maj,val_acc_lin,val_conf_lin,test_acc_lin,test_conf_lin,val_nld,val_conf_nld,test_nld,test_conf_nld,val_mse,val_conf_mse,test_mse,test_conf_mse,val_svm,val_conf_svm,test_svm,test_conf_svm,val_mvm,val_conf_mvm,test_mvm,test_conf_mvm
0,5,0.6821735,0.005882104040741298,0.67493343,0.006005578425963942,0.6828401,0.0058851947562622575,0.67554677,0.005998679383698358,0.68333346,0.005882165919701365,0.6760801,0.006006714874626229,0.6835868,0.005892566664610799,0.67658675,0.006014726814606686,0.6838401,0.005896185660208886,0.67690676,0.006027313179800209,0.6841467,0.005895561329208654,0.6772534,0.006029320089953272,0.6845867,0.005900625244703028,0.6776667,0.006032879515507683,0.6851334,0.005881542974050968,0.67812014,0.006025778673946824,0.6854268,0.005894463670342187,0.6785467,0.0060283877495024285,0.6852401,0.005898591089336214,0.6785334,0.006048357105843394,0.6854668,0.005911288282517857,0.6785201,0.0060591291245133405,0.68233335,0.00581853449205838,0.6747601,0.005923686240131398,0.6619867,0.00582214148129101,0.65777344,0.005863460925992547,4.3504577,0.009280985095025507,4.3505044,0.009462821498835261,0.18264732,0.0009831894861963564,0.18289334,0.0010065972808712131,,,,,,,,
