,shots,val_acc,val_conf,test_acc,test_conf,val_acc_me1,val_conf_me1,test_acc_me1,test_conf_me1,val_acc_me2,val_conf_me2,test_acc_me2,test_conf_me2,val_acc_me3,val_conf_me3,test_acc_me3,test_conf_me3,val_acc_me4,val_conf_me4,test_acc_me4,test_conf_me4,val_acc_me5,val_conf_me5,test_acc_me5,test_conf_me5,val_acc_me6,val_conf_me6,test_acc_me6,test_conf_me6,val_acc_me7,val_conf_me7,test_acc_me7,test_conf_me7,val_acc_me8,val_conf_me8,test_acc_me8,test_conf_me8,val_acc_me9,val_conf_me9,test_acc_me9,test_conf_me9,val_acc_med,val_conf_med,test_acc_med,test_conf_med,val_acc_maj,val_conf_maj,test_acc_maj,test_conf_maj,val_acc_lin,val_conf_lin,test_acc_lin,test_conf_lin,val_nld,val_conf_nld,test_nld,test_conf_nld,val_mse,val_conf_mse,test_mse,test_conf_mse,val_svm,val_conf_svm,test_svm,test_conf_svm,val_mvm,val_conf_mvm,test_mvm,test_conf_mvm
0,5,0.32862672,0.004126288086700458,0.3814934,0.004686577595706842,0.32966667,0.004146366885679709,0.3822267,0.00469711595203498,0.33168006,0.004151248396776774,0.38232008,0.0047295760844295875,0.33233336,0.00410077733094949,0.38292006,0.004707722652289248,0.33284003,0.004075548263001827,0.3828667,0.004717712410075792,0.33269337,0.0040723661143905465,0.38225335,0.0047097120146774585,0.3325867,0.00407044925197797,0.38064006,0.004725524859677477,0.3314667,0.004111683728555138,0.38050672,0.004750979277867828,0.33097336,0.004118102516205202,0.37966672,0.004761243334925225,0.33048004,0.004104845179899785,0.37764004,0.004727186817717277,0.32878667,0.004158166372156991,0.37552002,0.004725193299279451,0.3303067,0.004057716501483344,0.38046673,0.0046895902698527725,0.33322668,0.004080602942830414,0.38322672,0.00473258968214213,10.085494,0.023627852881112688,9.7662115,0.027834757708214752,0.23945084,0.0006482956477983914,0.23108056,0.0007452402370076439,,,,,,,,
