,shots,val_acc,val_conf,test_acc,test_conf,val_acc_me1,val_conf_me1,test_acc_me1,test_conf_me1,val_acc_me2,val_conf_me2,test_acc_me2,test_conf_me2,val_acc_me3,val_conf_me3,test_acc_me3,test_conf_me3,val_acc_me4,val_conf_me4,test_acc_me4,test_conf_me4,val_acc_me5,val_conf_me5,test_acc_me5,test_conf_me5,val_acc_me6,val_conf_me6,test_acc_me6,test_conf_me6,val_acc_me7,val_conf_me7,test_acc_me7,test_conf_me7,val_acc_me8,val_conf_me8,test_acc_me8,test_conf_me8,val_acc_me9,val_conf_me9,test_acc_me9,test_conf_me9,val_acc_med,val_conf_med,test_acc_med,test_conf_med,val_acc_maj,val_conf_maj,test_acc_maj,test_conf_maj,val_acc_lin,val_conf_lin,test_acc_lin,test_conf_lin,val_nld,val_conf_nld,test_nld,test_conf_nld,val_mse,val_conf_mse,test_mse,test_conf_mse,val_svm,val_conf_svm,test_svm,test_conf_svm,val_mvm,val_conf_mvm,test_mvm,test_conf_mvm
0,5,0.5392,0.007007616751362078,0.5365334,0.006969074933114938,0.53992003,0.007040005769130886,0.53708,0.006971607352645348,0.54028004,0.007042412583608049,0.53764004,0.006979968400788628,0.54053336,0.007046529843369731,0.5382134,0.0070069166879033196,0.54048,0.0070710463797099,0.5388667,0.007031494641420277,0.54088,0.00707418419712591,0.5390267,0.0070461548753429915,0.54124,0.007085756948010613,0.53907996,0.007059267673480418,0.54142666,0.007098345622120528,0.53950673,0.00704760764555501,0.54168,0.007112179263964569,0.53929335,0.007058006081548052,0.5418667,0.007120357907710595,0.53959996,0.007054417101863497,0.5418933,0.007132225738113895,0.54006666,0.007071010822397028,0.53924,0.0068937428406175005,0.5363333,0.006972113928908064,0.52192,0.0067293789309309515,0.5217334,0.006750365595846852,4.3428593,0.010576149595720175,4.29621,0.009315737057859153,0.20806946,0.0010562777737160023,0.20797196,0.001020973864411634,,,,,,,,
