,shots,val_acc,val_conf,test_acc,test_conf,val_acc_me1,val_conf_me1,test_acc_me1,test_conf_me1,val_acc_me2,val_conf_me2,test_acc_me2,test_conf_me2,val_acc_me3,val_conf_me3,test_acc_me3,test_conf_me3,val_acc_me4,val_conf_me4,test_acc_me4,test_conf_me4,val_acc_me5,val_conf_me5,test_acc_me5,test_conf_me5,val_acc_me6,val_conf_me6,test_acc_me6,test_conf_me6,val_acc_me7,val_conf_me7,test_acc_me7,test_conf_me7,val_acc_me8,val_conf_me8,test_acc_me8,test_conf_me8,val_acc_me9,val_conf_me9,test_acc_me9,test_conf_me9,val_acc_med,val_conf_med,test_acc_med,test_conf_med,val_acc_maj,val_conf_maj,test_acc_maj,test_conf_maj,val_acc_lin,val_conf_lin,test_acc_lin,test_conf_lin,val_nld,val_conf_nld,test_nld,test_conf_nld,val_mse,val_conf_mse,test_mse,test_conf_mse,val_svm,val_conf_svm,test_svm,test_conf_svm,val_mvm,val_conf_mvm,test_mvm,test_conf_mvm
0,5,0.2679467,0.004900307062038367,0.29853335,0.00594507558007118,0.26793334,0.004914459796131754,0.29837334,0.005974966812055893,0.26782668,0.004876719633665927,0.2984267,0.006010385128168871,0.26813337,0.004861308078339843,0.29777333,0.006030484707395922,0.26797336,0.004872299444069805,0.2976267,0.006044084225114876,0.26774672,0.0048701974065602505,0.29788002,0.006062740269795586,0.26741335,0.004870507724927198,0.2982,0.0060763157747837915,0.26750666,0.004850970597740256,0.2981467,0.006109128709607503,0.26793334,0.004850192031123135,0.29809338,0.006137756502526681,0.2677734,0.004846535169295785,0.2983867,0.006134849114969476,0.26793334,0.0048528685270382566,0.2984667,0.006144169748777295,0.27184004,0.004855085548585547,0.30041334,0.005870157245396357,0.26838666,0.004658846585925525,0.29404,0.005428048238042826,5.958845,0.01923413824423026,5.7224874,0.015579605651727668,0.25407547,0.0008518904141149863,0.24874459,0.0010557324076573837,,,,,,,,
