,shots,val_acc,val_conf,test_acc,test_conf,val_acc_me1,val_conf_me1,test_acc_me1,test_conf_me1,val_acc_me2,val_conf_me2,test_acc_me2,test_conf_me2,val_acc_me3,val_conf_me3,test_acc_me3,test_conf_me3,val_acc_me4,val_conf_me4,test_acc_me4,test_conf_me4,val_acc_me5,val_conf_me5,test_acc_me5,test_conf_me5,val_acc_me6,val_conf_me6,test_acc_me6,test_conf_me6,val_acc_me7,val_conf_me7,test_acc_me7,test_conf_me7,val_acc_me8,val_conf_me8,test_acc_me8,test_conf_me8,val_acc_me9,val_conf_me9,test_acc_me9,test_conf_me9,val_acc_med,val_conf_med,test_acc_med,test_conf_med,val_acc_maj,val_conf_maj,test_acc_maj,test_conf_maj,val_acc_lin,val_conf_lin,test_acc_lin,test_conf_lin,val_nld,val_conf_nld,test_nld,test_conf_nld,val_mse,val_conf_mse,test_mse,test_conf_mse,val_svm,val_conf_svm,test_svm,test_conf_svm,val_mvm,val_conf_mvm,test_mvm,test_conf_mvm
0,5,0.28933337,0.005189555643097421,0.31361336,0.005996919065819006,0.28925335,0.005190633445282644,0.31381336,0.006006211069063239,0.28878668,0.005203153313683262,0.31357336,0.006021611541590477,0.28876,0.005202275001876755,0.31373337,0.006069523404456878,0.2886267,0.005195637328950009,0.3136667,0.0061030096193088745,0.28838664,0.005186878223615743,0.31314674,0.0061124360014887524,0.28833336,0.005209695397470182,0.31320003,0.006086888303075022,0.2885067,0.00520474508066382,0.31289336,0.006088068159366078,0.28836006,0.005187307220286763,0.31242672,0.006126598894814428,0.28801334,0.005186643637707378,0.31252003,0.006143029605848671,0.28796002,0.005182212827095745,0.31272003,0.006167552145371569,0.2898267,0.005149343554711361,0.31512,0.005891836123455285,0.28597334,0.00498265595153885,0.31005338,0.005701700550462152,5.2976093,0.015647938494987024,5.1636295,0.014346798518594994,0.24865872,0.0008545707197421815,0.24400498,0.001000586132415271,,,,,,,,
