,shots,val_acc,val_conf,test_acc,test_conf,val_acc_me1,val_conf_me1,test_acc_me1,test_conf_me1,val_acc_me2,val_conf_me2,test_acc_me2,test_conf_me2,val_acc_me3,val_conf_me3,test_acc_me3,test_conf_me3,val_acc_me4,val_conf_me4,test_acc_me4,test_conf_me4,val_acc_me5,val_conf_me5,test_acc_me5,test_conf_me5,val_acc_me6,val_conf_me6,test_acc_me6,test_conf_me6,val_acc_me7,val_conf_me7,test_acc_me7,test_conf_me7,val_acc_me8,val_conf_me8,test_acc_me8,test_conf_me8,val_acc_me9,val_conf_me9,test_acc_me9,test_conf_me9,val_acc_med,val_conf_med,test_acc_med,test_conf_med,val_acc_maj,val_conf_maj,test_acc_maj,test_conf_maj,val_acc_lin,val_conf_lin,test_acc_lin,test_conf_lin,val_nld,val_conf_nld,test_nld,test_conf_nld,val_mse,val_conf_mse,test_mse,test_conf_mse,val_svm,val_conf_svm,test_svm,test_conf_svm,val_mvm,val_conf_mvm,test_mvm,test_conf_mvm
0,5,0.3499867,0.00470909922825935,0.3953067,0.005233243574263413,0.3500934,0.004685811497238401,0.39546672,0.005206678567274636,0.34938672,0.004697135346932946,0.3950267,0.005225385408116623,0.3489734,0.004705909691115562,0.3939067,0.005216762528851171,0.3478534,0.004713458000678683,0.39317337,0.005194812584004449,0.34729338,0.004716481757623514,0.39236003,0.005202099062445453,0.34672004,0.004723809796560063,0.39221337,0.00520395635481441,0.34636006,0.004717763206237069,0.39133337,0.005215670873167377,0.3459867,0.004702663816411101,0.39032003,0.005240477409410027,0.3449467,0.004723113427367531,0.3898667,0.005223588147574565,0.3439067,0.004737549696397447,0.38849342,0.005214670188790571,0.35192004,0.004679373776473705,0.39537337,0.00520944741984658,0.35168004,0.004549739664023444,0.39126673,0.005023964775224821,8.909793,0.01242991301681684,8.942086,0.01243440801530582,0.24093106,0.0008782460601073072,0.230278,0.0010710781588654794,,,,,,,,
