,shots,val_acc,val_conf,test_acc,test_conf,val_acc_me1,val_conf_me1,test_acc_me1,test_conf_me1,val_acc_me2,val_conf_me2,test_acc_me2,test_conf_me2,val_acc_me3,val_conf_me3,test_acc_me3,test_conf_me3,val_acc_me4,val_conf_me4,test_acc_me4,test_conf_me4,val_acc_me5,val_conf_me5,test_acc_me5,test_conf_me5,val_acc_me6,val_conf_me6,test_acc_me6,test_conf_me6,val_acc_me7,val_conf_me7,test_acc_me7,test_conf_me7,val_acc_me8,val_conf_me8,test_acc_me8,test_conf_me8,val_acc_me9,val_conf_me9,test_acc_me9,test_conf_me9,val_acc_med,val_conf_med,test_acc_med,test_conf_med,val_acc_maj,val_conf_maj,test_acc_maj,test_conf_maj,val_acc_lin,val_conf_lin,test_acc_lin,test_conf_lin,val_nld,val_conf_nld,test_nld,test_conf_nld,val_mse,val_conf_mse,test_mse,test_conf_mse,val_svm,val_conf_svm,test_svm,test_conf_svm,val_mvm,val_conf_mvm,test_mvm,test_conf_mvm
0,5,0.24557337,0.005044692841501608,0.2513467,0.004815311230752961,0.24537334,0.005021284585043417,0.25216,0.0048502114260211004,0.24521334,0.005044885405131094,0.25224003,0.004863091947166609,0.24528003,0.0050222778808877155,0.25286666,0.00488486733793192,0.24480002,0.004998210197899727,0.25284,0.004938718657399366,0.24485336,0.005021074473649134,0.25353333,0.004913680305948076,0.24484,0.0050626806857700934,0.25344002,0.004937078403173978,0.24480002,0.005063974602532356,0.2532667,0.004914668522176202,0.24494669,0.005073210729999167,0.25285333,0.004893740503737365,0.24474667,0.005068216081997506,0.25217336,0.004908575753524769,0.24449337,0.005052557010831099,0.25209334,0.004933228515933807,0.24730667,0.004994057380825145,0.2526,0.004787916860985786,0.24425335,0.004692538294338966,0.25014666,0.004748195648230813,9.778479,0.01132012310345587,9.805819,0.011526266855778289,0.26165065,0.0010260032616054016,0.25927722,0.0009881085171852266,,,,,,,,
