,shots,val_acc,val_conf,test_acc,test_conf,val_acc_me1,val_conf_me1,test_acc_me1,test_conf_me1,val_acc_me2,val_conf_me2,test_acc_me2,test_conf_me2,val_acc_me3,val_conf_me3,test_acc_me3,test_conf_me3,val_acc_me4,val_conf_me4,test_acc_me4,test_conf_me4,val_acc_me5,val_conf_me5,test_acc_me5,test_conf_me5,val_acc_me6,val_conf_me6,test_acc_me6,test_conf_me6,val_acc_me7,val_conf_me7,test_acc_me7,test_conf_me7,val_acc_me8,val_conf_me8,test_acc_me8,test_conf_me8,val_acc_me9,val_conf_me9,test_acc_me9,test_conf_me9,val_acc_med,val_conf_med,test_acc_med,test_conf_med,val_acc_maj,val_conf_maj,test_acc_maj,test_conf_maj,val_acc_lin,val_conf_lin,test_acc_lin,test_conf_lin,val_nld,val_conf_nld,test_nld,test_conf_nld,val_mse,val_conf_mse,test_mse,test_conf_mse,val_svm,val_conf_svm,test_svm,test_conf_svm,val_mvm,val_conf_mvm,test_mvm,test_conf_mvm
0,5,0.6796134,0.006977494165952058,0.73980016,0.006266944532324459,0.67989343,0.006992652664038368,0.7403201,0.006254040460231369,0.6803868,0.0069791598182580294,0.74076015,0.006264379326180847,0.68053347,0.006957392277808561,0.74118674,0.0062729574124676946,0.68088007,0.006966977513438222,0.74152017,0.00629009419014348,0.68100005,0.006988322522182622,0.7419334,0.006296501433211366,0.6810401,0.0070024207658485604,0.7422668,0.006296942898031066,0.6811601,0.007009324887730206,0.7427068,0.0062918217214095185,0.68166673,0.007023060169734752,0.7426001,0.006275022507314487,0.6816134,0.007029626728035754,0.74230677,0.006280798954416245,0.6813068,0.007011225125944653,0.7424268,0.006296604872667033,0.6794801,0.006930964420455155,0.7393734,0.006243339556187166,0.6653734,0.0067371114920244946,0.72672015,0.00635007014130895,4.370265,0.0090255561363497,4.4558153,0.010503288505575803,0.17930776,0.0012697138922162232,0.16825522,0.0011957655333298123,,,,,,,,
