,shots,val_acc,val_conf,test_acc,test_conf,val_acc_me1,val_conf_me1,test_acc_me1,test_conf_me1,val_acc_me2,val_conf_me2,test_acc_me2,test_conf_me2,val_acc_me3,val_conf_me3,test_acc_me3,test_conf_me3,val_acc_me4,val_conf_me4,test_acc_me4,test_conf_me4,val_acc_me5,val_conf_me5,test_acc_me5,test_conf_me5,val_acc_me6,val_conf_me6,test_acc_me6,test_conf_me6,val_acc_me7,val_conf_me7,test_acc_me7,test_conf_me7,val_acc_me8,val_conf_me8,test_acc_me8,test_conf_me8,val_acc_me9,val_conf_me9,test_acc_me9,test_conf_me9,val_acc_med,val_conf_med,test_acc_med,test_conf_med,val_acc_maj,val_conf_maj,test_acc_maj,test_conf_maj,val_acc_lin,val_conf_lin,test_acc_lin,test_conf_lin,val_nld,val_conf_nld,test_nld,test_conf_nld,val_mse,val_conf_mse,test_mse,test_conf_mse,val_svm,val_conf_svm,test_svm,test_conf_svm,val_mvm,val_conf_mvm,test_mvm,test_conf_mvm
0,5,0.72608006,0.005689493309344984,0.71781343,0.005713056724986565,0.7268668,0.005669495322440432,0.7183601,0.005703521823734903,0.7273468,0.005651598911262212,0.7191868,0.005674768425762422,0.7276935,0.00564510439115351,0.71993345,0.005689667863426395,0.7282801,0.005654014961405052,0.7205468,0.0057134284605303565,0.7289601,0.005653958162061046,0.7212534,0.005717605290335714,0.72964007,0.005639422147841744,0.7215867,0.005749420773265568,0.7300001,0.005637071670925309,0.7221334,0.005752009992139984,0.73041344,0.005629155320084678,0.7221068,0.005762259272132253,0.73065346,0.005652396872777299,0.7221601,0.005769534205991134,0.7310401,0.005660000596334536,0.72256005,0.005761672345578006,0.7252534,0.0055914876575944295,0.7165334,0.005708945006624333,0.7094134,0.00572396266080899,0.7001201,0.0058027428890893296,4.533195,0.010658540969282093,4.5039177,0.011905925677130114,0.17083223,0.001089586202003584,0.17282355,0.0010629323017325998,,,,,,,,
