,shots,val_acc,val_conf,test_acc,test_conf,val_acc_me1,val_conf_me1,test_acc_me1,test_conf_me1,val_acc_me2,val_conf_me2,test_acc_me2,test_conf_me2,val_acc_me3,val_conf_me3,test_acc_me3,test_conf_me3,val_acc_me4,val_conf_me4,test_acc_me4,test_conf_me4,val_acc_me5,val_conf_me5,test_acc_me5,test_conf_me5,val_acc_me6,val_conf_me6,test_acc_me6,test_conf_me6,val_acc_me7,val_conf_me7,test_acc_me7,test_conf_me7,val_acc_me8,val_conf_me8,test_acc_me8,test_conf_me8,val_acc_me9,val_conf_me9,test_acc_me9,test_conf_me9,val_acc_med,val_conf_med,test_acc_med,test_conf_med,val_acc_maj,val_conf_maj,test_acc_maj,test_conf_maj,val_acc_lin,val_conf_lin,test_acc_lin,test_conf_lin,val_nld,val_conf_nld,test_nld,test_conf_nld,val_mse,val_conf_mse,test_mse,test_conf_mse,val_svm,val_conf_svm,test_svm,test_conf_svm,val_mvm,val_conf_mvm,test_mvm,test_conf_mvm
0,5,0.5408133,0.005877095539241095,0.5887601,0.005763167138068903,0.54056007,0.005895442650904692,0.5887333,0.005731446320712319,0.54052,0.005901830499074667,0.58889335,0.005718916754862802,0.54025334,0.005929862129773977,0.5887334,0.005726434586729168,0.5396,0.005962940128202754,0.5884134,0.00571573229733513,0.5394667,0.005952688077510815,0.58813334,0.005687920475479058,0.5394667,0.005969431415828508,0.58812,0.005684387371571842,0.53881335,0.005956228569950595,0.5877601,0.005685358963601783,0.5385867,0.0059373005349154795,0.58757335,0.005679951019560758,0.53824,0.005953157711110824,0.58705336,0.005678433599688892,0.5377067,0.0059203309227886525,0.58636004,0.005684348119992633,0.54125327,0.005911938935165284,0.5904534,0.005626136642756019,0.5410934,0.005770926944376198,0.5866667,0.005562143177018197,5.3752947,0.014951792805559805,5.291811,0.01502211962903921,0.2021289,0.00101053005821089,0.19007504,0.0009986994013619632,,,,,,,,
