,shots,val_acc,val_conf,test_acc,test_conf,val_acc_me1,val_conf_me1,test_acc_me1,test_conf_me1,val_acc_me2,val_conf_me2,test_acc_me2,test_conf_me2,val_acc_me3,val_conf_me3,test_acc_me3,test_conf_me3,val_acc_me4,val_conf_me4,test_acc_me4,test_conf_me4,val_acc_me5,val_conf_me5,test_acc_me5,test_conf_me5,val_acc_me6,val_conf_me6,test_acc_me6,test_conf_me6,val_acc_me7,val_conf_me7,test_acc_me7,test_conf_me7,val_acc_me8,val_conf_me8,test_acc_me8,test_conf_me8,val_acc_me9,val_conf_me9,test_acc_me9,test_conf_me9,val_acc_med,val_conf_med,test_acc_med,test_conf_med,val_acc_maj,val_conf_maj,test_acc_maj,test_conf_maj,val_acc_lin,val_conf_lin,test_acc_lin,test_conf_lin,val_nld,val_conf_nld,test_nld,test_conf_nld,val_mse,val_conf_mse,test_mse,test_conf_mse,val_svm,val_conf_svm,test_svm,test_conf_svm,val_mvm,val_conf_mvm,test_mvm,test_conf_mvm
0,5,0.47004005,0.0056542343084650115,0.5110533,0.005962462182503625,0.4703067,0.005686392896375014,0.5112267,0.005944680293579974,0.47058666,0.005686338405947455,0.51086664,0.005937243735571585,0.47056,0.005677746004378814,0.51148003,0.005926577927056975,0.4707867,0.005681163200681683,0.51141334,0.005896545851170609,0.47102666,0.005684324107261884,0.51185334,0.0058826410947007135,0.47092006,0.00568102651282959,0.5122,0.005880496573129057,0.47090667,0.00569302502790231,0.5118267,0.005877731876606673,0.47085336,0.005722399986175297,0.5115867,0.005880733006170535,0.47082672,0.005748339276814063,0.51128,0.005876863262249121,0.47093335,0.0057466112837646355,0.51144,0.005881836668219731,0.47104004,0.005644034901067407,0.51052004,0.00590871892032474,0.46436006,0.005519769019295684,0.5015067,0.006016247928744778,4.7120624,0.011428747461826205,4.6174393,0.009977399542324683,0.21706752,0.0008434797819915629,0.20968689,0.0009500068938536887,,,,,,,,
