,shots,val_acc,val_conf,test_acc,test_conf,val_acc_me1,val_conf_me1,test_acc_me1,test_conf_me1,val_acc_me2,val_conf_me2,test_acc_me2,test_conf_me2,val_acc_me3,val_conf_me3,test_acc_me3,test_conf_me3,val_acc_me4,val_conf_me4,test_acc_me4,test_conf_me4,val_acc_me5,val_conf_me5,test_acc_me5,test_conf_me5,val_acc_me6,val_conf_me6,test_acc_me6,test_conf_me6,val_acc_me7,val_conf_me7,test_acc_me7,test_conf_me7,val_acc_me8,val_conf_me8,test_acc_me8,test_conf_me8,val_acc_me9,val_conf_me9,test_acc_me9,test_conf_me9,val_acc_med,val_conf_med,test_acc_med,test_conf_med,val_acc_maj,val_conf_maj,test_acc_maj,test_conf_maj,val_acc_lin,val_conf_lin,test_acc_lin,test_conf_lin,val_nld,val_conf_nld,test_nld,test_conf_nld,val_mse,val_conf_mse,test_mse,test_conf_mse,val_svm,val_conf_svm,test_svm,test_conf_svm,val_mvm,val_conf_mvm,test_mvm,test_conf_mvm
0,5,0.40133336,0.01435186353618173,0.40293336,0.01410118334485766,0.4010667,0.014341531552565956,0.40306672,0.014156502722254438,0.40146667,0.014416031081438185,0.40353337,0.01406745828820416,0.40226668,0.014425931447109575,0.40353337,0.014106436073285988,0.40193337,0.014499830015111903,0.40446672,0.014188667552319567,0.40286672,0.014441109323100831,0.40466672,0.014181981604497074,0.40293336,0.014472305594238177,0.40493336,0.014057491837488612,0.40326673,0.014596663191158377,0.4045334,0.014049103167201316,0.40373337,0.01461388970351718,0.40433335,0.014220872652958516,0.40366668,0.01462536475188042,0.40326673,0.014299759609212648,0.40426672,0.014639229187619895,0.4036,0.01441593608418723,0.40340003,0.014223357037585649,0.402,0.013738261836420296,0.347,0.011627261838800584,0.35000002,0.011804930447323836,1950.7783,0.2760022537570421,1950.4215,0.24332830451203336,0.3018075,0.005473666735741012,0.297006,0.005140628058189156,0.39200005,0.01321009157743791,0.4008667,0.012688100270080327,0.24529476,0.0003434129646309181,0.24499574,0.00035056041064726595
