,shots,val_acc,val_conf,test_acc,test_conf,val_acc_me1,val_conf_me1,test_acc_me1,test_conf_me1,val_acc_me2,val_conf_me2,test_acc_me2,test_conf_me2,val_acc_me3,val_conf_me3,test_acc_me3,test_conf_me3,val_acc_me4,val_conf_me4,test_acc_me4,test_conf_me4,val_acc_me5,val_conf_me5,test_acc_me5,test_conf_me5,val_acc_me6,val_conf_me6,test_acc_me6,test_conf_me6,val_acc_me7,val_conf_me7,test_acc_me7,test_conf_me7,val_acc_me8,val_conf_me8,test_acc_me8,test_conf_me8,val_acc_me9,val_conf_me9,test_acc_me9,test_conf_me9,val_acc_med,val_conf_med,test_acc_med,test_conf_med,val_acc_maj,val_conf_maj,test_acc_maj,test_conf_maj,val_acc_lin,val_conf_lin,test_acc_lin,test_conf_lin,val_nld,val_conf_nld,test_nld,test_conf_nld,val_mse,val_conf_mse,test_mse,test_conf_mse,val_svm,val_conf_svm,test_svm,test_conf_svm,val_mvm,val_conf_mvm,test_mvm,test_conf_mvm
0,5,0.37876004,0.007674325141773297,0.42842668,0.008527365858049196,0.37860003,0.007692814482688437,0.4281067,0.008525913087837178,0.37872005,0.007721809393318568,0.42781335,0.008557615433862409,0.37856007,0.00773470422974587,0.42729336,0.008567283328699937,0.37844002,0.007751388921586444,0.4273867,0.00857112444205771,0.37860003,0.007767277037261766,0.42712003,0.008593736122350648,0.3785334,0.007765909235174062,0.4269867,0.008618858980142974,0.37833336,0.007776486843081409,0.42624003,0.00865848737445779,0.37817335,0.007803289668461499,0.42582673,0.008678835393091722,0.3778667,0.007792733302585231,0.42525336,0.008684022142939563,0.37753338,0.007820377497109177,0.4246134,0.008671556764966504,0.3820667,0.007588987590857632,0.43277338,0.008484354439394493,0.37508002,0.0072804960385636774,0.4225334,0.00806125751163378,4.595356,0.012001911950578759,4.7558417,0.014841882842525855,0.23207068,0.0012189554817403636,0.22370447,0.0013148840322786404,,,,,,,,
