,shots,val_acc,val_conf,test_acc,test_conf,val_acc_me1,val_conf_me1,test_acc_me1,test_conf_me1,val_acc_me2,val_conf_me2,test_acc_me2,test_conf_me2,val_acc_me3,val_conf_me3,test_acc_me3,test_conf_me3,val_acc_me4,val_conf_me4,test_acc_me4,test_conf_me4,val_acc_me5,val_conf_me5,test_acc_me5,test_conf_me5,val_acc_me6,val_conf_me6,test_acc_me6,test_conf_me6,val_acc_me7,val_conf_me7,test_acc_me7,test_conf_me7,val_acc_me8,val_conf_me8,test_acc_me8,test_conf_me8,val_acc_me9,val_conf_me9,test_acc_me9,test_conf_me9,val_acc_med,val_conf_med,test_acc_med,test_conf_med,val_acc_maj,val_conf_maj,test_acc_maj,test_conf_maj,val_acc_lin,val_conf_lin,test_acc_lin,test_conf_lin,val_nld,val_conf_nld,test_nld,test_conf_nld,val_mse,val_conf_mse,test_mse,test_conf_mse,val_svm,val_conf_svm,test_svm,test_conf_svm,val_mvm,val_conf_mvm,test_mvm,test_conf_mvm
0,5,0.28733337,0.005901310992879993,0.30661336,0.006565075053071301,0.28769335,0.005965174235731618,0.30648002,0.006546817989148135,0.2891067,0.005993666264365316,0.30621335,0.006612018094607486,0.28889337,0.005986111489836188,0.30592003,0.006637507146544153,0.28902668,0.005992078191650985,0.30556002,0.0066649107519770046,0.28933337,0.006033538480254175,0.30481336,0.006656472586025253,0.2891467,0.006041769767294591,0.30424002,0.006641317320421891,0.28908002,0.006032135582636822,0.30393335,0.00666197981347233,0.28908005,0.006034967699518667,0.30333337,0.006635273962581845,0.28884003,0.006038036711225325,0.30281335,0.0066558459461086295,0.28836006,0.0060352304542073965,0.30306667,0.006650175709162209,0.28925335,0.0057907397561837715,0.30714667,0.006427896787107479,0.28328001,0.005515086536794167,0.30190668,0.006076640408432588,7.7268996,0.01633285361494341,7.8166566,0.02053076659793618,0.2554804,0.0012594798510723315,0.25066575,0.001279098021225611,,,,,,,,
