,shots,val_acc,val_conf,test_acc,test_conf,val_acc_me1,val_conf_me1,test_acc_me1,test_conf_me1,val_acc_me2,val_conf_me2,test_acc_me2,test_conf_me2,val_acc_me3,val_conf_me3,test_acc_me3,test_conf_me3,val_acc_me4,val_conf_me4,test_acc_me4,test_conf_me4,val_acc_me5,val_conf_me5,test_acc_me5,test_conf_me5,val_acc_me6,val_conf_me6,test_acc_me6,test_conf_me6,val_acc_me7,val_conf_me7,test_acc_me7,test_conf_me7,val_acc_me8,val_conf_me8,test_acc_me8,test_conf_me8,val_acc_me9,val_conf_me9,test_acc_me9,test_conf_me9,val_acc_med,val_conf_med,test_acc_med,test_conf_med,val_acc_maj,val_conf_maj,test_acc_maj,test_conf_maj,val_acc_lin,val_conf_lin,test_acc_lin,test_conf_lin,val_nld,val_conf_nld,test_nld,test_conf_nld,val_mse,val_conf_mse,test_mse,test_conf_mse,val_svm,val_conf_svm,test_svm,test_conf_svm,val_mvm,val_conf_mvm,test_mvm,test_conf_mvm
0,5,0.5661868,0.006028930806644683,0.60448,0.006035639594197173,0.56576,0.006011481863468782,0.6047334,0.006042989798731413,0.5656534,0.006031284054260788,0.6047867,0.006042941773269805,0.5648667,0.00605501417366805,0.6044934,0.006019894169556617,0.56468004,0.006058401815840719,0.60428005,0.006004801706479879,0.5643067,0.006070512544251505,0.6043467,0.005993963652800249,0.564,0.006085658112405912,0.6042534,0.0059975844955315605,0.5638801,0.006074882399469739,0.6033467,0.005985990502615723,0.5629867,0.006065056574748984,0.60270673,0.005992712220100227,0.5623467,0.006059147595844694,0.6020667,0.005993807108266913,0.5616801,0.006059435286830728,0.60178673,0.005972272768375975,0.5691067,0.00595372801346683,0.6067867,0.005989981233757602,0.56769335,0.005981653434010692,0.60040003,0.005965805955264414,24.566816,0.02951787650517801,24.363008,0.02852562429113803,0.18959107,0.0013560842214469793,0.17885627,0.0013627103497916293,,,,,,,,
