,shots,val_acc,val_conf,test_acc,test_conf,val_acc_me1,val_conf_me1,test_acc_me1,test_conf_me1,val_acc_me2,val_conf_me2,test_acc_me2,test_conf_me2,val_acc_me3,val_conf_me3,test_acc_me3,test_conf_me3,val_acc_me4,val_conf_me4,test_acc_me4,test_conf_me4,val_acc_me5,val_conf_me5,test_acc_me5,test_conf_me5,val_acc_me6,val_conf_me6,test_acc_me6,test_conf_me6,val_acc_me7,val_conf_me7,test_acc_me7,test_conf_me7,val_acc_me8,val_conf_me8,test_acc_me8,test_conf_me8,val_acc_me9,val_conf_me9,test_acc_me9,test_conf_me9,val_acc_med,val_conf_med,test_acc_med,test_conf_med,val_acc_maj,val_conf_maj,test_acc_maj,test_conf_maj,val_acc_lin,val_conf_lin,test_acc_lin,test_conf_lin,val_nld,val_conf_nld,test_nld,test_conf_nld,val_mse,val_conf_mse,test_mse,test_conf_mse,val_svm,val_conf_svm,test_svm,test_conf_svm,val_mvm,val_conf_mvm,test_mvm,test_conf_mvm
0,5,0.39490667,0.006075994835401277,0.4317334,0.00645394690573442,0.39489338,0.006104854443529151,0.43158674,0.006463009402686348,0.39517337,0.006119541922665617,0.43168005,0.006454848768488397,0.39501336,0.00611614365947738,0.4316134,0.006450332066185893,0.39528003,0.006134811710523491,0.43180004,0.006439906846762322,0.39540002,0.006117476366035546,0.4322267,0.006413757906512552,0.39528003,0.006118297878498047,0.43238673,0.006411938018589636,0.39546674,0.006137581024878658,0.43236005,0.006421510324287338,0.39556006,0.006144800544743478,0.4322934,0.0064491956175234955,0.39577338,0.006127554786212686,0.4321867,0.006442444807692127,0.39576003,0.006134042841355325,0.43194672,0.0064710619795957935,0.39684004,0.006051347614391689,0.43297338,0.006297385748200546,0.3889867,0.005814030257904501,0.4225867,0.006070945696972141,4.9952297,0.013019263933246705,4.875467,0.011535658604212351,0.2298406,0.0008896414862109292,0.22312216,0.0009881890983682862,,,,,,,,
