,shots,val_acc,val_conf,test_acc,test_conf,val_acc_me1,val_conf_me1,test_acc_me1,test_conf_me1,val_acc_me2,val_conf_me2,test_acc_me2,test_conf_me2,val_acc_me3,val_conf_me3,test_acc_me3,test_conf_me3,val_acc_me4,val_conf_me4,test_acc_me4,test_conf_me4,val_acc_me5,val_conf_me5,test_acc_me5,test_conf_me5,val_acc_me6,val_conf_me6,test_acc_me6,test_conf_me6,val_acc_me7,val_conf_me7,test_acc_me7,test_conf_me7,val_acc_me8,val_conf_me8,test_acc_me8,test_conf_me8,val_acc_me9,val_conf_me9,test_acc_me9,test_conf_me9,val_acc_med,val_conf_med,test_acc_med,test_conf_med,val_acc_maj,val_conf_maj,test_acc_maj,test_conf_maj,val_acc_lin,val_conf_lin,test_acc_lin,test_conf_lin,val_nld,val_conf_nld,test_nld,test_conf_nld,val_mse,val_conf_mse,test_mse,test_conf_mse,val_svm,val_conf_svm,test_svm,test_conf_svm,val_mvm,val_conf_mvm,test_mvm,test_conf_mvm
0,5,0.55101335,0.005460164341890672,0.55895996,0.005304333263729144,0.5510667,0.005496811001539648,0.56001335,0.005318945472190362,0.5513201,0.005526584017003566,0.56081337,0.005312019184711025,0.5516934,0.005514924450861436,0.56095994,0.005329847251963171,0.5519734,0.0055258664057799,0.561,0.00530339584366224,0.5516667,0.0055192301182031,0.56112,0.005319327828749665,0.5512534,0.0055237671389700704,0.5610666,0.0053534453013510674,0.55072,0.0055305645889131005,0.56078666,0.0054071857928303935,0.54961336,0.005525530227549091,0.5602267,0.005401948246821275,0.5484933,0.005497378994979152,0.5597067,0.005422587650707467,0.54693335,0.005508395758789697,0.5592,0.005440389396312417,0.5494934,0.0054619999304452715,0.5584267,0.005248503202889054,0.54196,0.005394963774648098,0.55,0.00532873666316469,9.262017,0.016976001360411885,9.342661,0.020841131143230385,0.19600195,0.0011057280675935977,0.19069535,0.0012400189181273058,,,,,,,,
