,shots,val_acc,val_conf,test_acc,test_conf,val_acc_me1,val_conf_me1,test_acc_me1,test_conf_me1,val_acc_me2,val_conf_me2,test_acc_me2,test_conf_me2,val_acc_me3,val_conf_me3,test_acc_me3,test_conf_me3,val_acc_me4,val_conf_me4,test_acc_me4,test_conf_me4,val_acc_me5,val_conf_me5,test_acc_me5,test_conf_me5,val_acc_me6,val_conf_me6,test_acc_me6,test_conf_me6,val_acc_me7,val_conf_me7,test_acc_me7,test_conf_me7,val_acc_me8,val_conf_me8,test_acc_me8,test_conf_me8,val_acc_me9,val_conf_me9,test_acc_me9,test_conf_me9,val_acc_med,val_conf_med,test_acc_med,test_conf_med,val_acc_maj,val_conf_maj,test_acc_maj,test_conf_maj,val_acc_lin,val_conf_lin,test_acc_lin,test_conf_lin,val_nld,val_conf_nld,test_nld,test_conf_nld,val_mse,val_conf_mse,test_mse,test_conf_mse,val_svm,val_conf_svm,test_svm,test_conf_svm,val_mvm,val_conf_mvm,test_mvm,test_conf_mvm
0,5,0.26465335,0.005062205972553968,0.28212002,0.005564952666519185,0.26465333,0.005047058557266448,0.28192005,0.005576950258025348,0.26448002,0.005014235001427225,0.28233337,0.005634091783392525,0.26485336,0.005022571575056423,0.28242669,0.005657853765846377,0.26500005,0.005025012561496567,0.28181335,0.005671889668768915,0.26544002,0.005041999721388302,0.2815867,0.005648419071567379,0.26525337,0.005014893504390439,0.28141335,0.005642360013095704,0.2651867,0.005006838618564546,0.2807867,0.005666585164183557,0.26501337,0.005020605763615682,0.28026667,0.005662003812221261,0.26476002,0.005014333361266721,0.28028002,0.005661337458942206,0.26452002,0.005026488420872832,0.28049335,0.005665747489306094,0.26645336,0.0049894039906704934,0.28365335,0.005534354906109651,0.26424,0.0049549729672190845,0.28285334,0.00534850191129399,7.945024,0.014241230241999858,7.8999014,0.013126400425875318,0.2604963,0.0011535123628277355,0.25705016,0.0012408944592340876,,,,,,,,
