,shots,val_acc,val_conf,test_acc,test_conf,val_acc_me1,val_conf_me1,test_acc_me1,test_conf_me1,val_acc_me2,val_conf_me2,test_acc_me2,test_conf_me2,val_acc_me3,val_conf_me3,test_acc_me3,test_conf_me3,val_acc_me4,val_conf_me4,test_acc_me4,test_conf_me4,val_acc_me5,val_conf_me5,test_acc_me5,test_conf_me5,val_acc_me6,val_conf_me6,test_acc_me6,test_conf_me6,val_acc_me7,val_conf_me7,test_acc_me7,test_conf_me7,val_acc_me8,val_conf_me8,test_acc_me8,test_conf_me8,val_acc_me9,val_conf_me9,test_acc_me9,test_conf_me9,val_acc_med,val_conf_med,test_acc_med,test_conf_med,val_acc_maj,val_conf_maj,test_acc_maj,test_conf_maj,val_acc_lin,val_conf_lin,test_acc_lin,test_conf_lin,val_nld,val_conf_nld,test_nld,test_conf_nld,val_mse,val_conf_mse,test_mse,test_conf_mse,val_svm,val_conf_svm,test_svm,test_conf_svm,val_mvm,val_conf_mvm,test_mvm,test_conf_mvm
0,5,0.27224,0.004390592058314935,0.28868002,0.004730983138096445,0.27168003,0.004394743028256376,0.28868002,0.004717380849677766,0.27141333,0.0043884110558637945,0.28820002,0.004730519045895887,0.27132002,0.004443054333663599,0.28845337,0.004775484269625929,0.27173334,0.004458291334908215,0.28704,0.004779288902104217,0.2722267,0.004474477762585194,0.28632,0.004812650435469523,0.2724667,0.004504980857421403,0.28558666,0.00480298946738128,0.27208,0.004528544734846318,0.28556004,0.004810361837513155,0.2718,0.004571335882874505,0.28498667,0.0048094387327281,0.2714267,0.004575877983257648,0.28504002,0.004789711350828063,0.27070665,0.004612604069631432,0.2849067,0.00480890260233513,0.27437335,0.0045159038792252915,0.2903333,0.0047042606630077755,0.28693336,0.0046105588314658275,0.3125067,0.005057069095300792,9.664932,0.02123655062807117,9.5227165,0.022194307630782006,0.24952324,0.0007891995812989716,0.24463741,0.0008922885434416439,,,,,,,,
