,shots,val_acc,val_conf,test_acc,test_conf,val_acc_me1,val_conf_me1,test_acc_me1,test_conf_me1,val_acc_me2,val_conf_me2,test_acc_me2,test_conf_me2,val_acc_me3,val_conf_me3,test_acc_me3,test_conf_me3,val_acc_me4,val_conf_me4,test_acc_me4,test_conf_me4,val_acc_me5,val_conf_me5,test_acc_me5,test_conf_me5,val_acc_me6,val_conf_me6,test_acc_me6,test_conf_me6,val_acc_me7,val_conf_me7,test_acc_me7,test_conf_me7,val_acc_me8,val_conf_me8,test_acc_me8,test_conf_me8,val_acc_me9,val_conf_me9,test_acc_me9,test_conf_me9,val_acc_med,val_conf_med,test_acc_med,test_conf_med,val_acc_maj,val_conf_maj,test_acc_maj,test_conf_maj,val_acc_lin,val_conf_lin,test_acc_lin,test_conf_lin,val_nld,val_conf_nld,test_nld,test_conf_nld,val_mse,val_conf_mse,test_mse,test_conf_mse,val_svm,val_conf_svm,test_svm,test_conf_svm,val_mvm,val_conf_mvm,test_mvm,test_conf_mvm
0,5,0.7557201,0.0057141848615498425,0.8121468,0.005093498716806089,0.75550675,0.0057464829080116075,0.8116667,0.005103038697673923,0.7555068,0.005734455300592023,0.8112534,0.005109216896232893,0.75544006,0.005732166240852377,0.81108016,0.005108064285155645,0.7553734,0.005729038120885321,0.81106675,0.005121873914268882,0.75508016,0.005748826458178868,0.8107201,0.005131773162531772,0.7548534,0.005737051907998891,0.8103735,0.00513198188857622,0.7545734,0.005721919731559777,0.8099468,0.0051436086681051485,0.75429344,0.005717107026172119,0.8093735,0.005149540274390407,0.7538134,0.005727015971883964,0.80909353,0.005144365992691191,0.75293344,0.005728113630750431,0.8086801,0.005159646401564633,0.7562401,0.005698042765068134,0.81309336,0.005060820622701412,0.74440014,0.005553601571610889,0.80704015,0.005027857608310371,4.588221,0.010359700687628148,4.70766,0.01155067949087929,0.15622857,0.0012531333325062621,0.14331724,0.0010865999649506408,,,,,,,,
