,shots,val_acc,val_conf,test_acc,test_conf,val_acc_me1,val_conf_me1,test_acc_me1,test_conf_me1,val_acc_me2,val_conf_me2,test_acc_me2,test_conf_me2,val_acc_me3,val_conf_me3,test_acc_me3,test_conf_me3,val_acc_me4,val_conf_me4,test_acc_me4,test_conf_me4,val_acc_me5,val_conf_me5,test_acc_me5,test_conf_me5,val_acc_me6,val_conf_me6,test_acc_me6,test_conf_me6,val_acc_me7,val_conf_me7,test_acc_me7,test_conf_me7,val_acc_me8,val_conf_me8,test_acc_me8,test_conf_me8,val_acc_me9,val_conf_me9,test_acc_me9,test_conf_me9,val_acc_med,val_conf_med,test_acc_med,test_conf_med,val_acc_maj,val_conf_maj,test_acc_maj,test_conf_maj,val_acc_lin,val_conf_lin,test_acc_lin,test_conf_lin,val_nld,val_conf_nld,test_nld,test_conf_nld,val_mse,val_conf_mse,test_mse,test_conf_mse,val_svm,val_conf_svm,test_svm,test_conf_svm,val_mvm,val_conf_mvm,test_mvm,test_conf_mvm
0,5,0.39781335,0.008254212733360078,0.40140006,0.007666599507429039,0.39789337,0.008269269639123944,0.40128002,0.007683914533452518,0.39777339,0.008286367627003799,0.40064,0.007695423096460763,0.39804003,0.008325309811358372,0.40052006,0.007701717664407359,0.39785337,0.00831962895339644,0.40014672,0.00771517079682521,0.39784002,0.00833681190940061,0.39996,0.007718010764022898,0.3977067,0.008332820254692175,0.39984003,0.007748458444865047,0.39752004,0.008329167548914385,0.3998667,0.007747313222320307,0.39772004,0.008331152293469757,0.39952,0.0077464663117771115,0.3976267,0.008354200820749558,0.39937335,0.007751762966046627,0.39745337,0.008395267208211266,0.3989867,0.007775512480351798,0.39937335,0.008138015129129483,0.40569335,0.007669928964907979,0.38496003,0.007532008151423186,0.3897467,0.007231212217560012,23.046318,0.02880916846328674,22.905762,0.027303627504689842,0.23244406,0.0016544724172664338,0.23099174,0.001568056256044753,,,,,,,,
