,shots,val_acc,val_conf,test_acc,test_conf,val_acc_me1,val_conf_me1,test_acc_me1,test_conf_me1,val_acc_me2,val_conf_me2,test_acc_me2,test_conf_me2,val_acc_me3,val_conf_me3,test_acc_me3,test_conf_me3,val_acc_me4,val_conf_me4,test_acc_me4,test_conf_me4,val_acc_me5,val_conf_me5,test_acc_me5,test_conf_me5,val_acc_me6,val_conf_me6,test_acc_me6,test_conf_me6,val_acc_me7,val_conf_me7,test_acc_me7,test_conf_me7,val_acc_me8,val_conf_me8,test_acc_me8,test_conf_me8,val_acc_me9,val_conf_me9,test_acc_me9,test_conf_me9,val_acc_med,val_conf_med,test_acc_med,test_conf_med,val_acc_maj,val_conf_maj,test_acc_maj,test_conf_maj,val_acc_lin,val_conf_lin,test_acc_lin,test_conf_lin,val_nld,val_conf_nld,test_nld,test_conf_nld,val_mse,val_conf_mse,test_mse,test_conf_mse,val_svm,val_conf_svm,test_svm,test_conf_svm,val_mvm,val_conf_mvm,test_mvm,test_conf_mvm
0,5,0.3214667,0.005387197965158075,0.31436005,0.005260732147820579,0.32160005,0.005415528831425542,0.31520003,0.0052590637248148275,0.3216267,0.005400582291866629,0.3155867,0.0052554909075451794,0.32190672,0.005401179377653054,0.3157334,0.005225236713899073,0.32182673,0.0053760403574458215,0.3155867,0.005179233401346239,0.32201338,0.00536547383233732,0.31512,0.0051830999127845945,0.32172003,0.0053606403467018615,0.3143467,0.005153482980070734,0.32112002,0.005379518047358978,0.31437334,0.005189945388189232,0.32090667,0.005359557003117188,0.31388003,0.005191815610490147,0.3201467,0.00533010862130201,0.31326666,0.005167773325582825,0.31982672,0.005345217708576933,0.31272003,0.0051579692046764825,0.32069337,0.005296942422265916,0.31604004,0.005193163094113384,0.32100004,0.005199253553848371,0.31985337,0.004978371988011543,9.130957,0.011018914797119805,9.123494,0.011322065363948752,0.24500127,0.0010059924602147663,0.24571617,0.0010117331191120127,,,,,,,,
