,shots,val_acc,val_conf,test_acc,test_conf,val_acc_me1,val_conf_me1,test_acc_me1,test_conf_me1,val_acc_me2,val_conf_me2,test_acc_me2,test_conf_me2,val_acc_me3,val_conf_me3,test_acc_me3,test_conf_me3,val_acc_me4,val_conf_me4,test_acc_me4,test_conf_me4,val_acc_me5,val_conf_me5,test_acc_me5,test_conf_me5,val_acc_me6,val_conf_me6,test_acc_me6,test_conf_me6,val_acc_me7,val_conf_me7,test_acc_me7,test_conf_me7,val_acc_me8,val_conf_me8,test_acc_me8,test_conf_me8,val_acc_me9,val_conf_me9,test_acc_me9,test_conf_me9,val_acc_med,val_conf_med,test_acc_med,test_conf_med,val_acc_maj,val_conf_maj,test_acc_maj,test_conf_maj,val_acc_lin,val_conf_lin,test_acc_lin,test_conf_lin,val_nld,val_conf_nld,test_nld,test_conf_nld,val_mse,val_conf_mse,test_mse,test_conf_mse,val_svm,val_conf_svm,test_svm,test_conf_svm,val_mvm,val_conf_mvm,test_mvm,test_conf_mvm
0,5,0.28338668,0.0049312280707467515,0.30092,0.0056898040894952095,0.28308,0.004966738743516608,0.30088,0.005716319223889321,0.28304005,0.004974053852521199,0.30109334,0.005718926914095035,0.28320003,0.004989449245432376,0.30078667,0.005708592665978451,0.2827467,0.004997606185364045,0.30074668,0.005728218917339212,0.2825467,0.004995619131892226,0.3004667,0.005729287483858814,0.28249335,0.004978588564371833,0.3004267,0.005751687205624301,0.2822667,0.0049679403036220204,0.30032,0.005771528647995516,0.28228003,0.00494177196847434,0.30044,0.005789591762939306,0.28226668,0.004952228589161223,0.29992005,0.005782092402404293,0.28161335,0.004964723521264425,0.29988,0.005805216662142676,0.28418672,0.004883301430815279,0.3026667,0.005579079078965377,0.27993336,0.004768531660499342,0.2958667,0.005366728959303679,5.0833116,0.015266689292005253,4.9748287,0.013702932238335741,0.24985646,0.0008386064098249157,0.2469897,0.0009664756442859801,,,,,,,,
