,shots,val_acc,val_conf,test_acc,test_conf,val_acc_me1,val_conf_me1,test_acc_me1,test_conf_me1,val_acc_me2,val_conf_me2,test_acc_me2,test_conf_me2,val_acc_me3,val_conf_me3,test_acc_me3,test_conf_me3,val_acc_me4,val_conf_me4,test_acc_me4,test_conf_me4,val_acc_me5,val_conf_me5,test_acc_me5,test_conf_me5,val_acc_me6,val_conf_me6,test_acc_me6,test_conf_me6,val_acc_me7,val_conf_me7,test_acc_me7,test_conf_me7,val_acc_me8,val_conf_me8,test_acc_me8,test_conf_me8,val_acc_me9,val_conf_me9,test_acc_me9,test_conf_me9,val_acc_med,val_conf_med,test_acc_med,test_conf_med,val_acc_maj,val_conf_maj,test_acc_maj,test_conf_maj,val_acc_lin,val_conf_lin,test_acc_lin,test_conf_lin,val_nld,val_conf_nld,test_nld,test_conf_nld,val_mse,val_conf_mse,test_mse,test_conf_mse,val_svm,val_conf_svm,test_svm,test_conf_svm,val_mvm,val_conf_mvm,test_mvm,test_conf_mvm
0,5,0.6089734,0.007794472378433448,0.5976134,0.007528073757842035,0.6094401,0.007795992569004984,0.5980801,0.0075530183672866125,0.60980004,0.0078025683629716625,0.59876,0.007580712434405168,0.61032003,0.007826980998072885,0.59940004,0.0075978552152636825,0.6109467,0.007854271466601115,0.59970665,0.007626078947809201,0.61145335,0.007849926085896963,0.60012007,0.007637696491672452,0.6117068,0.007864020635296565,0.6004801,0.007641086904544903,0.6119467,0.007879134802187715,0.60080004,0.007651265993477985,0.61196005,0.00790716227683741,0.6012934,0.007675760826003852,0.6119734,0.007932159529576488,0.60141337,0.0076835571131905755,0.61213344,0.007936997171261506,0.6016534,0.007692176298189746,0.6101067,0.007660687757825024,0.5992534,0.007332284110317389,0.57837343,0.007275482919230636,0.5731334,0.007307157096475558,23.05862,0.0274468357367752,22.918293,0.025874060979134583,0.18771483,0.0016030542339233178,0.18937229,0.0015518183395316354,,,,,,,,
