,shots,val_acc,val_conf,test_acc,test_conf,val_acc_me1,val_conf_me1,test_acc_me1,test_conf_me1,val_acc_me2,val_conf_me2,test_acc_me2,test_conf_me2,val_acc_me3,val_conf_me3,test_acc_me3,test_conf_me3,val_acc_me4,val_conf_me4,test_acc_me4,test_conf_me4,val_acc_me5,val_conf_me5,test_acc_me5,test_conf_me5,val_acc_me6,val_conf_me6,test_acc_me6,test_conf_me6,val_acc_me7,val_conf_me7,test_acc_me7,test_conf_me7,val_acc_me8,val_conf_me8,test_acc_me8,test_conf_me8,val_acc_me9,val_conf_me9,test_acc_me9,test_conf_me9,val_acc_med,val_conf_med,test_acc_med,test_conf_med,val_acc_maj,val_conf_maj,test_acc_maj,test_conf_maj,val_acc_lin,val_conf_lin,test_acc_lin,test_conf_lin,val_nld,val_conf_nld,test_nld,test_conf_nld,val_mse,val_conf_mse,test_mse,test_conf_mse,val_svm,val_conf_svm,test_svm,test_conf_svm,val_mvm,val_conf_mvm,test_mvm,test_conf_mvm
0,5,0.38128003,0.007727119439303265,0.42389336,0.008743331740825977,0.3812667,0.007748596056283752,0.4237467,0.00878180475336382,0.38096002,0.007772724232881945,0.42382672,0.008784473860746322,0.3810534,0.007787702635487448,0.42349336,0.008825456203650384,0.3811867,0.007772164551541505,0.42326668,0.008828113304667484,0.38110673,0.007800304701312599,0.42337334,0.008835467665251284,0.38136005,0.007829892079896317,0.42290667,0.008836491900575616,0.38144007,0.007836731090334947,0.42233336,0.008851985653326289,0.38088003,0.007843327202766148,0.42161337,0.008874583480120712,0.38076004,0.007862266782383331,0.42113337,0.008906394807001006,0.38077337,0.007862609425580147,0.42064002,0.008923683049593956,0.38401335,0.00770038311071608,0.42752004,0.008736728239862268,0.37813336,0.0074368697120841265,0.41669336,0.00831409771321856,4.5638576,0.011269497802011585,4.7186084,0.01497134193911176,0.23123804,0.0012148418007991157,0.22449961,0.0013867240041353368,,,,,,,,
