,shots,val_acc,val_conf,test_acc,test_conf,val_acc_me1,val_conf_me1,test_acc_me1,test_conf_me1,val_acc_me2,val_conf_me2,test_acc_me2,test_conf_me2,val_acc_me3,val_conf_me3,test_acc_me3,test_conf_me3,val_acc_me4,val_conf_me4,test_acc_me4,test_conf_me4,val_acc_me5,val_conf_me5,test_acc_me5,test_conf_me5,val_acc_me6,val_conf_me6,test_acc_me6,test_conf_me6,val_acc_me7,val_conf_me7,test_acc_me7,test_conf_me7,val_acc_me8,val_conf_me8,test_acc_me8,test_conf_me8,val_acc_me9,val_conf_me9,test_acc_me9,test_conf_me9,val_acc_med,val_conf_med,test_acc_med,test_conf_med,val_acc_maj,val_conf_maj,test_acc_maj,test_conf_maj,val_acc_lin,val_conf_lin,test_acc_lin,test_conf_lin,val_nld,val_conf_nld,test_nld,test_conf_nld,val_mse,val_conf_mse,test_mse,test_conf_mse,val_svm,val_conf_svm,test_svm,test_conf_svm,val_mvm,val_conf_mvm,test_mvm,test_conf_mvm
0,5,0.36689338,0.007421286835159635,0.40556002,0.008038634748541995,0.36680004,0.0074328009395672745,0.40568003,0.008048129012864669,0.3669734,0.007448583768653816,0.40548003,0.008076345818660957,0.3668134,0.007459516026123381,0.40581337,0.008130245163589955,0.36668003,0.007460162984504526,0.4057467,0.008138117645018594,0.36660004,0.0074951758548940095,0.40572003,0.008145998438546298,0.36632004,0.007489215156261886,0.40545338,0.008162545057184889,0.36648005,0.007488689646884483,0.40533337,0.008167161966460112,0.36604005,0.007490514614423571,0.40480006,0.008182063713040477,0.36637336,0.007511281470496234,0.4051067,0.008190661194225235,0.3667467,0.007533838660361669,0.40508002,0.00821780573923564,0.36820003,0.0074290697306311215,0.40849334,0.008017181220725755,0.36104003,0.007031841902449931,0.40089336,0.0076030512007772,4.526462,0.011365487769726457,4.6299314,0.01377310667333198,0.2342108,0.0011743461774766095,0.22729339,0.0012556188810333435,,,,,,,,
