,shots,val_acc,val_conf,test_acc,test_conf,val_acc_me1,val_conf_me1,test_acc_me1,test_conf_me1,val_acc_me2,val_conf_me2,test_acc_me2,test_conf_me2,val_acc_me3,val_conf_me3,test_acc_me3,test_conf_me3,val_acc_me4,val_conf_me4,test_acc_me4,test_conf_me4,val_acc_me5,val_conf_me5,test_acc_me5,test_conf_me5,val_acc_me6,val_conf_me6,test_acc_me6,test_conf_me6,val_acc_me7,val_conf_me7,test_acc_me7,test_conf_me7,val_acc_me8,val_conf_me8,test_acc_me8,test_conf_me8,val_acc_me9,val_conf_me9,test_acc_me9,test_conf_me9,val_acc_med,val_conf_med,test_acc_med,test_conf_med,val_acc_maj,val_conf_maj,test_acc_maj,test_conf_maj,val_acc_lin,val_conf_lin,test_acc_lin,test_conf_lin,val_nld,val_conf_nld,test_nld,test_conf_nld,val_mse,val_conf_mse,test_mse,test_conf_mse,val_svm,val_conf_svm,test_svm,test_conf_svm,val_mvm,val_conf_mvm,test_mvm,test_conf_mvm
0,5,0.30561334,0.004375891649246455,0.36101335,0.0053359626479954625,0.30584002,0.004362388644233883,0.36104003,0.005344903234160425,0.3054267,0.0043769528272334934,0.36124006,0.0053358430461248885,0.3056534,0.0043752248341841216,0.36138672,0.00535495117664081,0.30556002,0.004381305134686875,0.36108005,0.0054029438515819095,0.30517334,0.0043679711423563194,0.36137336,0.00540622990143208,0.30444,0.004335584433503903,0.36124006,0.005392806784927706,0.30397335,0.004368107830208412,0.3608667,0.005385349446671517,0.30372003,0.004385831534438389,0.3605334,0.0053690526527896965,0.30368003,0.004372849420970326,0.36098668,0.005419624849156202,0.30393335,0.004336204146671296,0.36090675,0.005457889135649541,0.3079867,0.004379985819844001,0.36196002,0.005364530409087742,0.30590668,0.0042947627911827935,0.36034673,0.005294104302201397,8.242733,0.014616960211169427,8.204912,0.013023081957440397,0.24923505,0.0008726244258515647,0.23603117,0.001108988603917338,,,,,,,,
