,shots,val_acc,val_conf,test_acc,test_conf,val_acc_me1,val_conf_me1,test_acc_me1,test_conf_me1,val_acc_me2,val_conf_me2,test_acc_me2,test_conf_me2,val_acc_me3,val_conf_me3,test_acc_me3,test_conf_me3,val_acc_me4,val_conf_me4,test_acc_me4,test_conf_me4,val_acc_me5,val_conf_me5,test_acc_me5,test_conf_me5,val_acc_me6,val_conf_me6,test_acc_me6,test_conf_me6,val_acc_me7,val_conf_me7,test_acc_me7,test_conf_me7,val_acc_me8,val_conf_me8,test_acc_me8,test_conf_me8,val_acc_me9,val_conf_me9,test_acc_me9,test_conf_me9,val_acc_med,val_conf_med,test_acc_med,test_conf_med,val_acc_maj,val_conf_maj,test_acc_maj,test_conf_maj,val_acc_lin,val_conf_lin,test_acc_lin,test_conf_lin,val_nld,val_conf_nld,test_nld,test_conf_nld,val_mse,val_conf_mse,test_mse,test_conf_mse,val_svm,val_conf_svm,test_svm,test_conf_svm,val_mvm,val_conf_mvm,test_mvm,test_conf_mvm
0,5,0.39516002,0.008049433088859193,0.39037335,0.007756256117401661,0.39540005,0.008074902284114616,0.39016002,0.0077836463311192206,0.39552003,0.008087807279774206,0.39036006,0.007827040106333227,0.39573336,0.00809281393414124,0.39025337,0.00783395207853077,0.39576003,0.008107046094959547,0.38992006,0.007849114270883417,0.39528003,0.008108219024501317,0.38960004,0.007875335249325488,0.39501336,0.008132356436765187,0.3897467,0.00786343601765882,0.3948134,0.008187546004190194,0.38948005,0.00785816707038639,0.39494672,0.008200964502861785,0.38884002,0.007887947474382928,0.3947867,0.00820774532860663,0.38878667,0.007883755405729165,0.39465338,0.008186398934512285,0.38844004,0.007916101477652537,0.39756006,0.00796286442370786,0.3960267,0.007704101389720275,0.3869067,0.00758455908916239,0.38597336,0.007109351764915561,4.9096613,0.0143699440203644,4.8535748,0.013889063226688592,0.23037593,0.001337041317819948,0.23028353,0.001231900767991484,,,,,,,,
