,shots,val_acc,val_conf,test_acc,test_conf,val_acc_me1,val_conf_me1,test_acc_me1,test_conf_me1,val_acc_me2,val_conf_me2,test_acc_me2,test_conf_me2,val_acc_me3,val_conf_me3,test_acc_me3,test_conf_me3,val_acc_me4,val_conf_me4,test_acc_me4,test_conf_me4,val_acc_me5,val_conf_me5,test_acc_me5,test_conf_me5,val_acc_me6,val_conf_me6,test_acc_me6,test_conf_me6,val_acc_me7,val_conf_me7,test_acc_me7,test_conf_me7,val_acc_me8,val_conf_me8,test_acc_me8,test_conf_me8,val_acc_me9,val_conf_me9,test_acc_me9,test_conf_me9,val_acc_med,val_conf_med,test_acc_med,test_conf_med,val_acc_maj,val_conf_maj,test_acc_maj,test_conf_maj,val_acc_lin,val_conf_lin,test_acc_lin,test_conf_lin,val_nld,val_conf_nld,test_nld,test_conf_nld,val_mse,val_conf_mse,test_mse,test_conf_mse,val_svm,val_conf_svm,test_svm,test_conf_svm,val_mvm,val_conf_mvm,test_mvm,test_conf_mvm
0,5,0.8237201,0.004327934531618283,0.81064016,0.004402403551157619,0.8237201,0.004335825022594997,0.8105868,0.004402277022537704,0.8234934,0.004330871011522297,0.8108534,0.004390135354646829,0.82333344,0.004332145071603399,0.81068003,0.004392936993832031,0.8231602,0.004336902362996997,0.81065345,0.004400493153710938,0.8231467,0.004325417812719445,0.8104268,0.004415991062511115,0.8229468,0.004319792368751685,0.8101201,0.004428701185624773,0.8224801,0.00434741716837761,0.8100801,0.004435915164090254,0.82218677,0.004343933013498558,0.8101334,0.004437912838577529,0.8217468,0.004354913758212953,0.8095601,0.004447184985140518,0.8213601,0.0043606209378220795,0.8092135,0.004448308042087623,0.8221601,0.004345872041508825,0.8102001,0.004441252455288702,0.81333345,0.004400912914716226,0.80292016,0.004582855990464818,4.98588,0.014044346168091693,4.932863,0.015115342591315972,0.13793957,0.0010317978337010814,0.14217356,0.0010010665024766385,,,,,,,,
