,shots,val_acc,val_conf,test_acc,test_conf,val_acc_me1,val_conf_me1,test_acc_me1,test_conf_me1,val_acc_me2,val_conf_me2,test_acc_me2,test_conf_me2,val_acc_me3,val_conf_me3,test_acc_me3,test_conf_me3,val_acc_me4,val_conf_me4,test_acc_me4,test_conf_me4,val_acc_me5,val_conf_me5,test_acc_me5,test_conf_me5,val_acc_me6,val_conf_me6,test_acc_me6,test_conf_me6,val_acc_me7,val_conf_me7,test_acc_me7,test_conf_me7,val_acc_me8,val_conf_me8,test_acc_me8,test_conf_me8,val_acc_me9,val_conf_me9,test_acc_me9,test_conf_me9,val_acc_med,val_conf_med,test_acc_med,test_conf_med,val_acc_maj,val_conf_maj,test_acc_maj,test_conf_maj,val_acc_lin,val_conf_lin,test_acc_lin,test_conf_lin,val_nld,val_conf_nld,test_nld,test_conf_nld,val_mse,val_conf_mse,test_mse,test_conf_mse,val_svm,val_conf_svm,test_svm,test_conf_svm,val_mvm,val_conf_mvm,test_mvm,test_conf_mvm
0,5,0.30081335,0.006903133665484451,0.32409334,0.00786895894573758,0.3023867,0.006946652583968482,0.32485336,0.007862300030779756,0.30529332,0.007000589333343521,0.32553336,0.00790821606629194,0.30692002,0.007106243039846527,0.32542667,0.007966032257037348,0.30805334,0.007172338543093848,0.32612,0.008007159599892566,0.30921334,0.007168493273686516,0.3262667,0.00802237535910616,0.30989337,0.007222973080203754,0.32601336,0.008054712195363856,0.3099067,0.007250203978688308,0.32560003,0.00810598029913967,0.31006667,0.007305155265938668,0.32541335,0.008110515010990249,0.31033337,0.007315507061820048,0.3243067,0.008088127757373387,0.31060004,0.007352539772294497,0.32325336,0.00808862555975376,0.30444002,0.006774325221546307,0.32965338,0.007834440645245466,0.31806672,0.00690490137189631,0.3421467,0.007827467717654413,9.465276,0.024024875677516988,9.466151,0.021911943776707687,0.24418373,0.0011691298734985422,0.23999366,0.0013871756281872427,,,,,,,,
