,shots,val_acc,val_conf,test_acc,test_conf,val_acc_me1,val_conf_me1,test_acc_me1,test_conf_me1,val_acc_me2,val_conf_me2,test_acc_me2,test_conf_me2,val_acc_me3,val_conf_me3,test_acc_me3,test_conf_me3,val_acc_me4,val_conf_me4,test_acc_me4,test_conf_me4,val_acc_me5,val_conf_me5,test_acc_me5,test_conf_me5,val_acc_me6,val_conf_me6,test_acc_me6,test_conf_me6,val_acc_me7,val_conf_me7,test_acc_me7,test_conf_me7,val_acc_me8,val_conf_me8,test_acc_me8,test_conf_me8,val_acc_me9,val_conf_me9,test_acc_me9,test_conf_me9,val_acc_med,val_conf_med,test_acc_med,test_conf_med,val_acc_maj,val_conf_maj,test_acc_maj,test_conf_maj,val_acc_lin,val_conf_lin,test_acc_lin,test_conf_lin,val_nld,val_conf_nld,test_nld,test_conf_nld,val_mse,val_conf_mse,test_mse,test_conf_mse,val_svm,val_conf_svm,test_svm,test_conf_svm,val_mvm,val_conf_mvm,test_mvm,test_conf_mvm
0,5,0.39021337,0.006004420273487188,0.4239334,0.006455184946719261,0.39012006,0.006014923996069066,0.42432007,0.006435247453424997,0.39057335,0.006006691323678759,0.42468005,0.00646787105710217,0.3909734,0.00601735251436053,0.42490673,0.0064848540609442895,0.39108002,0.006024321747685302,0.42520005,0.0064755348124863055,0.39117336,0.00602388628604833,0.42521337,0.006469156661765285,0.39125338,0.0060321595953676255,0.42517337,0.006477833569674962,0.3910667,0.006037451631804247,0.42521337,0.006477077168655476,0.39088008,0.006040340548030099,0.4252534,0.006506543098235451,0.3907867,0.006034983861933629,0.42501336,0.006516509305074525,0.39028004,0.006039854752015128,0.4248667,0.00651273976812583,0.39122668,0.0058834178141847215,0.42373335,0.006390292388927188,0.38204005,0.0057107519646152904,0.41750672,0.006158076352380248,4.993055,0.013229313448586133,4.8705373,0.011443889335714275,0.23076794,0.0008858399707697695,0.2242257,0.000990932668305411,,,,,,,,
