,shots,val_acc,val_conf,test_acc,test_conf,val_acc_me1,val_conf_me1,test_acc_me1,test_conf_me1,val_acc_me2,val_conf_me2,test_acc_me2,test_conf_me2,val_acc_me3,val_conf_me3,test_acc_me3,test_conf_me3,val_acc_me4,val_conf_me4,test_acc_me4,test_conf_me4,val_acc_me5,val_conf_me5,test_acc_me5,test_conf_me5,val_acc_me6,val_conf_me6,test_acc_me6,test_conf_me6,val_acc_me7,val_conf_me7,test_acc_me7,test_conf_me7,val_acc_me8,val_conf_me8,test_acc_me8,test_conf_me8,val_acc_me9,val_conf_me9,test_acc_me9,test_conf_me9,val_acc_med,val_conf_med,test_acc_med,test_conf_med,val_acc_maj,val_conf_maj,test_acc_maj,test_conf_maj,val_acc_lin,val_conf_lin,test_acc_lin,test_conf_lin,val_nld,val_conf_nld,test_nld,test_conf_nld,val_mse,val_conf_mse,test_mse,test_conf_mse,val_svm,val_conf_svm,test_svm,test_conf_svm,val_mvm,val_conf_mvm,test_mvm,test_conf_mvm
0,5,0.2860667,0.004597817768872137,0.37112007,0.005910856976930445,0.28684002,0.004554334869484256,0.37272003,0.0059533479658239186,0.28689337,0.0045189147062381085,0.3738667,0.005939812174198145,0.28714666,0.004493351768976028,0.3750667,0.005942728797420971,0.28672004,0.004471182015286013,0.37477338,0.005944640580217486,0.2867467,0.004505146637620416,0.37413335,0.005948208317871018,0.28689337,0.004470702684237049,0.37396002,0.005993226646678784,0.28610668,0.004509413976949483,0.37344006,0.00600787395066954,0.28465337,0.004511153976364257,0.37282673,0.006020071956121031,0.2839867,0.004486873411282288,0.3716267,0.006012064633973413,0.28318667,0.0044440300817430445,0.37076002,0.006024339757233377,0.28756,0.004550256861301727,0.3727867,0.0057787426264608865,0.28865334,0.004476057984983628,0.3740134,0.005748443178053009,9.659294,0.014317142796086202,9.617123,0.01686565177969257,0.24988009,0.0008202639159941572,0.23363294,0.0010948972870007123,,,,,,,,
