,shots,val_acc,val_conf,test_acc,test_conf,val_acc_me1,val_conf_me1,test_acc_me1,test_conf_me1,val_acc_me2,val_conf_me2,test_acc_me2,test_conf_me2,val_acc_me3,val_conf_me3,test_acc_me3,test_conf_me3,val_acc_me4,val_conf_me4,test_acc_me4,test_conf_me4,val_acc_me5,val_conf_me5,test_acc_me5,test_conf_me5,val_acc_me6,val_conf_me6,test_acc_me6,test_conf_me6,val_acc_me7,val_conf_me7,test_acc_me7,test_conf_me7,val_acc_me8,val_conf_me8,test_acc_me8,test_conf_me8,val_acc_me9,val_conf_me9,test_acc_me9,test_conf_me9,val_acc_med,val_conf_med,test_acc_med,test_conf_med,val_acc_maj,val_conf_maj,test_acc_maj,test_conf_maj,val_acc_lin,val_conf_lin,test_acc_lin,test_conf_lin,val_nld,val_conf_nld,test_nld,test_conf_nld,val_mse,val_conf_mse,test_mse,test_conf_mse,val_svm,val_conf_svm,test_svm,test_conf_svm,val_mvm,val_conf_mvm,test_mvm,test_conf_mvm
0,5,0.7986934,0.004327321745200119,0.7937068,0.004494760207992776,0.7986801,0.004342996055214932,0.7934934,0.0045295033969442455,0.7984801,0.004330843304525267,0.7927735,0.004556017145988522,0.7982134,0.004341015928492342,0.7924401,0.004558062845937405,0.7981335,0.004328111856399364,0.79232013,0.00454925894762459,0.79768014,0.004344453905043122,0.7920801,0.0045512824819758935,0.79720014,0.004346512996707186,0.79154676,0.004550748198716037,0.7968935,0.004363842338012458,0.7910401,0.004561728481647154,0.79661345,0.004372197844756398,0.7905735,0.00455248311851475,0.79605347,0.004373518544949051,0.79018676,0.004560670997926453,0.7956401,0.004371774389484773,0.78997344,0.0045804283957399106,0.79756004,0.004280394404295618,0.7929868,0.004565691505792002,0.7899868,0.00436903185856008,0.7872135,0.00450964810107457,4.7730603,0.013104149860110326,4.7319646,0.013991202300615235,0.14707296,0.0009997418771259814,0.14836943,0.0009691176796234879,,,,,,,,
