,shots,val_acc,val_conf,test_acc,test_conf,val_acc_me1,val_conf_me1,test_acc_me1,test_conf_me1,val_acc_me2,val_conf_me2,test_acc_me2,test_conf_me2,val_acc_me3,val_conf_me3,test_acc_me3,test_conf_me3,val_acc_me4,val_conf_me4,test_acc_me4,test_conf_me4,val_acc_me5,val_conf_me5,test_acc_me5,test_conf_me5,val_acc_me6,val_conf_me6,test_acc_me6,test_conf_me6,val_acc_me7,val_conf_me7,test_acc_me7,test_conf_me7,val_acc_me8,val_conf_me8,test_acc_me8,test_conf_me8,val_acc_me9,val_conf_me9,test_acc_me9,test_conf_me9,val_acc_med,val_conf_med,test_acc_med,test_conf_med,val_acc_maj,val_conf_maj,test_acc_maj,test_conf_maj,val_acc_lin,val_conf_lin,test_acc_lin,test_conf_lin,val_nld,val_conf_nld,test_nld,test_conf_nld,val_mse,val_conf_mse,test_mse,test_conf_mse,val_svm,val_conf_svm,test_svm,test_conf_svm,val_mvm,val_conf_mvm,test_mvm,test_conf_mvm
0,5,0.7731201,0.005702795438628949,0.8381201,0.004889577065647188,0.7728135,0.005720015337295825,0.8381334,0.0048979085596603245,0.7725734,0.005728510764374861,0.8378268,0.004896374977373608,0.7723735,0.005718780528793932,0.8374801,0.004897551139398382,0.77197343,0.00573088802472177,0.8372401,0.004907233349517703,0.77162683,0.0057299344422399034,0.8370535,0.004898728686772991,0.7712801,0.00573748552250275,0.83662677,0.004896833066391437,0.7710535,0.005763132966105866,0.8364801,0.004908915626021915,0.7707468,0.005773005430938283,0.83628017,0.004915932884808294,0.7703334,0.005785190044674593,0.83589345,0.004934668817997201,0.76993346,0.005794847780279833,0.8352935,0.004970367898346928,0.7730267,0.005690238627565569,0.8387467,0.004839975999527346,0.7567334,0.005555193800374725,0.83028007,0.0049686597619788,23.426851,0.02766371317975569,23.661001,0.028695289011142933,0.13637841,0.001509409086279473,0.11741803,0.0013045498996078903,,,,,,,,
