,shots,val_acc,val_conf,test_acc,test_conf,val_acc_me1,val_conf_me1,test_acc_me1,test_conf_me1,val_acc_me2,val_conf_me2,test_acc_me2,test_conf_me2,val_acc_me3,val_conf_me3,test_acc_me3,test_conf_me3,val_acc_me4,val_conf_me4,test_acc_me4,test_conf_me4,val_acc_me5,val_conf_me5,test_acc_me5,test_conf_me5,val_acc_me6,val_conf_me6,test_acc_me6,test_conf_me6,val_acc_me7,val_conf_me7,test_acc_me7,test_conf_me7,val_acc_me8,val_conf_me8,test_acc_me8,test_conf_me8,val_acc_me9,val_conf_me9,test_acc_me9,test_conf_me9,val_acc_med,val_conf_med,test_acc_med,test_conf_med,val_acc_maj,val_conf_maj,test_acc_maj,test_conf_maj,val_acc_lin,val_conf_lin,test_acc_lin,test_conf_lin,val_nld,val_conf_nld,test_nld,test_conf_nld,val_mse,val_conf_mse,test_mse,test_conf_mse,val_svm,val_conf_svm,test_svm,test_conf_svm,val_mvm,val_conf_mvm,test_mvm,test_conf_mvm
0,5,0.38558674,0.0077105428047512525,0.38696003,0.00788686782506448,0.38554668,0.007756354015457878,0.3869867,0.007918523992761328,0.3857734,0.007773854678361558,0.3871467,0.007958707450583746,0.38564003,0.007787234387237274,0.3877067,0.008017551570919657,0.38525337,0.007812549346875808,0.38749334,0.008044034842267178,0.38528004,0.007835110231007525,0.3871067,0.00803679777463756,0.38524002,0.007869514932811739,0.3872,0.008029330738932416,0.38501337,0.007911061574889022,0.3867067,0.008034376183095326,0.38462672,0.007927332047123703,0.3859734,0.008014966508094856,0.38422668,0.007969643402319593,0.38538668,0.008027984178875791,0.38397336,0.007974432094976502,0.38506672,0.0080344029665258,0.38996005,0.007670611942385275,0.39133337,0.007859255031803902,0.38197336,0.007285201148446163,0.37957337,0.007526894363334202,5.276679,0.014755708540299395,5.2747073,0.01605945943938014,0.2316247,0.0013712976717441538,0.2322348,0.0014097131922631012,,,,,,,,
