,shots,val_acc,val_conf,test_acc,test_conf,val_acc_me1,val_conf_me1,test_acc_me1,test_conf_me1,val_acc_me2,val_conf_me2,test_acc_me2,test_conf_me2,val_acc_me3,val_conf_me3,test_acc_me3,test_conf_me3,val_acc_me4,val_conf_me4,test_acc_me4,test_conf_me4,val_acc_me5,val_conf_me5,test_acc_me5,test_conf_me5,val_acc_me6,val_conf_me6,test_acc_me6,test_conf_me6,val_acc_me7,val_conf_me7,test_acc_me7,test_conf_me7,val_acc_me8,val_conf_me8,test_acc_me8,test_conf_me8,val_acc_me9,val_conf_me9,test_acc_me9,test_conf_me9,val_acc_med,val_conf_med,test_acc_med,test_conf_med,val_acc_maj,val_conf_maj,test_acc_maj,test_conf_maj,val_acc_lin,val_conf_lin,test_acc_lin,test_conf_lin,val_nld,val_conf_nld,test_nld,test_conf_nld,val_mse,val_conf_mse,test_mse,test_conf_mse,val_svm,val_conf_svm,test_svm,test_conf_svm,val_mvm,val_conf_mvm,test_mvm,test_conf_mvm
0,5,0.30616003,0.00493878284527588,0.3564667,0.005679072707754251,0.30622667,0.004905544608047485,0.3563067,0.005686861606408411,0.30673337,0.004912442264963179,0.35624006,0.005770169619790155,0.30752003,0.00493652241609982,0.3566934,0.005759735626484241,0.30732,0.004928670714918981,0.3564,0.0057924363479698315,0.30773333,0.004924438932902786,0.3565467,0.005826961113427953,0.3078,0.00493166445595028,0.35645336,0.005841450949318816,0.3075467,0.004915966594988053,0.3558667,0.005860066818853815,0.30733338,0.00488176831031184,0.35572004,0.005814514206786303,0.3069867,0.004850716616933981,0.35574672,0.0058302051409993005,0.30645338,0.00486298481344466,0.35569337,0.0058167894130274345,0.3055067,0.005002928699497422,0.35596004,0.0056700628540967135,0.30606672,0.004832046256971478,0.34965336,0.005436708521754263,7.0285635,0.018608512403695876,6.8345904,0.016524471512278538,0.24736714,0.000911460688665322,0.23791525,0.0010882380257054292,,,,,,,,
