,shots,val_acc,val_conf,test_acc,test_conf,val_acc_me1,val_conf_me1,test_acc_me1,test_conf_me1,val_acc_me2,val_conf_me2,test_acc_me2,test_conf_me2,val_acc_me3,val_conf_me3,test_acc_me3,test_conf_me3,val_acc_me4,val_conf_me4,test_acc_me4,test_conf_me4,val_acc_me5,val_conf_me5,test_acc_me5,test_conf_me5,val_acc_me6,val_conf_me6,test_acc_me6,test_conf_me6,val_acc_me7,val_conf_me7,test_acc_me7,test_conf_me7,val_acc_me8,val_conf_me8,test_acc_me8,test_conf_me8,val_acc_me9,val_conf_me9,test_acc_me9,test_conf_me9,val_acc_med,val_conf_med,test_acc_med,test_conf_med,val_acc_maj,val_conf_maj,test_acc_maj,test_conf_maj,val_acc_lin,val_conf_lin,test_acc_lin,test_conf_lin,val_nld,val_conf_nld,test_nld,test_conf_nld,val_mse,val_conf_mse,test_mse,test_conf_mse,val_svm,val_conf_svm,test_svm,test_conf_svm,val_mvm,val_conf_mvm,test_mvm,test_conf_mvm
0,5,0.71580005,0.006607412268131108,0.78552014,0.005886180663573937,0.71629345,0.006617076006919076,0.7861068,0.005876162737007085,0.7165601,0.006631250906610098,0.7866401,0.005893689259774626,0.7169067,0.006632011463679199,0.7868934,0.005910294063107058,0.7170267,0.006631139616838588,0.78740007,0.005899948270408406,0.7173467,0.006607910532294703,0.78762674,0.005916889713754925,0.7177468,0.006614478014162262,0.7874135,0.005918741002941208,0.71754676,0.006617976022539884,0.7875868,0.005917202802821597,0.7178001,0.006618060067097642,0.7876001,0.005919677961224834,0.71765345,0.006610269321310258,0.78765345,0.005922531320137758,0.71786684,0.00662397781988433,0.7877068,0.005942201440910511,0.7161601,0.006571063920483788,0.78462684,0.005874728899909698,0.6886134,0.006666375990337703,0.7582534,0.006117468977502982,23.569798,0.026912665152106996,23.798876,0.031483390557479396,0.15597922,0.001699940869330424,0.13780917,0.001586994912095352,,,,,,,,
