,shots,val_acc,val_conf,test_acc,test_conf,val_acc_me1,val_conf_me1,test_acc_me1,test_conf_me1,val_acc_me2,val_conf_me2,test_acc_me2,test_conf_me2,val_acc_me3,val_conf_me3,test_acc_me3,test_conf_me3,val_acc_me4,val_conf_me4,test_acc_me4,test_conf_me4,val_acc_me5,val_conf_me5,test_acc_me5,test_conf_me5,val_acc_me6,val_conf_me6,test_acc_me6,test_conf_me6,val_acc_me7,val_conf_me7,test_acc_me7,test_conf_me7,val_acc_me8,val_conf_me8,test_acc_me8,test_conf_me8,val_acc_me9,val_conf_me9,test_acc_me9,test_conf_me9,val_acc_med,val_conf_med,test_acc_med,test_conf_med,val_acc_maj,val_conf_maj,test_acc_maj,test_conf_maj,val_acc_lin,val_conf_lin,test_acc_lin,test_conf_lin,val_nld,val_conf_nld,test_nld,test_conf_nld,val_mse,val_conf_mse,test_mse,test_conf_mse,val_svm,val_conf_svm,test_svm,test_conf_svm,val_mvm,val_conf_mvm,test_mvm,test_conf_mvm
0,5,0.3152,0.0051654196161833865,0.29666668,0.005375230851348667,0.31549335,0.005208605127136223,0.29749334,0.005349169649922936,0.31577337,0.005228566171378013,0.2978667,0.005378974990216778,0.3158667,0.005289102727450479,0.29778668,0.005423780436930481,0.3166667,0.005352034553417928,0.29862672,0.005427871836828302,0.31645337,0.005321531458581719,0.29861334,0.005420549339291092,0.31604004,0.005363599915770123,0.29782665,0.005454258595469386,0.3151867,0.005374924227247946,0.29754668,0.005473446152710171,0.3145067,0.0053873471211588475,0.2967067,0.005499663898669238,0.31381336,0.005373399418843627,0.29656002,0.005475899145515717,0.31329334,0.00536826300337373,0.29574668,0.005486550176965199,0.31696007,0.005218456349937561,0.29853335,0.005317204087425698,0.31465337,0.005131414818703217,0.30254668,0.005177786634316894,9.436564,0.01041420589222497,9.425144,0.00991890175945187,0.24670409,0.0010168622614951661,0.24898872,0.0010282784678465329,,,,,,,,
