,shots,val_acc,val_conf,test_acc,test_conf,val_acc_me1,val_conf_me1,test_acc_me1,test_conf_me1,val_acc_me2,val_conf_me2,test_acc_me2,test_conf_me2,val_acc_me3,val_conf_me3,test_acc_me3,test_conf_me3,val_acc_me4,val_conf_me4,test_acc_me4,test_conf_me4,val_acc_me5,val_conf_me5,test_acc_me5,test_conf_me5,val_acc_me6,val_conf_me6,test_acc_me6,test_conf_me6,val_acc_me7,val_conf_me7,test_acc_me7,test_conf_me7,val_acc_me8,val_conf_me8,test_acc_me8,test_conf_me8,val_acc_me9,val_conf_me9,test_acc_me9,test_conf_me9,val_acc_med,val_conf_med,test_acc_med,test_conf_med,val_acc_maj,val_conf_maj,test_acc_maj,test_conf_maj,val_acc_lin,val_conf_lin,test_acc_lin,test_conf_lin,val_nld,val_conf_nld,test_nld,test_conf_nld,val_mse,val_conf_mse,test_mse,test_conf_mse,val_svm,val_conf_svm,test_svm,test_conf_svm,val_mvm,val_conf_mvm,test_mvm,test_conf_mvm
0,5,0.268,0.003839269688012348,0.3597867,0.005654884499329105,0.26786667,0.0038966995970405316,0.36076003,0.005671181754994259,0.26865336,0.003914282457368801,0.3609734,0.0057370911595781005,0.26858667,0.0039340079921356685,0.36140007,0.0057303135663162585,0.2676667,0.003949452795858177,0.36142674,0.005678397580592798,0.2675067,0.003947345216949227,0.36173338,0.005681619904349733,0.26704004,0.00392930934721919,0.36158666,0.005639819743249452,0.2668267,0.003991504628848397,0.36164004,0.005690923452176033,0.26620004,0.003946717191682714,0.36098668,0.005690001270957534,0.26569337,0.003926912691974316,0.36024004,0.005742451078157518,0.26496002,0.003941156859157968,0.3592267,0.005733811112910603,0.26892,0.003865217290750178,0.36073336,0.005592783883273167,0.2690934,0.003679325737030281,0.35414672,0.005295843839832837,10.161754,0.009561358663145114,10.22201,0.010633519703812766,0.25547573,0.0007404648206201792,0.23904938,0.0010137237514042663,,,,,,,,
