,shots,val_acc,val_conf,test_acc,test_conf,val_acc_me1,val_conf_me1,test_acc_me1,test_conf_me1,val_acc_me2,val_conf_me2,test_acc_me2,test_conf_me2,val_acc_me3,val_conf_me3,test_acc_me3,test_conf_me3,val_acc_me4,val_conf_me4,test_acc_me4,test_conf_me4,val_acc_me5,val_conf_me5,test_acc_me5,test_conf_me5,val_acc_me6,val_conf_me6,test_acc_me6,test_conf_me6,val_acc_me7,val_conf_me7,test_acc_me7,test_conf_me7,val_acc_me8,val_conf_me8,test_acc_me8,test_conf_me8,val_acc_me9,val_conf_me9,test_acc_me9,test_conf_me9,val_acc_med,val_conf_med,test_acc_med,test_conf_med,val_acc_maj,val_conf_maj,test_acc_maj,test_conf_maj,val_acc_lin,val_conf_lin,test_acc_lin,test_conf_lin,val_nld,val_conf_nld,test_nld,test_conf_nld,val_mse,val_conf_mse,test_mse,test_conf_mse,val_svm,val_conf_svm,test_svm,test_conf_svm,val_mvm,val_conf_mvm,test_mvm,test_conf_mvm
0,5,0.3811867,0.007195124777468254,0.4091467,0.0077758283401181405,0.38104004,0.007215231283444534,0.4089867,0.007816615810476268,0.3815067,0.007235256977346116,0.40852004,0.007840321917152726,0.38170668,0.007239619905815009,0.40852,0.007864002163965267,0.38190672,0.007250185045573676,0.40821338,0.007889945148870259,0.38170668,0.00724905644722712,0.4078667,0.007910339345832573,0.38160002,0.007228751836221903,0.40784,0.00794536376080418,0.38124004,0.00722457777711627,0.4075067,0.007952663630960422,0.3809867,0.00724523149628431,0.4074,0.007981876965083956,0.38092005,0.007263452541111326,0.40760005,0.008003777499119291,0.38100007,0.007257009278947235,0.4074134,0.00802696548495091,0.38585335,0.007202208533047483,0.41261336,0.007690686123531687,0.37456,0.0070042572779697165,0.40136003,0.0073952598056968855,4.413713,0.009741624080223055,4.4771566,0.010789702199053508,0.23206584,0.0010884286267559828,0.22812532,0.0011497586419564887,,,,,,,,
