,shots,val_acc,val_conf,test_acc,test_conf,val_acc_me1,val_conf_me1,test_acc_me1,test_conf_me1,val_acc_me2,val_conf_me2,test_acc_me2,test_conf_me2,val_acc_me3,val_conf_me3,test_acc_me3,test_conf_me3,val_acc_me4,val_conf_me4,test_acc_me4,test_conf_me4,val_acc_me5,val_conf_me5,test_acc_me5,test_conf_me5,val_acc_me6,val_conf_me6,test_acc_me6,test_conf_me6,val_acc_me7,val_conf_me7,test_acc_me7,test_conf_me7,val_acc_me8,val_conf_me8,test_acc_me8,test_conf_me8,val_acc_me9,val_conf_me9,test_acc_me9,test_conf_me9,val_acc_med,val_conf_med,test_acc_med,test_conf_med,val_acc_maj,val_conf_maj,test_acc_maj,test_conf_maj,val_acc_lin,val_conf_lin,test_acc_lin,test_conf_lin,val_nld,val_conf_nld,test_nld,test_conf_nld,val_mse,val_conf_mse,test_mse,test_conf_mse,val_svm,val_conf_svm,test_svm,test_conf_svm,val_mvm,val_conf_mvm,test_mvm,test_conf_mvm
0,5,0.33450672,0.00472194742457499,0.37136003,0.004807873287394737,0.33482668,0.004711744784694383,0.37209338,0.004828464204036098,0.33460003,0.004682529141654457,0.37214673,0.004850410916399872,0.3338667,0.004676424828420955,0.3718667,0.004866087073547798,0.33349338,0.004661890199551488,0.37212002,0.004912007265109486,0.3332267,0.004676390656457918,0.37180004,0.0049202847304783415,0.33200002,0.004693904711076835,0.37193337,0.004921132564588093,0.3309467,0.004683914953290291,0.37128,0.004968022039263331,0.33012003,0.004708222301802734,0.37046674,0.00498878981890255,0.32905337,0.004711781265573867,0.36952004,0.004935989056406631,0.32789338,0.004706088401246533,0.36814672,0.004920555797266191,0.33410668,0.004706313751489222,0.37272006,0.004816098109469202,0.33172002,0.004772213458624108,0.3612134,0.004661660693259295,9.873668,0.012855011313330778,9.878089,0.013136259498992331,0.24259415,0.0008764254217865364,0.23768522,0.0008845287371343491,,,,,,,,
