,shots,val_acc,val_conf,test_acc,test_conf,val_acc_me1,val_conf_me1,test_acc_me1,test_conf_me1,val_acc_me2,val_conf_me2,test_acc_me2,test_conf_me2,val_acc_me3,val_conf_me3,test_acc_me3,test_conf_me3,val_acc_me4,val_conf_me4,test_acc_me4,test_conf_me4,val_acc_me5,val_conf_me5,test_acc_me5,test_conf_me5,val_acc_me6,val_conf_me6,test_acc_me6,test_conf_me6,val_acc_me7,val_conf_me7,test_acc_me7,test_conf_me7,val_acc_me8,val_conf_me8,test_acc_me8,test_conf_me8,val_acc_me9,val_conf_me9,test_acc_me9,test_conf_me9,val_acc_med,val_conf_med,test_acc_med,test_conf_med,val_acc_maj,val_conf_maj,test_acc_maj,test_conf_maj,val_acc_lin,val_conf_lin,test_acc_lin,test_conf_lin,val_nld,val_conf_nld,test_nld,test_conf_nld,val_mse,val_conf_mse,test_mse,test_conf_mse,val_svm,val_conf_svm,test_svm,test_conf_svm,val_mvm,val_conf_mvm,test_mvm,test_conf_mvm
0,5,0.28840002,0.004960779892017597,0.31514668,0.005901542808088633,0.28862667,0.004973117817804185,0.31529334,0.005930021445007039,0.28837335,0.004952678366079988,0.31492004,0.005940815629274676,0.28856,0.004965788393517745,0.3149867,0.005934067590142977,0.2879867,0.0049663642372731465,0.31526667,0.00595708379259291,0.28788,0.005004997488610552,0.31517336,0.005972783500688306,0.28808,0.005014484364400662,0.31482673,0.005958259031051127,0.28782666,0.005005865641184826,0.31461334,0.005970255237207456,0.28797334,0.0050105042542743505,0.31452003,0.005982568226696683,0.2877867,0.00499906819124174,0.31436005,0.005972389599546879,0.28760004,0.004993742906408638,0.31434667,0.005940492842758993,0.29038668,0.004935432145765917,0.31469336,0.005785852703687366,0.2828267,0.004831061735009634,0.30061337,0.005435580385191041,24.540127,0.03521404904794423,24.20413,0.03161851204069421,0.2615555,0.0012539735471918112,0.2555944,0.0013522887091885205,,,,,,,,
