,shots,val_acc,val_conf,test_acc,test_conf,val_acc_me1,val_conf_me1,test_acc_me1,test_conf_me1,val_acc_me2,val_conf_me2,test_acc_me2,test_conf_me2,val_acc_me3,val_conf_me3,test_acc_me3,test_conf_me3,val_acc_me4,val_conf_me4,test_acc_me4,test_conf_me4,val_acc_me5,val_conf_me5,test_acc_me5,test_conf_me5,val_acc_me6,val_conf_me6,test_acc_me6,test_conf_me6,val_acc_me7,val_conf_me7,test_acc_me7,test_conf_me7,val_acc_me8,val_conf_me8,test_acc_me8,test_conf_me8,val_acc_me9,val_conf_me9,test_acc_me9,test_conf_me9,val_acc_med,val_conf_med,test_acc_med,test_conf_med,val_acc_maj,val_conf_maj,test_acc_maj,test_conf_maj,val_acc_lin,val_conf_lin,test_acc_lin,test_conf_lin,val_nld,val_conf_nld,test_nld,test_conf_nld,val_mse,val_conf_mse,test_mse,test_conf_mse,val_svm,val_conf_svm,test_svm,test_conf_svm,val_mvm,val_conf_mvm,test_mvm,test_conf_mvm
0,5,0.71216017,0.0057393894549834235,0.7072534,0.0055958436593140926,0.71296006,0.005726091481749074,0.7083468,0.0055816586003908375,0.71353346,0.005734833039318432,0.70906675,0.005586401114719308,0.71398675,0.0057336300938631846,0.7097335,0.005588450508934417,0.7145868,0.005733365953824676,0.7102001,0.0055881859071126305,0.71512014,0.005740449247620627,0.7111468,0.005597129263977263,0.7153734,0.00574333908741298,0.7120134,0.0056048853760182205,0.71566683,0.0057368357934219905,0.7124801,0.005595590140291096,0.7159468,0.005741969438192163,0.7131468,0.005605470455439354,0.7165068,0.005731350269789215,0.71356004,0.00562518675454049,0.7165468,0.0057238643009694945,0.7138001,0.005646842081651893,0.71322674,0.005698610296724471,0.7084801,0.0055450031668594635,0.6954135,0.005863551435516201,0.6933601,0.005724824348417257,4.5224414,0.01044331578689306,4.4823103,0.009530865265758415,0.17334072,0.0010534954139830022,0.17507894,0.0010253515699456262,,,,,,,,
