,shots,val_acc,val_conf,test_acc,test_conf,val_acc_me1,val_conf_me1,test_acc_me1,test_conf_me1,val_acc_me2,val_conf_me2,test_acc_me2,test_conf_me2,val_acc_me3,val_conf_me3,test_acc_me3,test_conf_me3,val_acc_me4,val_conf_me4,test_acc_me4,test_conf_me4,val_acc_me5,val_conf_me5,test_acc_me5,test_conf_me5,val_acc_me6,val_conf_me6,test_acc_me6,test_conf_me6,val_acc_me7,val_conf_me7,test_acc_me7,test_conf_me7,val_acc_me8,val_conf_me8,test_acc_me8,test_conf_me8,val_acc_me9,val_conf_me9,test_acc_me9,test_conf_me9,val_acc_med,val_conf_med,test_acc_med,test_conf_med,val_acc_maj,val_conf_maj,test_acc_maj,test_conf_maj,val_acc_lin,val_conf_lin,test_acc_lin,test_conf_lin,val_nld,val_conf_nld,test_nld,test_conf_nld,val_mse,val_conf_mse,test_mse,test_conf_mse,val_svm,val_conf_svm,test_svm,test_conf_svm,val_mvm,val_conf_mvm,test_mvm,test_conf_mvm
0,5,0.39610672,0.005307091957068799,0.46724007,0.006026915122609222,0.39869335,0.005284738875415029,0.46882668,0.006066969281112056,0.40068004,0.005299464682564092,0.47001338,0.006077115583431991,0.40140003,0.005307429058866275,0.4709867,0.006060050843948561,0.4024667,0.005300134268326151,0.4722134,0.006085037475672017,0.40372002,0.005332562537674113,0.473,0.006118001413629615,0.4046134,0.005326734370844521,0.47289333,0.006155848709817391,0.40525335,0.005352626097804958,0.47310668,0.006163107481261365,0.40514672,0.005345356705345472,0.47357336,0.0062005932011376386,0.4045067,0.00533042078680207,0.47321337,0.006229973239026743,0.40320003,0.005396611417405994,0.4722667,0.006201030048124445,0.39936006,0.0052532960515954685,0.46893334,0.005960303345650175,0.39480004,0.004953388126987757,0.46821338,0.006116054997086839,10.844669,0.01198877883397742,10.824804,0.013179926649909746,0.23088633,0.00087738448794486,0.21299039,0.001274371784757894,,,,,,,,
