,shots,val_acc,val_conf,test_acc,test_conf,val_acc_me1,val_conf_me1,test_acc_me1,test_conf_me1,val_acc_me2,val_conf_me2,test_acc_me2,test_conf_me2,val_acc_me3,val_conf_me3,test_acc_me3,test_conf_me3,val_acc_me4,val_conf_me4,test_acc_me4,test_conf_me4,val_acc_me5,val_conf_me5,test_acc_me5,test_conf_me5,val_acc_me6,val_conf_me6,test_acc_me6,test_conf_me6,val_acc_me7,val_conf_me7,test_acc_me7,test_conf_me7,val_acc_me8,val_conf_me8,test_acc_me8,test_conf_me8,val_acc_me9,val_conf_me9,test_acc_me9,test_conf_me9,val_acc_med,val_conf_med,test_acc_med,test_conf_med,val_acc_maj,val_conf_maj,test_acc_maj,test_conf_maj,val_acc_lin,val_conf_lin,test_acc_lin,test_conf_lin,val_nld,val_conf_nld,test_nld,test_conf_nld,val_mse,val_conf_mse,test_mse,test_conf_mse,val_svm,val_conf_svm,test_svm,test_conf_svm,val_mvm,val_conf_mvm,test_mvm,test_conf_mvm
0,5,0.53793335,0.00724124122692571,0.5470666,0.007307079055100529,0.5385067,0.007272022315298998,0.5478667,0.00730908088563742,0.5392267,0.007272641566683169,0.54818666,0.0073260412620986815,0.53982663,0.007297189504286594,0.5485333,0.0073331947469538195,0.54032004,0.007325221134985904,0.54901344,0.00736011532707137,0.54047996,0.007353038036458148,0.54953337,0.007358338846777168,0.54120004,0.007359041219152429,0.54997337,0.007373082663474362,0.54126674,0.007394121509901375,0.5497867,0.007402819198058852,0.54146665,0.007410141233812784,0.5502134,0.007413615691242881,0.54157335,0.007427472422251169,0.5504401,0.0074373527373994275,0.5419734,0.007438693756056658,0.55048007,0.007442557496795343,0.53994673,0.007165033593321546,0.54850674,0.007206558069801194,0.5225333,0.00690489721584675,0.53252,0.0068907938925647505,4.3699627,0.009650178060024217,4.345366,0.010377814598732549,0.20763281,0.0010657249361436527,0.20642124,0.001081035014593057,,,,,,,,
