,shots,val_acc,val_conf,test_acc,test_conf,val_acc_me1,val_conf_me1,test_acc_me1,test_conf_me1,val_acc_me2,val_conf_me2,test_acc_me2,test_conf_me2,val_acc_me3,val_conf_me3,test_acc_me3,test_conf_me3,val_acc_me4,val_conf_me4,test_acc_me4,test_conf_me4,val_acc_me5,val_conf_me5,test_acc_me5,test_conf_me5,val_acc_me6,val_conf_me6,test_acc_me6,test_conf_me6,val_acc_me7,val_conf_me7,test_acc_me7,test_conf_me7,val_acc_me8,val_conf_me8,test_acc_me8,test_conf_me8,val_acc_me9,val_conf_me9,test_acc_me9,test_conf_me9,val_acc_med,val_conf_med,test_acc_med,test_conf_med,val_acc_maj,val_conf_maj,test_acc_maj,test_conf_maj,val_acc_lin,val_conf_lin,test_acc_lin,test_conf_lin,val_nld,val_conf_nld,test_nld,test_conf_nld,val_mse,val_conf_mse,test_mse,test_conf_mse,val_svm,val_conf_svm,test_svm,test_conf_svm,val_mvm,val_conf_mvm,test_mvm,test_conf_mvm
0,5,0.61600006,0.005437221562982986,0.6167334,0.005509411682014909,0.6168667,0.00542115381361008,0.6171868,0.005527467408426134,0.61721337,0.005416078815317027,0.61755997,0.005485071546889264,0.61713344,0.0054481353491212525,0.6177067,0.005508818752278044,0.6175734,0.005472617251715106,0.6181201,0.005535416084096689,0.6177734,0.00548355089453445,0.61832005,0.005553048817019679,0.6171734,0.005477747202218941,0.61838675,0.005560383320922235,0.6164934,0.005490323408180231,0.6182534,0.005547180013261044,0.6163068,0.0055048995975451875,0.61838675,0.005549923005969126,0.61556005,0.005494696957664691,0.61816,0.0055503903306526325,0.6149867,0.005473475706840314,0.61824006,0.005571633747074589,0.61426675,0.00534126853793071,0.6154267,0.005458575807393173,0.6109067,0.0055120724772983465,0.6140267,0.005507383991614101,8.530266,0.02081693924053951,8.624395,0.02458093109559023,0.17768665,0.00119526911629933,0.1738867,0.001250410196479479,,,,,,,,
