,shots,val_acc,val_conf,test_acc,test_conf,val_acc_me1,val_conf_me1,test_acc_me1,test_conf_me1,val_acc_me2,val_conf_me2,test_acc_me2,test_conf_me2,val_acc_me3,val_conf_me3,test_acc_me3,test_conf_me3,val_acc_me4,val_conf_me4,test_acc_me4,test_conf_me4,val_acc_me5,val_conf_me5,test_acc_me5,test_conf_me5,val_acc_me6,val_conf_me6,test_acc_me6,test_conf_me6,val_acc_me7,val_conf_me7,test_acc_me7,test_conf_me7,val_acc_me8,val_conf_me8,test_acc_me8,test_conf_me8,val_acc_me9,val_conf_me9,test_acc_me9,test_conf_me9,val_acc_med,val_conf_med,test_acc_med,test_conf_med,val_acc_maj,val_conf_maj,test_acc_maj,test_conf_maj,val_acc_lin,val_conf_lin,test_acc_lin,test_conf_lin,val_nld,val_conf_nld,test_nld,test_conf_nld,val_mse,val_conf_mse,test_mse,test_conf_mse,val_svm,val_conf_svm,test_svm,test_conf_svm,val_mvm,val_conf_mvm,test_mvm,test_conf_mvm
0,5,0.6896134,0.006768471656636077,0.75153345,0.0063456439485301,0.69006675,0.00678127736888956,0.75182676,0.006360034039231577,0.6903601,0.006795592188915789,0.75244004,0.006358006348830769,0.6901068,0.0068062552267306176,0.7525467,0.0063910903504422745,0.6903467,0.006819920779459254,0.7525201,0.006393644473786986,0.6904534,0.006814581641127582,0.75256014,0.006394091018222858,0.69040006,0.0068111833779394,0.7528401,0.0063840329165101295,0.6903068,0.006807763410936807,0.75310683,0.0063772340812172645,0.69018674,0.006796247921179277,0.7531735,0.006374883142517551,0.69042677,0.006794747125505651,0.75286674,0.006385539253583206,0.6903201,0.006786816921166561,0.7529601,0.006384171451495391,0.6881735,0.006744395199765774,0.7503734,0.006286817375958931,0.66504,0.006730285411517767,0.7300668,0.006402442830700461,22.435972,0.021147326709034076,22.590872,0.02203958991211863,0.16701455,0.0015105182897280633,0.15224393,0.0014431464174832487,,,,,,,,
