,shots,val_acc,val_conf,test_acc,test_conf,val_acc_me1,val_conf_me1,test_acc_me1,test_conf_me1,val_acc_me2,val_conf_me2,test_acc_me2,test_conf_me2,val_acc_me3,val_conf_me3,test_acc_me3,test_conf_me3,val_acc_me4,val_conf_me4,test_acc_me4,test_conf_me4,val_acc_me5,val_conf_me5,test_acc_me5,test_conf_me5,val_acc_me6,val_conf_me6,test_acc_me6,test_conf_me6,val_acc_me7,val_conf_me7,test_acc_me7,test_conf_me7,val_acc_me8,val_conf_me8,test_acc_me8,test_conf_me8,val_acc_me9,val_conf_me9,test_acc_me9,test_conf_me9,val_acc_med,val_conf_med,test_acc_med,test_conf_med,val_acc_maj,val_conf_maj,test_acc_maj,test_conf_maj,val_acc_lin,val_conf_lin,test_acc_lin,test_conf_lin,val_nld,val_conf_nld,test_nld,test_conf_nld,val_mse,val_conf_mse,test_mse,test_conf_mse,val_svm,val_conf_svm,test_svm,test_conf_svm,val_mvm,val_conf_mvm,test_mvm,test_conf_mvm
0,5,0.38016003,0.005676609555716472,0.40948004,0.0064992219860481315,0.38032004,0.005673090305307771,0.40984005,0.006527239301465648,0.3804934,0.005676897246702506,0.4098534,0.0065440546779756414,0.38102672,0.005668066103175939,0.41034675,0.006557356807259607,0.38112003,0.0056562869351631795,0.41006672,0.00656981110243382,0.38104004,0.005649211029899737,0.41061336,0.006585162164149672,0.38092005,0.005668497870546629,0.4109734,0.00660461247607913,0.3805867,0.005678187469198459,0.4112667,0.006628546703698002,0.38052002,0.005673635671366362,0.41154674,0.006619416786386556,0.3803734,0.005688721207693814,0.4116934,0.006633644329372024,0.38004005,0.0056872056349551725,0.41168004,0.0066432600426983845,0.3800934,0.005566317697907164,0.4093467,0.0064162349120489015,0.3734267,0.005317143593815465,0.40089336,0.0061668109832004325,4.8791895,0.013605621570428106,4.7342205,0.011272206622757075,0.23270786,0.0008385327553911137,0.22712336,0.0009917856974770989,,,,,,,,
