,shots,val_acc,val_conf,test_acc,test_conf,val_acc_me1,val_conf_me1,test_acc_me1,test_conf_me1,val_acc_me2,val_conf_me2,test_acc_me2,test_conf_me2,val_acc_me3,val_conf_me3,test_acc_me3,test_conf_me3,val_acc_me4,val_conf_me4,test_acc_me4,test_conf_me4,val_acc_me5,val_conf_me5,test_acc_me5,test_conf_me5,val_acc_me6,val_conf_me6,test_acc_me6,test_conf_me6,val_acc_me7,val_conf_me7,test_acc_me7,test_conf_me7,val_acc_me8,val_conf_me8,test_acc_me8,test_conf_me8,val_acc_me9,val_conf_me9,test_acc_me9,test_conf_me9,val_acc_med,val_conf_med,test_acc_med,test_conf_med,val_acc_maj,val_conf_maj,test_acc_maj,test_conf_maj,val_acc_lin,val_conf_lin,test_acc_lin,test_conf_lin,val_nld,val_conf_nld,test_nld,test_conf_nld,val_mse,val_conf_mse,test_mse,test_conf_mse,val_svm,val_conf_svm,test_svm,test_conf_svm,val_mvm,val_conf_mvm,test_mvm,test_conf_mvm
0,5,0.7153868,0.006379408156919175,0.7865068,0.005769895782302692,0.71578676,0.006371358812492733,0.7868401,0.005794308879187193,0.7162668,0.00636800257158332,0.7871201,0.005798554976485182,0.7163734,0.006385927151541848,0.7872535,0.005791785233539182,0.7167068,0.00638870893404575,0.78749347,0.005788484868407107,0.7169734,0.006388787898987336,0.7875868,0.005803116009982956,0.7170934,0.0063819899872610275,0.7874535,0.005796354117352798,0.7172001,0.00640185174809671,0.78742677,0.005779005381149616,0.7169068,0.006401652719501216,0.7878135,0.005782603596499847,0.7169601,0.006418493955875126,0.7879601,0.005796594706443892,0.7171468,0.006410297764364303,0.7878934,0.005788093276182127,0.7144934,0.006360958067583189,0.78585345,0.0058241072927317505,0.6922667,0.006512992825365549,0.76210684,0.0060922288267565294,22.913157,0.024249560952263494,23.117773,0.028811119035879074,0.15825586,0.001577614477352246,0.14061347,0.001503311930686868,,,,,,,,
