,shots,val_acc,val_conf,test_acc,test_conf,val_acc_me1,val_conf_me1,test_acc_me1,test_conf_me1,val_acc_me2,val_conf_me2,test_acc_me2,test_conf_me2,val_acc_me3,val_conf_me3,test_acc_me3,test_conf_me3,val_acc_me4,val_conf_me4,test_acc_me4,test_conf_me4,val_acc_me5,val_conf_me5,test_acc_me5,test_conf_me5,val_acc_me6,val_conf_me6,test_acc_me6,test_conf_me6,val_acc_me7,val_conf_me7,test_acc_me7,test_conf_me7,val_acc_me8,val_conf_me8,test_acc_me8,test_conf_me8,val_acc_me9,val_conf_me9,test_acc_me9,test_conf_me9,val_acc_med,val_conf_med,test_acc_med,test_conf_med,val_acc_maj,val_conf_maj,test_acc_maj,test_conf_maj,val_acc_lin,val_conf_lin,test_acc_lin,test_conf_lin,val_nld,val_conf_nld,test_nld,test_conf_nld,val_mse,val_conf_mse,test_mse,test_conf_mse,val_svm,val_conf_svm,test_svm,test_conf_svm,val_mvm,val_conf_mvm,test_mvm,test_conf_mvm
0,5,0.5467467,0.006522870831597305,0.59656006,0.0063225289244573935,0.54734665,0.006507679546897793,0.59718674,0.0062922382499318585,0.54756,0.006544870187255469,0.59708005,0.006326506725667258,0.54796004,0.006571195528719764,0.5972267,0.006292252103430429,0.5487334,0.006624936020198979,0.59768003,0.006294044284356315,0.5485466,0.0066589080310659465,0.59724003,0.006290482088102123,0.54888,0.0066890897247364745,0.59732,0.006299736686900315,0.5486533,0.006737781077786442,0.5966267,0.006325855611236553,0.5477334,0.006800133827515653,0.59617335,0.006355915394119949,0.54624,0.00687409165295938,0.5942,0.00641858723609845,0.54480004,0.006926667988779167,0.59226674,0.00647836877650132,0.5483867,0.006386159428533822,0.5973867,0.006204335031089303,0.5504,0.006354676429568551,0.59257334,0.005947193318212363,10.404793,0.019926944316946305,10.469182,0.0175713970200313,0.19407706,0.0011598176672356908,0.18521045,0.0012205251985691057,,,,,,,,
