,shots,val_acc,val_conf,test_acc,test_conf,val_acc_me1,val_conf_me1,test_acc_me1,test_conf_me1,val_acc_me2,val_conf_me2,test_acc_me2,test_conf_me2,val_acc_me3,val_conf_me3,test_acc_me3,test_conf_me3,val_acc_me4,val_conf_me4,test_acc_me4,test_conf_me4,val_acc_me5,val_conf_me5,test_acc_me5,test_conf_me5,val_acc_me6,val_conf_me6,test_acc_me6,test_conf_me6,val_acc_me7,val_conf_me7,test_acc_me7,test_conf_me7,val_acc_me8,val_conf_me8,test_acc_me8,test_conf_me8,val_acc_me9,val_conf_me9,test_acc_me9,test_conf_me9,val_acc_med,val_conf_med,test_acc_med,test_conf_med,val_acc_maj,val_conf_maj,test_acc_maj,test_conf_maj,val_acc_lin,val_conf_lin,test_acc_lin,test_conf_lin,val_nld,val_conf_nld,test_nld,test_conf_nld,val_mse,val_conf_mse,test_mse,test_conf_mse,val_svm,val_conf_svm,test_svm,test_conf_svm,val_mvm,val_conf_mvm,test_mvm,test_conf_mvm
0,5,0.4469334,0.005680325987587498,0.49190667,0.005654389005865179,0.4472267,0.005684574855585212,0.49229333,0.005647152861802174,0.4471467,0.005674010639393101,0.49302667,0.005665435785589257,0.44784003,0.005694428387302941,0.49332005,0.005659672730202736,0.4479734,0.00572568418889241,0.49341336,0.005625809700190831,0.44777337,0.0057387258724040935,0.49332002,0.005648186794575405,0.4478134,0.005757129783411641,0.49348,0.005638366973037434,0.44820005,0.005794541156179112,0.4939867,0.005662425882142996,0.44828004,0.0057814653007043915,0.49450666,0.005643176907725422,0.44828004,0.00577282718259059,0.49441332,0.005668208794210705,0.4479867,0.005769560527638329,0.4942667,0.005667524893166853,0.44768006,0.00554615670150338,0.49288002,0.0055682137800719955,0.44140005,0.005532443123313191,0.4814267,0.005525616581023185,5.399001,0.015183251517520091,5.2271357,0.014215922670893555,0.2198836,0.0009092440134554625,0.21064089,0.0009697031053819971,,,,,,,,
