,shots,val_acc,val_conf,test_acc,test_conf,val_acc_me1,val_conf_me1,test_acc_me1,test_conf_me1,val_acc_me2,val_conf_me2,test_acc_me2,test_conf_me2,val_acc_me3,val_conf_me3,test_acc_me3,test_conf_me3,val_acc_me4,val_conf_me4,test_acc_me4,test_conf_me4,val_acc_me5,val_conf_me5,test_acc_me5,test_conf_me5,val_acc_me6,val_conf_me6,test_acc_me6,test_conf_me6,val_acc_me7,val_conf_me7,test_acc_me7,test_conf_me7,val_acc_me8,val_conf_me8,test_acc_me8,test_conf_me8,val_acc_me9,val_conf_me9,test_acc_me9,test_conf_me9,val_acc_med,val_conf_med,test_acc_med,test_conf_med,val_acc_maj,val_conf_maj,test_acc_maj,test_conf_maj,val_acc_lin,val_conf_lin,test_acc_lin,test_conf_lin,val_nld,val_conf_nld,test_nld,test_conf_nld,val_mse,val_conf_mse,test_mse,test_conf_mse,val_svm,val_conf_svm,test_svm,test_conf_svm,val_mvm,val_conf_mvm,test_mvm,test_conf_mvm
0,5,0.56664,0.0057190894618111,0.60928005,0.005796828830568979,0.5661467,0.005716368634700708,0.6091467,0.005804360977717082,0.5660934,0.00571826194616587,0.6090801,0.005803880261318284,0.56594664,0.005714610625737859,0.6091867,0.005804648206919838,0.5655867,0.005695579613030355,0.6089333,0.005804696694164724,0.56504005,0.0056885946790738995,0.6086267,0.005786253531578023,0.5648533,0.00568248574800756,0.6079467,0.005784386541760056,0.5644267,0.005695839597019359,0.60776,0.00575942484633396,0.5635067,0.0056944029892223025,0.60748,0.0057558044653860385,0.5632134,0.005692427018549329,0.6066934,0.0057876481170962,0.56270665,0.005693320107420963,0.6063334,0.005777207197041001,0.56812,0.005725905844868762,0.6100267,0.005791692415099026,0.5665333,0.0057487696588348625,0.60796005,0.005540383025101292,5.167512,0.014014973056951874,5.0732884,0.012780331720614768,0.1979987,0.0009668582317369223,0.18736598,0.0010196260344509656,,,,,,,,
