,shots,val_acc,val_conf,test_acc,test_conf,val_acc_me1,val_conf_me1,test_acc_me1,test_conf_me1,val_acc_me2,val_conf_me2,test_acc_me2,test_conf_me2,val_acc_me3,val_conf_me3,test_acc_me3,test_conf_me3,val_acc_me4,val_conf_me4,test_acc_me4,test_conf_me4,val_acc_me5,val_conf_me5,test_acc_me5,test_conf_me5,val_acc_me6,val_conf_me6,test_acc_me6,test_conf_me6,val_acc_me7,val_conf_me7,test_acc_me7,test_conf_me7,val_acc_me8,val_conf_me8,test_acc_me8,test_conf_me8,val_acc_me9,val_conf_me9,test_acc_me9,test_conf_me9,val_acc_med,val_conf_med,test_acc_med,test_conf_med,val_acc_maj,val_conf_maj,test_acc_maj,test_conf_maj,val_acc_lin,val_conf_lin,test_acc_lin,test_conf_lin,val_nld,val_conf_nld,test_nld,test_conf_nld,val_mse,val_conf_mse,test_mse,test_conf_mse,val_svm,val_conf_svm,test_svm,test_conf_svm,val_mvm,val_conf_mvm,test_mvm,test_conf_mvm
0,5,0.5758401,0.008147159361722722,0.6404934,0.007611189207594182,0.57652,0.008155094645677985,0.6409601,0.007633394518597125,0.57669336,0.008186745271975382,0.64190674,0.0076567210394139495,0.57704,0.008196518453401747,0.6419868,0.007680711604593493,0.5773334,0.008197239758891639,0.64209336,0.007681937639212988,0.5774801,0.008216243064602002,0.64220005,0.007680755012222207,0.5778133,0.008219437681361907,0.6424934,0.0076759584692494,0.57777333,0.008244891175985702,0.64252007,0.007698956662151257,0.57812,0.00825599336970384,0.6425334,0.007691611075449911,0.57814676,0.008264954736116548,0.64281344,0.007710278664712633,0.5779867,0.00828282297851446,0.64297336,0.007725194264791568,0.5755867,0.008020727716348208,0.64093333,0.007544589437000537,0.55058664,0.007671394203268678,0.61212,0.0073894856675115195,22.57095,0.022636991558325548,22.759607,0.028197264974824776,0.19356412,0.001629941219306985,0.18069986,0.0015855402947501929,,,,,,,,
