,shots,val_acc,val_conf,test_acc,test_conf,val_acc_me1,val_conf_me1,test_acc_me1,test_conf_me1,val_acc_me2,val_conf_me2,test_acc_me2,test_conf_me2,val_acc_me3,val_conf_me3,test_acc_me3,test_conf_me3,val_acc_me4,val_conf_me4,test_acc_me4,test_conf_me4,val_acc_me5,val_conf_me5,test_acc_me5,test_conf_me5,val_acc_me6,val_conf_me6,test_acc_me6,test_conf_me6,val_acc_me7,val_conf_me7,test_acc_me7,test_conf_me7,val_acc_me8,val_conf_me8,test_acc_me8,test_conf_me8,val_acc_me9,val_conf_me9,test_acc_me9,test_conf_me9,val_acc_med,val_conf_med,test_acc_med,test_conf_med,val_acc_maj,val_conf_maj,test_acc_maj,test_conf_maj,val_acc_lin,val_conf_lin,test_acc_lin,test_conf_lin,val_nld,val_conf_nld,test_nld,test_conf_nld,val_mse,val_conf_mse,test_mse,test_conf_mse,val_svm,val_conf_svm,test_svm,test_conf_svm,val_mvm,val_conf_mvm,test_mvm,test_conf_mvm
0,5,0.48444,0.007889407633127454,0.52530664,0.007872208976491657,0.4865467,0.007949047867845338,0.5270934,0.007896892216597395,0.4874667,0.008030010483926764,0.52924,0.007950459077561756,0.4878667,0.008100256033549025,0.53150666,0.007997160144657012,0.48841336,0.008154212639605252,0.5335867,0.00802721115365812,0.48881334,0.008188314411575082,0.5348401,0.008038002105442699,0.48894665,0.008251796683217294,0.53540003,0.008098698900314782,0.48906672,0.008282921800137288,0.53568,0.008154136907146614,0.48933333,0.008345754804481964,0.5356667,0.008211253034433152,0.4885867,0.008396112271621348,0.53572,0.00820678020154264,0.48860005,0.008423737071247273,0.53518665,0.008224284558712602,0.48884,0.007724404615375602,0.53054667,0.00771359519225967,0.4875067,0.007800257599417604,0.53197336,0.007595003241700593,8.307321,0.01748610564744446,8.484552,0.020550059903548856,0.20909445,0.0015764025271229332,0.19905841,0.001492945934969514,,,,,,,,
