,shots,val_acc,val_conf,test_acc,test_conf,val_acc_me1,val_conf_me1,test_acc_me1,test_conf_me1,val_acc_me2,val_conf_me2,test_acc_me2,test_conf_me2,val_acc_me3,val_conf_me3,test_acc_me3,test_conf_me3,val_acc_me4,val_conf_me4,test_acc_me4,test_conf_me4,val_acc_me5,val_conf_me5,test_acc_me5,test_conf_me5,val_acc_me6,val_conf_me6,test_acc_me6,test_conf_me6,val_acc_me7,val_conf_me7,test_acc_me7,test_conf_me7,val_acc_me8,val_conf_me8,test_acc_me8,test_conf_me8,val_acc_me9,val_conf_me9,test_acc_me9,test_conf_me9,val_acc_med,val_conf_med,test_acc_med,test_conf_med,val_acc_maj,val_conf_maj,test_acc_maj,test_conf_maj,val_acc_lin,val_conf_lin,test_acc_lin,test_conf_lin,val_nld,val_conf_nld,test_nld,test_conf_nld,val_mse,val_conf_mse,test_mse,test_conf_mse,val_svm,val_conf_svm,test_svm,test_conf_svm,val_mvm,val_conf_mvm,test_mvm,test_conf_mvm
0,5,0.30990672,0.004958357376908806,0.31796002,0.005213841749578785,0.3123467,0.004977523692118513,0.31993338,0.0052456960223045135,0.31489334,0.005031737511464018,0.3211067,0.005282261869878679,0.31749335,0.005067770461128274,0.32381335,0.00534210713637473,0.3205467,0.005126557782120289,0.32729337,0.00545290233796375,0.3231867,0.005187703430344581,0.33078668,0.005543832546234084,0.32649338,0.005254345223217105,0.3344267,0.005616769368836538,0.3290934,0.005313022639787501,0.3391867,0.005684457562631029,0.33238673,0.005395823615123196,0.34233338,0.00568740881960017,0.33485338,0.00549419315210159,0.3458267,0.005720943983480331,0.3349867,0.005588299505800531,0.3472667,0.0057780130088719295,0.31993335,0.005046027395192887,0.32736003,0.005331417315129372,0.36284003,0.005680809474686022,0.3821067,0.006227510086988908,10.2886715,0.030475498667170697,10.297387,0.03180511681869724,0.23472312,0.0008600849893843354,0.23065591,0.0009000534293650553,,,,,,,,
