,shots,val_acc,val_conf,test_acc,test_conf,val_acc_me1,val_conf_me1,test_acc_me1,test_conf_me1,val_acc_me2,val_conf_me2,test_acc_me2,test_conf_me2,val_acc_me3,val_conf_me3,test_acc_me3,test_conf_me3,val_acc_me4,val_conf_me4,test_acc_me4,test_conf_me4,val_acc_me5,val_conf_me5,test_acc_me5,test_conf_me5,val_acc_me6,val_conf_me6,test_acc_me6,test_conf_me6,val_acc_me7,val_conf_me7,test_acc_me7,test_conf_me7,val_acc_me8,val_conf_me8,test_acc_me8,test_conf_me8,val_acc_me9,val_conf_me9,test_acc_me9,test_conf_me9,val_acc_med,val_conf_med,test_acc_med,test_conf_med,val_acc_maj,val_conf_maj,test_acc_maj,test_conf_maj,val_acc_lin,val_conf_lin,test_acc_lin,test_conf_lin,val_nld,val_conf_nld,test_nld,test_conf_nld,val_mse,val_conf_mse,test_mse,test_conf_mse,val_svm,val_conf_svm,test_svm,test_conf_svm,val_mvm,val_conf_mvm,test_mvm,test_conf_mvm
0,5,0.3931067,0.00809053734255022,0.3998667,0.007905238487675603,0.39329335,0.008117711441690822,0.39981335,0.007897534095362369,0.3932134,0.008124947585753883,0.39944002,0.007894523268349551,0.39329335,0.008166073081475989,0.39917335,0.007918124088437228,0.3934667,0.008174603142301284,0.39948004,0.007945071913768587,0.39353338,0.00817777559346361,0.39941335,0.00794862395079049,0.39344004,0.008168498367284505,0.3995334,0.007945601117412271,0.3935467,0.008171669894880218,0.39945334,0.007981805850458212,0.3934,0.008171680054112451,0.39945337,0.007992589413710283,0.3931067,0.008193473454425892,0.39952,0.00799085310856179,0.39261335,0.00819836835723814,0.3993334,0.008011392305475373,0.39644003,0.008055055762127283,0.40548003,0.007807880717872806,0.3849867,0.00746822849134593,0.39509338,0.007329846356360248,4.933552,0.01419936866372229,4.9086866,0.013878320300365843,0.23081434,0.0012975799736081872,0.22886704,0.0012759617046053107,,,,,,,,
