,shots,val_acc,val_conf,test_acc,test_conf,val_acc_me1,val_conf_me1,test_acc_me1,test_conf_me1,val_acc_me2,val_conf_me2,test_acc_me2,test_conf_me2,val_acc_me3,val_conf_me3,test_acc_me3,test_conf_me3,val_acc_me4,val_conf_me4,test_acc_me4,test_conf_me4,val_acc_me5,val_conf_me5,test_acc_me5,test_conf_me5,val_acc_me6,val_conf_me6,test_acc_me6,test_conf_me6,val_acc_me7,val_conf_me7,test_acc_me7,test_conf_me7,val_acc_me8,val_conf_me8,test_acc_me8,test_conf_me8,val_acc_me9,val_conf_me9,test_acc_me9,test_conf_me9,val_acc_med,val_conf_med,test_acc_med,test_conf_med,val_acc_maj,val_conf_maj,test_acc_maj,test_conf_maj,val_acc_lin,val_conf_lin,test_acc_lin,test_conf_lin,val_nld,val_conf_nld,test_nld,test_conf_nld,val_mse,val_conf_mse,test_mse,test_conf_mse,val_svm,val_conf_svm,test_svm,test_conf_svm,val_mvm,val_conf_mvm,test_mvm,test_conf_mvm
0,5,0.5818401,0.007448284533085658,0.5739734,0.007418614495294129,0.5828401,0.007477216179405888,0.5750667,0.007447465329539549,0.584,0.007498368162737523,0.57559997,0.007449943258642455,0.5846934,0.007501289403793243,0.57596004,0.007458796567766601,0.5856,0.007528284792802875,0.5765334,0.007492549693356887,0.5863067,0.007543011061735272,0.57688,0.007537797066673568,0.58649343,0.007563491150388457,0.57694674,0.007586175792440253,0.5869601,0.007580223867690528,0.5776667,0.0076153078527058105,0.58668005,0.007597585995609002,0.57826674,0.0076432517445811365,0.58697337,0.007630333357206309,0.5784934,0.007668794825162029,0.58720005,0.007653410053266474,0.57888,0.007690501872001265,0.5834267,0.007280500656396516,0.5759067,0.007336053647266194,0.56560004,0.006931167143316874,0.562,0.007134318078174551,4.812759,0.012512167702527499,4.7515087,0.013090614992051108,0.19784452,0.0012262238351874732,0.1982951,0.00122973950677574,,,,,,,,
