,shots,val_acc,val_conf,test_acc,test_conf,val_acc_me1,val_conf_me1,test_acc_me1,test_conf_me1,val_acc_me2,val_conf_me2,test_acc_me2,test_conf_me2,val_acc_me3,val_conf_me3,test_acc_me3,test_conf_me3,val_acc_me4,val_conf_me4,test_acc_me4,test_conf_me4,val_acc_me5,val_conf_me5,test_acc_me5,test_conf_me5,val_acc_me6,val_conf_me6,test_acc_me6,test_conf_me6,val_acc_me7,val_conf_me7,test_acc_me7,test_conf_me7,val_acc_me8,val_conf_me8,test_acc_me8,test_conf_me8,val_acc_me9,val_conf_me9,test_acc_me9,test_conf_me9,val_acc_med,val_conf_med,test_acc_med,test_conf_med,val_acc_maj,val_conf_maj,test_acc_maj,test_conf_maj,val_acc_lin,val_conf_lin,test_acc_lin,test_conf_lin,val_nld,val_conf_nld,test_nld,test_conf_nld,val_mse,val_conf_mse,test_mse,test_conf_mse,val_svm,val_conf_svm,test_svm,test_conf_svm,val_mvm,val_conf_mvm,test_mvm,test_conf_mvm
0,5,0.74985343,0.00576823844209573,0.81292003,0.005179009898236719,0.7500001,0.005762286979129283,0.81252015,0.00518950854120237,0.75002676,0.005781769154105443,0.81205344,0.005186313462659187,0.7499067,0.005780200014505743,0.8115201,0.005202022406420315,0.7493601,0.0057722259407546606,0.81120014,0.005210747339791544,0.7491601,0.005765046596035495,0.8111068,0.005204230654085262,0.74878675,0.005760995371283495,0.81053346,0.005219890187034948,0.7485334,0.005754624147311649,0.81009346,0.005217273261163502,0.7478801,0.005755712108729161,0.8097068,0.005204027007656875,0.7474934,0.005769321323897181,0.80940014,0.005213342561848577,0.74746674,0.0057604416931257285,0.8088001,0.0052104850468861486,0.75018674,0.005800409036371135,0.8128001,0.005187210707580325,0.73785347,0.005612678430721996,0.8062535,0.005160695573186214,4.638371,0.011720274943392894,4.761589,0.012336348334910596,0.1562472,0.0012820847200618324,0.14255814,0.0011459323056637882,,,,,,,,
