,shots,val_acc,val_conf,test_acc,test_conf,val_acc_me1,val_conf_me1,test_acc_me1,test_conf_me1,val_acc_me2,val_conf_me2,test_acc_me2,test_conf_me2,val_acc_me3,val_conf_me3,test_acc_me3,test_conf_me3,val_acc_me4,val_conf_me4,test_acc_me4,test_conf_me4,val_acc_me5,val_conf_me5,test_acc_me5,test_conf_me5,val_acc_me6,val_conf_me6,test_acc_me6,test_conf_me6,val_acc_me7,val_conf_me7,test_acc_me7,test_conf_me7,val_acc_me8,val_conf_me8,test_acc_me8,test_conf_me8,val_acc_me9,val_conf_me9,test_acc_me9,test_conf_me9,val_acc_med,val_conf_med,test_acc_med,test_conf_med,val_acc_maj,val_conf_maj,test_acc_maj,test_conf_maj,val_acc_lin,val_conf_lin,test_acc_lin,test_conf_lin,val_nld,val_conf_nld,test_nld,test_conf_nld,val_mse,val_conf_mse,test_mse,test_conf_mse,val_svm,val_conf_svm,test_svm,test_conf_svm,val_mvm,val_conf_mvm,test_mvm,test_conf_mvm
0,5,0.25416002,0.005086317986737199,0.26081336,0.00522711201581616,0.25416002,0.005072321335393815,0.26037335,0.005253654857207302,0.25386667,0.005097745737670689,0.26097336,0.00526090116050254,0.25346667,0.00508199846589702,0.2598,0.005276283623481759,0.25348002,0.005074795108447161,0.25961334,0.0052882793678547535,0.25412002,0.005126304263097292,0.25905335,0.005255329283395671,0.25444,0.005112322850602258,0.25892,0.005272503003734219,0.25354668,0.005095153286313325,0.25802666,0.0052820018858896756,0.25329334,0.005092955659663945,0.25760004,0.0052823579208017835,0.25272,0.005086703113996227,0.25722668,0.005303355206733251,0.25261334,0.0050914848799038515,0.25735998,0.005295877088229317,0.25464,0.0049677542049584855,0.26146668,0.005247841005659504,0.25621334,0.004889872145165841,0.26416004,0.005208008041349799,8.9672165,0.01389889551637502,8.878476,0.012653792941518915,0.25940937,0.0010554054650921962,0.25757855,0.001108047605030027,,,,,,,,
