,shots,val_acc,val_conf,test_acc,test_conf,val_acc_me1,val_conf_me1,test_acc_me1,test_conf_me1,val_acc_me2,val_conf_me2,test_acc_me2,test_conf_me2,val_acc_me3,val_conf_me3,test_acc_me3,test_conf_me3,val_acc_me4,val_conf_me4,test_acc_me4,test_conf_me4,val_acc_me5,val_conf_me5,test_acc_me5,test_conf_me5,val_acc_me6,val_conf_me6,test_acc_me6,test_conf_me6,val_acc_me7,val_conf_me7,test_acc_me7,test_conf_me7,val_acc_me8,val_conf_me8,test_acc_me8,test_conf_me8,val_acc_me9,val_conf_me9,test_acc_me9,test_conf_me9,val_acc_med,val_conf_med,test_acc_med,test_conf_med,val_acc_maj,val_conf_maj,test_acc_maj,test_conf_maj,val_acc_lin,val_conf_lin,test_acc_lin,test_conf_lin,val_nld,val_conf_nld,test_nld,test_conf_nld,val_mse,val_conf_mse,test_mse,test_conf_mse,val_svm,val_conf_svm,test_svm,test_conf_svm,val_mvm,val_conf_mvm,test_mvm,test_conf_mvm
0,5,0.78813344,0.004549535094028556,0.78269345,0.00460429797369899,0.7878134,0.004550940300562245,0.78273344,0.0046096976056407835,0.7878934,0.004569598192376123,0.7827068,0.004608868242862441,0.7878135,0.004568032747042761,0.78229344,0.004627048650760468,0.7877467,0.004563228815537501,0.7818268,0.004652450425656429,0.78774685,0.004569366838950706,0.7815068,0.004628290386011535,0.78753346,0.004561605647293576,0.7815201,0.004644933979139898,0.7874401,0.004566537954551864,0.7814668,0.004639551433179512,0.78705347,0.004562608640586885,0.7812268,0.004633774524294476,0.7863468,0.004565698894324566,0.78078675,0.00462646495668928,0.7858668,0.004572803891934929,0.7806135,0.004630405815236438,0.78761345,0.004529812791744692,0.7824134,0.004630358713341387,0.78030676,0.004580949287284475,0.7730267,0.004708916362078819,4.9569926,0.013546520698586306,4.931439,0.014947680163630572,0.14694732,0.0010151739818082262,0.14749055,0.0010100700066140444,,,,,,,,
