,shots,val_acc,val_conf,test_acc,test_conf,val_acc_me1,val_conf_me1,test_acc_me1,test_conf_me1,val_acc_me2,val_conf_me2,test_acc_me2,test_conf_me2,val_acc_me3,val_conf_me3,test_acc_me3,test_conf_me3,val_acc_me4,val_conf_me4,test_acc_me4,test_conf_me4,val_acc_me5,val_conf_me5,test_acc_me5,test_conf_me5,val_acc_me6,val_conf_me6,test_acc_me6,test_conf_me6,val_acc_me7,val_conf_me7,test_acc_me7,test_conf_me7,val_acc_me8,val_conf_me8,test_acc_me8,test_conf_me8,val_acc_me9,val_conf_me9,test_acc_me9,test_conf_me9,val_acc_med,val_conf_med,test_acc_med,test_conf_med,val_acc_maj,val_conf_maj,test_acc_maj,test_conf_maj,val_acc_lin,val_conf_lin,test_acc_lin,test_conf_lin,val_nld,val_conf_nld,test_nld,test_conf_nld,val_mse,val_conf_mse,test_mse,test_conf_mse,val_svm,val_conf_svm,test_svm,test_conf_svm,val_mvm,val_conf_mvm,test_mvm,test_conf_mvm
0,5,0.78520006,0.005276939817528525,0.84654677,0.004837768675428955,0.78501344,0.005286564304737396,0.84665346,0.0048462451693933595,0.7847334,0.005280700118811654,0.8464268,0.004846223003795669,0.78472006,0.005287473556023881,0.8461201,0.004849229212975703,0.7847068,0.005296432613520197,0.8460934,0.0048411752507163675,0.7846001,0.005299502087010133,0.8458401,0.004844704660357246,0.7842134,0.005301254554573531,0.84578675,0.004836477067583167,0.78376013,0.005310552099217158,0.8454401,0.0048309541395044064,0.78356004,0.005305029171138398,0.8451334,0.004836840029244449,0.78321344,0.0053054937251222345,0.84486675,0.004839877639687851,0.7828934,0.005309550029490517,0.8444934,0.004859869161626396,0.7855201,0.0052412393518289635,0.84777343,0.00473516504751792,0.7746668,0.005335179925328837,0.8413201,0.004878385285971953,4.869068,0.012702245090826736,5.033295,0.014641948228242718,0.14448407,0.0012613865542526748,0.12728745,0.0011704541525117407,,,,,,,,
