,shots,val_acc,val_conf,test_acc,test_conf,val_acc_me1,val_conf_me1,test_acc_me1,test_conf_me1,val_acc_me2,val_conf_me2,test_acc_me2,test_conf_me2,val_acc_me3,val_conf_me3,test_acc_me3,test_conf_me3,val_acc_me4,val_conf_me4,test_acc_me4,test_conf_me4,val_acc_me5,val_conf_me5,test_acc_me5,test_conf_me5,val_acc_me6,val_conf_me6,test_acc_me6,test_conf_me6,val_acc_me7,val_conf_me7,test_acc_me7,test_conf_me7,val_acc_me8,val_conf_me8,test_acc_me8,test_conf_me8,val_acc_me9,val_conf_me9,test_acc_me9,test_conf_me9,val_acc_med,val_conf_med,test_acc_med,test_conf_med,val_acc_maj,val_conf_maj,test_acc_maj,test_conf_maj,val_acc_lin,val_conf_lin,test_acc_lin,test_conf_lin,val_nld,val_conf_nld,test_nld,test_conf_nld,val_mse,val_conf_mse,test_mse,test_conf_mse,val_svm,val_conf_svm,test_svm,test_conf_svm,val_mvm,val_conf_mvm,test_mvm,test_conf_mvm
0,5,0.3917867,0.007632487114443698,0.39132005,0.007650229751788307,0.39185336,0.00765757487670643,0.39133337,0.007672817419350497,0.39173335,0.007671217802054098,0.39172003,0.00770242280748229,0.39157337,0.007664307676989668,0.3915467,0.007722573644653841,0.3915867,0.007687119309444712,0.39160004,0.007747189926183395,0.39184004,0.007697721853649364,0.39102674,0.007773307003386576,0.39166668,0.007740890278620682,0.39069337,0.007788626202055782,0.39161333,0.007747818413233187,0.39046672,0.007823523164840973,0.39162672,0.007766952865396304,0.39001337,0.007850486690804015,0.39108002,0.0077867236549249985,0.38952002,0.007862764584763648,0.39096,0.007805789763162041,0.38934672,0.007890901040268461,0.39502668,0.007617753918762071,0.3939467,0.00746345642288726,0.38429335,0.007209562893631283,0.38750672,0.007202481908751723,4.8366656,0.013095701073143395,4.779595,0.013043895453624721,0.23064514,0.0012086536738995235,0.22988185,0.001222914696173083,,,,,,,,
