,shots,val_acc,val_conf,test_acc,test_conf,val_acc_me1,val_conf_me1,test_acc_me1,test_conf_me1,val_acc_me2,val_conf_me2,test_acc_me2,test_conf_me2,val_acc_me3,val_conf_me3,test_acc_me3,test_conf_me3,val_acc_me4,val_conf_me4,test_acc_me4,test_conf_me4,val_acc_me5,val_conf_me5,test_acc_me5,test_conf_me5,val_acc_me6,val_conf_me6,test_acc_me6,test_conf_me6,val_acc_me7,val_conf_me7,test_acc_me7,test_conf_me7,val_acc_me8,val_conf_me8,test_acc_me8,test_conf_me8,val_acc_me9,val_conf_me9,test_acc_me9,test_conf_me9,val_acc_med,val_conf_med,test_acc_med,test_conf_med,val_acc_maj,val_conf_maj,test_acc_maj,test_conf_maj,val_acc_lin,val_conf_lin,test_acc_lin,test_conf_lin,val_nld,val_conf_nld,test_nld,test_conf_nld,val_mse,val_conf_mse,test_mse,test_conf_mse,val_svm,val_conf_svm,test_svm,test_conf_svm,val_mvm,val_conf_mvm,test_mvm,test_conf_mvm
0,5,0.6513601,0.006537742562264248,0.7095601,0.006314115694803002,0.6515334,0.006564700085044506,0.70953345,0.006338151976527651,0.6520534,0.006552296586031625,0.70964015,0.006352184646967185,0.6522267,0.0065362791710367185,0.7093601,0.0063742038593065375,0.6525734,0.006544622209631923,0.7091201,0.006358792303980398,0.65189344,0.006557175326428966,0.7089734,0.006337628776066584,0.6518133,0.006543643229069418,0.7088001,0.00634966192488573,0.6514801,0.0065796212265228915,0.7084135,0.006370698462396351,0.6511467,0.00658104582795449,0.70808005,0.00639227990418223,0.6505734,0.006577878918191615,0.70690674,0.006431138043979101,0.6492001,0.006592710473712793,0.70558673,0.0064697542093350435,0.64992005,0.00650631728620954,0.7082401,0.0062713226996417015,0.64253336,0.006415611504615226,0.7050934,0.006215701364845949,8.677382,0.024179052186170225,8.589008,0.02118957618527162,0.16487741,0.0015290803615104487,0.14480759,0.0016006385301179649,,,,,,,,
