,shots,val_acc,val_conf,test_acc,test_conf,val_acc_me1,val_conf_me1,test_acc_me1,test_conf_me1,val_acc_me2,val_conf_me2,test_acc_me2,test_conf_me2,val_acc_me3,val_conf_me3,test_acc_me3,test_conf_me3,val_acc_me4,val_conf_me4,test_acc_me4,test_conf_me4,val_acc_me5,val_conf_me5,test_acc_me5,test_conf_me5,val_acc_me6,val_conf_me6,test_acc_me6,test_conf_me6,val_acc_me7,val_conf_me7,test_acc_me7,test_conf_me7,val_acc_me8,val_conf_me8,test_acc_me8,test_conf_me8,val_acc_me9,val_conf_me9,test_acc_me9,test_conf_me9,val_acc_med,val_conf_med,test_acc_med,test_conf_med,val_acc_maj,val_conf_maj,test_acc_maj,test_conf_maj,val_acc_lin,val_conf_lin,test_acc_lin,test_conf_lin,val_nld,val_conf_nld,test_nld,test_conf_nld,val_mse,val_conf_mse,test_mse,test_conf_mse,val_svm,val_conf_svm,test_svm,test_conf_svm,val_mvm,val_conf_mvm,test_mvm,test_conf_mvm
0,5,0.6534135,0.0066523774918612055,0.7251734,0.006143095179075075,0.65401345,0.006643659485239262,0.72541344,0.006152308217377667,0.6542667,0.006640299550063511,0.72593343,0.006170272510698682,0.6547067,0.0066488023656751105,0.72618675,0.00617690094795964,0.65486676,0.006643524644520227,0.72677344,0.00618205768189406,0.65498674,0.00665888217120203,0.7269601,0.006233900705858608,0.6553734,0.006660164081598974,0.7272001,0.00622824386062748,0.65550673,0.006659693986215687,0.7274801,0.006229664306009575,0.6555734,0.006674322818875034,0.7275201,0.006230411471363384,0.65569335,0.006671244109719421,0.72718674,0.006229894735868435,0.65553343,0.006680465460121132,0.7270801,0.006246362851348719,0.65500015,0.006599005503442723,0.7243601,0.006186708301349042,0.64178675,0.0065115460583362594,0.7119201,0.00619006038620884,4.234322,0.008344516301713512,4.2951326,0.009414730464054166,0.18515204,0.001184902081569572,0.1734596,0.001103135847127873,,,,,,,,
