,shots,val_acc,val_conf,test_acc,test_conf,val_acc_me1,val_conf_me1,test_acc_me1,test_conf_me1,val_acc_me2,val_conf_me2,test_acc_me2,test_conf_me2,val_acc_me3,val_conf_me3,test_acc_me3,test_conf_me3,val_acc_me4,val_conf_me4,test_acc_me4,test_conf_me4,val_acc_me5,val_conf_me5,test_acc_me5,test_conf_me5,val_acc_me6,val_conf_me6,test_acc_me6,test_conf_me6,val_acc_me7,val_conf_me7,test_acc_me7,test_conf_me7,val_acc_me8,val_conf_me8,test_acc_me8,test_conf_me8,val_acc_me9,val_conf_me9,test_acc_me9,test_conf_me9,val_acc_med,val_conf_med,test_acc_med,test_conf_med,val_acc_maj,val_conf_maj,test_acc_maj,test_conf_maj,val_acc_lin,val_conf_lin,test_acc_lin,test_conf_lin,val_nld,val_conf_nld,test_nld,test_conf_nld,val_mse,val_conf_mse,test_mse,test_conf_mse,val_svm,val_conf_svm,test_svm,test_conf_svm,val_mvm,val_conf_mvm,test_mvm,test_conf_mvm
0,5,0.71993345,0.006079194993560577,0.77549344,0.005663100085737893,0.7202001,0.006069280044666114,0.77550685,0.005662899210009287,0.7201601,0.006079806856412184,0.7753201,0.005661955786759654,0.7200934,0.0060848135107791634,0.77512014,0.005634556799159696,0.7196667,0.0060745485301552105,0.7751468,0.0056523312995508945,0.7192667,0.006075651730421128,0.7746935,0.005657776648037904,0.7188535,0.006073098530642973,0.77464014,0.00563518574799271,0.71806675,0.006081274865472608,0.7744002,0.005648707686120025,0.71756005,0.006064363899822789,0.7743334,0.005672725958296487,0.7169868,0.006056885781318799,0.7737068,0.005658236584188958,0.7168001,0.0060421659773524095,0.7734934,0.00564666521865409,0.7201334,0.00609081807882339,0.7759468,0.005654875263663484,0.7108134,0.0060475873131086155,0.7689868,0.0056187434923763435,5.6568036,0.014082314913283156,5.7834444,0.014835406793748618,0.152685,0.0014513172109134609,0.13779242,0.0013579002996578216,,,,,,,,
