,shots,val_acc,val_conf,test_acc,test_conf,val_acc_me1,val_conf_me1,test_acc_me1,test_conf_me1,val_acc_me2,val_conf_me2,test_acc_me2,test_conf_me2,val_acc_me3,val_conf_me3,test_acc_me3,test_conf_me3,val_acc_me4,val_conf_me4,test_acc_me4,test_conf_me4,val_acc_me5,val_conf_me5,test_acc_me5,test_conf_me5,val_acc_me6,val_conf_me6,test_acc_me6,test_conf_me6,val_acc_me7,val_conf_me7,test_acc_me7,test_conf_me7,val_acc_me8,val_conf_me8,test_acc_me8,test_conf_me8,val_acc_me9,val_conf_me9,test_acc_me9,test_conf_me9,val_acc_med,val_conf_med,test_acc_med,test_conf_med,val_acc_maj,val_conf_maj,test_acc_maj,test_conf_maj,val_acc_lin,val_conf_lin,test_acc_lin,test_conf_lin,val_nld,val_conf_nld,test_nld,test_conf_nld,val_mse,val_conf_mse,test_mse,test_conf_mse,val_svm,val_conf_svm,test_svm,test_conf_svm,val_mvm,val_conf_mvm,test_mvm,test_conf_mvm
0,5,0.55424005,0.005238679687084691,0.57417333,0.005522861581949812,0.55477333,0.0052281621110042975,0.5751067,0.005515075453995322,0.55483997,0.005261586908679616,0.57644004,0.005544460571500598,0.55460006,0.005258191416190994,0.5765334,0.005564256759109876,0.5542,0.005243792551607118,0.57729334,0.005564894943608678,0.5538667,0.005248524444920077,0.5773334,0.005541950317567768,0.5534667,0.005268901094117595,0.57717335,0.005545468182626689,0.5532267,0.005228658989818169,0.5768134,0.005574106134778045,0.55218667,0.005248016483307527,0.5762267,0.005594001605793486,0.55138665,0.005288377265911026,0.57573336,0.00557390479726616,0.5502933,0.0053170826384220105,0.5754934,0.005582738249709229,0.5539067,0.005190882808256081,0.57309335,0.0055055451705765535,0.5552001,0.005137285931378299,0.5782001,0.005485772995697968,8.073139,0.02024245128089497,8.267938,0.025342491157919866,0.19107653,0.0011069280114575364,0.18457133,0.0012474234976432297,,,,,,,,
