,shots,val_acc,val_conf,test_acc,test_conf,val_acc_me1,val_conf_me1,test_acc_me1,test_conf_me1,val_acc_me2,val_conf_me2,test_acc_me2,test_conf_me2,val_acc_me3,val_conf_me3,test_acc_me3,test_conf_me3,val_acc_me4,val_conf_me4,test_acc_me4,test_conf_me4,val_acc_me5,val_conf_me5,test_acc_me5,test_conf_me5,val_acc_me6,val_conf_me6,test_acc_me6,test_conf_me6,val_acc_me7,val_conf_me7,test_acc_me7,test_conf_me7,val_acc_me8,val_conf_me8,test_acc_me8,test_conf_me8,val_acc_me9,val_conf_me9,test_acc_me9,test_conf_me9,val_acc_med,val_conf_med,test_acc_med,test_conf_med,val_acc_maj,val_conf_maj,test_acc_maj,test_conf_maj,val_acc_lin,val_conf_lin,test_acc_lin,test_conf_lin,val_nld,val_conf_nld,test_nld,test_conf_nld,val_mse,val_conf_mse,test_mse,test_conf_mse,val_svm,val_conf_svm,test_svm,test_conf_svm,val_mvm,val_conf_mvm,test_mvm,test_conf_mvm
0,5,0.37537336,0.00734991776680699,0.38072002,0.007561875370677096,0.37544003,0.007372551612697564,0.38105336,0.007576175875421476,0.3754267,0.007423158442810385,0.38140002,0.007580560969488004,0.37560004,0.00743736151128177,0.38170668,0.007585277162169279,0.3756667,0.007475193106837863,0.3817467,0.007578840826754418,0.37572002,0.007501511521552928,0.3817067,0.007595814133147583,0.3759867,0.007504720453594627,0.38132003,0.007632471413812014,0.37594673,0.007512103444742069,0.38118666,0.007652681359244018,0.37560004,0.007504797571403099,0.38108003,0.007688034563913926,0.37533337,0.007539169024810888,0.38089338,0.007706422312506511,0.37517336,0.007568104827180622,0.38060004,0.007718763470776102,0.37868002,0.007290084044893008,0.38429338,0.007427576323490115,0.37113336,0.006954806753200482,0.37634668,0.007027028735278995,4.714806,0.013621809845237642,4.669267,0.012615488018095533,0.23235138,0.001172881516345009,0.23171307,0.0011923094317852212,,,,,,,,
