,shots,val_acc,val_conf,test_acc,test_conf,val_acc_me1,val_conf_me1,test_acc_me1,test_conf_me1,val_acc_me2,val_conf_me2,test_acc_me2,test_conf_me2,val_acc_me3,val_conf_me3,test_acc_me3,test_conf_me3,val_acc_me4,val_conf_me4,test_acc_me4,test_conf_me4,val_acc_me5,val_conf_me5,test_acc_me5,test_conf_me5,val_acc_me6,val_conf_me6,test_acc_me6,test_conf_me6,val_acc_me7,val_conf_me7,test_acc_me7,test_conf_me7,val_acc_me8,val_conf_me8,test_acc_me8,test_conf_me8,val_acc_me9,val_conf_me9,test_acc_me9,test_conf_me9,val_acc_med,val_conf_med,test_acc_med,test_conf_med,val_acc_maj,val_conf_maj,test_acc_maj,test_conf_maj,val_acc_lin,val_conf_lin,test_acc_lin,test_conf_lin,val_nld,val_conf_nld,test_nld,test_conf_nld,val_mse,val_conf_mse,test_mse,test_conf_mse,val_svm,val_conf_svm,test_svm,test_conf_svm,val_mvm,val_conf_mvm,test_mvm,test_conf_mvm
0,5,0.72166675,0.006191971245438799,0.7763601,0.005591775348580463,0.7217467,0.006181831408084815,0.7760801,0.005559658782949395,0.7215601,0.006192741038173466,0.7759468,0.005561257938462516,0.72162676,0.006207944791021713,0.7756134,0.005572811294449309,0.7212668,0.006208762609217988,0.77520007,0.005563274546064423,0.72110677,0.0061996253033739235,0.77461344,0.00558182160989007,0.7206268,0.00619525036853974,0.77438676,0.005567104114840182,0.72032005,0.006211044280425071,0.77342683,0.005562202285278595,0.7197468,0.006186850068817251,0.7729067,0.005550515935705991,0.7188934,0.006196536434986077,0.77241343,0.005539004140214798,0.7183334,0.0061959444288157695,0.77185345,0.0055395250317592515,0.72210675,0.0061730445957535185,0.7768401,0.005538238965312914,0.71568006,0.006043898126451341,0.77336013,0.005628849619550569,5.300632,0.01258443493936845,5.473547,0.015254392926713933,0.15437151,0.0013668994168540283,0.1406159,0.0013105762869121962,,,,,,,,
