,shots,val_acc,val_conf,test_acc,test_conf,val_acc_me1,val_conf_me1,test_acc_me1,test_conf_me1,val_acc_me2,val_conf_me2,test_acc_me2,test_conf_me2,val_acc_me3,val_conf_me3,test_acc_me3,test_conf_me3,val_acc_me4,val_conf_me4,test_acc_me4,test_conf_me4,val_acc_me5,val_conf_me5,test_acc_me5,test_conf_me5,val_acc_me6,val_conf_me6,test_acc_me6,test_conf_me6,val_acc_me7,val_conf_me7,test_acc_me7,test_conf_me7,val_acc_me8,val_conf_me8,test_acc_me8,test_conf_me8,val_acc_me9,val_conf_me9,test_acc_me9,test_conf_me9,val_acc_med,val_conf_med,test_acc_med,test_conf_med,val_acc_maj,val_conf_maj,test_acc_maj,test_conf_maj,val_acc_lin,val_conf_lin,test_acc_lin,test_conf_lin,val_nld,val_conf_nld,test_nld,test_conf_nld,val_mse,val_conf_mse,test_mse,test_conf_mse,val_svm,val_conf_svm,test_svm,test_conf_svm,val_mvm,val_conf_mvm,test_mvm,test_conf_mvm
0,5,0.55060005,0.0075899781160021496,0.6150267,0.0075022365213091025,0.55068004,0.007633555219179966,0.6158801,0.007503860151336195,0.5508,0.007631114232739877,0.6166534,0.007538783435768637,0.55084,0.007651205038084474,0.61746675,0.007558747712493319,0.55126673,0.007667758121689072,0.61788005,0.007579647100368625,0.55156,0.0077033519154500185,0.61801344,0.0075951925728471315,0.55181336,0.007707198108423907,0.61842674,0.007594034882153711,0.55208004,0.007715892564098437,0.61884004,0.007622981767322234,0.55192,0.007730479374478905,0.6188401,0.007626119584738245,0.5517733,0.0077322276859927985,0.6191067,0.007627871590518365,0.5514934,0.007757059620316142,0.61898667,0.007634263594737956,0.5522667,0.00750445585177284,0.61470675,0.007470437200794211,0.5376,0.00727597610377817,0.59792006,0.007371653444209869,4.4463034,0.010450696930908165,4.516403,0.012411135984915944,0.20381327,0.001225628019305064,0.19351146,0.001246521288551794,,,,,,,,
