,shots,val_acc,val_conf,test_acc,test_conf,val_acc_me1,val_conf_me1,test_acc_me1,test_conf_me1,val_acc_me2,val_conf_me2,test_acc_me2,test_conf_me2,val_acc_me3,val_conf_me3,test_acc_me3,test_conf_me3,val_acc_me4,val_conf_me4,test_acc_me4,test_conf_me4,val_acc_me5,val_conf_me5,test_acc_me5,test_conf_me5,val_acc_me6,val_conf_me6,test_acc_me6,test_conf_me6,val_acc_me7,val_conf_me7,test_acc_me7,test_conf_me7,val_acc_me8,val_conf_me8,test_acc_me8,test_conf_me8,val_acc_me9,val_conf_me9,test_acc_me9,test_conf_me9,val_acc_med,val_conf_med,test_acc_med,test_conf_med,val_acc_maj,val_conf_maj,test_acc_maj,test_conf_maj,val_acc_lin,val_conf_lin,test_acc_lin,test_conf_lin,val_nld,val_conf_nld,test_nld,test_conf_nld,val_mse,val_conf_mse,test_mse,test_conf_mse,val_svm,val_conf_svm,test_svm,test_conf_svm,val_mvm,val_conf_mvm,test_mvm,test_conf_mvm
0,5,0.56625336,0.007488380713867371,0.6157601,0.00738505116263366,0.56641334,0.007504639641519928,0.61628,0.00740212282886632,0.5671467,0.007535867736112367,0.6166401,0.007417821613395215,0.5674667,0.007563380784183504,0.61704004,0.007441937783628005,0.56804,0.0076003927144101535,0.6176534,0.007452600359659556,0.56829333,0.007605954432284845,0.6182667,0.007444986476870086,0.56836,0.007641944436103665,0.6184667,0.007468715210927512,0.56876004,0.007663449683647738,0.6184534,0.007509416327811436,0.56817335,0.007692469992358397,0.6184534,0.007514057249817352,0.56842667,0.007719409505590691,0.6181467,0.007522338409452489,0.5685467,0.007717617786448083,0.6182267,0.007540293467107828,0.5648134,0.007346991446135154,0.6160134,0.00725956247872539,0.5500667,0.0071069805077513815,0.5999867,0.007134198476303921,4.433207,0.010536685596254536,4.5250177,0.011936150316645744,0.20166211,0.0012025904593782888,0.19365683,0.0012182991722477499,,,,,,,,
