,shots,val_acc,val_conf,test_acc,test_conf,val_acc_me1,val_conf_me1,test_acc_me1,test_conf_me1,val_acc_me2,val_conf_me2,test_acc_me2,test_conf_me2,val_acc_me3,val_conf_me3,test_acc_me3,test_conf_me3,val_acc_me4,val_conf_me4,test_acc_me4,test_conf_me4,val_acc_me5,val_conf_me5,test_acc_me5,test_conf_me5,val_acc_me6,val_conf_me6,test_acc_me6,test_conf_me6,val_acc_me7,val_conf_me7,test_acc_me7,test_conf_me7,val_acc_me8,val_conf_me8,test_acc_me8,test_conf_me8,val_acc_me9,val_conf_me9,test_acc_me9,test_conf_me9,val_acc_med,val_conf_med,test_acc_med,test_conf_med,val_acc_maj,val_conf_maj,test_acc_maj,test_conf_maj,val_acc_lin,val_conf_lin,test_acc_lin,test_conf_lin,val_nld,val_conf_nld,test_nld,test_conf_nld,val_mse,val_conf_mse,test_mse,test_conf_mse,val_svm,val_conf_svm,test_svm,test_conf_svm,val_mvm,val_conf_mvm,test_mvm,test_conf_mvm
0,5,0.48714668,0.006491919345192165,0.52823997,0.006734903244359547,0.49141335,0.006499210903249286,0.53142667,0.0067382761094670895,0.49533337,0.006517394543630317,0.5346134,0.00672661100192562,0.49858668,0.006577495176282477,0.5379867,0.006741960216508303,0.5020934,0.006619794063329687,0.53998667,0.006746663479257564,0.5051067,0.006718197310487839,0.5412533,0.006831304660980808,0.5064534,0.006783130505208956,0.5424667,0.006938864608880824,0.5078667,0.006935619195959641,0.5438667,0.006957760780869293,0.5102,0.007024783544951285,0.54349333,0.007022475552097007,0.51124,0.007072624293191887,0.54378676,0.007091928219820298,0.51042664,0.007080986264901834,0.5427334,0.00719454939549613,0.49268,0.006486435668692614,0.53116006,0.006724661814683008,0.48837334,0.006255908835399171,0.52612,0.006536603342902181,10.329432,0.02016080799625186,10.394522,0.01588492198215974,0.21030742,0.0010721488034098337,0.200585,0.0012506745674096542,,,,,,,,
