,shots,val_acc,val_conf,test_acc,test_conf,val_acc_me1,val_conf_me1,test_acc_me1,test_conf_me1,val_acc_me2,val_conf_me2,test_acc_me2,test_conf_me2,val_acc_me3,val_conf_me3,test_acc_me3,test_conf_me3,val_acc_me4,val_conf_me4,test_acc_me4,test_conf_me4,val_acc_me5,val_conf_me5,test_acc_me5,test_conf_me5,val_acc_me6,val_conf_me6,test_acc_me6,test_conf_me6,val_acc_me7,val_conf_me7,test_acc_me7,test_conf_me7,val_acc_me8,val_conf_me8,test_acc_me8,test_conf_me8,val_acc_me9,val_conf_me9,test_acc_me9,test_conf_me9,val_acc_med,val_conf_med,test_acc_med,test_conf_med,val_acc_maj,val_conf_maj,test_acc_maj,test_conf_maj,val_acc_lin,val_conf_lin,test_acc_lin,test_conf_lin,val_nld,val_conf_nld,test_nld,test_conf_nld,val_mse,val_conf_mse,test_mse,test_conf_mse,val_svm,val_conf_svm,test_svm,test_conf_svm,val_mvm,val_conf_mvm,test_mvm,test_conf_mvm
0,5,0.50244004,0.007167634356777919,0.56472003,0.007271045643652996,0.50317335,0.007172251266053142,0.5651067,0.007286055447521922,0.50338674,0.007190629317196828,0.5656267,0.007301688658824412,0.5038133,0.007223482427166195,0.56582665,0.007315724099963616,0.50402665,0.007250337434057452,0.56590676,0.007349134582356975,0.50432,0.007264853591595455,0.56632006,0.007376365480841529,0.5043467,0.007284901912878006,0.56605333,0.007411985596249782,0.5042267,0.007318035787084232,0.56608003,0.007421210640917719,0.50432,0.007343843007703632,0.56602675,0.007433159745179108,0.5041067,0.007348501477474345,0.5664534,0.007461341917229025,0.5043334,0.007376228331206214,0.56676,0.007459061169588499,0.50221336,0.007130721709957433,0.5632,0.007269246074194546,0.49077335,0.006965284615918388,0.55242676,0.007045218840625922,4.1909394,0.00832667022491318,4.247292,0.009851357642041592,0.21293812,0.001069960874209408,0.20373347,0.001100110935724874,,,,,,,,
