,shots,val_acc,val_conf,test_acc,test_conf,val_acc_me1,val_conf_me1,test_acc_me1,test_conf_me1,val_acc_me2,val_conf_me2,test_acc_me2,test_conf_me2,val_acc_me3,val_conf_me3,test_acc_me3,test_conf_me3,val_acc_me4,val_conf_me4,test_acc_me4,test_conf_me4,val_acc_me5,val_conf_me5,test_acc_me5,test_conf_me5,val_acc_me6,val_conf_me6,test_acc_me6,test_conf_me6,val_acc_me7,val_conf_me7,test_acc_me7,test_conf_me7,val_acc_me8,val_conf_me8,test_acc_me8,test_conf_me8,val_acc_me9,val_conf_me9,test_acc_me9,test_conf_me9,val_acc_med,val_conf_med,test_acc_med,test_conf_med,val_acc_maj,val_conf_maj,test_acc_maj,test_conf_maj,val_acc_lin,val_conf_lin,test_acc_lin,test_conf_lin,val_nld,val_conf_nld,test_nld,test_conf_nld,val_mse,val_conf_mse,test_mse,test_conf_mse,val_svm,val_conf_svm,test_svm,test_conf_svm,val_mvm,val_conf_mvm,test_mvm,test_conf_mvm
0,5,0.57556003,0.007566395305462659,0.5693734,0.007221616822698174,0.57673335,0.007610666007133227,0.5704267,0.007245512260521059,0.5775467,0.0076188423419628615,0.57144004,0.007300468165604257,0.5778533,0.007618301131953831,0.572,0.007331684253831239,0.5788,0.007653566136016421,0.57221335,0.007388015811317983,0.579,0.00769802847775003,0.57253337,0.007405919611028766,0.5795867,0.0077286345502586284,0.5729867,0.007450779086386805,0.5796267,0.0077606836955302905,0.5733201,0.007461766296067207,0.58022666,0.007777423339581646,0.5733067,0.007477461848113043,0.58066666,0.007794448365702644,0.57336,0.007515579287522001,0.5806801,0.00781817479084368,0.57320005,0.00755105578832882,0.57881343,0.007404611840768016,0.5707333,0.0071770921402212196,0.55524,0.007258288880427677,0.55336,0.006971114629881092,5.193094,0.014158983868388653,5.163768,0.014625457023598187,0.19667609,0.0013334172426057445,0.19772522,0.0012575149631981475,,,,,,,,
