,shots,val_acc,val_conf,test_acc,test_conf,val_acc_me1,val_conf_me1,test_acc_me1,test_conf_me1,val_acc_me2,val_conf_me2,test_acc_me2,test_conf_me2,val_acc_me3,val_conf_me3,test_acc_me3,test_conf_me3,val_acc_me4,val_conf_me4,test_acc_me4,test_conf_me4,val_acc_me5,val_conf_me5,test_acc_me5,test_conf_me5,val_acc_me6,val_conf_me6,test_acc_me6,test_conf_me6,val_acc_me7,val_conf_me7,test_acc_me7,test_conf_me7,val_acc_me8,val_conf_me8,test_acc_me8,test_conf_me8,val_acc_me9,val_conf_me9,test_acc_me9,test_conf_me9,val_acc_med,val_conf_med,test_acc_med,test_conf_med,val_acc_maj,val_conf_maj,test_acc_maj,test_conf_maj,val_acc_lin,val_conf_lin,test_acc_lin,test_conf_lin,val_nld,val_conf_nld,test_nld,test_conf_nld,val_mse,val_conf_mse,test_mse,test_conf_mse,val_svm,val_conf_svm,test_svm,test_conf_svm,val_mvm,val_conf_mvm,test_mvm,test_conf_mvm
0,5,0.36661342,0.005882310919652578,0.41013336,0.006257918054468625,0.36721337,0.0059068006725622735,0.4106267,0.00629035371234915,0.36732006,0.0058740311453672756,0.4109867,0.006302797848291131,0.36764002,0.005896975309624852,0.41154668,0.006286671914224384,0.3680667,0.005887944213936236,0.41160002,0.006278024098661628,0.3678667,0.005920070477016315,0.4120534,0.006291711816987899,0.3677867,0.005941799689453242,0.4122,0.006283285195618271,0.36814672,0.005958960018076498,0.4124134,0.0063249509777828505,0.36776003,0.005959395941496748,0.41266668,0.006330636915360954,0.3677334,0.005981626650580274,0.41229337,0.006347267116773969,0.36790672,0.005975895458240343,0.41229337,0.006370702618445856,0.3695867,0.0059050482049988195,0.4097467,0.0062557462876831615,0.3548134,0.005489256227010464,0.3903067,0.005860333729592049,26.553574,0.04060785143763468,26.15832,0.03934769288057893,0.24490646,0.001410790994448352,0.23571216,0.0015384958917831482,,,,,,,,
