,shots,val_acc,val_conf,test_acc,test_conf,val_acc_me1,val_conf_me1,test_acc_me1,test_conf_me1,val_acc_me2,val_conf_me2,test_acc_me2,test_conf_me2,val_acc_me3,val_conf_me3,test_acc_me3,test_conf_me3,val_acc_me4,val_conf_me4,test_acc_me4,test_conf_me4,val_acc_me5,val_conf_me5,test_acc_me5,test_conf_me5,val_acc_me6,val_conf_me6,test_acc_me6,test_conf_me6,val_acc_me7,val_conf_me7,test_acc_me7,test_conf_me7,val_acc_me8,val_conf_me8,test_acc_me8,test_conf_me8,val_acc_me9,val_conf_me9,test_acc_me9,test_conf_me9,val_acc_med,val_conf_med,test_acc_med,test_conf_med,val_acc_maj,val_conf_maj,test_acc_maj,test_conf_maj,val_acc_lin,val_conf_lin,test_acc_lin,test_conf_lin,val_nld,val_conf_nld,test_nld,test_conf_nld,val_mse,val_conf_mse,test_mse,test_conf_mse,val_svm,val_conf_svm,test_svm,test_conf_svm,val_mvm,val_conf_mvm,test_mvm,test_conf_mvm
0,5,0.5647734,0.005638061272503325,0.60693336,0.0058900693406099824,0.5647467,0.005641905618344101,0.60684,0.005903298969918369,0.56446666,0.005640179010644508,0.60646665,0.0058939081450513076,0.56484,0.005634871273576203,0.60600007,0.0058668051605365035,0.5646667,0.005636100540678646,0.6060134,0.005861798506169524,0.5642933,0.005631053711165901,0.60552,0.005865704269187089,0.5641067,0.0056286750654691575,0.6051334,0.00587200437853308,0.5635333,0.005625251404200227,0.60450673,0.005875784998280564,0.5629601,0.005625247709934,0.60450673,0.005878461032412408,0.5627334,0.0056228325833577175,0.60400003,0.0058760325141209435,0.56220007,0.005632234491023569,0.6036667,0.005875065078140618,0.56768006,0.005610128463426789,0.60824007,0.005845008989523448,0.5674667,0.00565830816059798,0.6040934,0.005779892005055243,5.165625,0.013615654274060418,5.0892205,0.013121675459311533,0.19808325,0.0009456135454109504,0.1879856,0.0010375485363847414,,,,,,,,
