,shots,val_acc,val_conf,test_acc,test_conf,val_acc_me1,val_conf_me1,test_acc_me1,test_conf_me1,val_acc_me2,val_conf_me2,test_acc_me2,test_conf_me2,val_acc_me3,val_conf_me3,test_acc_me3,test_conf_me3,val_acc_me4,val_conf_me4,test_acc_me4,test_conf_me4,val_acc_me5,val_conf_me5,test_acc_me5,test_conf_me5,val_acc_me6,val_conf_me6,test_acc_me6,test_conf_me6,val_acc_me7,val_conf_me7,test_acc_me7,test_conf_me7,val_acc_me8,val_conf_me8,test_acc_me8,test_conf_me8,val_acc_me9,val_conf_me9,test_acc_me9,test_conf_me9,val_acc_med,val_conf_med,test_acc_med,test_conf_med,val_acc_maj,val_conf_maj,test_acc_maj,test_conf_maj,val_acc_lin,val_conf_lin,test_acc_lin,test_conf_lin,val_nld,val_conf_nld,test_nld,test_conf_nld,val_mse,val_conf_mse,test_mse,test_conf_mse,val_svm,val_conf_svm,test_svm,test_conf_svm,val_mvm,val_conf_mvm,test_mvm,test_conf_mvm
0,5,0.74898684,0.005786332958302887,0.8194401,0.004979563850668001,0.74890673,0.00579849171217528,0.8192268,0.004970522133963873,0.74864006,0.0057890717949613535,0.8190134,0.004957155816803338,0.7484001,0.00579597591684311,0.81861347,0.00495168229953602,0.74829346,0.005771747071488975,0.81825346,0.004964481085040218,0.7478801,0.005767932279778343,0.8179734,0.004969302102526996,0.7476001,0.00576451739239181,0.8175068,0.004967522851533124,0.7471601,0.005786682066465709,0.81709343,0.004959771819108227,0.74634683,0.005811425338398402,0.81678677,0.004942889945805384,0.74550676,0.005816364110622696,0.81656003,0.0049425796274383815,0.74489343,0.005841337812414249,0.8159601,0.004952580006240437,0.7503068,0.005749042110972602,0.82044005,0.004983863976610214,0.73813343,0.005634457515753644,0.8165868,0.004960736022605605,4.4391265,0.009554611085797582,4.542167,0.00987545164667658,0.15993237,0.0012019477724925232,0.14467187,0.001044104358224357,,,,,,,,
