,shots,val_acc,val_conf,test_acc,test_conf,val_acc_me1,val_conf_me1,test_acc_me1,test_conf_me1,val_acc_me2,val_conf_me2,test_acc_me2,test_conf_me2,val_acc_me3,val_conf_me3,test_acc_me3,test_conf_me3,val_acc_me4,val_conf_me4,test_acc_me4,test_conf_me4,val_acc_me5,val_conf_me5,test_acc_me5,test_conf_me5,val_acc_me6,val_conf_me6,test_acc_me6,test_conf_me6,val_acc_me7,val_conf_me7,test_acc_me7,test_conf_me7,val_acc_me8,val_conf_me8,test_acc_me8,test_conf_me8,val_acc_me9,val_conf_me9,test_acc_me9,test_conf_me9,val_acc_med,val_conf_med,test_acc_med,test_conf_med,val_acc_maj,val_conf_maj,test_acc_maj,test_conf_maj,val_acc_lin,val_conf_lin,test_acc_lin,test_conf_lin,val_nld,val_conf_nld,test_nld,test_conf_nld,val_mse,val_conf_mse,test_mse,test_conf_mse,val_svm,val_conf_svm,test_svm,test_conf_svm,val_mvm,val_conf_mvm,test_mvm,test_conf_mvm
0,5,0.5873334,0.006850707871015271,0.59581333,0.00688166674595303,0.58922666,0.006803929686111543,0.5972134,0.006869731495190212,0.59,0.006815893567437947,0.59920007,0.00684436343047401,0.5911734,0.006847027458240396,0.6001334,0.0068456365669884445,0.59268004,0.006899633348190437,0.60168004,0.006868378008384246,0.59342676,0.006910639490985471,0.60292006,0.006853577854126436,0.59314674,0.006884765311789831,0.60442674,0.0068552102580360375,0.59302676,0.006858783998872187,0.6051734,0.006842118240146355,0.59313345,0.006858001737988784,0.6051601,0.00679870737895083,0.59285337,0.006889574322911263,0.60478675,0.006822039441167105,0.5926534,0.006887226616694497,0.6042534,0.0068218958265656715,0.59152,0.006831722113069705,0.60152,0.006837498560171462,0.6200934,0.006967287370021835,0.64404005,0.006642259820104912,8.021684,0.0254126803699819,8.264812,0.029633074810382354,0.17959744,0.001472321192702547,0.17413776,0.0014738722073082688,,,,,,,,
