,shots,val_acc,val_conf,test_acc,test_conf,val_acc_me1,val_conf_me1,test_acc_me1,test_conf_me1,val_acc_me2,val_conf_me2,test_acc_me2,test_conf_me2,val_acc_me3,val_conf_me3,test_acc_me3,test_conf_me3,val_acc_me4,val_conf_me4,test_acc_me4,test_conf_me4,val_acc_me5,val_conf_me5,test_acc_me5,test_conf_me5,val_acc_me6,val_conf_me6,test_acc_me6,test_conf_me6,val_acc_me7,val_conf_me7,test_acc_me7,test_conf_me7,val_acc_me8,val_conf_me8,test_acc_me8,test_conf_me8,val_acc_me9,val_conf_me9,test_acc_me9,test_conf_me9,val_acc_med,val_conf_med,test_acc_med,test_conf_med,val_acc_maj,val_conf_maj,test_acc_maj,test_conf_maj,val_acc_lin,val_conf_lin,test_acc_lin,test_conf_lin,val_nld,val_conf_nld,test_nld,test_conf_nld,val_mse,val_conf_mse,test_mse,test_conf_mse,val_svm,val_conf_svm,test_svm,test_conf_svm,val_mvm,val_conf_mvm,test_mvm,test_conf_mvm
0,5,0.37032002,0.0075704516098308305,0.41084003,0.008118133511612613,0.37004003,0.007587817432015531,0.41066667,0.008142767802690243,0.3698534,0.00759803069291165,0.4106267,0.008153078499859301,0.36981335,0.007615260289027537,0.41045338,0.008200380808790597,0.36954668,0.007616563441455448,0.40994668,0.00820755230319381,0.36980006,0.007634109820904289,0.41008002,0.008206759883078174,0.36945337,0.007638117638027686,0.40968,0.00820811198453425,0.36896002,0.007634809422579825,0.4096667,0.008227762710409037,0.36869335,0.007651735165294715,0.4093067,0.008238283980755712,0.36872002,0.00766259954062154,0.4087467,0.008225531373579953,0.3683467,0.007656880816430289,0.40805337,0.008199540363213353,0.37268007,0.007500583798935034,0.41501337,0.00796263260849922,0.3661867,0.007137058761966131,0.40766668,0.007838303000634317,4.512891,0.011892154376028863,4.6106033,0.013888596825571753,0.23362339,0.0011878562246842583,0.22621612,0.001251581394333956,,,,,,,,
