,shots,val_acc,val_conf,test_acc,test_conf,val_acc_me1,val_conf_me1,test_acc_me1,test_conf_me1,val_acc_me2,val_conf_me2,test_acc_me2,test_conf_me2,val_acc_me3,val_conf_me3,test_acc_me3,test_conf_me3,val_acc_me4,val_conf_me4,test_acc_me4,test_conf_me4,val_acc_me5,val_conf_me5,test_acc_me5,test_conf_me5,val_acc_me6,val_conf_me6,test_acc_me6,test_conf_me6,val_acc_me7,val_conf_me7,test_acc_me7,test_conf_me7,val_acc_me8,val_conf_me8,test_acc_me8,test_conf_me8,val_acc_me9,val_conf_me9,test_acc_me9,test_conf_me9,val_acc_med,val_conf_med,test_acc_med,test_conf_med,val_acc_maj,val_conf_maj,test_acc_maj,test_conf_maj,val_acc_lin,val_conf_lin,test_acc_lin,test_conf_lin,val_nld,val_conf_nld,test_nld,test_conf_nld,val_mse,val_conf_mse,test_mse,test_conf_mse,val_svm,val_conf_svm,test_svm,test_conf_svm,val_mvm,val_conf_mvm,test_mvm,test_conf_mvm
0,5,0.83153343,0.004185454993552051,0.8188268,0.004183043561242106,0.83160007,0.004185563050840613,0.8187068,0.004173089822551712,0.8314668,0.004195130738705366,0.8186668,0.004173696605787147,0.8316267,0.004188380390657276,0.81858677,0.004168842801687167,0.83153343,0.004191982762057234,0.81828016,0.004165939108396244,0.83160007,0.004199910657479933,0.8183868,0.004174627099104766,0.8313468,0.004225768212477332,0.8182934,0.004184298226425187,0.8311468,0.004227167415828403,0.81814677,0.004186997811504556,0.83109343,0.004209557772069661,0.8180134,0.004199642361391809,0.83068013,0.004223551652713264,0.8176534,0.004201694988089977,0.8303201,0.004225697559634867,0.81745344,0.004219917880050161,0.83078676,0.00415724603807166,0.8184801,0.004220524201502207,0.8230535,0.004175134598934038,0.8116001,0.004218587944191721,5.0700474,0.014304699583710168,5.0361104,0.015493511699792961,0.13443552,0.0010273529386992386,0.13877423,0.0009742981953970165,,,,,,,,
