,shots,val_acc,val_conf,test_acc,test_conf,val_acc_me1,val_conf_me1,test_acc_me1,test_conf_me1,val_acc_me2,val_conf_me2,test_acc_me2,test_conf_me2,val_acc_me3,val_conf_me3,test_acc_me3,test_conf_me3,val_acc_me4,val_conf_me4,test_acc_me4,test_conf_me4,val_acc_me5,val_conf_me5,test_acc_me5,test_conf_me5,val_acc_me6,val_conf_me6,test_acc_me6,test_conf_me6,val_acc_me7,val_conf_me7,test_acc_me7,test_conf_me7,val_acc_me8,val_conf_me8,test_acc_me8,test_conf_me8,val_acc_me9,val_conf_me9,test_acc_me9,test_conf_me9,val_acc_med,val_conf_med,test_acc_med,test_conf_med,val_acc_maj,val_conf_maj,test_acc_maj,test_conf_maj,val_acc_lin,val_conf_lin,test_acc_lin,test_conf_lin,val_nld,val_conf_nld,test_nld,test_conf_nld,val_mse,val_conf_mse,test_mse,test_conf_mse,val_svm,val_conf_svm,test_svm,test_conf_svm,val_mvm,val_conf_mvm,test_mvm,test_conf_mvm
0,5,0.4119734,0.004804424228045223,0.4194267,0.00524394771079062,0.41278675,0.004806111584165607,0.41900006,0.005264648993636933,0.41316003,0.004834157991929988,0.41884002,0.005259326017720223,0.41334674,0.004880472546416437,0.4180667,0.005241785179670833,0.41273338,0.004929667705029506,0.41740006,0.005222382431419592,0.4115067,0.004889095425681833,0.4166534,0.005235261567215266,0.41065338,0.004898620167701262,0.41612005,0.005239981454162823,0.40977338,0.004925973438756115,0.4151867,0.005246914668391445,0.4085334,0.004978476351033767,0.4146534,0.005248316180658907,0.40781343,0.004991107509205839,0.41340005,0.005253379172586614,0.40601337,0.005015495669793035,0.41256005,0.0052506237117299626,0.41244006,0.004824793026926899,0.42153338,0.005236291805722271,0.40558672,0.0047046291660685635,0.41701338,0.005131122971667623,9.786992,0.010285070967505305,9.720422,0.008825419260988454,0.22854614,0.0009377695791001062,0.22648224,0.0010925044414679397,,,,,,,,
