,shots,val_acc,val_conf,test_acc,test_conf,val_acc_me1,val_conf_me1,test_acc_me1,test_conf_me1,val_acc_me2,val_conf_me2,test_acc_me2,test_conf_me2,val_acc_me3,val_conf_me3,test_acc_me3,test_conf_me3,val_acc_me4,val_conf_me4,test_acc_me4,test_conf_me4,val_acc_me5,val_conf_me5,test_acc_me5,test_conf_me5,val_acc_me6,val_conf_me6,test_acc_me6,test_conf_me6,val_acc_me7,val_conf_me7,test_acc_me7,test_conf_me7,val_acc_me8,val_conf_me8,test_acc_me8,test_conf_me8,val_acc_me9,val_conf_me9,test_acc_me9,test_conf_me9,val_acc_med,val_conf_med,test_acc_med,test_conf_med,val_acc_maj,val_conf_maj,test_acc_maj,test_conf_maj,val_acc_lin,val_conf_lin,test_acc_lin,test_conf_lin,val_nld,val_conf_nld,test_nld,test_conf_nld,val_mse,val_conf_mse,test_mse,test_conf_mse,val_svm,val_conf_svm,test_svm,test_conf_svm,val_mvm,val_conf_mvm,test_mvm,test_conf_mvm
0,5,0.3626667,0.007227541502234092,0.37654668,0.007094799588281353,0.36245337,0.007261047573767332,0.37640002,0.007113187798657217,0.36248004,0.007262425073304046,0.37616003,0.007130080292975682,0.3627867,0.007274271661676268,0.37600002,0.007153767466537453,0.36273336,0.0073270668827727925,0.37576005,0.007174420262138936,0.36241338,0.007343062132170064,0.3752934,0.007201075316868144,0.36210668,0.007336766178873633,0.3754667,0.007208903005318179,0.36208004,0.007323739272427021,0.3753067,0.0072034807459954164,0.36212003,0.007333536466584134,0.37517336,0.007233353506648721,0.3620267,0.007332285957450557,0.37484002,0.007255966110508272,0.36201337,0.007354501889468956,0.3746667,0.007273739687332914,0.36600006,0.007275877743938619,0.3789467,0.006987167602188926,0.3564267,0.006926064899810069,0.37108,0.00661551148515227,4.4867816,0.011145303958432606,4.437173,0.010792576338213955,0.2355102,0.0010943578086789751,0.23314011,0.001030977822034207,,,,,,,,
