,shots,val_acc,val_conf,test_acc,test_conf,val_acc_me1,val_conf_me1,test_acc_me1,test_conf_me1,val_acc_me2,val_conf_me2,test_acc_me2,test_conf_me2,val_acc_me3,val_conf_me3,test_acc_me3,test_conf_me3,val_acc_me4,val_conf_me4,test_acc_me4,test_conf_me4,val_acc_me5,val_conf_me5,test_acc_me5,test_conf_me5,val_acc_me6,val_conf_me6,test_acc_me6,test_conf_me6,val_acc_me7,val_conf_me7,test_acc_me7,test_conf_me7,val_acc_me8,val_conf_me8,test_acc_me8,test_conf_me8,val_acc_me9,val_conf_me9,test_acc_me9,test_conf_me9,val_acc_med,val_conf_med,test_acc_med,test_conf_med,val_acc_maj,val_conf_maj,test_acc_maj,test_conf_maj,val_acc_lin,val_conf_lin,test_acc_lin,test_conf_lin,val_nld,val_conf_nld,test_nld,test_conf_nld,val_mse,val_conf_mse,test_mse,test_conf_mse,val_svm,val_conf_svm,test_svm,test_conf_svm,val_mvm,val_conf_mvm,test_mvm,test_conf_mvm
0,5,0.7724268,0.005639125682973312,0.83689344,0.005015571402251617,0.77248013,0.005652234786844512,0.8365067,0.005028003070044917,0.77228016,0.005674858011719519,0.83630675,0.005025209281175669,0.7722001,0.005691398165392214,0.83601344,0.0050392913624265345,0.7720268,0.005691795299016533,0.8353601,0.00504873113632176,0.7720934,0.005682898120480395,0.83528006,0.005048446216035396,0.77188015,0.005677649029889098,0.8350135,0.005032268100457538,0.77156013,0.005675493425518652,0.83461344,0.005040999498794774,0.77109337,0.0056696163096608965,0.8346134,0.005027556525609156,0.7709734,0.005659714290698337,0.8344668,0.005014349061898349,0.77057344,0.005661916535180556,0.83416015,0.00500980603794865,0.7742935,0.005601018864579865,0.8374934,0.004974510556189249,0.76309353,0.005486920527159156,0.8299201,0.005075037082888034,4.613162,0.011181508691478825,4.750709,0.0128698022319238,0.15173252,0.0012589153210074144,0.1361074,0.0011356077549961874,,,,,,,,
