,shots,val_acc,val_conf,test_acc,test_conf,val_acc_me1,val_conf_me1,test_acc_me1,test_conf_me1,val_acc_me2,val_conf_me2,test_acc_me2,test_conf_me2,val_acc_me3,val_conf_me3,test_acc_me3,test_conf_me3,val_acc_me4,val_conf_me4,test_acc_me4,test_conf_me4,val_acc_me5,val_conf_me5,test_acc_me5,test_conf_me5,val_acc_me6,val_conf_me6,test_acc_me6,test_conf_me6,val_acc_me7,val_conf_me7,test_acc_me7,test_conf_me7,val_acc_me8,val_conf_me8,test_acc_me8,test_conf_me8,val_acc_me9,val_conf_me9,test_acc_me9,test_conf_me9,val_acc_med,val_conf_med,test_acc_med,test_conf_med,val_acc_maj,val_conf_maj,test_acc_maj,test_conf_maj,val_acc_lin,val_conf_lin,test_acc_lin,test_conf_lin,val_nld,val_conf_nld,test_nld,test_conf_nld,val_mse,val_conf_mse,test_mse,test_conf_mse,val_svm,val_conf_svm,test_svm,test_conf_svm,val_mvm,val_conf_mvm,test_mvm,test_conf_mvm
0,5,0.55428004,0.007503424689699223,0.6141734,0.007714468886233283,0.55488,0.007531051336458372,0.6150934,0.007701055928961087,0.55524004,0.007558731550078468,0.6153867,0.007710447215611427,0.55552,0.007546129484253261,0.6158934,0.007729788084902545,0.55601335,0.007566417471060238,0.61628,0.007756054779889721,0.5562001,0.007579514106782703,0.61652005,0.007758686944609572,0.55628,0.0075846251241720175,0.6166001,0.007791529895346705,0.5563867,0.0075999503260240076,0.6168934,0.007793755690776449,0.55641335,0.007592709564128053,0.6169467,0.0077839187832569046,0.55634665,0.007588849979438983,0.6166268,0.007806300495474372,0.55614674,0.007613337423432176,0.61646676,0.007804977948148495,0.55469334,0.007390451256358732,0.61614674,0.0075583210247387456,0.54144007,0.007205390219875429,0.6009867,0.007237112422581959,4.349817,0.009670806842894564,4.4454737,0.011640434460691296,0.20345831,0.001201426765502167,0.19386075,0.001229875501952915,,,,,,,,
