,shots,val_acc,val_conf,test_acc,test_conf,val_acc_me1,val_conf_me1,test_acc_me1,test_conf_me1,val_acc_me2,val_conf_me2,test_acc_me2,test_conf_me2,val_acc_me3,val_conf_me3,test_acc_me3,test_conf_me3,val_acc_me4,val_conf_me4,test_acc_me4,test_conf_me4,val_acc_me5,val_conf_me5,test_acc_me5,test_conf_me5,val_acc_me6,val_conf_me6,test_acc_me6,test_conf_me6,val_acc_me7,val_conf_me7,test_acc_me7,test_conf_me7,val_acc_me8,val_conf_me8,test_acc_me8,test_conf_me8,val_acc_me9,val_conf_me9,test_acc_me9,test_conf_me9,val_acc_med,val_conf_med,test_acc_med,test_conf_med,val_acc_maj,val_conf_maj,test_acc_maj,test_conf_maj,val_acc_lin,val_conf_lin,test_acc_lin,test_conf_lin,val_nld,val_conf_nld,test_nld,test_conf_nld,val_mse,val_conf_mse,test_mse,test_conf_mse,val_svm,val_conf_svm,test_svm,test_conf_svm,val_mvm,val_conf_mvm,test_mvm,test_conf_mvm
0,5,0.6562267,0.006641679358516672,0.72122675,0.006144990799456518,0.6566001,0.006630093215916677,0.72141343,0.006148395989394095,0.6566267,0.006638183197272163,0.72174674,0.006157677371622761,0.6566001,0.00663843948699494,0.7226001,0.006147629429142376,0.65692,0.006643363482154108,0.7230268,0.0061600989631649394,0.6571867,0.006638156875624968,0.7233601,0.006169581221122211,0.65726674,0.006654946854054322,0.7234668,0.006175888257217488,0.6573867,0.00666539654799192,0.7233334,0.006174177811932857,0.6574667,0.006664387089732715,0.72306675,0.006193501595242568,0.65736014,0.0066879837537707765,0.7231468,0.006191139111960675,0.6573068,0.006690559119146622,0.72313344,0.006198613997981606,0.6553468,0.006646015503555036,0.7205735,0.006136509225876163,0.6449334,0.006531204172743554,0.7091868,0.006180252109252993,4.2484503,0.0074506253125532496,4.331632,0.009193381111750831,0.1842993,0.0012049388582699716,0.1741289,0.001103067156864368,,,,,,,,
