,shots,val_acc,val_conf,test_acc,test_conf,val_acc_me1,val_conf_me1,test_acc_me1,test_conf_me1,val_acc_me2,val_conf_me2,test_acc_me2,test_conf_me2,val_acc_me3,val_conf_me3,test_acc_me3,test_conf_me3,val_acc_me4,val_conf_me4,test_acc_me4,test_conf_me4,val_acc_me5,val_conf_me5,test_acc_me5,test_conf_me5,val_acc_me6,val_conf_me6,test_acc_me6,test_conf_me6,val_acc_me7,val_conf_me7,test_acc_me7,test_conf_me7,val_acc_me8,val_conf_me8,test_acc_me8,test_conf_me8,val_acc_me9,val_conf_me9,test_acc_me9,test_conf_me9,val_acc_med,val_conf_med,test_acc_med,test_conf_med,val_acc_maj,val_conf_maj,test_acc_maj,test_conf_maj,val_acc_lin,val_conf_lin,test_acc_lin,test_conf_lin,val_nld,val_conf_nld,test_nld,test_conf_nld,val_mse,val_conf_mse,test_mse,test_conf_mse,val_svm,val_conf_svm,test_svm,test_conf_svm,val_mvm,val_conf_mvm,test_mvm,test_conf_mvm
0,5,0.49656004,0.006415586568317866,0.55932003,0.006045897648071841,0.49778667,0.0064772526463035,0.5603867,0.006059437595747119,0.49913335,0.006488500301756184,0.5610133,0.006087018525961163,0.50002664,0.006561742824892747,0.56118673,0.006095708363802799,0.50012004,0.006614657647859845,0.5611067,0.0060968872965272425,0.4996667,0.006611425626653844,0.56026673,0.006055343425149684,0.50030667,0.006616907917803672,0.55965334,0.006080225693850916,0.50020003,0.006654731201260589,0.55918664,0.006070658929552608,0.4998667,0.006648160025126804,0.55880004,0.006074409533386671,0.4986267,0.006676248916953398,0.55825335,0.006085087348266738,0.4976267,0.0066885725274581365,0.5568933,0.00615050495365288,0.49862668,0.006381181866513708,0.5606134,0.006011396895344467,0.4998667,0.006380351118385419,0.56265336,0.006087870977903753,10.131793,0.012798835376811368,10.204597,0.01436138717610902,0.20976067,0.0011468214693774736,0.19136468,0.0013696682694259443,,,,,,,,
