,shots,val_acc,val_conf,test_acc,test_conf,val_acc_me1,val_conf_me1,test_acc_me1,test_conf_me1,val_acc_me2,val_conf_me2,test_acc_me2,test_conf_me2,val_acc_me3,val_conf_me3,test_acc_me3,test_conf_me3,val_acc_me4,val_conf_me4,test_acc_me4,test_conf_me4,val_acc_me5,val_conf_me5,test_acc_me5,test_conf_me5,val_acc_me6,val_conf_me6,test_acc_me6,test_conf_me6,val_acc_me7,val_conf_me7,test_acc_me7,test_conf_me7,val_acc_me8,val_conf_me8,test_acc_me8,test_conf_me8,val_acc_me9,val_conf_me9,test_acc_me9,test_conf_me9,val_acc_med,val_conf_med,test_acc_med,test_conf_med,val_acc_maj,val_conf_maj,test_acc_maj,test_conf_maj,val_acc_lin,val_conf_lin,test_acc_lin,test_conf_lin,val_nld,val_conf_nld,test_nld,test_conf_nld,val_mse,val_conf_mse,test_mse,test_conf_mse,val_svm,val_conf_svm,test_svm,test_conf_svm,val_mvm,val_conf_mvm,test_mvm,test_conf_mvm
0,5,0.5580667,0.00567493004991193,0.5927334,0.006212064359699787,0.5578,0.005682261321331428,0.5926667,0.0062015754141830914,0.5572934,0.005677930717692514,0.59256005,0.006200645844432029,0.5568667,0.005685990221351189,0.59226674,0.006197942103303156,0.55653334,0.005703553686781548,0.59188,0.006196977899805778,0.55604005,0.0056868925458885,0.5916667,0.006180754529466093,0.55564004,0.005679993041839637,0.59160006,0.006186764638909659,0.5553867,0.005691788372267359,0.5910134,0.006205554600742791,0.55478674,0.0056953805844348615,0.5906,0.006225036313935561,0.55449337,0.005712178874963336,0.59029335,0.006228661774499655,0.5536267,0.005697144596580439,0.59002674,0.006244252963523267,0.5592,0.005661448286930382,0.59294677,0.006109043279699855,0.56400007,0.00555291813235026,0.59156007,0.005930823100788407,5.0549803,0.013129107399486806,4.9300117,0.011628563859588326,0.19780162,0.0009613911794355556,0.18921459,0.0010748150246468469,,,,,,,,
