,shots,val_acc,val_conf,test_acc,test_conf,val_acc_me1,val_conf_me1,test_acc_me1,test_conf_me1,val_acc_me2,val_conf_me2,test_acc_me2,test_conf_me2,val_acc_me3,val_conf_me3,test_acc_me3,test_conf_me3,val_acc_me4,val_conf_me4,test_acc_me4,test_conf_me4,val_acc_me5,val_conf_me5,test_acc_me5,test_conf_me5,val_acc_me6,val_conf_me6,test_acc_me6,test_conf_me6,val_acc_me7,val_conf_me7,test_acc_me7,test_conf_me7,val_acc_me8,val_conf_me8,test_acc_me8,test_conf_me8,val_acc_me9,val_conf_me9,test_acc_me9,test_conf_me9,val_acc_med,val_conf_med,test_acc_med,test_conf_med,val_acc_maj,val_conf_maj,test_acc_maj,test_conf_maj,val_acc_lin,val_conf_lin,test_acc_lin,test_conf_lin,val_nld,val_conf_nld,test_nld,test_conf_nld,val_mse,val_conf_mse,test_mse,test_conf_mse,val_svm,val_conf_svm,test_svm,test_conf_svm,val_mvm,val_conf_mvm,test_mvm,test_conf_mvm
0,5,0.3803734,0.00544571606649541,0.41025338,0.005859351516546651,0.38033336,0.005434290624478311,0.41040006,0.005850942904725098,0.3805334,0.005451686924359822,0.4103867,0.005866727580944753,0.3806667,0.005468908208376588,0.41056007,0.005883981189791443,0.3806134,0.005483537041035991,0.41102675,0.0059093894296533556,0.38077337,0.005494543183831024,0.4109734,0.0059177472453136315,0.38070673,0.005495199839661125,0.41136006,0.005918464856537242,0.38076007,0.005501762241912567,0.41152006,0.005918892467858428,0.3804267,0.005526075593607682,0.41173336,0.005929629852782059,0.38012004,0.0055000947424733715,0.4119867,0.005949839798214007,0.37985337,0.005517093908730453,0.41193336,0.005955649031928967,0.3808667,0.0054096036901062905,0.40910676,0.00578401619156621,0.37306672,0.00528972982915038,0.3999734,0.005723510574973778,4.856324,0.013113787277251099,4.7249055,0.01204255165028556,0.23291081,0.0008174370518971852,0.22689389,0.0009110822572639399,,,,,,,,
