,shots,val_acc,val_conf,test_acc,test_conf,val_acc_me1,val_conf_me1,test_acc_me1,test_conf_me1,val_acc_me2,val_conf_me2,test_acc_me2,test_conf_me2,val_acc_me3,val_conf_me3,test_acc_me3,test_conf_me3,val_acc_me4,val_conf_me4,test_acc_me4,test_conf_me4,val_acc_me5,val_conf_me5,test_acc_me5,test_conf_me5,val_acc_me6,val_conf_me6,test_acc_me6,test_conf_me6,val_acc_me7,val_conf_me7,test_acc_me7,test_conf_me7,val_acc_me8,val_conf_me8,test_acc_me8,test_conf_me8,val_acc_me9,val_conf_me9,test_acc_me9,test_conf_me9,val_acc_med,val_conf_med,test_acc_med,test_conf_med,val_acc_maj,val_conf_maj,test_acc_maj,test_conf_maj,val_acc_lin,val_conf_lin,test_acc_lin,test_conf_lin,val_nld,val_conf_nld,test_nld,test_conf_nld,val_mse,val_conf_mse,test_mse,test_conf_mse,val_svm,val_conf_svm,test_svm,test_conf_svm,val_mvm,val_conf_mvm,test_mvm,test_conf_mvm
0,5,0.28305334,0.005493542961237496,0.3030267,0.006579974490735219,0.28344002,0.0055417923876845965,0.30309334,0.0066395311426786785,0.28296003,0.005529769859881073,0.3030267,0.0066542537173447935,0.28290668,0.005522208620385993,0.30322668,0.006625991656786623,0.28276002,0.005517358510552295,0.30232003,0.006645888513151954,0.28272003,0.005535185654237884,0.3017867,0.006660085116657333,0.28273335,0.005603590535689429,0.3014267,0.006641197718551262,0.28268,0.005590743262940401,0.30074668,0.006597839500650127,0.28204003,0.005610577316778997,0.30032,0.006610600419925061,0.28169337,0.0056360626744493825,0.29994673,0.006630248836883457,0.28161335,0.005666152935029589,0.3002267,0.006641463705722939,0.28292003,0.0054846060693388154,0.30496,0.006508478893762715,0.27904,0.005283601503186075,0.30006668,0.006101923505024476,8.094146,0.01357853982794488,8.217412,0.016270828731345333,0.25630915,0.0011841429098504164,0.25212532,0.001356058015245576,,,,,,,,
