,shots,val_acc,val_conf,test_acc,test_conf,val_acc_me1,val_conf_me1,test_acc_me1,test_conf_me1,val_acc_me2,val_conf_me2,test_acc_me2,test_conf_me2,val_acc_me3,val_conf_me3,test_acc_me3,test_conf_me3,val_acc_me4,val_conf_me4,test_acc_me4,test_conf_me4,val_acc_me5,val_conf_me5,test_acc_me5,test_conf_me5,val_acc_me6,val_conf_me6,test_acc_me6,test_conf_me6,val_acc_me7,val_conf_me7,test_acc_me7,test_conf_me7,val_acc_me8,val_conf_me8,test_acc_me8,test_conf_me8,val_acc_me9,val_conf_me9,test_acc_me9,test_conf_me9,val_acc_med,val_conf_med,test_acc_med,test_conf_med,val_acc_maj,val_conf_maj,test_acc_maj,test_conf_maj,val_acc_lin,val_conf_lin,test_acc_lin,test_conf_lin,val_nld,val_conf_nld,test_nld,test_conf_nld,val_mse,val_conf_mse,test_mse,test_conf_mse,val_svm,val_conf_svm,test_svm,test_conf_svm,val_mvm,val_conf_mvm,test_mvm,test_conf_mvm
0,5,0.3857067,0.005852532824572487,0.42780006,0.006358665313577261,0.38570672,0.005872006687449471,0.42822668,0.0063635842291203115,0.38625336,0.005863689970501462,0.4283734,0.006396281256339675,0.38632002,0.005857116023667952,0.42856005,0.006418590930364787,0.3862267,0.005856450132172175,0.4287334,0.00642323000523759,0.38645336,0.005847094402834763,0.42913336,0.006428857296338575,0.3864,0.005887051125064657,0.42960003,0.006436658663141415,0.38644004,0.005891643098042465,0.42981336,0.006454620185762705,0.38676003,0.005883993657940123,0.42985338,0.006471309495436117,0.38662672,0.005867592039252745,0.42990667,0.006506710725567633,0.3868667,0.0058596516756813655,0.43038672,0.006507299499254937,0.38713336,0.0057773503498591006,0.42766672,0.006201237850602337,0.38365337,0.0055908859539751665,0.41960004,0.0061591906354449555,5.1642156,0.014874059901767822,5.004795,0.012335635341520046,0.23092031,0.0008844162351817342,0.22381705,0.0009871099108331727,,,,,,,,
