,shots,val_acc,val_conf,test_acc,test_conf,val_acc_me1,val_conf_me1,test_acc_me1,test_conf_me1,val_acc_me2,val_conf_me2,test_acc_me2,test_conf_me2,val_acc_me3,val_conf_me3,test_acc_me3,test_conf_me3,val_acc_me4,val_conf_me4,test_acc_me4,test_conf_me4,val_acc_me5,val_conf_me5,test_acc_me5,test_conf_me5,val_acc_me6,val_conf_me6,test_acc_me6,test_conf_me6,val_acc_me7,val_conf_me7,test_acc_me7,test_conf_me7,val_acc_me8,val_conf_me8,test_acc_me8,test_conf_me8,val_acc_me9,val_conf_me9,test_acc_me9,test_conf_me9,val_acc_med,val_conf_med,test_acc_med,test_conf_med,val_acc_maj,val_conf_maj,test_acc_maj,test_conf_maj,val_acc_lin,val_conf_lin,test_acc_lin,test_conf_lin,val_nld,val_conf_nld,test_nld,test_conf_nld,val_mse,val_conf_mse,test_mse,test_conf_mse,val_svm,val_conf_svm,test_svm,test_conf_svm,val_mvm,val_conf_mvm,test_mvm,test_conf_mvm
0,5,0.7238001,0.005911396801589697,0.7194668,0.005659033160354099,0.72481346,0.0059027693044914065,0.72029346,0.005649670504267457,0.72549343,0.005902281661343323,0.7207868,0.005668997520060115,0.7259067,0.005907288315710302,0.7214934,0.005647609565470169,0.7265201,0.005920993120018148,0.7217868,0.005638438087663178,0.7273467,0.0059286961269814364,0.7222001,0.0056436326878268606,0.7276401,0.005929806715779917,0.72266674,0.005654175200204614,0.7278002,0.005920929393924856,0.72328013,0.005634159203751987,0.7280668,0.005909152534828599,0.72361344,0.005626514381482539,0.7282667,0.005908263140223302,0.7240001,0.00561644796767069,0.72872007,0.005898227665891542,0.7242535,0.005591271543017529,0.7220801,0.005831050666192605,0.71953344,0.005600344660984913,0.7042401,0.005885615440834102,0.7034268,0.005742943800921774,4.5513625,0.01094600475794838,4.534668,0.01125806774216187,0.1711316,0.0011347882051125913,0.17167234,0.001034679015056883,,,,,,,,
