,shots,val_acc,val_conf,test_acc,test_conf,val_acc_me1,val_conf_me1,test_acc_me1,test_conf_me1,val_acc_me2,val_conf_me2,test_acc_me2,test_conf_me2,val_acc_me3,val_conf_me3,test_acc_me3,test_conf_me3,val_acc_me4,val_conf_me4,test_acc_me4,test_conf_me4,val_acc_me5,val_conf_me5,test_acc_me5,test_conf_me5,val_acc_me6,val_conf_me6,test_acc_me6,test_conf_me6,val_acc_me7,val_conf_me7,test_acc_me7,test_conf_me7,val_acc_me8,val_conf_me8,test_acc_me8,test_conf_me8,val_acc_me9,val_conf_me9,test_acc_me9,test_conf_me9,val_acc_med,val_conf_med,test_acc_med,test_conf_med,val_acc_maj,val_conf_maj,test_acc_maj,test_conf_maj,val_acc_lin,val_conf_lin,test_acc_lin,test_conf_lin,val_nld,val_conf_nld,test_nld,test_conf_nld,val_mse,val_conf_mse,test_mse,test_conf_mse,val_svm,val_conf_svm,test_svm,test_conf_svm,val_mvm,val_conf_mvm,test_mvm,test_conf_mvm
0,5,0.30976003,0.00455631222550712,0.36033338,0.005104176993469434,0.3095067,0.004562568465441119,0.3609334,0.005119604249427145,0.31000006,0.0045601607273974,0.36153334,0.005124587814629988,0.30964002,0.004536546515594542,0.36216003,0.0051586230898068575,0.30890667,0.0045640775732138095,0.3616534,0.005186829736370913,0.30837336,0.004524350357276163,0.3609734,0.005211879632404326,0.30844003,0.00450661464668084,0.36052006,0.00523411773002036,0.3083467,0.004531635912150611,0.3606667,0.005273414563937151,0.30769336,0.004514628895577688,0.36061338,0.005303170955202885,0.30689338,0.004547341161645402,0.35980004,0.0053347167566947795,0.3061067,0.004554966127233717,0.35880005,0.005354996893185915,0.31036004,0.004543096911480582,0.36069337,0.005122821031784741,0.30648005,0.004463976810703041,0.3487867,0.005014140335853956,9.553752,0.012382040867313648,9.538346,0.012380293479365534,0.24770728,0.0008419270934214296,0.24016726,0.0009304075413692214,,,,,,,,
