,shots,val_acc,val_conf,test_acc,test_conf,val_acc_me1,val_conf_me1,test_acc_me1,test_conf_me1,val_acc_me2,val_conf_me2,test_acc_me2,test_conf_me2,val_acc_me3,val_conf_me3,test_acc_me3,test_conf_me3,val_acc_me4,val_conf_me4,test_acc_me4,test_conf_me4,val_acc_me5,val_conf_me5,test_acc_me5,test_conf_me5,val_acc_me6,val_conf_me6,test_acc_me6,test_conf_me6,val_acc_me7,val_conf_me7,test_acc_me7,test_conf_me7,val_acc_me8,val_conf_me8,test_acc_me8,test_conf_me8,val_acc_me9,val_conf_me9,test_acc_me9,test_conf_me9,val_acc_med,val_conf_med,test_acc_med,test_conf_med,val_acc_maj,val_conf_maj,test_acc_maj,test_conf_maj,val_acc_lin,val_conf_lin,test_acc_lin,test_conf_lin,val_nld,val_conf_nld,test_nld,test_conf_nld,val_mse,val_conf_mse,test_mse,test_conf_mse,val_svm,val_conf_svm,test_svm,test_conf_svm,val_mvm,val_conf_mvm,test_mvm,test_conf_mvm
0,5,0.55888003,0.0054153607423100825,0.5952534,0.005897473112005169,0.5585466,0.0054048842649420115,0.59513336,0.0059014421393326355,0.5583334,0.005401357626000802,0.5949867,0.005904965545790897,0.55796003,0.005414770121489609,0.59440005,0.00589923065918474,0.5576267,0.00537896898703405,0.59434676,0.005893354466893652,0.55688,0.005378647124084979,0.5937067,0.005882846588262214,0.5566667,0.0054017450621761665,0.59290665,0.005900005531535579,0.5566934,0.005417225884994936,0.5923334,0.005905066676330173,0.55612,0.005425662665596742,0.59201336,0.005907140545059364,0.55576,0.005418764085114436,0.5912267,0.00590961847416227,0.5555067,0.0054244726500735085,0.5907334,0.005890903321221219,0.56,0.005476183604018803,0.5969468,0.00596153353631923,0.56405336,0.0054103494701102095,0.5963467,0.005760828205734536,4.9974623,0.01247021099689416,4.889978,0.011370592322149875,0.19788812,0.0009346615467059616,0.18881263,0.0010236701015621241,,,,,,,,
