,shots,val_acc,val_conf,test_acc,test_conf,val_acc_me1,val_conf_me1,test_acc_me1,test_conf_me1,val_acc_me2,val_conf_me2,test_acc_me2,test_conf_me2,val_acc_me3,val_conf_me3,test_acc_me3,test_conf_me3,val_acc_me4,val_conf_me4,test_acc_me4,test_conf_me4,val_acc_me5,val_conf_me5,test_acc_me5,test_conf_me5,val_acc_me6,val_conf_me6,test_acc_me6,test_conf_me6,val_acc_me7,val_conf_me7,test_acc_me7,test_conf_me7,val_acc_me8,val_conf_me8,test_acc_me8,test_conf_me8,val_acc_me9,val_conf_me9,test_acc_me9,test_conf_me9,val_acc_med,val_conf_med,test_acc_med,test_conf_med,val_acc_maj,val_conf_maj,test_acc_maj,test_conf_maj,val_acc_lin,val_conf_lin,test_acc_lin,test_conf_lin,val_nld,val_conf_nld,test_nld,test_conf_nld,val_mse,val_conf_mse,test_mse,test_conf_mse,val_svm,val_conf_svm,test_svm,test_conf_svm,val_mvm,val_conf_mvm,test_mvm,test_conf_mvm
0,5,0.26030666,0.005257443789053962,0.29233336,0.006466316232784319,0.26085335,0.005277457476590142,0.2922,0.006469190833728322,0.26030672,0.005269392431531961,0.29157335,0.006485697277221203,0.26106665,0.005325022078426778,0.29084003,0.006478391403882233,0.26149336,0.005341931658726762,0.2908,0.006519513205338112,0.26174667,0.005340100226221722,0.28988,0.006481761036506883,0.26157337,0.005341459254427028,0.28894666,0.006481911116074213,0.26134667,0.005358946525615471,0.28836003,0.006482812978828245,0.26162672,0.005370753400625317,0.28790668,0.0065059437035325796,0.26141337,0.005334972122850945,0.28733337,0.006488591273063116,0.26072004,0.005356859265170988,0.2867467,0.0064667701657527,0.26158667,0.005233357634734592,0.29350668,0.006302353612771705,0.26404002,0.005181526617135446,0.2980267,0.006218011204833451,8.015831,0.01567982740145979,8.147119,0.019287108481192305,0.25875127,0.001082060519821404,0.25063202,0.0013066983463375093,,,,,,,,
