,shots,val_acc,val_conf,test_acc,test_conf,val_acc_me1,val_conf_me1,test_acc_me1,test_conf_me1,val_acc_me2,val_conf_me2,test_acc_me2,test_conf_me2,val_acc_me3,val_conf_me3,test_acc_me3,test_conf_me3,val_acc_me4,val_conf_me4,test_acc_me4,test_conf_me4,val_acc_me5,val_conf_me5,test_acc_me5,test_conf_me5,val_acc_me6,val_conf_me6,test_acc_me6,test_conf_me6,val_acc_me7,val_conf_me7,test_acc_me7,test_conf_me7,val_acc_me8,val_conf_me8,test_acc_me8,test_conf_me8,val_acc_me9,val_conf_me9,test_acc_me9,test_conf_me9,val_acc_med,val_conf_med,test_acc_med,test_conf_med,val_acc_maj,val_conf_maj,test_acc_maj,test_conf_maj,val_acc_lin,val_conf_lin,test_acc_lin,test_conf_lin,val_nld,val_conf_nld,test_nld,test_conf_nld,val_mse,val_conf_mse,test_mse,test_conf_mse,val_svm,val_conf_svm,test_svm,test_conf_svm,val_mvm,val_conf_mvm,test_mvm,test_conf_mvm
0,5,0.5785467,0.007319931869248952,0.5786267,0.007588420520984629,0.57861334,0.00732483646951021,0.5790134,0.007597024928918672,0.5788401,0.007355349261795485,0.5797201,0.00760264852575343,0.5790934,0.00737303048196325,0.58006674,0.007632639964710752,0.5796134,0.007383953041983804,0.5803867,0.007652908094836541,0.5799867,0.007383899475122857,0.5808,0.007677310570705531,0.58036,0.0074048515062925535,0.58089346,0.0076947036381039835,0.5806267,0.007423777232411166,0.58130676,0.007706727551257342,0.58121336,0.007451897987284406,0.58169335,0.007726636413988075,0.58138674,0.007465713157797094,0.58168006,0.007746705053734981,0.5815601,0.007461459671966542,0.5819334,0.00775970379140134,0.5782933,0.0072139849303605175,0.57980007,0.007430955191780386,0.5521867,0.0069467823450712896,0.55290675,0.00718404244043136,22.68138,0.02602423844454904,22.580067,0.027091347576085667,0.19436581,0.0014350171845486093,0.19439131,0.0014423793954482234,,,,,,,,
