,shots,val_acc,val_conf,test_acc,test_conf,val_acc_me1,val_conf_me1,test_acc_me1,test_conf_me1,val_acc_me2,val_conf_me2,test_acc_me2,test_conf_me2,val_acc_me3,val_conf_me3,test_acc_me3,test_conf_me3,val_acc_me4,val_conf_me4,test_acc_me4,test_conf_me4,val_acc_me5,val_conf_me5,test_acc_me5,test_conf_me5,val_acc_me6,val_conf_me6,test_acc_me6,test_conf_me6,val_acc_me7,val_conf_me7,test_acc_me7,test_conf_me7,val_acc_me8,val_conf_me8,test_acc_me8,test_conf_me8,val_acc_me9,val_conf_me9,test_acc_me9,test_conf_me9,val_acc_med,val_conf_med,test_acc_med,test_conf_med,val_acc_maj,val_conf_maj,test_acc_maj,test_conf_maj,val_acc_lin,val_conf_lin,test_acc_lin,test_conf_lin,val_nld,val_conf_nld,test_nld,test_conf_nld,val_mse,val_conf_mse,test_mse,test_conf_mse,val_svm,val_conf_svm,test_svm,test_conf_svm,val_mvm,val_conf_mvm,test_mvm,test_conf_mvm
0,5,0.37808004,0.0073746947489194414,0.4149067,0.008625386748648045,0.37800005,0.007394053627758634,0.41441336,0.008625876238929298,0.3783867,0.0074031022712120476,0.41429338,0.008649002345800794,0.37820005,0.007412349943260954,0.41393334,0.008696380387190672,0.37810668,0.00741521115248972,0.4133334,0.008719971971612672,0.37780005,0.007440654949664505,0.4128667,0.00874657715374716,0.3775867,0.007476787644518146,0.4123867,0.008738060946420378,0.37748003,0.0075173202105033865,0.41200003,0.008723812161403832,0.37705338,0.007530625572270355,0.41105336,0.008711804872448714,0.3769067,0.007545997414234007,0.41064003,0.008720724678365877,0.37681335,0.007556530690946028,0.41008005,0.008729392350609821,0.37962672,0.007336122452975491,0.41756004,0.008530728563924561,0.37345338,0.007123359037274457,0.40693334,0.008262676297392468,4.483473,0.01149758272529855,4.570041,0.013590353167919567,0.23217921,0.001135494848983204,0.22711712,0.0013111738344819268,,,,,,,,
