,shots,val_acc,val_conf,test_acc,test_conf,val_acc_me1,val_conf_me1,test_acc_me1,test_conf_me1,val_acc_me2,val_conf_me2,test_acc_me2,test_conf_me2,val_acc_me3,val_conf_me3,test_acc_me3,test_conf_me3,val_acc_me4,val_conf_me4,test_acc_me4,test_conf_me4,val_acc_me5,val_conf_me5,test_acc_me5,test_conf_me5,val_acc_me6,val_conf_me6,test_acc_me6,test_conf_me6,val_acc_me7,val_conf_me7,test_acc_me7,test_conf_me7,val_acc_me8,val_conf_me8,test_acc_me8,test_conf_me8,val_acc_me9,val_conf_me9,test_acc_me9,test_conf_me9,val_acc_med,val_conf_med,test_acc_med,test_conf_med,val_acc_maj,val_conf_maj,test_acc_maj,test_conf_maj,val_acc_lin,val_conf_lin,test_acc_lin,test_conf_lin,val_nld,val_conf_nld,test_nld,test_conf_nld,val_mse,val_conf_mse,test_mse,test_conf_mse,val_svm,val_conf_svm,test_svm,test_conf_svm,val_mvm,val_conf_mvm,test_mvm,test_conf_mvm
0,5,0.584,0.007437035030499861,0.5738134,0.007357963878750429,0.58444005,0.007464061358989582,0.5745467,0.007382544141183889,0.5850667,0.007465732552695004,0.5751733,0.007379221148670956,0.5855601,0.007483680683601057,0.57532007,0.007386713582456683,0.58582664,0.00755165010341563,0.57544005,0.00741904441553165,0.5864534,0.007559373428843386,0.5760934,0.007435295954651644,0.5866533,0.007574246083076885,0.57652,0.007453006267166384,0.58716005,0.007608943093699971,0.5767334,0.007477003759095102,0.58726674,0.007629191367144572,0.57757336,0.0074872775136014535,0.58769333,0.007650045038474662,0.5775468,0.007479479379281617,0.58792007,0.007683664246912469,0.57768,0.007475620718158993,0.5851467,0.007370231613477829,0.5749734,0.0072265888433188374,0.5688267,0.00713164712365888,0.5586267,0.007036529926350954,4.569443,0.011294874640610075,4.5301933,0.012207009301978822,0.19866924,0.0011829840646987444,0.19985305,0.0011570263027286531,,,,,,,,
