,shots,val_acc,val_conf,test_acc,test_conf,val_acc_me1,val_conf_me1,test_acc_me1,test_conf_me1,val_acc_me2,val_conf_me2,test_acc_me2,test_conf_me2,val_acc_me3,val_conf_me3,test_acc_me3,test_conf_me3,val_acc_me4,val_conf_me4,test_acc_me4,test_conf_me4,val_acc_me5,val_conf_me5,test_acc_me5,test_conf_me5,val_acc_me6,val_conf_me6,test_acc_me6,test_conf_me6,val_acc_me7,val_conf_me7,test_acc_me7,test_conf_me7,val_acc_me8,val_conf_me8,test_acc_me8,test_conf_me8,val_acc_me9,val_conf_me9,test_acc_me9,test_conf_me9,val_acc_med,val_conf_med,test_acc_med,test_conf_med,val_acc_maj,val_conf_maj,test_acc_maj,test_conf_maj,val_acc_lin,val_conf_lin,test_acc_lin,test_conf_lin,val_nld,val_conf_nld,test_nld,test_conf_nld,val_mse,val_conf_mse,test_mse,test_conf_mse,val_svm,val_conf_svm,test_svm,test_conf_svm,val_mvm,val_conf_mvm,test_mvm,test_conf_mvm
0,5,0.5515867,0.007527432802643563,0.6181334,0.007691189005528121,0.5519601,0.007548588480241536,0.61858666,0.0077104679958591715,0.55232,0.007566174573052753,0.61892,0.007714132708002364,0.5526134,0.007570458536580116,0.61929333,0.0077365980029943104,0.55296004,0.007588862909370886,0.61966676,0.007754874461815442,0.55316,0.00758222246574447,0.62008,0.007767584584928988,0.55340004,0.007574019347484362,0.62025344,0.007778387543079024,0.55377334,0.0075797454602081205,0.6203467,0.0078067096354641485,0.55368,0.007599309832608814,0.62048006,0.00781368441018837,0.5536267,0.0076159423429382755,0.6204001,0.007836590708216518,0.55350673,0.007625824043436369,0.62008005,0.007844735641782896,0.54928005,0.007449690201402737,0.61690676,0.0075630995581634775,0.52701336,0.007151632180631418,0.59088004,0.007507030755365407,22.438742,0.021730887786649333,22.57762,0.02534310625325631,0.19832359,0.0014993140419041207,0.18587652,0.0015665676976281961,,,,,,,,
