,shots,val_acc,val_conf,test_acc,test_conf,val_acc_me1,val_conf_me1,test_acc_me1,test_conf_me1,val_acc_me2,val_conf_me2,test_acc_me2,test_conf_me2,val_acc_me3,val_conf_me3,test_acc_me3,test_conf_me3,val_acc_me4,val_conf_me4,test_acc_me4,test_conf_me4,val_acc_me5,val_conf_me5,test_acc_me5,test_conf_me5,val_acc_me6,val_conf_me6,test_acc_me6,test_conf_me6,val_acc_me7,val_conf_me7,test_acc_me7,test_conf_me7,val_acc_me8,val_conf_me8,test_acc_me8,test_conf_me8,val_acc_me9,val_conf_me9,test_acc_me9,test_conf_me9,val_acc_med,val_conf_med,test_acc_med,test_conf_med,val_acc_maj,val_conf_maj,test_acc_maj,test_conf_maj,val_acc_lin,val_conf_lin,test_acc_lin,test_conf_lin,val_nld,val_conf_nld,test_nld,test_conf_nld,val_mse,val_conf_mse,test_mse,test_conf_mse,val_svm,val_conf_svm,test_svm,test_conf_svm,val_mvm,val_conf_mvm,test_mvm,test_conf_mvm
0,5,0.45333338,0.00683284794071648,0.46773335,0.0071739787973192914,0.45390671,0.006884236569929425,0.46860003,0.007199013916287578,0.45429337,0.006928860074029208,0.46938673,0.007253900092094867,0.45456004,0.0069574481535859545,0.46965337,0.0073474172103231705,0.45496002,0.006992612488892658,0.46976,0.0073876103655945435,0.45466667,0.007042725672674666,0.46981335,0.007418918810478348,0.4548667,0.007085295164726446,0.4701467,0.007414982569764028,0.45501336,0.007092544700504688,0.4701467,0.007416733651977647,0.45445335,0.007114525584831499,0.47012,0.007437490810601355,0.45448005,0.0071344672341753235,0.46997336,0.007454318655260028,0.45437336,0.007175708175718498,0.4693867,0.0074563311068124305,0.45485336,0.006792962794895663,0.47050673,0.0071201976689110325,0.4433467,0.006482292549066959,0.46564,0.006851085609741736,7.001918,0.018576261459129384,7.1734734,0.024239970637019326,0.21828666,0.0013214124934586569,0.21316732,0.0013880290036964171,,,,,,,,
