,shots,val_acc,val_conf,test_acc,test_conf,val_acc_me1,val_conf_me1,test_acc_me1,test_conf_me1,val_acc_me2,val_conf_me2,test_acc_me2,test_conf_me2,val_acc_me3,val_conf_me3,test_acc_me3,test_conf_me3,val_acc_me4,val_conf_me4,test_acc_me4,test_conf_me4,val_acc_me5,val_conf_me5,test_acc_me5,test_conf_me5,val_acc_me6,val_conf_me6,test_acc_me6,test_conf_me6,val_acc_me7,val_conf_me7,test_acc_me7,test_conf_me7,val_acc_me8,val_conf_me8,test_acc_me8,test_conf_me8,val_acc_me9,val_conf_me9,test_acc_me9,test_conf_me9,val_acc_med,val_conf_med,test_acc_med,test_conf_med,val_acc_maj,val_conf_maj,test_acc_maj,test_conf_maj,val_acc_lin,val_conf_lin,test_acc_lin,test_conf_lin,val_nld,val_conf_nld,test_nld,test_conf_nld,val_mse,val_conf_mse,test_mse,test_conf_mse,val_svm,val_conf_svm,test_svm,test_conf_svm,val_mvm,val_conf_mvm,test_mvm,test_conf_mvm
0,5,0.33132002,0.005936807812151279,0.40370673,0.006755610530388534,0.33237335,0.005944897793506765,0.40449336,0.006783114804577328,0.33281338,0.006013307292791148,0.40557337,0.006806649127872044,0.33296004,0.006059497627574129,0.40544003,0.006874318388551903,0.33361334,0.006084679131843518,0.40606672,0.006949408506608412,0.33366668,0.006089946693766113,0.4066267,0.0070151045673150225,0.33404005,0.0060862311854616435,0.4066267,0.007062595745609468,0.33422673,0.0061053134561135924,0.40657336,0.007075841999116095,0.33393338,0.006071205219177811,0.4057867,0.007114559295011202,0.3338534,0.00609169269636356,0.40505338,0.007122324642717948,0.33333337,0.0061010285690197286,0.40461338,0.007123808352409999,0.33389336,0.005928051939300016,0.40810668,0.006764995352072811,0.33693334,0.005850913812378178,0.40828001,0.006630113072597921,8.194042,0.01773951753673586,8.266432,0.017714856462227146,0.24176751,0.0011629882712648199,0.22631207,0.0013702991808379472,,,,,,,,
