,shots,val_acc,val_conf,test_acc,test_conf,val_acc_me1,val_conf_me1,test_acc_me1,test_conf_me1,val_acc_me2,val_conf_me2,test_acc_me2,test_conf_me2,val_acc_me3,val_conf_me3,test_acc_me3,test_conf_me3,val_acc_me4,val_conf_me4,test_acc_me4,test_conf_me4,val_acc_me5,val_conf_me5,test_acc_me5,test_conf_me5,val_acc_me6,val_conf_me6,test_acc_me6,test_conf_me6,val_acc_me7,val_conf_me7,test_acc_me7,test_conf_me7,val_acc_me8,val_conf_me8,test_acc_me8,test_conf_me8,val_acc_me9,val_conf_me9,test_acc_me9,test_conf_me9,val_acc_med,val_conf_med,test_acc_med,test_conf_med,val_acc_maj,val_conf_maj,test_acc_maj,test_conf_maj,val_acc_lin,val_conf_lin,test_acc_lin,test_conf_lin,val_nld,val_conf_nld,test_nld,test_conf_nld,val_mse,val_conf_mse,test_mse,test_conf_mse,val_svm,val_conf_svm,test_svm,test_conf_svm,val_mvm,val_conf_mvm,test_mvm,test_conf_mvm
0,5,0.5617733,0.005655825151879013,0.5972534,0.006003527184615609,0.5614667,0.005651507939955169,0.597,0.005996623524517131,0.56132,0.005636324967354778,0.5969201,0.0059941866941265465,0.56088,0.0056327119749394194,0.59634674,0.006000415688846794,0.56057334,0.0056416562553706084,0.59638673,0.006020242354152883,0.56014675,0.00563715479191651,0.5957467,0.0059978121546906404,0.55968004,0.005644216843681327,0.5950133,0.006018456638193004,0.55925333,0.005660630930517385,0.59469336,0.0060136545538208575,0.5587334,0.0056580403262931345,0.5942534,0.006001003077184319,0.55828005,0.005672544015682512,0.5936134,0.006002957344042881,0.55770665,0.0056688095742634115,0.5929734,0.006011134602439072,0.5623867,0.005688104727009424,0.59844,0.005959397326846583,0.56378675,0.005487366148028361,0.5969067,0.0058872002810653745,4.9755616,0.012517515152958403,4.851475,0.010781999653873164,0.1979659,0.0009308729034738505,0.18842718,0.0010422635746078213,,,,,,,,
