,shots,val_acc,val_conf,test_acc,test_conf,val_acc_me1,val_conf_me1,test_acc_me1,test_conf_me1,val_acc_me2,val_conf_me2,test_acc_me2,test_conf_me2,val_acc_me3,val_conf_me3,test_acc_me3,test_conf_me3,val_acc_me4,val_conf_me4,test_acc_me4,test_conf_me4,val_acc_me5,val_conf_me5,test_acc_me5,test_conf_me5,val_acc_me6,val_conf_me6,test_acc_me6,test_conf_me6,val_acc_me7,val_conf_me7,test_acc_me7,test_conf_me7,val_acc_me8,val_conf_me8,test_acc_me8,test_conf_me8,val_acc_me9,val_conf_me9,test_acc_me9,test_conf_me9,val_acc_med,val_conf_med,test_acc_med,test_conf_med,val_acc_maj,val_conf_maj,test_acc_maj,test_conf_maj,val_acc_lin,val_conf_lin,test_acc_lin,test_conf_lin,val_nld,val_conf_nld,test_nld,test_conf_nld,val_mse,val_conf_mse,test_mse,test_conf_mse,val_svm,val_conf_svm,test_svm,test_conf_svm,val_mvm,val_conf_mvm,test_mvm,test_conf_mvm
0,5,0.53092,0.00567434404692424,0.5756133,0.005642662481146865,0.5305333,0.005667693444065591,0.5755067,0.005690836636918606,0.53025335,0.005659953494439485,0.5748001,0.005685155778956674,0.53021336,0.0056228487457726795,0.5747333,0.005676616482465757,0.53018665,0.005583629029664361,0.5744,0.005658138224349463,0.5297733,0.005588609824167534,0.57436,0.00568690917008674,0.5293867,0.005605139818607885,0.57416004,0.005684930428713986,0.5289867,0.005615578429746693,0.57364,0.005681581576337136,0.5284,0.00561578438509136,0.5733201,0.0056629329201890455,0.52833337,0.005611112523605355,0.57268006,0.005646588562628896,0.5279867,0.00561925838073829,0.57280004,0.005645728722153742,0.5327067,0.005539161146531413,0.5774133,0.005605260805828349,0.5328533,0.005642234869825735,0.5725467,0.005678756386204631,5.4796405,0.0150586670052828,5.3755817,0.014870034075095795,0.20292243,0.0009697893434102989,0.19115327,0.0010361003840055616,,,,,,,,
