,shots,val_acc,val_conf,test_acc,test_conf,val_acc_me1,val_conf_me1,test_acc_me1,test_conf_me1,val_acc_me2,val_conf_me2,test_acc_me2,test_conf_me2,val_acc_me3,val_conf_me3,test_acc_me3,test_conf_me3,val_acc_me4,val_conf_me4,test_acc_me4,test_conf_me4,val_acc_me5,val_conf_me5,test_acc_me5,test_conf_me5,val_acc_me6,val_conf_me6,test_acc_me6,test_conf_me6,val_acc_me7,val_conf_me7,test_acc_me7,test_conf_me7,val_acc_me8,val_conf_me8,test_acc_me8,test_conf_me8,val_acc_me9,val_conf_me9,test_acc_me9,test_conf_me9,val_acc_med,val_conf_med,test_acc_med,test_conf_med,val_acc_maj,val_conf_maj,test_acc_maj,test_conf_maj,val_acc_lin,val_conf_lin,test_acc_lin,test_conf_lin,val_nld,val_conf_nld,test_nld,test_conf_nld,val_mse,val_conf_mse,test_mse,test_conf_mse,val_svm,val_conf_svm,test_svm,test_conf_svm,val_mvm,val_conf_mvm,test_mvm,test_conf_mvm
0,5,0.3495467,0.004645547227341229,0.4088267,0.005334651645251709,0.34996006,0.004675810194869678,0.40828001,0.005352791878003971,0.35025334,0.004659161060342032,0.40841338,0.005382940785061241,0.35024005,0.0046667504686174754,0.4075201,0.00536621915055796,0.3495067,0.004682650128874921,0.40680006,0.0053496328185569375,0.34892005,0.004711525899417701,0.40568006,0.005340848315142088,0.34757337,0.004726369923087559,0.40528002,0.005361330712711665,0.3471067,0.004754816696959319,0.4039334,0.005360105601658782,0.3467734,0.004761570739273691,0.40222672,0.0053476646981998055,0.34594673,0.004731552978669118,0.40136003,0.00532694725293853,0.34517336,0.004719862473046954,0.40032008,0.005329373924096881,0.35110673,0.004676549971690924,0.4077467,0.00533937060863271,0.34957337,0.004420168815883085,0.3978534,0.005045763716937601,9.126868,0.013009253395212639,9.1393,0.012751637430902463,0.24048355,0.0008752827390498541,0.22909035,0.001052089861111799,,,,,,,,
