,shots,val_acc,val_conf,test_acc,test_conf,val_acc_me1,val_conf_me1,test_acc_me1,test_conf_me1,val_acc_me2,val_conf_me2,test_acc_me2,test_conf_me2,val_acc_me3,val_conf_me3,test_acc_me3,test_conf_me3,val_acc_me4,val_conf_me4,test_acc_me4,test_conf_me4,val_acc_me5,val_conf_me5,test_acc_me5,test_conf_me5,val_acc_me6,val_conf_me6,test_acc_me6,test_conf_me6,val_acc_me7,val_conf_me7,test_acc_me7,test_conf_me7,val_acc_me8,val_conf_me8,test_acc_me8,test_conf_me8,val_acc_me9,val_conf_me9,test_acc_me9,test_conf_me9,val_acc_med,val_conf_med,test_acc_med,test_conf_med,val_acc_maj,val_conf_maj,test_acc_maj,test_conf_maj,val_acc_lin,val_conf_lin,test_acc_lin,test_conf_lin,val_nld,val_conf_nld,test_nld,test_conf_nld,val_mse,val_conf_mse,test_mse,test_conf_mse,val_svm,val_conf_svm,test_svm,test_conf_svm,val_mvm,val_conf_mvm,test_mvm,test_conf_mvm
0,5,0.27225336,0.005605814483986005,0.30641332,0.006458343082599738,0.27216002,0.005635539935771705,0.3070667,0.006427173172701195,0.27184004,0.005696301380303581,0.30750668,0.00644511945647408,0.27132004,0.005714139145004682,0.30737334,0.006471220371262298,0.27168,0.005724264667076817,0.30785337,0.006516848254005114,0.27114668,0.005703116378011408,0.3078667,0.0065247535220469555,0.27116004,0.0057243131543216474,0.3073067,0.006553596505976533,0.27081335,0.005723169317126742,0.30728003,0.006573914970480266,0.27036,0.005734505173186688,0.3065467,0.006572304732168355,0.2704667,0.005727676321980291,0.30628002,0.006570600751849731,0.27045336,0.005729201592167943,0.30573338,0.006610273477359874,0.27172002,0.005577323378918919,0.30740002,0.006398223978616169,0.27338666,0.005478928905643166,0.3037867,0.006038824051724845,7.647033,0.013544697578179665,7.6951637,0.014304184233564499,0.25867668,0.0012674526549194542,0.2507812,0.0013848540127260334,,,,,,,,
