,shots,val_acc,val_conf,test_acc,test_conf,val_acc_me1,val_conf_me1,test_acc_me1,test_conf_me1,val_acc_me2,val_conf_me2,test_acc_me2,test_conf_me2,val_acc_me3,val_conf_me3,test_acc_me3,test_conf_me3,val_acc_me4,val_conf_me4,test_acc_me4,test_conf_me4,val_acc_me5,val_conf_me5,test_acc_me5,test_conf_me5,val_acc_me6,val_conf_me6,test_acc_me6,test_conf_me6,val_acc_me7,val_conf_me7,test_acc_me7,test_conf_me7,val_acc_me8,val_conf_me8,test_acc_me8,test_conf_me8,val_acc_me9,val_conf_me9,test_acc_me9,test_conf_me9,val_acc_med,val_conf_med,test_acc_med,test_conf_med,val_acc_maj,val_conf_maj,test_acc_maj,test_conf_maj,val_acc_lin,val_conf_lin,test_acc_lin,test_conf_lin,val_nld,val_conf_nld,test_nld,test_conf_nld,val_mse,val_conf_mse,test_mse,test_conf_mse,val_svm,val_conf_svm,test_svm,test_conf_svm,val_mvm,val_conf_mvm,test_mvm,test_conf_mvm
0,5,0.23660001,0.004401065764983336,0.27186668,0.005851544608344361,0.23664002,0.004384610579435011,0.27257332,0.005849257395737828,0.23693335,0.004429949385841958,0.27246672,0.005851537219811798,0.23692001,0.004429527777703501,0.27190667,0.005898938812149146,0.23668002,0.004432410228963318,0.27176002,0.005909100353317487,0.23596002,0.0043936980126842995,0.2705467,0.005949237632811466,0.23606668,0.004416880918899774,0.27049336,0.005979971157506481,0.23581335,0.004392781372865195,0.27006668,0.006011743694590899,0.23518668,0.004369319087762807,0.26932,0.006010914793595834,0.23508002,0.00441679318007579,0.26868004,0.0060381932557586615,0.2346267,0.0044235786236534735,0.26748002,0.006040857745308381,0.23652002,0.004417105807359156,0.2748667,0.005705972969407336,0.23680001,0.004312604711933454,0.27453336,0.005608646139084572,8.725135,0.015010825333474642,8.6189,0.013052564973001779,0.2641466,0.0009781064066957668,0.25626263,0.0012020148465145541,,,,,,,,
