,shots,val_acc,val_conf,test_acc,test_conf,val_acc_me1,val_conf_me1,test_acc_me1,test_conf_me1,val_acc_me2,val_conf_me2,test_acc_me2,test_conf_me2,val_acc_me3,val_conf_me3,test_acc_me3,test_conf_me3,val_acc_me4,val_conf_me4,test_acc_me4,test_conf_me4,val_acc_me5,val_conf_me5,test_acc_me5,test_conf_me5,val_acc_me6,val_conf_me6,test_acc_me6,test_conf_me6,val_acc_me7,val_conf_me7,test_acc_me7,test_conf_me7,val_acc_me8,val_conf_me8,test_acc_me8,test_conf_me8,val_acc_me9,val_conf_me9,test_acc_me9,test_conf_me9,val_acc_med,val_conf_med,test_acc_med,test_conf_med,val_acc_maj,val_conf_maj,test_acc_maj,test_conf_maj,val_acc_lin,val_conf_lin,test_acc_lin,test_conf_lin,val_nld,val_conf_nld,test_nld,test_conf_nld,val_mse,val_conf_mse,test_mse,test_conf_mse,val_svm,val_conf_svm,test_svm,test_conf_svm,val_mvm,val_conf_mvm,test_mvm,test_conf_mvm
0,5,0.54716,0.005783136494409868,0.5908534,0.006006591578489373,0.5469467,0.005757008334407843,0.5906,0.006036707698933497,0.54678667,0.005733827737108843,0.5900533,0.0060409819650117935,0.54656005,0.005728401321736465,0.58972,0.006041042920405304,0.5459733,0.005734327386622273,0.58929336,0.0060215270352494965,0.5455467,0.005748831999578319,0.5887333,0.0060293995166781356,0.5451867,0.005788514884320639,0.5886267,0.006010345414806384,0.54481333,0.005795301713248158,0.5887334,0.0060086155746239545,0.5446,0.005803158032261835,0.58825344,0.005995965483337251,0.54438674,0.005798490326825445,0.5883067,0.005982670742585738,0.54373336,0.005796594244660613,0.5878401,0.005967704808128915,0.5488667,0.005850602570444674,0.5923201,0.005991824672628043,0.54833335,0.005730634967482051,0.5878801,0.005852293159048005,5.1525674,0.014103942995181029,5.0259757,0.013051321852400655,0.20092583,0.0009611421627995775,0.19038859,0.0010390740374640328,,,,,,,,
