,shots,val_acc,val_conf,test_acc,test_conf,val_acc_me1,val_conf_me1,test_acc_me1,test_conf_me1,val_acc_me2,val_conf_me2,test_acc_me2,test_conf_me2,val_acc_me3,val_conf_me3,test_acc_me3,test_conf_me3,val_acc_me4,val_conf_me4,test_acc_me4,test_conf_me4,val_acc_me5,val_conf_me5,test_acc_me5,test_conf_me5,val_acc_me6,val_conf_me6,test_acc_me6,test_conf_me6,val_acc_me7,val_conf_me7,test_acc_me7,test_conf_me7,val_acc_me8,val_conf_me8,test_acc_me8,test_conf_me8,val_acc_me9,val_conf_me9,test_acc_me9,test_conf_me9,val_acc_med,val_conf_med,test_acc_med,test_conf_med,val_acc_maj,val_conf_maj,test_acc_maj,test_conf_maj,val_acc_lin,val_conf_lin,test_acc_lin,test_conf_lin,val_nld,val_conf_nld,test_nld,test_conf_nld,val_mse,val_conf_mse,test_mse,test_conf_mse,val_svm,val_conf_svm,test_svm,test_conf_svm,val_mvm,val_conf_mvm,test_mvm,test_conf_mvm
0,5,0.27685332,0.004476554863797388,0.32952005,0.005607568336899349,0.27830666,0.004507643038054676,0.3296134,0.005641050857485064,0.2783067,0.004516732780220412,0.33001336,0.005669327695108306,0.2784267,0.004487214207346046,0.32960004,0.0056702083158312044,0.27821335,0.0044753131285462655,0.32976002,0.005701022652600973,0.27744,0.004464385027126205,0.32954672,0.005711036423118321,0.27721334,0.00446286760725445,0.32952002,0.005710848477321673,0.27661335,0.0044786296560931915,0.32916003,0.005705389275336148,0.27620003,0.004498754633400881,0.32852003,0.00569409405620519,0.27537334,0.004490603696651885,0.32782668,0.005710263859683873,0.27458668,0.004475246169970026,0.32710668,0.005730966066096799,0.27861333,0.004467297032516249,0.3303867,0.005626672311365655,0.27752003,0.0043068153348997384,0.32462668,0.005458716189511548,8.488578,0.014279154655996606,8.448402,0.012445093680501174,0.2555507,0.0008774599317888931,0.24555182,0.0011290971879184264,,,,,,,,
