,shots,val_acc,val_conf,test_acc,test_conf,val_acc_me1,val_conf_me1,test_acc_me1,test_conf_me1,val_acc_me2,val_conf_me2,test_acc_me2,test_conf_me2,val_acc_me3,val_conf_me3,test_acc_me3,test_conf_me3,val_acc_me4,val_conf_me4,test_acc_me4,test_conf_me4,val_acc_me5,val_conf_me5,test_acc_me5,test_conf_me5,val_acc_me6,val_conf_me6,test_acc_me6,test_conf_me6,val_acc_me7,val_conf_me7,test_acc_me7,test_conf_me7,val_acc_me8,val_conf_me8,test_acc_me8,test_conf_me8,val_acc_me9,val_conf_me9,test_acc_me9,test_conf_me9,val_acc_med,val_conf_med,test_acc_med,test_conf_med,val_acc_maj,val_conf_maj,test_acc_maj,test_conf_maj,val_acc_lin,val_conf_lin,test_acc_lin,test_conf_lin,val_nld,val_conf_nld,test_nld,test_conf_nld,val_mse,val_conf_mse,test_mse,test_conf_mse,val_svm,val_conf_svm,test_svm,test_conf_svm,val_mvm,val_conf_mvm,test_mvm,test_conf_mvm
0,5,0.6952667,0.0058358735308126075,0.68613344,0.00584713273084736,0.69594675,0.0058488385582990965,0.6867734,0.005857852106222916,0.69652015,0.005849440261918359,0.68750674,0.0058730087571761125,0.6969868,0.005861526054031785,0.6879734,0.005885006810465554,0.6976534,0.005875859345389367,0.6881334,0.005901450451431756,0.6980668,0.005876438421627661,0.6887201,0.00592147845424984,0.6985868,0.005871654808586979,0.6889601,0.005925409153564654,0.6987201,0.00586909422027615,0.68933344,0.0059007605472052305,0.69904006,0.005879336573519245,0.6895335,0.005911049540559987,0.69917345,0.005872550668158283,0.6898401,0.005909984206523333,0.6992801,0.0058972311375642406,0.6901468,0.005896929593079747,0.69477344,0.005785423707016402,0.6850134,0.005831692544957634,0.6766001,0.005777835222307459,0.66936004,0.005761675578061065,4.3981357,0.010721992763228272,4.371666,0.010806831588197063,0.17829779,0.001057845297074117,0.18045555,0.00099830873270354,,,,,,,,
