,shots,val_acc,val_conf,test_acc,test_conf,val_acc_me1,val_conf_me1,test_acc_me1,test_conf_me1,val_acc_me2,val_conf_me2,test_acc_me2,test_conf_me2,val_acc_me3,val_conf_me3,test_acc_me3,test_conf_me3,val_acc_me4,val_conf_me4,test_acc_me4,test_conf_me4,val_acc_me5,val_conf_me5,test_acc_me5,test_conf_me5,val_acc_me6,val_conf_me6,test_acc_me6,test_conf_me6,val_acc_me7,val_conf_me7,test_acc_me7,test_conf_me7,val_acc_me8,val_conf_me8,test_acc_me8,test_conf_me8,val_acc_me9,val_conf_me9,test_acc_me9,test_conf_me9,val_acc_med,val_conf_med,test_acc_med,test_conf_med,val_acc_maj,val_conf_maj,test_acc_maj,test_conf_maj,val_acc_lin,val_conf_lin,test_acc_lin,test_conf_lin,val_nld,val_conf_nld,test_nld,test_conf_nld,val_mse,val_conf_mse,test_mse,test_conf_mse,val_svm,val_conf_svm,test_svm,test_conf_svm,val_mvm,val_conf_mvm,test_mvm,test_conf_mvm
0,5,0.68613344,0.006810520257143349,0.76084006,0.006093013396556324,0.6866134,0.0068084916431758735,0.7613734,0.006086803796733986,0.6869467,0.0068192054771520905,0.76189345,0.0060937319313464355,0.6875601,0.006846016614631356,0.7625868,0.006076573911639627,0.68778676,0.006867025906928226,0.76289344,0.006075085584114737,0.68812007,0.006888354753257664,0.7635201,0.00608039378296632,0.6879201,0.006891680978253656,0.7635201,0.006081630900384605,0.6879468,0.006879251619376747,0.7638135,0.006083648431553179,0.6880535,0.0068804638004976715,0.7639868,0.00606650980674428,0.6880534,0.006885529101341881,0.76396006,0.006058120128037414,0.6879468,0.006887593734405395,0.7639735,0.006086737299941025,0.68613344,0.006754683731337141,0.7610668,0.006049470003558266,0.6708268,0.006783176683537451,0.74606675,0.006154408869537331,4.5244923,0.010029873824038305,4.6132812,0.011772621772919933,0.17525202,0.0013187582785870455,0.1608967,0.0012517170431737001,,,,,,,,
