,shots,val_acc,val_conf,test_acc,test_conf,val_acc_me1,val_conf_me1,test_acc_me1,test_conf_me1,val_acc_me2,val_conf_me2,test_acc_me2,test_conf_me2,val_acc_me3,val_conf_me3,test_acc_me3,test_conf_me3,val_acc_me4,val_conf_me4,test_acc_me4,test_conf_me4,val_acc_me5,val_conf_me5,test_acc_me5,test_conf_me5,val_acc_me6,val_conf_me6,test_acc_me6,test_conf_me6,val_acc_me7,val_conf_me7,test_acc_me7,test_conf_me7,val_acc_me8,val_conf_me8,test_acc_me8,test_conf_me8,val_acc_me9,val_conf_me9,test_acc_me9,test_conf_me9,val_acc_med,val_conf_med,test_acc_med,test_conf_med,val_acc_maj,val_conf_maj,test_acc_maj,test_conf_maj,val_acc_lin,val_conf_lin,test_acc_lin,test_conf_lin,val_nld,val_conf_nld,test_nld,test_conf_nld,val_mse,val_conf_mse,test_mse,test_conf_mse,val_svm,val_conf_svm,test_svm,test_conf_svm,val_mvm,val_conf_mvm,test_mvm,test_conf_mvm
0,5,0.5086534,0.006729253325877593,0.56681335,0.006244219253343508,0.5089467,0.006790584610982142,0.5678934,0.006249344124231282,0.5092534,0.0067941375715705465,0.56852,0.006231550690725451,0.50937337,0.00682342617636944,0.56894666,0.006253566670581856,0.5101067,0.006794795612750537,0.56964004,0.0062841819787561315,0.5101334,0.006814133249558707,0.56946665,0.006273601600149115,0.51028,0.006842723176248566,0.5688533,0.006325429385265258,0.50928,0.0068801858069605926,0.56852,0.006399543293459042,0.50896,0.006906011960694736,0.56816006,0.006422297664786858,0.50788003,0.006949149446185965,0.56710666,0.006442567180262482,0.50632006,0.0069908627920288735,0.5661733,0.0064736724405012325,0.5095467,0.006655017506896788,0.5666801,0.006239845242075881,0.5060667,0.006334386595628461,0.56258667,0.0062197844526447055,9.965396,0.01198643389845877,10.054844,0.013364956746913847,0.20649704,0.001236510519625783,0.19022636,0.0013834371461643735,,,,,,,,
