,shots,val_acc,val_conf,test_acc,test_conf,val_acc_me1,val_conf_me1,test_acc_me1,test_conf_me1,val_acc_me2,val_conf_me2,test_acc_me2,test_conf_me2,val_acc_me3,val_conf_me3,test_acc_me3,test_conf_me3,val_acc_me4,val_conf_me4,test_acc_me4,test_conf_me4,val_acc_me5,val_conf_me5,test_acc_me5,test_conf_me5,val_acc_me6,val_conf_me6,test_acc_me6,test_conf_me6,val_acc_me7,val_conf_me7,test_acc_me7,test_conf_me7,val_acc_me8,val_conf_me8,test_acc_me8,test_conf_me8,val_acc_me9,val_conf_me9,test_acc_me9,test_conf_me9,val_acc_med,val_conf_med,test_acc_med,test_conf_med,val_acc_maj,val_conf_maj,test_acc_maj,test_conf_maj,val_acc_lin,val_conf_lin,test_acc_lin,test_conf_lin,val_nld,val_conf_nld,test_nld,test_conf_nld,val_mse,val_conf_mse,test_mse,test_conf_mse,val_svm,val_conf_svm,test_svm,test_conf_svm,val_mvm,val_conf_mvm,test_mvm,test_conf_mvm
0,5,0.29384002,0.004397226036975399,0.36872005,0.005559825024931686,0.29565334,0.004455079632166792,0.36869335,0.005557403433389452,0.29772004,0.004492747756440318,0.3695867,0.005623991659401029,0.29957336,0.004515832764599548,0.37025335,0.005649556905579556,0.3011867,0.00457427374812841,0.37061337,0.005646454645476473,0.30220005,0.0045998099019600724,0.37068006,0.005666940275529109,0.30277336,0.004613459292273692,0.37108004,0.005691798531499537,0.30297333,0.0046073457433745135,0.3713467,0.00568917652601203,0.30409336,0.0045995854752839405,0.37112007,0.005723059874488401,0.3047734,0.004594832801723181,0.37136003,0.005740332416449723,0.30534667,0.004593595222521618,0.37141338,0.005765001341273668,0.29574668,0.00441272025150935,0.3702134,0.005574742472143679,0.30324003,0.004525810977804023,0.37729338,0.005643936541227856,9.627771,0.02342706766201985,9.654419,0.022994300992289496,0.24922349,0.0008017768839954642,0.23408023,0.001141684823015937,,,,,,,,
