,shots,val_acc,val_conf,test_acc,test_conf,val_acc_me1,val_conf_me1,test_acc_me1,test_conf_me1,val_acc_me2,val_conf_me2,test_acc_me2,test_conf_me2,val_acc_me3,val_conf_me3,test_acc_me3,test_conf_me3,val_acc_me4,val_conf_me4,test_acc_me4,test_conf_me4,val_acc_me5,val_conf_me5,test_acc_me5,test_conf_me5,val_acc_me6,val_conf_me6,test_acc_me6,test_conf_me6,val_acc_me7,val_conf_me7,test_acc_me7,test_conf_me7,val_acc_me8,val_conf_me8,test_acc_me8,test_conf_me8,val_acc_me9,val_conf_me9,test_acc_me9,test_conf_me9,val_acc_med,val_conf_med,test_acc_med,test_conf_med,val_acc_maj,val_conf_maj,test_acc_maj,test_conf_maj,val_acc_lin,val_conf_lin,test_acc_lin,test_conf_lin,val_nld,val_conf_nld,test_nld,test_conf_nld,val_mse,val_conf_mse,test_mse,test_conf_mse,val_svm,val_conf_svm,test_svm,test_conf_svm,val_mvm,val_conf_mvm,test_mvm,test_conf_mvm
0,5,0.35893336,0.007286116402915377,0.36756003,0.007494060186479468,0.35897335,0.007321937855835459,0.36728004,0.007530476878052861,0.35913336,0.007326590784206832,0.36737335,0.007539971604158757,0.3589067,0.007321760531054322,0.36673337,0.007576185572870431,0.35889336,0.007361651680057868,0.36690667,0.007640952063825923,0.35901338,0.007392713994451239,0.3669067,0.007668190812626319,0.35902667,0.007422943251799985,0.36721334,0.0076861172397180155,0.3589467,0.0074387246955366915,0.36697337,0.007706509589547217,0.3588267,0.007443019741862789,0.36669335,0.007714866019857658,0.35881335,0.007482903502333771,0.36629337,0.00772536881887298,0.35848004,0.007483904648493855,0.36641335,0.007764576528615896,0.36124006,0.007162952336059736,0.37096003,0.007532402514347836,0.3503867,0.006811060543585767,0.3609067,0.00701565916903929,5.5355835,0.014334921452526572,5.542424,0.014700322253195175,0.23847058,0.0013459772861520447,0.23605205,0.0013695927678589737,,,,,,,,
