,shots,val_acc,val_conf,test_acc,test_conf,val_acc_me1,val_conf_me1,test_acc_me1,test_conf_me1,val_acc_me2,val_conf_me2,test_acc_me2,test_conf_me2,val_acc_me3,val_conf_me3,test_acc_me3,test_conf_me3,val_acc_me4,val_conf_me4,test_acc_me4,test_conf_me4,val_acc_me5,val_conf_me5,test_acc_me5,test_conf_me5,val_acc_me6,val_conf_me6,test_acc_me6,test_conf_me6,val_acc_me7,val_conf_me7,test_acc_me7,test_conf_me7,val_acc_me8,val_conf_me8,test_acc_me8,test_conf_me8,val_acc_me9,val_conf_me9,test_acc_me9,test_conf_me9,val_acc_med,val_conf_med,test_acc_med,test_conf_med,val_acc_maj,val_conf_maj,test_acc_maj,test_conf_maj,val_acc_lin,val_conf_lin,test_acc_lin,test_conf_lin,val_nld,val_conf_nld,test_nld,test_conf_nld,val_mse,val_conf_mse,test_mse,test_conf_mse,val_svm,val_conf_svm,test_svm,test_conf_svm,val_mvm,val_conf_mvm,test_mvm,test_conf_mvm
0,5,0.44029334,0.007138150879433203,0.4755467,0.007336925032323416,0.4421067,0.0071926994916597375,0.4775067,0.007377417884946225,0.44361335,0.007307287781144978,0.47912002,0.007370539622928385,0.4441334,0.007329161993533118,0.4803067,0.0073931739306022926,0.44452003,0.007370559941392907,0.48084003,0.00743938042780018,0.44540003,0.007373012472415175,0.48054668,0.007480081544684158,0.44557336,0.007420069574422539,0.48109335,0.007528270015737748,0.4451067,0.007435578566021561,0.48101336,0.007534757147313886,0.44490668,0.007463578795457559,0.48112002,0.007576409075979951,0.44480005,0.007468790019819482,0.4807734,0.00758054526885632,0.44429338,0.007491177273436345,0.47961333,0.007565990783305665,0.44532004,0.007140175799134285,0.47965336,0.007304844024005108,0.4754267,0.007393769169255604,0.5052267,0.007396403181108568,8.20932,0.020942027096555904,8.215623,0.022137981152912545,0.21262339,0.001399824103232472,0.20510758,0.001407303837977908,,,,,,,,
