,shots,val_acc,val_conf,test_acc,test_conf,val_acc_me1,val_conf_me1,test_acc_me1,test_conf_me1,val_acc_me2,val_conf_me2,test_acc_me2,test_conf_me2,val_acc_me3,val_conf_me3,test_acc_me3,test_conf_me3,val_acc_me4,val_conf_me4,test_acc_me4,test_conf_me4,val_acc_me5,val_conf_me5,test_acc_me5,test_conf_me5,val_acc_me6,val_conf_me6,test_acc_me6,test_conf_me6,val_acc_me7,val_conf_me7,test_acc_me7,test_conf_me7,val_acc_me8,val_conf_me8,test_acc_me8,test_conf_me8,val_acc_me9,val_conf_me9,test_acc_me9,test_conf_me9,val_acc_med,val_conf_med,test_acc_med,test_conf_med,val_acc_maj,val_conf_maj,test_acc_maj,test_conf_maj,val_acc_lin,val_conf_lin,test_acc_lin,test_conf_lin,val_nld,val_conf_nld,test_nld,test_conf_nld,val_mse,val_conf_mse,test_mse,test_conf_mse,val_svm,val_conf_svm,test_svm,test_conf_svm,val_mvm,val_conf_mvm,test_mvm,test_conf_mvm
0,5,0.7364535,0.005709355070180666,0.73401344,0.005536792198283513,0.7366935,0.005715532806956358,0.7344668,0.005517211663467969,0.73717344,0.005737531700831244,0.7350668,0.00551047470713506,0.7374401,0.005737059296531455,0.7357068,0.005498254997869267,0.7376001,0.005747087382330651,0.73632014,0.005521054623958799,0.73812014,0.005757338509456034,0.73686683,0.005526434861002794,0.73808014,0.005775781672042735,0.7373201,0.005525496517369333,0.7381868,0.0057703487917044605,0.7377067,0.005520843127214681,0.73830676,0.005785278245281855,0.73789346,0.005519519656322247,0.7387468,0.005789252814008772,0.7382268,0.005522693954617686,0.7388001,0.0058030956915184895,0.73832005,0.005536404762108149,0.7347601,0.0057746152074669155,0.7327868,0.005501922018928851,0.7095067,0.005901318381412501,0.70721346,0.0057449294690437025,22.855717,0.024189846832221917,22.766817,0.023917845395043713,0.15635711,0.0013454292648395483,0.15800986,0.00129616299160068,,,,,,,,
