,shots,val_acc,val_conf,test_acc,test_conf,val_acc_me1,val_conf_me1,test_acc_me1,test_conf_me1,val_acc_me2,val_conf_me2,test_acc_me2,test_conf_me2,val_acc_me3,val_conf_me3,test_acc_me3,test_conf_me3,val_acc_me4,val_conf_me4,test_acc_me4,test_conf_me4,val_acc_me5,val_conf_me5,test_acc_me5,test_conf_me5,val_acc_me6,val_conf_me6,test_acc_me6,test_conf_me6,val_acc_me7,val_conf_me7,test_acc_me7,test_conf_me7,val_acc_me8,val_conf_me8,test_acc_me8,test_conf_me8,val_acc_me9,val_conf_me9,test_acc_me9,test_conf_me9,val_acc_med,val_conf_med,test_acc_med,test_conf_med,val_acc_maj,val_conf_maj,test_acc_maj,test_conf_maj,val_acc_lin,val_conf_lin,test_acc_lin,test_conf_lin,val_nld,val_conf_nld,test_nld,test_conf_nld,val_mse,val_conf_mse,test_mse,test_conf_mse,val_svm,val_conf_svm,test_svm,test_conf_svm,val_mvm,val_conf_mvm,test_mvm,test_conf_mvm
0,5,0.58857334,0.007407033894093584,0.59052,0.007270236599339119,0.5894934,0.00743432528618837,0.59122676,0.007298838532394436,0.5903334,0.007422653251897504,0.5917467,0.007307955519773923,0.59098667,0.00743312834391574,0.5925334,0.007332821626060193,0.59166676,0.007436408852366516,0.59278667,0.007346788723273434,0.5922267,0.007458655723864949,0.5931734,0.007377409572847049,0.5928268,0.007471999875427793,0.5935067,0.007388981861948585,0.5928801,0.007498406490750065,0.59352005,0.0074287483294653844,0.5927867,0.007528136098585381,0.5936934,0.007444351524854342,0.59316003,0.007542447224345272,0.5940134,0.00747459971531772,0.5934134,0.007573026513423398,0.59440005,0.007482835158407752,0.5889734,0.0072604320166494984,0.59244007,0.007257156587814895,0.5665867,0.0070507759406677195,0.5708667,0.006963696081420889,4.9533463,0.013486777947979256,4.90111,0.013463525312487512,0.19572128,0.0012628479829012718,0.19560218,0.0012227911691445603,,,,,,,,
