,shots,val_acc,val_conf,test_acc,test_conf,val_acc_me1,val_conf_me1,test_acc_me1,test_conf_me1,val_acc_me2,val_conf_me2,test_acc_me2,test_conf_me2,val_acc_me3,val_conf_me3,test_acc_me3,test_conf_me3,val_acc_me4,val_conf_me4,test_acc_me4,test_conf_me4,val_acc_me5,val_conf_me5,test_acc_me5,test_conf_me5,val_acc_me6,val_conf_me6,test_acc_me6,test_conf_me6,val_acc_me7,val_conf_me7,test_acc_me7,test_conf_me7,val_acc_me8,val_conf_me8,test_acc_me8,test_conf_me8,val_acc_me9,val_conf_me9,test_acc_me9,test_conf_me9,val_acc_med,val_conf_med,test_acc_med,test_conf_med,val_acc_maj,val_conf_maj,test_acc_maj,test_conf_maj,val_acc_lin,val_conf_lin,test_acc_lin,test_conf_lin,val_nld,val_conf_nld,test_nld,test_conf_nld,val_mse,val_conf_mse,test_mse,test_conf_mse,val_svm,val_conf_svm,test_svm,test_conf_svm,val_mvm,val_conf_mvm,test_mvm,test_conf_mvm
0,5,0.28779998,0.004180633514281995,0.3711867,0.005046847522305553,0.28841335,0.0041919061060320395,0.37066668,0.005119798198406522,0.28860003,0.004173776032512011,0.3699067,0.005131997589207848,0.28836006,0.004168277117163999,0.36896002,0.005140480086354926,0.2876667,0.004204244031818627,0.3683067,0.0051613466876169745,0.2869067,0.004197515387584894,0.36765337,0.005108738488750486,0.28617334,0.004180294103568127,0.36681336,0.005103206325006104,0.2853467,0.004169287960773094,0.36640006,0.0050878935913027945,0.28441337,0.00415806108556821,0.36512005,0.005071134090570195,0.28340003,0.004109819047653618,0.3640267,0.005097102011772547,0.28262672,0.004075092021117055,0.36236006,0.005039839037401628,0.28892002,0.004101615467610231,0.36997336,0.005030255187121857,0.28621334,0.003929624745202254,0.3607867,0.004718563476668547,10.46948,0.006589501079888649,10.469484,0.006567137377217591,0.25288305,0.0007727344674099967,0.23844583,0.0008792690255275959,,,,,,,,
