,shots,val_acc,val_conf,test_acc,test_conf,val_acc_me1,val_conf_me1,test_acc_me1,test_conf_me1,val_acc_me2,val_conf_me2,test_acc_me2,test_conf_me2,val_acc_me3,val_conf_me3,test_acc_me3,test_conf_me3,val_acc_me4,val_conf_me4,test_acc_me4,test_conf_me4,val_acc_me5,val_conf_me5,test_acc_me5,test_conf_me5,val_acc_me6,val_conf_me6,test_acc_me6,test_conf_me6,val_acc_me7,val_conf_me7,test_acc_me7,test_conf_me7,val_acc_me8,val_conf_me8,test_acc_me8,test_conf_me8,val_acc_me9,val_conf_me9,test_acc_me9,test_conf_me9,val_acc_med,val_conf_med,test_acc_med,test_conf_med,val_acc_maj,val_conf_maj,test_acc_maj,test_conf_maj,val_acc_lin,val_conf_lin,test_acc_lin,test_conf_lin,val_nld,val_conf_nld,test_nld,test_conf_nld,val_mse,val_conf_mse,test_mse,test_conf_mse,val_svm,val_conf_svm,test_svm,test_conf_svm,val_mvm,val_conf_mvm,test_mvm,test_conf_mvm
0,5,0.39349335,0.008125786184197958,0.39357337,0.007900038807895748,0.3932667,0.008137140511589258,0.3934267,0.007927864945033614,0.39324003,0.00816556881412972,0.3934,0.007966917957376363,0.3931067,0.008191136831007917,0.39344004,0.00798594250511786,0.39313337,0.008214557555614788,0.39301336,0.007997639475706031,0.39245337,0.008253821141135098,0.39256003,0.008024655644963463,0.3926667,0.008302454309491392,0.39208,0.008052911240555571,0.39236003,0.008313693191061622,0.39220005,0.008068669133344808,0.39249334,0.008330752389145657,0.39177337,0.008105672751472393,0.39226672,0.008364475498822466,0.39185336,0.008134775257607696,0.39232,0.008389227082854278,0.3914667,0.008150421398842145,0.39861336,0.00808366877798139,0.3974267,0.007830597684754526,0.39160004,0.007591560185533752,0.38796005,0.0074658235240019355,4.930368,0.013744030950627817,4.879305,0.014379452138185478,0.22909781,0.0013067517977526644,0.22997077,0.0012837691900366988,,,,,,,,
