,shots,val_acc,val_conf,test_acc,test_conf,val_acc_me1,val_conf_me1,test_acc_me1,test_conf_me1,val_acc_me2,val_conf_me2,test_acc_me2,test_conf_me2,val_acc_me3,val_conf_me3,test_acc_me3,test_conf_me3,val_acc_me4,val_conf_me4,test_acc_me4,test_conf_me4,val_acc_me5,val_conf_me5,test_acc_me5,test_conf_me5,val_acc_me6,val_conf_me6,test_acc_me6,test_conf_me6,val_acc_me7,val_conf_me7,test_acc_me7,test_conf_me7,val_acc_me8,val_conf_me8,test_acc_me8,test_conf_me8,val_acc_me9,val_conf_me9,test_acc_me9,test_conf_me9,val_acc_med,val_conf_med,test_acc_med,test_conf_med,val_acc_maj,val_conf_maj,test_acc_maj,test_conf_maj,val_acc_lin,val_conf_lin,test_acc_lin,test_conf_lin,val_nld,val_conf_nld,test_nld,test_conf_nld,val_mse,val_conf_mse,test_mse,test_conf_mse,val_svm,val_conf_svm,test_svm,test_conf_svm,val_mvm,val_conf_mvm,test_mvm,test_conf_mvm
0,5,0.71762675,0.00578258604873505,0.7195068,0.0057906968103383916,0.7184801,0.005788062336702149,0.72041345,0.005797210263561614,0.7190534,0.005808044622975017,0.72078675,0.005803779592562397,0.7191468,0.005808276438183602,0.7217068,0.005801429115645851,0.71961343,0.005798750310814338,0.72240007,0.005801428192079294,0.72038674,0.0057933252807919056,0.7231868,0.005812510529116244,0.72090673,0.005785603802497152,0.7234134,0.0058159549706329194,0.7212001,0.0057994425239573655,0.72368014,0.0058041513281060775,0.7215067,0.005813825226126279,0.72402674,0.005807387043578305,0.7215201,0.0058186891894584925,0.7240401,0.005814586706761937,0.72206676,0.005819979873737835,0.7243334,0.0057864303945758255,0.7169201,0.005792822398795416,0.7192667,0.00576824398349518,0.6971334,0.005786808595085624,0.7029868,0.005814623649424644,4.6739497,0.011932092165144681,4.644798,0.011839117642274744,0.1710671,0.0011156211972279673,0.1707326,0.0010593185011964767,,,,,,,,
