,shots,val_acc,val_conf,test_acc,test_conf,val_acc_me1,val_conf_me1,test_acc_me1,test_conf_me1,val_acc_me2,val_conf_me2,test_acc_me2,test_conf_me2,val_acc_me3,val_conf_me3,test_acc_me3,test_conf_me3,val_acc_me4,val_conf_me4,test_acc_me4,test_conf_me4,val_acc_me5,val_conf_me5,test_acc_me5,test_conf_me5,val_acc_me6,val_conf_me6,test_acc_me6,test_conf_me6,val_acc_me7,val_conf_me7,test_acc_me7,test_conf_me7,val_acc_me8,val_conf_me8,test_acc_me8,test_conf_me8,val_acc_me9,val_conf_me9,test_acc_me9,test_conf_me9,val_acc_med,val_conf_med,test_acc_med,test_conf_med,val_acc_maj,val_conf_maj,test_acc_maj,test_conf_maj,val_acc_lin,val_conf_lin,test_acc_lin,test_conf_lin,val_nld,val_conf_nld,test_nld,test_conf_nld,val_mse,val_conf_mse,test_mse,test_conf_mse,val_svm,val_conf_svm,test_svm,test_conf_svm,val_mvm,val_conf_mvm,test_mvm,test_conf_mvm
0,5,0.51305336,0.006712814764527564,0.5142933,0.006810641706147091,0.514,0.0067302036758764006,0.51496005,0.006792264116786684,0.51478666,0.006777604344647248,0.51552004,0.006805937058047884,0.51544,0.00681205799547957,0.51596004,0.006818885923119411,0.5162,0.006795717793969036,0.51632005,0.00685311837975866,0.51672,0.006821707880769079,0.5167334,0.006864338789997593,0.5173334,0.006840346839468214,0.51717335,0.006892170930318131,0.51746666,0.006865978120656369,0.5173733,0.0069274474789629,0.51796,0.006890610564600941,0.5178667,0.006937023478926885,0.5183867,0.0068767455214935325,0.51852,0.00693033270092247,0.51861334,0.00689227667869019,0.5188533,0.0069323012830628805,0.5135467,0.006689258737418435,0.51412,0.006700734513813478,0.49692002,0.006439474617608298,0.49860004,0.006401374725964137,4.5191474,0.009274003855335167,4.5216074,0.010465517403630109,0.21036188,0.0010434991912304514,0.21017641,0.0010622866132554976,,,,,,,,
