,shots,val_acc,val_conf,test_acc,test_conf,val_acc_me1,val_conf_me1,test_acc_me1,test_conf_me1,val_acc_me2,val_conf_me2,test_acc_me2,test_conf_me2,val_acc_me3,val_conf_me3,test_acc_me3,test_conf_me3,val_acc_me4,val_conf_me4,test_acc_me4,test_conf_me4,val_acc_me5,val_conf_me5,test_acc_me5,test_conf_me5,val_acc_me6,val_conf_me6,test_acc_me6,test_conf_me6,val_acc_me7,val_conf_me7,test_acc_me7,test_conf_me7,val_acc_me8,val_conf_me8,test_acc_me8,test_conf_me8,val_acc_me9,val_conf_me9,test_acc_me9,test_conf_me9,val_acc_med,val_conf_med,test_acc_med,test_conf_med,val_acc_maj,val_conf_maj,test_acc_maj,test_conf_maj,val_acc_lin,val_conf_lin,test_acc_lin,test_conf_lin,val_nld,val_conf_nld,test_nld,test_conf_nld,val_mse,val_conf_mse,test_mse,test_conf_mse,val_svm,val_conf_svm,test_svm,test_conf_svm,val_mvm,val_conf_mvm,test_mvm,test_conf_mvm
0,5,0.29313335,0.005582678217882275,0.31561333,0.006259139471255282,0.29300004,0.005589628979875638,0.31564003,0.006282322377470728,0.29316002,0.0056034598510200095,0.3157467,0.006284888045397619,0.29316002,0.005623553427064332,0.31537336,0.006301472530265528,0.29293334,0.005638502275539692,0.31504005,0.00631875338432597,0.29268003,0.005648041794624192,0.3149067,0.00633595712057794,0.2926267,0.005648016858326832,0.31477338,0.006348043374474643,0.29236,0.005651131586578595,0.31469336,0.0063413235041233085,0.29224005,0.005648082431553181,0.31484002,0.006348414648235157,0.29236,0.005650163688814991,0.31504005,0.006351772736277683,0.2923867,0.0056467922090572276,0.31497335,0.006344625254605163,0.29485333,0.00557276511612087,0.31661335,0.006161653325699512,0.286,0.005245208840939708,0.30733338,0.005636585874910338,24.76048,0.03322737239129836,24.457762,0.029606762398849185,0.26093584,0.0013191227410440654,0.25497967,0.0014127174388641195,,,,,,,,
