,shots,val_acc,val_conf,test_acc,test_conf,val_acc_me1,val_conf_me1,test_acc_me1,test_conf_me1,val_acc_me2,val_conf_me2,test_acc_me2,test_conf_me2,val_acc_me3,val_conf_me3,test_acc_me3,test_conf_me3,val_acc_me4,val_conf_me4,test_acc_me4,test_conf_me4,val_acc_me5,val_conf_me5,test_acc_me5,test_conf_me5,val_acc_me6,val_conf_me6,test_acc_me6,test_conf_me6,val_acc_me7,val_conf_me7,test_acc_me7,test_conf_me7,val_acc_me8,val_conf_me8,test_acc_me8,test_conf_me8,val_acc_me9,val_conf_me9,test_acc_me9,test_conf_me9,val_acc_med,val_conf_med,test_acc_med,test_conf_med,val_acc_maj,val_conf_maj,test_acc_maj,test_conf_maj,val_acc_lin,val_conf_lin,test_acc_lin,test_conf_lin,val_nld,val_conf_nld,test_nld,test_conf_nld,val_mse,val_conf_mse,test_mse,test_conf_mse,val_svm,val_conf_svm,test_svm,test_conf_svm,val_mvm,val_conf_mvm,test_mvm,test_conf_mvm
0,5,0.2984667,0.004576716581701723,0.3562667,0.005168542194750991,0.29964,0.004611868910643024,0.3571067,0.005167504567711423,0.29909334,0.004616913431239322,0.35805336,0.0051797118088286465,0.29948002,0.004612254961468609,0.35905337,0.0051929769954498495,0.29950672,0.004621446295956844,0.35930672,0.005251838201767334,0.29932,0.0046421655883512325,0.35978672,0.0052575915597048994,0.29960003,0.004691362132314192,0.3601867,0.005300329602655363,0.29913336,0.0046858715290653,0.3594134,0.00529544301194218,0.29821336,0.004699439183737719,0.3588667,0.005321951219587007,0.29789338,0.004687713582585906,0.35813338,0.005334564368211003,0.29721338,0.004678610910488212,0.3577334,0.005343956116644566,0.2998,0.004600775952590563,0.35749337,0.0051831405497136385,0.29750672,0.004514928592929124,0.3440667,0.005025801287345977,9.546184,0.012232228210693918,9.571057,0.013130620201526,0.24985519,0.0008684125005166132,0.24100724,0.000954604639122586,,,,,,,,
