,shots,val_acc,val_conf,test_acc,test_conf,val_acc_me1,val_conf_me1,test_acc_me1,test_conf_me1,val_acc_me2,val_conf_me2,test_acc_me2,test_conf_me2,val_acc_me3,val_conf_me3,test_acc_me3,test_conf_me3,val_acc_me4,val_conf_me4,test_acc_me4,test_conf_me4,val_acc_me5,val_conf_me5,test_acc_me5,test_conf_me5,val_acc_me6,val_conf_me6,test_acc_me6,test_conf_me6,val_acc_me7,val_conf_me7,test_acc_me7,test_conf_me7,val_acc_me8,val_conf_me8,test_acc_me8,test_conf_me8,val_acc_me9,val_conf_me9,test_acc_me9,test_conf_me9,val_acc_med,val_conf_med,test_acc_med,test_conf_med,val_acc_maj,val_conf_maj,test_acc_maj,test_conf_maj,val_acc_lin,val_conf_lin,test_acc_lin,test_conf_lin,val_nld,val_conf_nld,test_nld,test_conf_nld,val_mse,val_conf_mse,test_mse,test_conf_mse,val_svm,val_conf_svm,test_svm,test_conf_svm,val_mvm,val_conf_mvm,test_mvm,test_conf_mvm
0,5,0.6315601,0.0066829480070569325,0.6679734,0.0063269043210749665,0.6322534,0.006701290962670914,0.6682267,0.006352186494100298,0.6325468,0.006743041251176529,0.6684801,0.006367889434678697,0.63309336,0.006739043131502198,0.6692401,0.0063632849935522096,0.63326675,0.006788783656173858,0.6686134,0.006379750800115991,0.6330534,0.00680917323530339,0.66845345,0.006380358968701261,0.63338673,0.006848137123472209,0.66841346,0.006394047610594145,0.6332534,0.006887453814070299,0.66816,0.006406844548965229,0.6332134,0.0069224980857230944,0.66740006,0.006408792350857784,0.63234675,0.006952189365545758,0.6671601,0.006430604222502634,0.6320001,0.006988157203766887,0.6664668,0.0064222611839074295,0.6310401,0.006673946003715181,0.6682001,0.006291222326706647,0.63776004,0.0066919167620022035,0.6674267,0.0062216191176327484,9.275953,0.02136529950196575,9.333583,0.024780384531691624,0.17020465,0.0014229132674412615,0.15827209,0.0014662105299488581,,,,,,,,
