,shots,val_acc,val_conf,test_acc,test_conf,val_acc_me1,val_conf_me1,test_acc_me1,test_conf_me1,val_acc_me2,val_conf_me2,test_acc_me2,test_conf_me2,val_acc_me3,val_conf_me3,test_acc_me3,test_conf_me3,val_acc_me4,val_conf_me4,test_acc_me4,test_conf_me4,val_acc_me5,val_conf_me5,test_acc_me5,test_conf_me5,val_acc_me6,val_conf_me6,test_acc_me6,test_conf_me6,val_acc_me7,val_conf_me7,test_acc_me7,test_conf_me7,val_acc_me8,val_conf_me8,test_acc_me8,test_conf_me8,val_acc_me9,val_conf_me9,test_acc_me9,test_conf_me9,val_acc_med,val_conf_med,test_acc_med,test_conf_med,val_acc_maj,val_conf_maj,test_acc_maj,test_conf_maj,val_acc_lin,val_conf_lin,test_acc_lin,test_conf_lin,val_nld,val_conf_nld,test_nld,test_conf_nld,val_mse,val_conf_mse,test_mse,test_conf_mse,val_svm,val_conf_svm,test_svm,test_conf_svm,val_mvm,val_conf_mvm,test_mvm,test_conf_mvm
0,5,0.79774684,0.004527434146047837,0.80341345,0.004537691738139338,0.79778683,0.004539196689862468,0.80329347,0.004517272604879552,0.7977868,0.004537690352789392,0.80314684,0.0045234965199837385,0.7978668,0.004541301036288359,0.80293345,0.004499046018653141,0.79786676,0.004551525841766657,0.80272007,0.004513819851263867,0.79734683,0.0045565541999480486,0.8024668,0.004535756404395297,0.79713345,0.004559507304050303,0.80193347,0.004526341566797543,0.7971468,0.004551811685619578,0.80194676,0.004521257332838702,0.79701346,0.004557936317317601,0.80164015,0.004524823685142398,0.79674685,0.004551230300464781,0.8012801,0.004525798971438566,0.7964135,0.004542523376641627,0.8007201,0.00453397022665214,0.7980668,0.004543225749016888,0.8031467,0.004514722637584345,0.7885601,0.004539753138719793,0.79653347,0.004471979053234487,4.799414,0.013138715262497769,4.7719026,0.014170484119297555,0.14641175,0.0010158992124560118,0.14588207,0.0009746851697891579,,,,,,,,
