,shots,val_acc,val_conf,test_acc,test_conf,val_acc_me1,val_conf_me1,test_acc_me1,test_conf_me1,val_acc_me2,val_conf_me2,test_acc_me2,test_conf_me2,val_acc_me3,val_conf_me3,test_acc_me3,test_conf_me3,val_acc_me4,val_conf_me4,test_acc_me4,test_conf_me4,val_acc_me5,val_conf_me5,test_acc_me5,test_conf_me5,val_acc_me6,val_conf_me6,test_acc_me6,test_conf_me6,val_acc_me7,val_conf_me7,test_acc_me7,test_conf_me7,val_acc_me8,val_conf_me8,test_acc_me8,test_conf_me8,val_acc_me9,val_conf_me9,test_acc_me9,test_conf_me9,val_acc_med,val_conf_med,test_acc_med,test_conf_med,val_acc_maj,val_conf_maj,test_acc_maj,test_conf_maj,val_acc_lin,val_conf_lin,test_acc_lin,test_conf_lin,val_nld,val_conf_nld,test_nld,test_conf_nld,val_mse,val_conf_mse,test_mse,test_conf_mse,val_svm,val_conf_svm,test_svm,test_conf_svm,val_mvm,val_conf_mvm,test_mvm,test_conf_mvm
0,5,0.6737334,0.006570233634138889,0.7389601,0.00620754858096384,0.67392004,0.00659489655578005,0.7395334,0.006207485316653938,0.6742401,0.006600663305432852,0.74009347,0.0062213004871666255,0.6747201,0.006606864131372792,0.73998684,0.006215257129326579,0.67528003,0.006614594383549943,0.7401601,0.006224261441584722,0.67541337,0.006619603808616592,0.7404268,0.006215971046283908,0.6755335,0.00662348094107057,0.7408001,0.006218577812923121,0.6757068,0.0066053707242317294,0.74125344,0.0062066259379620625,0.67596006,0.006625359937253883,0.74078673,0.006210444423938921,0.6761334,0.006630965986323734,0.74077344,0.006230561550930824,0.67614675,0.006630325492908651,0.74092007,0.0062376129816801296,0.6729467,0.006518530068726047,0.7393468,0.006191872885599192,0.6583468,0.0064836968320340915,0.7281601,0.006240583171763903,4.2972765,0.007938846151531287,4.385507,0.009562299777479133,0.18162854,0.0011713067199001503,0.16927478,0.0011949261267650002,,,,,,,,
