,shots,val_acc,val_conf,test_acc,test_conf,val_acc_me1,val_conf_me1,test_acc_me1,test_conf_me1,val_acc_me2,val_conf_me2,test_acc_me2,test_conf_me2,val_acc_me3,val_conf_me3,test_acc_me3,test_conf_me3,val_acc_me4,val_conf_me4,test_acc_me4,test_conf_me4,val_acc_me5,val_conf_me5,test_acc_me5,test_conf_me5,val_acc_me6,val_conf_me6,test_acc_me6,test_conf_me6,val_acc_me7,val_conf_me7,test_acc_me7,test_conf_me7,val_acc_me8,val_conf_me8,test_acc_me8,test_conf_me8,val_acc_me9,val_conf_me9,test_acc_me9,test_conf_me9,val_acc_med,val_conf_med,test_acc_med,test_conf_med,val_acc_maj,val_conf_maj,test_acc_maj,test_conf_maj,val_acc_lin,val_conf_lin,test_acc_lin,test_conf_lin,val_nld,val_conf_nld,test_nld,test_conf_nld,val_mse,val_conf_mse,test_mse,test_conf_mse,val_svm,val_conf_svm,test_svm,test_conf_svm,val_mvm,val_conf_mvm,test_mvm,test_conf_mvm
0,5,0.6227201,0.007010346814138146,0.67382675,0.006928949198203083,0.62357336,0.007016769757837715,0.6745067,0.00693228465886464,0.62384003,0.007018955378121694,0.6755335,0.006908998774976749,0.6246134,0.007009561782555074,0.67628,0.006903177534896443,0.62502676,0.006988151200584269,0.6765868,0.006914126878347582,0.6247334,0.00697483891206796,0.6770934,0.006904827024787563,0.6243867,0.0069901992094495435,0.6777468,0.006931899069822389,0.6248401,0.0069797504390785026,0.6776935,0.0069282805360075805,0.62469333,0.006997937311942426,0.6778534,0.006940800866191421,0.6245335,0.006999417327368307,0.6779867,0.0069330706140142695,0.6243467,0.007008071146113681,0.6784001,0.006923470139536314,0.62349343,0.00696814120731426,0.6743601,0.006846543971141816,0.6063201,0.006850798842322203,0.6576401,0.006815150096350475,5.488309,0.012128071143814978,5.593013,0.014226091138811015,0.18157056,0.0015105723183723163,0.16961552,0.0015085946160120212,,,,,,,,
