,shots,val_acc,val_conf,test_acc,test_conf,val_acc_me1,val_conf_me1,test_acc_me1,test_conf_me1,val_acc_me2,val_conf_me2,test_acc_me2,test_conf_me2,val_acc_me3,val_conf_me3,test_acc_me3,test_conf_me3,val_acc_me4,val_conf_me4,test_acc_me4,test_conf_me4,val_acc_me5,val_conf_me5,test_acc_me5,test_conf_me5,val_acc_me6,val_conf_me6,test_acc_me6,test_conf_me6,val_acc_me7,val_conf_me7,test_acc_me7,test_conf_me7,val_acc_me8,val_conf_me8,test_acc_me8,test_conf_me8,val_acc_me9,val_conf_me9,test_acc_me9,test_conf_me9,val_acc_med,val_conf_med,test_acc_med,test_conf_med,val_acc_maj,val_conf_maj,test_acc_maj,test_conf_maj,val_acc_lin,val_conf_lin,test_acc_lin,test_conf_lin,val_nld,val_conf_nld,test_nld,test_conf_nld,val_mse,val_conf_mse,test_mse,test_conf_mse,val_svm,val_conf_svm,test_svm,test_conf_svm,val_mvm,val_conf_mvm,test_mvm,test_conf_mvm
0,5,0.6764135,0.006446689519640336,0.74657345,0.005949389097728686,0.67664015,0.006468911916624687,0.74708015,0.0059258496948177974,0.67693347,0.006477392566638596,0.7473867,0.00593962191948505,0.6772534,0.006495333309012086,0.74768007,0.005931164820418666,0.67752016,0.0064762473440937995,0.74789345,0.005937115359818557,0.6777601,0.006475105815815341,0.74829346,0.005954796579986321,0.6782534,0.006489030428966425,0.74845344,0.005969182514638294,0.67829347,0.0065002808551187785,0.74890673,0.005981979914792657,0.67785347,0.00646809733091136,0.74917346,0.005990024179603037,0.6778001,0.006477639158912307,0.74941343,0.006014790078916588,0.6774668,0.006491877322913342,0.7493468,0.0060257495815999595,0.67540014,0.006588980650126475,0.7468534,0.005954721309311073,0.6639201,0.006493122752430747,0.7340935,0.0060092288228252855,4.3384237,0.009211167156724542,4.416652,0.010560925524407239,0.18012983,0.0012343220131962596,0.16706088,0.0011589382009709603,,,,,,,,
