,shots,val_acc,val_conf,test_acc,test_conf,val_acc_me1,val_conf_me1,test_acc_me1,test_conf_me1,val_acc_me2,val_conf_me2,test_acc_me2,test_conf_me2,val_acc_me3,val_conf_me3,test_acc_me3,test_conf_me3,val_acc_me4,val_conf_me4,test_acc_me4,test_conf_me4,val_acc_me5,val_conf_me5,test_acc_me5,test_conf_me5,val_acc_me6,val_conf_me6,test_acc_me6,test_conf_me6,val_acc_me7,val_conf_me7,test_acc_me7,test_conf_me7,val_acc_me8,val_conf_me8,test_acc_me8,test_conf_me8,val_acc_me9,val_conf_me9,test_acc_me9,test_conf_me9,val_acc_med,val_conf_med,test_acc_med,test_conf_med,val_acc_maj,val_conf_maj,test_acc_maj,test_conf_maj,val_acc_lin,val_conf_lin,test_acc_lin,test_conf_lin,val_nld,val_conf_nld,test_nld,test_conf_nld,val_mse,val_conf_mse,test_mse,test_conf_mse,val_svm,val_conf_svm,test_svm,test_conf_svm,val_mvm,val_conf_mvm,test_mvm,test_conf_mvm
0,5,0.34569335,0.004517247668582247,0.3909867,0.00543753834631594,0.34493336,0.004558631301160243,0.39036006,0.005455940410190319,0.34520003,0.004581876086335812,0.3892934,0.005466324992684901,0.3444267,0.004607902654015228,0.38912004,0.005499984838051752,0.34441337,0.004616252157576384,0.38882673,0.005483903235180332,0.34381336,0.004618159322540061,0.3877467,0.0055012455064175625,0.34312007,0.004647599854039397,0.38645336,0.005493243725669339,0.3425067,0.004653142638799346,0.3851867,0.00546910631340547,0.34062672,0.004640426974286294,0.38382673,0.00546116040843464,0.33990672,0.004677707200601122,0.3828534,0.005438869205740937,0.33944005,0.0046997439607052716,0.38224006,0.005410993657791685,0.3448534,0.004511026062394563,0.39145336,0.005386704318827318,0.33838668,0.004312364122842416,0.38068002,0.005187803637317245,9.324726,0.011982511511243743,9.278433,0.012293895674030608,0.24240784,0.0008719255168509743,0.23408343,0.0010772662857650717,,,,,,,,
