,shots,val_acc,val_conf,test_acc,test_conf,val_acc_me1,val_conf_me1,test_acc_me1,test_conf_me1,val_acc_me2,val_conf_me2,test_acc_me2,test_conf_me2,val_acc_me3,val_conf_me3,test_acc_me3,test_conf_me3,val_acc_me4,val_conf_me4,test_acc_me4,test_conf_me4,val_acc_me5,val_conf_me5,test_acc_me5,test_conf_me5,val_acc_me6,val_conf_me6,test_acc_me6,test_conf_me6,val_acc_me7,val_conf_me7,test_acc_me7,test_conf_me7,val_acc_me8,val_conf_me8,test_acc_me8,test_conf_me8,val_acc_me9,val_conf_me9,test_acc_me9,test_conf_me9,val_acc_med,val_conf_med,test_acc_med,test_conf_med,val_acc_maj,val_conf_maj,test_acc_maj,test_conf_maj,val_acc_lin,val_conf_lin,test_acc_lin,test_conf_lin,val_nld,val_conf_nld,test_nld,test_conf_nld,val_mse,val_conf_mse,test_mse,test_conf_mse,val_svm,val_conf_svm,test_svm,test_conf_svm,val_mvm,val_conf_mvm,test_mvm,test_conf_mvm
0,5,0.39037338,0.005084339707147778,0.4425067,0.005514663081522542,0.39120007,0.0050704506513096215,0.4429467,0.005518226201343235,0.39120007,0.005059112948116562,0.44272003,0.005546536749146236,0.39109337,0.005046488254910497,0.44297338,0.00555718039206321,0.39152005,0.005054320561193371,0.44337335,0.0055479294875313,0.3909734,0.0050579150822773755,0.44334668,0.005552794836213404,0.39070672,0.005114266496445363,0.4427867,0.0055231271073382104,0.38984004,0.005134288496080663,0.4425467,0.0055300049075727165,0.38944006,0.005185387587174406,0.4426534,0.005529069796422259,0.3887867,0.005175555297487755,0.44233337,0.00556007669682157,0.38804004,0.00515362705645539,0.44216004,0.005565568685420241,0.39265338,0.005067011289409118,0.44361335,0.005489995542048431,0.39557338,0.004924589936036727,0.44912001,0.0054814336181765455,7.405093,0.018484394292575423,7.385143,0.01650817425661355,0.22958115,0.0009365344242607543,0.21496844,0.0011245834872072313,,,,,,,,
