,shots,val_acc,val_conf,test_acc,test_conf,val_acc_me1,val_conf_me1,test_acc_me1,test_conf_me1,val_acc_me2,val_conf_me2,test_acc_me2,test_conf_me2,val_acc_me3,val_conf_me3,test_acc_me3,test_conf_me3,val_acc_me4,val_conf_me4,test_acc_me4,test_conf_me4,val_acc_me5,val_conf_me5,test_acc_me5,test_conf_me5,val_acc_me6,val_conf_me6,test_acc_me6,test_conf_me6,val_acc_me7,val_conf_me7,test_acc_me7,test_conf_me7,val_acc_me8,val_conf_me8,test_acc_me8,test_conf_me8,val_acc_me9,val_conf_me9,test_acc_me9,test_conf_me9,val_acc_med,val_conf_med,test_acc_med,test_conf_med,val_acc_maj,val_conf_maj,test_acc_maj,test_conf_maj,val_acc_lin,val_conf_lin,test_acc_lin,test_conf_lin,val_nld,val_conf_nld,test_nld,test_conf_nld,val_mse,val_conf_mse,test_mse,test_conf_mse,val_svm,val_conf_svm,test_svm,test_conf_svm,val_mvm,val_conf_mvm,test_mvm,test_conf_mvm
0,5,0.79530674,0.005452169487891734,0.85922676,0.004665465325737639,0.7952534,0.0054612629243238064,0.8589068,0.004665951583535888,0.7951068,0.005454565219570107,0.85882676,0.004661039594742067,0.79481345,0.005458409103627493,0.85853344,0.004662773590974112,0.79466677,0.0054728130478275405,0.8585068,0.004662154339590052,0.79430676,0.00547123051651266,0.8581868,0.004688622833872391,0.79389346,0.005462575312417339,0.8578934,0.00468990058821972,0.7934535,0.005462180025926133,0.85780007,0.004681858170542563,0.7933601,0.005467438813966274,0.85753345,0.004678132964789139,0.7928934,0.005477115020902978,0.85724014,0.004683053265681969,0.79273343,0.00548852707120473,0.85710675,0.004678069700479126,0.7962668,0.005445740079226158,0.86008006,0.004635428170235101,0.78298676,0.0054168052004229805,0.8540801,0.0047019706797015726,23.718464,0.030678454267700772,24.062288,0.03058101614760389,0.12824848,0.0014813612931652287,0.10757643,0.001287600375053849,,,,,,,,
