,shots,val_acc,val_conf,test_acc,test_conf,val_acc_me1,val_conf_me1,test_acc_me1,test_conf_me1,val_acc_me2,val_conf_me2,test_acc_me2,test_conf_me2,val_acc_me3,val_conf_me3,test_acc_me3,test_conf_me3,val_acc_me4,val_conf_me4,test_acc_me4,test_conf_me4,val_acc_me5,val_conf_me5,test_acc_me5,test_conf_me5,val_acc_me6,val_conf_me6,test_acc_me6,test_conf_me6,val_acc_me7,val_conf_me7,test_acc_me7,test_conf_me7,val_acc_me8,val_conf_me8,test_acc_me8,test_conf_me8,val_acc_me9,val_conf_me9,test_acc_me9,test_conf_me9,val_acc_med,val_conf_med,test_acc_med,test_conf_med,val_acc_maj,val_conf_maj,test_acc_maj,test_conf_maj,val_acc_lin,val_conf_lin,test_acc_lin,test_conf_lin,val_nld,val_conf_nld,test_nld,test_conf_nld,val_mse,val_conf_mse,test_mse,test_conf_mse,val_svm,val_conf_svm,test_svm,test_conf_svm,val_mvm,val_conf_mvm,test_mvm,test_conf_mvm
0,5,0.3358667,0.006966598389361867,0.35592005,0.007901365973054464,0.33567998,0.006990554782578373,0.35576,0.00789740756674251,0.33577338,0.007014496398729753,0.35528004,0.007904408201330648,0.33594668,0.007037948062816601,0.3549467,0.007931633096632473,0.33561334,0.007059099584365014,0.35457337,0.007931373574426803,0.33537334,0.007045811308579564,0.35396,0.007953942770657585,0.33524,0.007057684680382259,0.35352,0.007947408537186507,0.33478668,0.007049959046038001,0.35321334,0.007936826311446321,0.33449334,0.0070853755150178666,0.3525334,0.007930557141580363,0.33425337,0.007114972129267261,0.35252002,0.007927103002614733,0.3336267,0.007124251664362813,0.35172004,0.00793705997378813,0.3369867,0.0069315287196284325,0.36033338,0.00782835434156004,0.33612007,0.006761507964710756,0.35276005,0.0073969490089504375,5.916128,0.015611887997557972,6.0457416,0.015363108718173812,0.2416481,0.0013726373050515495,0.237377,0.0014901254781155837,,,,,,,,
