,shots,val_acc,val_conf,test_acc,test_conf,val_acc_me1,val_conf_me1,test_acc_me1,test_conf_me1,val_acc_me2,val_conf_me2,test_acc_me2,test_conf_me2,val_acc_me3,val_conf_me3,test_acc_me3,test_conf_me3,val_acc_me4,val_conf_me4,test_acc_me4,test_conf_me4,val_acc_me5,val_conf_me5,test_acc_me5,test_conf_me5,val_acc_me6,val_conf_me6,test_acc_me6,test_conf_me6,val_acc_me7,val_conf_me7,test_acc_me7,test_conf_me7,val_acc_me8,val_conf_me8,test_acc_me8,test_conf_me8,val_acc_me9,val_conf_me9,test_acc_me9,test_conf_me9,val_acc_med,val_conf_med,test_acc_med,test_conf_med,val_acc_maj,val_conf_maj,test_acc_maj,test_conf_maj,val_acc_lin,val_conf_lin,test_acc_lin,test_conf_lin,val_nld,val_conf_nld,test_nld,test_conf_nld,val_mse,val_conf_mse,test_mse,test_conf_mse,val_svm,val_conf_svm,test_svm,test_conf_svm,val_mvm,val_conf_mvm,test_mvm,test_conf_mvm
0,5,0.3452667,0.007848657105432089,0.36688003,0.008289445874376133,0.34541336,0.007920584469775283,0.36700004,0.00832867436436685,0.3453067,0.007923795710733483,0.3668267,0.008372818075634392,0.3455867,0.00793839822174569,0.36738667,0.008418465353275173,0.34553334,0.007910592403072292,0.36693335,0.008398242939694545,0.34616002,0.00792107673075626,0.36658671,0.008443070090222604,0.3467467,0.007956871400245868,0.3656667,0.008452797093320474,0.3461867,0.007930655963203193,0.36517334,0.008441025313840278,0.34565338,0.007937184655274876,0.3644267,0.00842409449150927,0.34493336,0.007956490890819679,0.3632134,0.008416996882431471,0.34405336,0.007984214512068488,0.3622267,0.008405220485118436,0.34577337,0.007787384928587937,0.37244004,0.00829944902387797,0.35240003,0.0076550489221419715,0.37772003,0.008258669865618962,7.5813975,0.024494958130874878,7.6799717,0.0240658340076898,0.23823442,0.0015213969803366811,0.2330499,0.0015604428350385335,,,,,,,,
