,shots,val_acc,val_conf,test_acc,test_conf,val_acc_me1,val_conf_me1,test_acc_me1,test_conf_me1,val_acc_me2,val_conf_me2,test_acc_me2,test_conf_me2,val_acc_me3,val_conf_me3,test_acc_me3,test_conf_me3,val_acc_me4,val_conf_me4,test_acc_me4,test_conf_me4,val_acc_me5,val_conf_me5,test_acc_me5,test_conf_me5,val_acc_me6,val_conf_me6,test_acc_me6,test_conf_me6,val_acc_me7,val_conf_me7,test_acc_me7,test_conf_me7,val_acc_me8,val_conf_me8,test_acc_me8,test_conf_me8,val_acc_me9,val_conf_me9,test_acc_me9,test_conf_me9,val_acc_med,val_conf_med,test_acc_med,test_conf_med,val_acc_maj,val_conf_maj,test_acc_maj,test_conf_maj,val_acc_lin,val_conf_lin,test_acc_lin,test_conf_lin,val_nld,val_conf_nld,test_nld,test_conf_nld,val_mse,val_conf_mse,test_mse,test_conf_mse,val_svm,val_conf_svm,test_svm,test_conf_svm,val_mvm,val_conf_mvm,test_mvm,test_conf_mvm
0,5,0.7535201,0.0057575578565161045,0.8149201,0.005082465328797303,0.75330675,0.005762435211563499,0.8145068,0.005081888099692122,0.75318676,0.005777119920000295,0.8140535,0.005094304066853739,0.7529868,0.00577969020576008,0.81377345,0.005106288728427999,0.7528001,0.005772415271901088,0.81332004,0.005121600538564697,0.7525735,0.00576734165895787,0.8131334,0.0051245213178370275,0.7519868,0.005778298390941572,0.81281346,0.005136027110145602,0.75152016,0.00577141504930756,0.81237346,0.005119184950205136,0.7512668,0.005780082721551616,0.81201345,0.005143324209602174,0.7511335,0.005771253425158163,0.81149346,0.005131598608450361,0.7506801,0.005782591128351222,0.81097347,0.005156099444158846,0.7544402,0.0056466204256755415,0.8162668,0.005102116054672146,0.7434935,0.005589934218626524,0.8096134,0.00511466593898624,4.530259,0.010284169566534551,4.6283064,0.010883178218569434,0.15735963,0.0012144200772148395,0.14364728,0.001093680488046922,,,,,,,,
