,shots,val_acc,val_conf,test_acc,test_conf,val_acc_me1,val_conf_me1,test_acc_me1,test_conf_me1,val_acc_me2,val_conf_me2,test_acc_me2,test_conf_me2,val_acc_me3,val_conf_me3,test_acc_me3,test_conf_me3,val_acc_me4,val_conf_me4,test_acc_me4,test_conf_me4,val_acc_me5,val_conf_me5,test_acc_me5,test_conf_me5,val_acc_me6,val_conf_me6,test_acc_me6,test_conf_me6,val_acc_me7,val_conf_me7,test_acc_me7,test_conf_me7,val_acc_me8,val_conf_me8,test_acc_me8,test_conf_me8,val_acc_me9,val_conf_me9,test_acc_me9,test_conf_me9,val_acc_med,val_conf_med,test_acc_med,test_conf_med,val_acc_maj,val_conf_maj,test_acc_maj,test_conf_maj,val_acc_lin,val_conf_lin,test_acc_lin,test_conf_lin,val_nld,val_conf_nld,test_nld,test_conf_nld,val_mse,val_conf_mse,test_mse,test_conf_mse,val_svm,val_conf_svm,test_svm,test_conf_svm,val_mvm,val_conf_mvm,test_mvm,test_conf_mvm
0,5,0.5563067,0.0068337613480525805,0.5544401,0.006917716781598693,0.55702674,0.006853788889087276,0.55514675,0.0069547928997019115,0.5578534,0.006866434824324474,0.55597335,0.0069574116727064705,0.55817336,0.006905309588319475,0.5563201,0.006981493670976224,0.5589467,0.006921551891773792,0.55636,0.007014834885877064,0.5593067,0.006942288731933033,0.5569734,0.007025108640383415,0.55965334,0.006935787746858435,0.5571733,0.007032285676186079,0.55993336,0.006964000396605163,0.5577467,0.007065810680833895,0.56034666,0.00699643420735252,0.55780005,0.007068970663847485,0.5606267,0.007022837590191844,0.55809337,0.007081182522797547,0.56081337,0.007052390335029246,0.55857337,0.0071037845056415305,0.5572,0.006757997026401119,0.55614674,0.006870237147886371,0.53893334,0.006555155486343889,0.5391333,0.006668072120340485,4.3972936,0.00961104469739027,4.3916483,0.010702668056351783,0.20543447,0.001034172669685779,0.20505795,0.0010463718295954938,,,,,,,,
