,shots,val_acc,val_conf,test_acc,test_conf,val_acc_me1,val_conf_me1,test_acc_me1,test_conf_me1,val_acc_me2,val_conf_me2,test_acc_me2,test_conf_me2,val_acc_me3,val_conf_me3,test_acc_me3,test_conf_me3,val_acc_me4,val_conf_me4,test_acc_me4,test_conf_me4,val_acc_me5,val_conf_me5,test_acc_me5,test_conf_me5,val_acc_me6,val_conf_me6,test_acc_me6,test_conf_me6,val_acc_me7,val_conf_me7,test_acc_me7,test_conf_me7,val_acc_me8,val_conf_me8,test_acc_me8,test_conf_me8,val_acc_me9,val_conf_me9,test_acc_me9,test_conf_me9,val_acc_med,val_conf_med,test_acc_med,test_conf_med,val_acc_maj,val_conf_maj,test_acc_maj,test_conf_maj,val_acc_lin,val_conf_lin,test_acc_lin,test_conf_lin,val_nld,val_conf_nld,test_nld,test_conf_nld,val_mse,val_conf_mse,test_mse,test_conf_mse,val_svm,val_conf_svm,test_svm,test_conf_svm,val_mvm,val_conf_mvm,test_mvm,test_conf_mvm
0,5,0.27023998,0.005395203440172525,0.28736,0.0059581348113476595,0.27001336,0.005432064829048622,0.2872134,0.005957045926363591,0.26996002,0.005440615208338384,0.2869867,0.005986643464179542,0.26972,0.0054234096249533015,0.28668004,0.0059791348679788525,0.26941335,0.005445737308526488,0.2868667,0.006005702645667355,0.26896003,0.005459832319709368,0.28672004,0.006015154425927871,0.26872003,0.0054264162959165585,0.28637335,0.006042455515471612,0.26905334,0.0054111945335202916,0.28613335,0.006040242188190548,0.26836002,0.005439036833073063,0.28588,0.006069265267600987,0.26825336,0.005431991867289709,0.28568003,0.006089281264053614,0.26782668,0.0054481141070901185,0.28566667,0.006112915332537716,0.27168,0.005409404199727519,0.28966668,0.005927772098629824,0.26896003,0.005214682195155973,0.28777337,0.00578381485405427,7.8204646,0.01430580878715837,7.77777,0.013812149526442496,0.25795415,0.0011573426242783014,0.2551393,0.00129869956718065,,,,,,,,
