,shots,val_acc,val_conf,test_acc,test_conf,val_acc_me1,val_conf_me1,test_acc_me1,test_conf_me1,val_acc_me2,val_conf_me2,test_acc_me2,test_conf_me2,val_acc_me3,val_conf_me3,test_acc_me3,test_conf_me3,val_acc_me4,val_conf_me4,test_acc_me4,test_conf_me4,val_acc_me5,val_conf_me5,test_acc_me5,test_conf_me5,val_acc_me6,val_conf_me6,test_acc_me6,test_conf_me6,val_acc_me7,val_conf_me7,test_acc_me7,test_conf_me7,val_acc_me8,val_conf_me8,test_acc_me8,test_conf_me8,val_acc_me9,val_conf_me9,test_acc_me9,test_conf_me9,val_acc_med,val_conf_med,test_acc_med,test_conf_med,val_acc_maj,val_conf_maj,test_acc_maj,test_conf_maj,val_acc_lin,val_conf_lin,test_acc_lin,test_conf_lin,val_nld,val_conf_nld,test_nld,test_conf_nld,val_mse,val_conf_mse,test_mse,test_conf_mse,val_svm,val_conf_svm,test_svm,test_conf_svm,val_mvm,val_conf_mvm,test_mvm,test_conf_mvm
0,5,0.40248004,0.008166216234294088,0.4038,0.007878032987271633,0.40217334,0.008173372028065673,0.40424004,0.00790182129137268,0.40212005,0.00819088746803448,0.4044267,0.00792682316194454,0.4017467,0.00819473042852542,0.4042267,0.007926422334053884,0.40156004,0.008247178850375514,0.40441337,0.007957535444608477,0.4016267,0.00827497543338318,0.40410668,0.007983681614158522,0.40140006,0.00827616683425636,0.40417337,0.008005739154510472,0.4009867,0.008306613129748674,0.40376005,0.008017745519899033,0.40084,0.008335880030733156,0.40365338,0.008033607775710494,0.40080005,0.008351257414096203,0.40344,0.008081986963260457,0.4004134,0.008343299040976693,0.40328002,0.008093400398912154,0.40724003,0.008091738902655687,0.40800002,0.007827377208130704,0.39076,0.007270108685369425,0.39017338,0.00728800371119781,24.422915,0.03659893342292264,24.276758,0.033947081958149994,0.23412332,0.001862772120296785,0.23374678,0.0018166436644738992,,,,,,,,
