,shots,val_acc,val_conf,test_acc,test_conf,val_acc_me1,val_conf_me1,test_acc_me1,test_conf_me1,val_acc_me2,val_conf_me2,test_acc_me2,test_conf_me2,val_acc_me3,val_conf_me3,test_acc_me3,test_conf_me3,val_acc_me4,val_conf_me4,test_acc_me4,test_conf_me4,val_acc_me5,val_conf_me5,test_acc_me5,test_conf_me5,val_acc_me6,val_conf_me6,test_acc_me6,test_conf_me6,val_acc_me7,val_conf_me7,test_acc_me7,test_conf_me7,val_acc_me8,val_conf_me8,test_acc_me8,test_conf_me8,val_acc_me9,val_conf_me9,test_acc_me9,test_conf_me9,val_acc_med,val_conf_med,test_acc_med,test_conf_med,val_acc_maj,val_conf_maj,test_acc_maj,test_conf_maj,val_acc_lin,val_conf_lin,test_acc_lin,test_conf_lin,val_nld,val_conf_nld,test_nld,test_conf_nld,val_mse,val_conf_mse,test_mse,test_conf_mse,val_svm,val_conf_svm,test_svm,test_conf_svm,val_mvm,val_conf_mvm,test_mvm,test_conf_mvm
0,5,0.28252003,0.005041304275762326,0.30241337,0.005601654278378887,0.28224003,0.005059070464054405,0.30204004,0.005618796135670789,0.28234667,0.0050605061482849045,0.3018667,0.005609895724651592,0.28232,0.005061363679843611,0.30212003,0.005612839131304892,0.28253335,0.005068798390718832,0.3023067,0.005612677968938717,0.28290668,0.00506519463396915,0.3022934,0.0055964763024134445,0.28285334,0.005077712193453321,0.3021467,0.005620832599953995,0.28256002,0.00507386923296238,0.3018267,0.005611286615903488,0.28264,0.005087167206196785,0.30236003,0.005625244939234275,0.28234667,0.005102479016333483,0.30217338,0.005621036708165605,0.28189337,0.005103203554306379,0.30221337,0.005641613309525173,0.28250667,0.005105267263803337,0.30360004,0.005552862718356144,0.27824003,0.004802359133198375,0.29945338,0.0054187285278016195,5.1130753,0.015777712527772714,4.951102,0.013150511978275325,0.24991174,0.0008041238398143746,0.24601263,0.0008969275028686552,,,,,,,,
