,shots,val_acc,val_conf,test_acc,test_conf,val_acc_me1,val_conf_me1,test_acc_me1,test_conf_me1,val_acc_me2,val_conf_me2,test_acc_me2,test_conf_me2,val_acc_me3,val_conf_me3,test_acc_me3,test_conf_me3,val_acc_me4,val_conf_me4,test_acc_me4,test_conf_me4,val_acc_me5,val_conf_me5,test_acc_me5,test_conf_me5,val_acc_me6,val_conf_me6,test_acc_me6,test_conf_me6,val_acc_me7,val_conf_me7,test_acc_me7,test_conf_me7,val_acc_me8,val_conf_me8,test_acc_me8,test_conf_me8,val_acc_me9,val_conf_me9,test_acc_me9,test_conf_me9,val_acc_med,val_conf_med,test_acc_med,test_conf_med,val_acc_maj,val_conf_maj,test_acc_maj,test_conf_maj,val_acc_lin,val_conf_lin,test_acc_lin,test_conf_lin,val_nld,val_conf_nld,test_nld,test_conf_nld,val_mse,val_conf_mse,test_mse,test_conf_mse,val_svm,val_conf_svm,test_svm,test_conf_svm,val_mvm,val_conf_mvm,test_mvm,test_conf_mvm
0,5,0.35204005,0.00542114273081129,0.40557337,0.006258293484278643,0.35226673,0.00541161429452558,0.4062267,0.006265151889615239,0.35226673,0.005450131638258693,0.40672004,0.006289060719153472,0.3524667,0.0054784163261977215,0.4068534,0.006299042626624174,0.35288,0.00545397136626663,0.4074134,0.006315899563629768,0.35300004,0.005438817024229825,0.40782672,0.006311761985403508,0.35273337,0.005451785745982596,0.40778673,0.006313413784211019,0.35269335,0.005464668114261273,0.40781334,0.006303751430772941,0.35258672,0.0054893296505526545,0.40749335,0.006316293926554417,0.35224006,0.005479757806638286,0.40776005,0.0063127820646782795,0.35196003,0.005485126499100101,0.40749338,0.0063003642503834945,0.35520005,0.0053865948761889215,0.40558672,0.006155211910668534,0.34937334,0.005269024390254506,0.3965334,0.0060370725077279475,5.862695,0.018932237262968776,5.67724,0.016905145333288907,0.23767644,0.000890411278945652,0.22756363,0.0010953725774459633,,,,,,,,
