,shots,val_acc,val_conf,test_acc,test_conf,val_acc_me1,val_conf_me1,test_acc_me1,test_conf_me1,val_acc_me2,val_conf_me2,test_acc_me2,test_conf_me2,val_acc_me3,val_conf_me3,test_acc_me3,test_conf_me3,val_acc_me4,val_conf_me4,test_acc_me4,test_conf_me4,val_acc_me5,val_conf_me5,test_acc_me5,test_conf_me5,val_acc_me6,val_conf_me6,test_acc_me6,test_conf_me6,val_acc_me7,val_conf_me7,test_acc_me7,test_conf_me7,val_acc_me8,val_conf_me8,test_acc_me8,test_conf_me8,val_acc_me9,val_conf_me9,test_acc_me9,test_conf_me9,val_acc_med,val_conf_med,test_acc_med,test_conf_med,val_acc_maj,val_conf_maj,test_acc_maj,test_conf_maj,val_acc_lin,val_conf_lin,test_acc_lin,test_conf_lin,val_nld,val_conf_nld,test_nld,test_conf_nld,val_mse,val_conf_mse,test_mse,test_conf_mse,val_svm,val_conf_svm,test_svm,test_conf_svm,val_mvm,val_conf_mvm,test_mvm,test_conf_mvm
0,5,0.38102672,0.007455308256837989,0.37902674,0.007248163358355542,0.38073337,0.007472110703416024,0.3789734,0.007278158953362479,0.38089338,0.007486302689088564,0.37920004,0.007281554907634269,0.38110667,0.007500880263803467,0.37884006,0.0072957187245265565,0.38120002,0.007501463034308098,0.37904003,0.007301731142886514,0.3809867,0.007502493734598381,0.37890667,0.00731793188584523,0.38058674,0.007509758971008307,0.3787867,0.007321407728625218,0.38060004,0.00753656087282184,0.3784267,0.007329077025408803,0.38064006,0.007545885200895941,0.37844,0.007343717402650329,0.3804667,0.007545843178617062,0.37820002,0.0073476010000702585,0.38036004,0.007569383505094507,0.37796006,0.0073355336792881864,0.3837067,0.007465509049585428,0.38240004,0.007175979242506292,0.37445337,0.007130650133548355,0.3747467,0.006801901533927457,4.5435286,0.010616829008789352,4.5199537,0.011254940545761372,0.23239753,0.0011784065224485496,0.23269907,0.0011030150907990754,,,,,,,,
