,shots,val_acc,val_conf,test_acc,test_conf,val_acc_me1,val_conf_me1,test_acc_me1,test_conf_me1,val_acc_me2,val_conf_me2,test_acc_me2,test_conf_me2,val_acc_me3,val_conf_me3,test_acc_me3,test_conf_me3,val_acc_me4,val_conf_me4,test_acc_me4,test_conf_me4,val_acc_me5,val_conf_me5,test_acc_me5,test_conf_me5,val_acc_me6,val_conf_me6,test_acc_me6,test_conf_me6,val_acc_me7,val_conf_me7,test_acc_me7,test_conf_me7,val_acc_me8,val_conf_me8,test_acc_me8,test_conf_me8,val_acc_me9,val_conf_me9,test_acc_me9,test_conf_me9,val_acc_med,val_conf_med,test_acc_med,test_conf_med,val_acc_maj,val_conf_maj,test_acc_maj,test_conf_maj,val_acc_lin,val_conf_lin,test_acc_lin,test_conf_lin,val_nld,val_conf_nld,test_nld,test_conf_nld,val_mse,val_conf_mse,test_mse,test_conf_mse,val_svm,val_conf_svm,test_svm,test_conf_svm,val_mvm,val_conf_mvm,test_mvm,test_conf_mvm
0,5,0.3061067,0.005126085377820555,0.30529332,0.005229211744409268,0.30728003,0.005141508477728762,0.30609336,0.005218006573018741,0.30745336,0.005172502909979337,0.30590668,0.005244964557582388,0.30721334,0.005183711313852868,0.30621335,0.005220475266455971,0.30688003,0.005205978503815822,0.30649334,0.005255711178171696,0.30688003,0.005202957517570772,0.30664006,0.005250321243678802,0.30649337,0.00519869156359154,0.3066,0.005272472987820742,0.30632,0.005205426211007946,0.30690667,0.00528508013326201,0.30572003,0.005272796236119648,0.30644,0.005312625967946405,0.30464002,0.005273893894986115,0.3054,0.005336971644471389,0.30420002,0.005285409846526923,0.30558667,0.005330849321689812,0.30696002,0.005101842217184627,0.30732,0.005179046379116148,0.30684003,0.004982075028167332,0.30778667,0.004988253226726358,9.891373,0.012400424459857007,9.859875,0.011239383990483631,0.2477584,0.0009951851151235591,0.24665594,0.0009645947432466162,,,,,,,,
