,shots,val_acc,val_conf,test_acc,test_conf,val_acc_me1,val_conf_me1,test_acc_me1,test_conf_me1,val_acc_me2,val_conf_me2,test_acc_me2,test_conf_me2,val_acc_me3,val_conf_me3,test_acc_me3,test_conf_me3,val_acc_me4,val_conf_me4,test_acc_me4,test_conf_me4,val_acc_me5,val_conf_me5,test_acc_me5,test_conf_me5,val_acc_me6,val_conf_me6,test_acc_me6,test_conf_me6,val_acc_me7,val_conf_me7,test_acc_me7,test_conf_me7,val_acc_me8,val_conf_me8,test_acc_me8,test_conf_me8,val_acc_me9,val_conf_me9,test_acc_me9,test_conf_me9,val_acc_med,val_conf_med,test_acc_med,test_conf_med,val_acc_maj,val_conf_maj,test_acc_maj,test_conf_maj,val_acc_lin,val_conf_lin,test_acc_lin,test_conf_lin,val_nld,val_conf_nld,test_nld,test_conf_nld,val_mse,val_conf_mse,test_mse,test_conf_mse,val_svm,val_conf_svm,test_svm,test_conf_svm,val_mvm,val_conf_mvm,test_mvm,test_conf_mvm
0,5,0.40696,0.0059247811282981955,0.4410934,0.006590189136981228,0.40720007,0.005914091768836116,0.44148004,0.006589328372939518,0.40749335,0.0058968293861070276,0.44208002,0.006584917419009073,0.40770674,0.005865897756383132,0.44168,0.006593241062706312,0.40773338,0.005882056015279691,0.44165337,0.00660414468961229,0.4077334,0.005882636938651209,0.4418667,0.006589106716963111,0.40812007,0.005874876208777358,0.4417467,0.006597579516661178,0.40821338,0.005856253412493073,0.44181335,0.006612052266570523,0.4079867,0.005872552977074674,0.44197336,0.006611255690405327,0.40752003,0.005873583677364902,0.4423067,0.006596503561609013,0.40718672,0.005905536309930182,0.44253337,0.006610108620727417,0.4077334,0.005908379047827594,0.4415067,0.0064502724961422175,0.39465338,0.005749620263644339,0.42189336,0.006299478550044424,24.097193,0.027406690145184598,23.83498,0.025286454679953607,0.23088227,0.001258393390450474,0.22346939,0.0013781702769167237,,,,,,,,
