,shots,val_acc,val_conf,test_acc,test_conf,val_acc_me1,val_conf_me1,test_acc_me1,test_conf_me1,val_acc_me2,val_conf_me2,test_acc_me2,test_conf_me2,val_acc_me3,val_conf_me3,test_acc_me3,test_conf_me3,val_acc_me4,val_conf_me4,test_acc_me4,test_conf_me4,val_acc_me5,val_conf_me5,test_acc_me5,test_conf_me5,val_acc_me6,val_conf_me6,test_acc_me6,test_conf_me6,val_acc_me7,val_conf_me7,test_acc_me7,test_conf_me7,val_acc_me8,val_conf_me8,test_acc_me8,test_conf_me8,val_acc_me9,val_conf_me9,test_acc_me9,test_conf_me9,val_acc_med,val_conf_med,test_acc_med,test_conf_med,val_acc_maj,val_conf_maj,test_acc_maj,test_conf_maj,val_acc_lin,val_conf_lin,test_acc_lin,test_conf_lin,val_nld,val_conf_nld,test_nld,test_conf_nld,val_mse,val_conf_mse,test_mse,test_conf_mse,val_svm,val_conf_svm,test_svm,test_conf_svm,val_mvm,val_conf_mvm,test_mvm,test_conf_mvm
0,5,0.60572004,0.007776951397065246,0.60558665,0.007278410625252363,0.6064268,0.007812589060238295,0.6061067,0.007286051753255585,0.60700005,0.007835555390093396,0.60693336,0.007314489291461723,0.60781336,0.007865649806723218,0.6075334,0.007341085237930534,0.6078934,0.007899081069364433,0.60784006,0.007369083158450085,0.60817343,0.007930506345419142,0.60780007,0.007393834742481897,0.6085334,0.007968994135022056,0.60784006,0.007427020798199235,0.6087334,0.008007229790951809,0.60812,0.00742692243835974,0.6090534,0.008017723354301398,0.60833335,0.007443850951774356,0.6093601,0.008043143600528713,0.60833335,0.007464943365062315,0.6091201,0.008053631622478963,0.60878676,0.0074816072766550334,0.60822666,0.007716386210429138,0.60746676,0.007196469952175044,0.5757733,0.0074824661935636305,0.5730133,0.007160616636208372,23.750048,0.0322142641970089,23.661919,0.029837729773394273,0.1868957,0.0017360224216853293,0.18758863,0.0016181107933496974,,,,,,,,
