,shots,val_acc,val_conf,test_acc,test_conf,val_acc_me1,val_conf_me1,test_acc_me1,test_conf_me1,val_acc_me2,val_conf_me2,test_acc_me2,test_conf_me2,val_acc_me3,val_conf_me3,test_acc_me3,test_conf_me3,val_acc_me4,val_conf_me4,test_acc_me4,test_conf_me4,val_acc_me5,val_conf_me5,test_acc_me5,test_conf_me5,val_acc_me6,val_conf_me6,test_acc_me6,test_conf_me6,val_acc_me7,val_conf_me7,test_acc_me7,test_conf_me7,val_acc_me8,val_conf_me8,test_acc_me8,test_conf_me8,val_acc_me9,val_conf_me9,test_acc_me9,test_conf_me9,val_acc_med,val_conf_med,test_acc_med,test_conf_med,val_acc_maj,val_conf_maj,test_acc_maj,test_conf_maj,val_acc_lin,val_conf_lin,test_acc_lin,test_conf_lin,val_nld,val_conf_nld,test_nld,test_conf_nld,val_mse,val_conf_mse,test_mse,test_conf_mse,val_svm,val_conf_svm,test_svm,test_conf_svm,val_mvm,val_conf_mvm,test_mvm,test_conf_mvm
0,5,0.37481335,0.0073525725589076996,0.3757467,0.0072993631182052265,0.3746267,0.007365619783818778,0.37589338,0.0073277272328691745,0.3748267,0.007387669473854885,0.37585336,0.007335938663228403,0.37444004,0.007410059036388195,0.37560004,0.0073498951394260215,0.3741867,0.007440063867060753,0.3752667,0.007323847329715527,0.37468004,0.00745534150523447,0.3751734,0.007365683048128735,0.37469336,0.007483292323859025,0.37493336,0.007397478212594066,0.37464002,0.007512413301325738,0.3749867,0.007419394447261085,0.37452003,0.007506435978495374,0.37481338,0.007430445383034667,0.37452003,0.00751981153132153,0.37476,0.00741363000652473,0.37425336,0.007535574965510161,0.37440002,0.007396831254212977,0.37600005,0.007223189194780766,0.37841338,0.007243406528745222,0.3674534,0.006871284010591561,0.36966673,0.00699037653423068,4.6416245,0.011861979609108175,4.6254363,0.013559014707122508,0.23310742,0.0011479437182038421,0.2324902,0.0011338779148136746,,,,,,,,
