,shots,val_acc,val_conf,test_acc,test_conf,val_acc_me1,val_conf_me1,test_acc_me1,test_conf_me1,val_acc_me2,val_conf_me2,test_acc_me2,test_conf_me2,val_acc_me3,val_conf_me3,test_acc_me3,test_conf_me3,val_acc_me4,val_conf_me4,test_acc_me4,test_conf_me4,val_acc_me5,val_conf_me5,test_acc_me5,test_conf_me5,val_acc_me6,val_conf_me6,test_acc_me6,test_conf_me6,val_acc_me7,val_conf_me7,test_acc_me7,test_conf_me7,val_acc_me8,val_conf_me8,test_acc_me8,test_conf_me8,val_acc_me9,val_conf_me9,test_acc_me9,test_conf_me9,val_acc_med,val_conf_med,test_acc_med,test_conf_med,val_acc_maj,val_conf_maj,test_acc_maj,test_conf_maj,val_acc_lin,val_conf_lin,test_acc_lin,test_conf_lin,val_nld,val_conf_nld,test_nld,test_conf_nld,val_mse,val_conf_mse,test_mse,test_conf_mse,val_svm,val_conf_svm,test_svm,test_conf_svm,val_mvm,val_conf_mvm,test_mvm,test_conf_mvm
0,5,0.29645336,0.004247023173481412,0.35080004,0.005392144125914877,0.29624003,0.004202626404974152,0.3515467,0.005409241652011509,0.29629338,0.004266252753001021,0.35249338,0.005396461337838665,0.29596,0.004294319941013258,0.3525334,0.005403953309841114,0.29541332,0.004288702809144507,0.3528667,0.005384841485058911,0.29492003,0.004246185960387172,0.35268006,0.0053855286185857665,0.29392004,0.00427244526684184,0.3516267,0.005424610723275436,0.2935467,0.004324583370324986,0.35089338,0.005466970565716156,0.2927467,0.004301785591368512,0.3501734,0.005441987166475704,0.29213336,0.004296525417978481,0.3499334,0.005461369596262422,0.29158667,0.004298905910808393,0.34894672,0.005455281907227105,0.29649335,0.004306928471804361,0.3521467,0.005337234399160118,0.29401338,0.004182564230193142,0.34226674,0.005093500102155979,9.328667,0.010757629502833765,9.313932,0.01067886405161822,0.2512787,0.00086677097638721,0.24211065,0.0009937987262586545,,,,,,,,
