,shots,val_acc,val_conf,test_acc,test_conf,val_acc_me1,val_conf_me1,test_acc_me1,test_conf_me1,val_acc_me2,val_conf_me2,test_acc_me2,test_conf_me2,val_acc_me3,val_conf_me3,test_acc_me3,test_conf_me3,val_acc_me4,val_conf_me4,test_acc_me4,test_conf_me4,val_acc_me5,val_conf_me5,test_acc_me5,test_conf_me5,val_acc_me6,val_conf_me6,test_acc_me6,test_conf_me6,val_acc_me7,val_conf_me7,test_acc_me7,test_conf_me7,val_acc_me8,val_conf_me8,test_acc_me8,test_conf_me8,val_acc_me9,val_conf_me9,test_acc_me9,test_conf_me9,val_acc_med,val_conf_med,test_acc_med,test_conf_med,val_acc_maj,val_conf_maj,test_acc_maj,test_conf_maj,val_acc_lin,val_conf_lin,test_acc_lin,test_conf_lin,val_nld,val_conf_nld,test_nld,test_conf_nld,val_mse,val_conf_mse,test_mse,test_conf_mse,val_svm,val_conf_svm,test_svm,test_conf_svm,val_mvm,val_conf_mvm,test_mvm,test_conf_mvm
0,5,0.56225336,0.005720310878597701,0.5966134,0.006217097797497351,0.5621867,0.005735984265045957,0.59616005,0.006218393561392754,0.56190675,0.0057366667807399185,0.5958934,0.006210037592865536,0.5615067,0.005737839248498466,0.5957734,0.006203174107912823,0.56148,0.005736078930619226,0.59558666,0.006210824471581833,0.56096,0.005742756778691627,0.59500015,0.006210435650056523,0.56036,0.005726153360709141,0.5940934,0.006198005829396336,0.56008,0.005736870427168306,0.5934267,0.006190567424254834,0.5595067,0.005748397461507904,0.5927601,0.006199075319482494,0.55888003,0.005743121125702855,0.59260005,0.006178575835931399,0.55837333,0.005721068203183743,0.59212005,0.006186135690076644,0.56405336,0.0057543373798921715,0.5974267,0.006137655833770683,0.5664134,0.005670812790150137,0.59605336,0.0060868028731674295,5.0407286,0.012359207531043914,4.952765,0.011453883249550323,0.19693491,0.0009782604114210447,0.18840271,0.0010884109635453665,,,,,,,,
