,shots,val_acc,val_conf,test_acc,test_conf,val_acc_me1,val_conf_me1,test_acc_me1,test_conf_me1,val_acc_me2,val_conf_me2,test_acc_me2,test_conf_me2,val_acc_me3,val_conf_me3,test_acc_me3,test_conf_me3,val_acc_me4,val_conf_me4,test_acc_me4,test_conf_me4,val_acc_me5,val_conf_me5,test_acc_me5,test_conf_me5,val_acc_me6,val_conf_me6,test_acc_me6,test_conf_me6,val_acc_me7,val_conf_me7,test_acc_me7,test_conf_me7,val_acc_me8,val_conf_me8,test_acc_me8,test_conf_me8,val_acc_me9,val_conf_me9,test_acc_me9,test_conf_me9,val_acc_med,val_conf_med,test_acc_med,test_conf_med,val_acc_maj,val_conf_maj,test_acc_maj,test_conf_maj,val_acc_lin,val_conf_lin,test_acc_lin,test_conf_lin,val_nld,val_conf_nld,test_nld,test_conf_nld,val_mse,val_conf_mse,test_mse,test_conf_mse,val_svm,val_conf_svm,test_svm,test_conf_svm,val_mvm,val_conf_mvm,test_mvm,test_conf_mvm
0,5,0.22789334,0.004182166634785461,0.26817334,0.005930472607275694,0.22738668,0.004152767663781698,0.26922667,0.00595927310714317,0.22765335,0.004192532745948635,0.26965338,0.005944726010125079,0.22669335,0.0041166345071447785,0.27,0.005946891773727814,0.22634669,0.004103780307646465,0.26984003,0.00600431267798196,0.22621335,0.004105064526959773,0.2688667,0.005956211483969076,0.22558668,0.004106862249285054,0.2681067,0.0059838395160780045,0.22496003,0.0040839254735600405,0.26750672,0.0060013327904491764,0.22472002,0.004075972180056675,0.26712003,0.006023834104537218,0.22469336,0.004072231735454873,0.26621336,0.0060366448964068176,0.22413336,0.00407942724258889,0.26552,0.006027110918721712,0.22846667,0.004113210845875903,0.26812002,0.005929256270105154,0.22621335,0.004023657675358977,0.26757336,0.0057628725203336395,9.957805,0.0158501552422603,9.743155,0.0150428703226968,0.26063818,0.0007488791470098843,0.25355002,0.001091234999219759,,,,,,,,
