,shots,val_acc,val_conf,test_acc,test_conf,val_acc_me1,val_conf_me1,test_acc_me1,test_conf_me1,val_acc_me2,val_conf_me2,test_acc_me2,test_conf_me2,val_acc_me3,val_conf_me3,test_acc_me3,test_conf_me3,val_acc_me4,val_conf_me4,test_acc_me4,test_conf_me4,val_acc_me5,val_conf_me5,test_acc_me5,test_conf_me5,val_acc_me6,val_conf_me6,test_acc_me6,test_conf_me6,val_acc_me7,val_conf_me7,test_acc_me7,test_conf_me7,val_acc_me8,val_conf_me8,test_acc_me8,test_conf_me8,val_acc_me9,val_conf_me9,test_acc_me9,test_conf_me9,val_acc_med,val_conf_med,test_acc_med,test_conf_med,val_acc_maj,val_conf_maj,test_acc_maj,test_conf_maj,val_acc_lin,val_conf_lin,test_acc_lin,test_conf_lin,val_nld,val_conf_nld,test_nld,test_conf_nld,val_mse,val_conf_mse,test_mse,test_conf_mse,val_svm,val_conf_svm,test_svm,test_conf_svm,val_mvm,val_conf_mvm,test_mvm,test_conf_mvm
0,5,0.45372003,0.005879298707289871,0.5067867,0.006165835235120931,0.45438668,0.005894777221192193,0.5071333,0.006168099820346606,0.45480004,0.005913484523817403,0.50744003,0.006159496797762398,0.45480004,0.005917529745386785,0.50772005,0.006150951959872031,0.45510668,0.005918650493417499,0.50821334,0.006130790963468136,0.45513335,0.005918850445579549,0.50844,0.006149093282153184,0.4553467,0.0059355406788195175,0.50873333,0.006168166778922735,0.45568004,0.005924406160271456,0.5085867,0.00615109095664057,0.45601338,0.005919533423056844,0.5084267,0.006141376421691325,0.45612004,0.005909634636577232,0.50798666,0.006129935740825876,0.4562,0.005921621607067884,0.5081067,0.006109109314709538,0.45490667,0.005810404335557129,0.50853336,0.006082759498731161,0.4496534,0.005688637163136112,0.49721333,0.006060461831071451,5.181328,0.013885733769209985,5.0543027,0.012438210338867606,0.2197104,0.0008991541064191089,0.20880696,0.0010305047250595556,,,,,,,,
