,shots,val_acc,val_conf,test_acc,test_conf,val_acc_me1,val_conf_me1,test_acc_me1,test_conf_me1,val_acc_me2,val_conf_me2,test_acc_me2,test_conf_me2,val_acc_me3,val_conf_me3,test_acc_me3,test_conf_me3,val_acc_me4,val_conf_me4,test_acc_me4,test_conf_me4,val_acc_me5,val_conf_me5,test_acc_me5,test_conf_me5,val_acc_me6,val_conf_me6,test_acc_me6,test_conf_me6,val_acc_me7,val_conf_me7,test_acc_me7,test_conf_me7,val_acc_me8,val_conf_me8,test_acc_me8,test_conf_me8,val_acc_me9,val_conf_me9,test_acc_me9,test_conf_me9,val_acc_med,val_conf_med,test_acc_med,test_conf_med,val_acc_maj,val_conf_maj,test_acc_maj,test_conf_maj,val_acc_lin,val_conf_lin,test_acc_lin,test_conf_lin,val_nld,val_conf_nld,test_nld,test_conf_nld,val_mse,val_conf_mse,test_mse,test_conf_mse,val_svm,val_conf_svm,test_svm,test_conf_svm,val_mvm,val_conf_mvm,test_mvm,test_conf_mvm
0,5,0.5447867,0.006704742330936875,0.59472,0.00662030156315907,0.54568005,0.006750640356900983,0.5963067,0.0066104374104257735,0.54678667,0.006790038783140218,0.5976267,0.0066404648684792456,0.54737335,0.00683665765281094,0.5984667,0.006647947604816018,0.54748,0.006872117529419519,0.59890676,0.006681360857909158,0.54802674,0.006914478757210074,0.59916,0.006728960555275498,0.5481867,0.006925612352191579,0.59928,0.006744488479989097,0.5481334,0.006975717223874467,0.59893334,0.006767079841817569,0.54792005,0.0070127249980516115,0.59924,0.006770823980685736,0.54752004,0.007034271344308007,0.59890676,0.00678643133212431,0.54676,0.00708892062529054,0.5987467,0.006804633905619917,0.54506665,0.006673391863774136,0.59548,0.006541191159830428,0.5428667,0.006533436894922584,0.59104,0.006319229482891986,7.1501517,0.019912278079841528,7.180967,0.018583417252901135,0.19373007,0.0014881111794300128,0.18207662,0.001465769642358311,,,,,,,,
