,shots,val_acc,val_conf,test_acc,test_conf,val_acc_me1,val_conf_me1,test_acc_me1,test_conf_me1,val_acc_me2,val_conf_me2,test_acc_me2,test_conf_me2,val_acc_me3,val_conf_me3,test_acc_me3,test_conf_me3,val_acc_me4,val_conf_me4,test_acc_me4,test_conf_me4,val_acc_me5,val_conf_me5,test_acc_me5,test_conf_me5,val_acc_me6,val_conf_me6,test_acc_me6,test_conf_me6,val_acc_me7,val_conf_me7,test_acc_me7,test_conf_me7,val_acc_me8,val_conf_me8,test_acc_me8,test_conf_me8,val_acc_me9,val_conf_me9,test_acc_me9,test_conf_me9,val_acc_med,val_conf_med,test_acc_med,test_conf_med,val_acc_maj,val_conf_maj,test_acc_maj,test_conf_maj,val_acc_lin,val_conf_lin,test_acc_lin,test_conf_lin,val_nld,val_conf_nld,test_nld,test_conf_nld,val_mse,val_conf_mse,test_mse,test_conf_mse,val_svm,val_conf_svm,test_svm,test_conf_svm,val_mvm,val_conf_mvm,test_mvm,test_conf_mvm
0,5,0.5803467,0.007490492910609214,0.5738134,0.007575857244955353,0.58082664,0.0075103089548997914,0.5742134,0.007609572966099654,0.58104,0.007533564361090872,0.57482666,0.007624462244531283,0.5817067,0.007565243617951856,0.57576,0.0076241676267959635,0.58190674,0.007602828159450903,0.57650673,0.007640848162587033,0.58181334,0.007638170281322076,0.57680005,0.007663050702890195,0.5818667,0.007670451241802323,0.5773467,0.007687988385585487,0.58184004,0.007685078227328668,0.57753336,0.007709005989981477,0.5824801,0.007697807745340235,0.5779467,0.007744152777523383,0.5827601,0.007720940317177738,0.5784133,0.0077449276498742226,0.58260006,0.007736985900952953,0.5784267,0.007760632899369013,0.58238673,0.007392687672804099,0.57604,0.007405891442248458,0.56404006,0.007262320710281767,0.55820006,0.007202849026462621,4.778117,0.012615700438406208,4.735535,0.011707654406236223,0.19769259,0.0012358079163589109,0.19906247,0.0012235195168295299,,,,,,,,
