,shots,val_acc,val_conf,test_acc,test_conf,val_acc_me1,val_conf_me1,test_acc_me1,test_conf_me1,val_acc_me2,val_conf_me2,test_acc_me2,test_conf_me2,val_acc_me3,val_conf_me3,test_acc_me3,test_conf_me3,val_acc_me4,val_conf_me4,test_acc_me4,test_conf_me4,val_acc_me5,val_conf_me5,test_acc_me5,test_conf_me5,val_acc_me6,val_conf_me6,test_acc_me6,test_conf_me6,val_acc_me7,val_conf_me7,test_acc_me7,test_conf_me7,val_acc_me8,val_conf_me8,test_acc_me8,test_conf_me8,val_acc_me9,val_conf_me9,test_acc_me9,test_conf_me9,val_acc_med,val_conf_med,test_acc_med,test_conf_med,val_acc_maj,val_conf_maj,test_acc_maj,test_conf_maj,val_acc_lin,val_conf_lin,test_acc_lin,test_conf_lin,val_nld,val_conf_nld,test_nld,test_conf_nld,val_mse,val_conf_mse,test_mse,test_conf_mse,val_svm,val_conf_svm,test_svm,test_conf_svm,val_mvm,val_conf_mvm,test_mvm,test_conf_mvm
0,5,0.78753346,0.005388395369213983,0.8508668,0.004986048673327637,0.7873468,0.005393190065053566,0.85086673,0.004970807054250126,0.7873068,0.005392765686215384,0.8505868,0.004967972166668666,0.78708005,0.005392026832960695,0.8502534,0.004979385602320363,0.78696007,0.005385650529372787,0.8501334,0.004981222114441519,0.7869601,0.00538260368326382,0.8501201,0.004970541528861783,0.7866668,0.005387584939550272,0.8501068,0.004953355802157944,0.7864668,0.005388268840594068,0.85012007,0.004954286295475452,0.7863335,0.005398383279867414,0.84978676,0.004957618985437451,0.7859201,0.005402970635012383,0.8493734,0.004955105037238394,0.7853868,0.005412826013863281,0.8490668,0.004948810931075021,0.78854674,0.005375588733393943,0.8514801,0.004942043035262134,0.7780801,0.005452744408080523,0.84510684,0.004944852524763066,4.8099475,0.012897165662210774,4.9740767,0.014134537984890727,0.14514297,0.0012924922762747593,0.12758578,0.001196437197116651,,,,,,,,
