,shots,val_acc,val_conf,test_acc,test_conf,val_acc_me1,val_conf_me1,test_acc_me1,test_conf_me1,val_acc_me2,val_conf_me2,test_acc_me2,test_conf_me2,val_acc_me3,val_conf_me3,test_acc_me3,test_conf_me3,val_acc_me4,val_conf_me4,test_acc_me4,test_conf_me4,val_acc_me5,val_conf_me5,test_acc_me5,test_conf_me5,val_acc_me6,val_conf_me6,test_acc_me6,test_conf_me6,val_acc_me7,val_conf_me7,test_acc_me7,test_conf_me7,val_acc_me8,val_conf_me8,test_acc_me8,test_conf_me8,val_acc_me9,val_conf_me9,test_acc_me9,test_conf_me9,val_acc_med,val_conf_med,test_acc_med,test_conf_med,val_acc_maj,val_conf_maj,test_acc_maj,test_conf_maj,val_acc_lin,val_conf_lin,test_acc_lin,test_conf_lin,val_nld,val_conf_nld,test_nld,test_conf_nld,val_mse,val_conf_mse,test_mse,test_conf_mse,val_svm,val_conf_svm,test_svm,test_conf_svm,val_mvm,val_conf_mvm,test_mvm,test_conf_mvm
0,5,0.38892004,0.007718429139678351,0.39036006,0.007757558346263016,0.3888667,0.007749514081452691,0.39056003,0.0077801053768961626,0.38881335,0.007779856937489282,0.39073336,0.007782180630975244,0.38882673,0.0077877035590540045,0.39080006,0.007800252058018209,0.38896003,0.007793347474353229,0.3901734,0.007793935786257256,0.38913336,0.00780694791563874,0.39029336,0.007803937088625923,0.38936004,0.007830835041362616,0.39052,0.007833553097773283,0.38881335,0.007840775388337773,0.39029336,0.007862408088068262,0.3888667,0.00783818940194636,0.38989338,0.007880187668075633,0.3885067,0.00786357917047692,0.38909334,0.007872178498794846,0.38806668,0.00790982399568746,0.38877338,0.007892478491967225,0.39276007,0.007688332875915527,0.39241335,0.007657912440287129,0.37889338,0.007231281946835921,0.3830934,0.007292989123533766,4.962637,0.013859560816229077,4.9331045,0.015184933332241357,0.23144612,0.0012802740678045932,0.23083654,0.0012479069847417812,,,,,,,,
