,shots,val_acc,val_conf,test_acc,test_conf,val_acc_me1,val_conf_me1,test_acc_me1,test_conf_me1,val_acc_me2,val_conf_me2,test_acc_me2,test_conf_me2,val_acc_me3,val_conf_me3,test_acc_me3,test_conf_me3,val_acc_me4,val_conf_me4,test_acc_me4,test_conf_me4,val_acc_me5,val_conf_me5,test_acc_me5,test_conf_me5,val_acc_me6,val_conf_me6,test_acc_me6,test_conf_me6,val_acc_me7,val_conf_me7,test_acc_me7,test_conf_me7,val_acc_me8,val_conf_me8,test_acc_me8,test_conf_me8,val_acc_me9,val_conf_me9,test_acc_me9,test_conf_me9,val_acc_med,val_conf_med,test_acc_med,test_conf_med,val_acc_maj,val_conf_maj,test_acc_maj,test_conf_maj,val_acc_lin,val_conf_lin,test_acc_lin,test_conf_lin,val_nld,val_conf_nld,test_nld,test_conf_nld,val_mse,val_conf_mse,test_mse,test_conf_mse,val_svm,val_conf_svm,test_svm,test_conf_svm,val_mvm,val_conf_mvm,test_mvm,test_conf_mvm
0,5,0.42781338,0.005597220697067529,0.48696002,0.006075062956733823,0.42745337,0.005579661849470008,0.48681337,0.006080369770235572,0.4281867,0.005570065531041557,0.48693335,0.006087882060702543,0.4284134,0.005562010645215665,0.48700002,0.006094939956417911,0.42820007,0.005547238197954885,0.4874667,0.0060964555291565525,0.4278534,0.005570561024505483,0.48716003,0.006101960447687238,0.42776006,0.005585891767756812,0.4872267,0.006099024429566446,0.42768005,0.005560559260353537,0.4876267,0.006100737645550691,0.42745337,0.005583826211126686,0.48792002,0.006116200920604609,0.4271067,0.0056008410780154505,0.4878667,0.006121716460150806,0.4270934,0.005613707283879166,0.48788002,0.006131191329575569,0.42945337,0.0055737658004976764,0.48664,0.006002982280340241,0.42285338,0.005413799453026336,0.47697335,0.005924432020135373,5.584025,0.015107158867953885,5.4767013,0.01468084423426852,0.22316627,0.0009348773726683968,0.21113907,0.001081047598187529,,,,,,,,
