,shots,val_acc,val_conf,test_acc,test_conf,val_acc_me1,val_conf_me1,test_acc_me1,test_conf_me1,val_acc_me2,val_conf_me2,test_acc_me2,test_conf_me2,val_acc_me3,val_conf_me3,test_acc_me3,test_conf_me3,val_acc_me4,val_conf_me4,test_acc_me4,test_conf_me4,val_acc_me5,val_conf_me5,test_acc_me5,test_conf_me5,val_acc_me6,val_conf_me6,test_acc_me6,test_conf_me6,val_acc_me7,val_conf_me7,test_acc_me7,test_conf_me7,val_acc_me8,val_conf_me8,test_acc_me8,test_conf_me8,val_acc_me9,val_conf_me9,test_acc_me9,test_conf_me9,val_acc_med,val_conf_med,test_acc_med,test_conf_med,val_acc_maj,val_conf_maj,test_acc_maj,test_conf_maj,val_acc_lin,val_conf_lin,test_acc_lin,test_conf_lin,val_nld,val_conf_nld,test_nld,test_conf_nld,val_mse,val_conf_mse,test_mse,test_conf_mse,val_svm,val_conf_svm,test_svm,test_conf_svm,val_mvm,val_conf_mvm,test_mvm,test_conf_mvm
0,5,0.48277336,0.0059758599009274715,0.5240801,0.006301134966684829,0.4830667,0.005992217650202858,0.52456,0.006334066118029225,0.48368,0.005973291000517578,0.5247733,0.006338748138747463,0.48393336,0.005963219968873001,0.5249067,0.006349671622334685,0.48441336,0.00595837216795575,0.5253467,0.0063515884847472615,0.48464,0.005937538353306848,0.52572006,0.006361308561095846,0.48448002,0.005941463973005656,0.52570665,0.006385113027611911,0.4842667,0.0059481616777593005,0.52544004,0.006388362596582597,0.48412,0.005925703771299973,0.52516,0.006427924032321286,0.4842,0.005943687921302232,0.5250801,0.006447494869687875,0.48396003,0.005958335225292988,0.52518666,0.006455539596281534,0.4842267,0.005928644407253658,0.52471995,0.006376749670552129,0.48085335,0.005655982158195627,0.5178133,0.006242096897369431,4.940875,0.012071449124642974,4.832086,0.010963548828480718,0.21426013,0.0009184469502487025,0.2058379,0.0010309143268326382,,,,,,,,
