,shots,val_acc,val_conf,test_acc,test_conf,val_acc_me1,val_conf_me1,test_acc_me1,test_conf_me1,val_acc_me2,val_conf_me2,test_acc_me2,test_conf_me2,val_acc_me3,val_conf_me3,test_acc_me3,test_conf_me3,val_acc_me4,val_conf_me4,test_acc_me4,test_conf_me4,val_acc_me5,val_conf_me5,test_acc_me5,test_conf_me5,val_acc_me6,val_conf_me6,test_acc_me6,test_conf_me6,val_acc_me7,val_conf_me7,test_acc_me7,test_conf_me7,val_acc_me8,val_conf_me8,test_acc_me8,test_conf_me8,val_acc_me9,val_conf_me9,test_acc_me9,test_conf_me9,val_acc_med,val_conf_med,test_acc_med,test_conf_med,val_acc_maj,val_conf_maj,test_acc_maj,test_conf_maj,val_acc_lin,val_conf_lin,test_acc_lin,test_conf_lin,val_nld,val_conf_nld,test_nld,test_conf_nld,val_mse,val_conf_mse,test_mse,test_conf_mse,val_svm,val_conf_svm,test_svm,test_conf_svm,val_mvm,val_conf_mvm,test_mvm,test_conf_mvm
0,5,0.7533068,0.0057109560728269,0.8162801,0.005318506778070331,0.7528001,0.005728668694258032,0.81601346,0.005321618735622424,0.75253344,0.005736181908291504,0.81580013,0.0053194460452703485,0.75202674,0.005734512561719307,0.8152135,0.005303766655639475,0.75121343,0.005750959435168457,0.8147068,0.00529998049449254,0.75098675,0.005757986391403791,0.8146934,0.005293605114471189,0.7506134,0.005764474446546486,0.8143868,0.0052746627641543364,0.75009346,0.005775881879015454,0.8139601,0.005268051412874786,0.7495068,0.005784200904879855,0.81366676,0.005266596333746265,0.7492401,0.005782671016859364,0.8133601,0.005250061259689853,0.7489201,0.005773957166287036,0.8129068,0.005236696327879153,0.7541334,0.0056566171102113705,0.8159868,0.005269517574801985,0.74250686,0.0055996658395571774,0.8104135,0.005234480691681753,4.6391697,0.011478651457780487,4.7809367,0.012494613472763483,0.15561688,0.0012759255700633132,0.14152014,0.0011696170548633478,,,,,,,,
