,shots,val_acc,val_conf,test_acc,test_conf,val_acc_me1,val_conf_me1,test_acc_me1,test_conf_me1,val_acc_me2,val_conf_me2,test_acc_me2,test_conf_me2,val_acc_me3,val_conf_me3,test_acc_me3,test_conf_me3,val_acc_me4,val_conf_me4,test_acc_me4,test_conf_me4,val_acc_me5,val_conf_me5,test_acc_me5,test_conf_me5,val_acc_me6,val_conf_me6,test_acc_me6,test_conf_me6,val_acc_me7,val_conf_me7,test_acc_me7,test_conf_me7,val_acc_me8,val_conf_me8,test_acc_me8,test_conf_me8,val_acc_me9,val_conf_me9,test_acc_me9,test_conf_me9,val_acc_med,val_conf_med,test_acc_med,test_conf_med,val_acc_maj,val_conf_maj,test_acc_maj,test_conf_maj,val_acc_lin,val_conf_lin,test_acc_lin,test_conf_lin,val_nld,val_conf_nld,test_nld,test_conf_nld,val_mse,val_conf_mse,test_mse,test_conf_mse,val_svm,val_conf_svm,test_svm,test_conf_svm,val_mvm,val_conf_mvm,test_mvm,test_conf_mvm
0,5,0.7164801,0.005695871921849283,0.7174934,0.005959589428692791,0.7170534,0.0056910606018114596,0.7187334,0.005957830034380107,0.7179335,0.005692790903777278,0.7195068,0.00593205236789085,0.71842676,0.0057042532884570285,0.7200668,0.005920594139260604,0.7191735,0.005675182645368371,0.72004,0.005920133279542994,0.71986675,0.005670828952565099,0.72060007,0.005925096064497981,0.72029346,0.005680682484282884,0.7206267,0.005920468534207246,0.72064006,0.005693074438713697,0.7210534,0.005921737052888898,0.7211334,0.005697160758995401,0.72129345,0.0059334326381272895,0.72144014,0.005712292935434515,0.72166675,0.005943435325845736,0.72169346,0.005724996593582277,0.7220001,0.005916928965334134,0.7164401,0.005587264649460688,0.71642673,0.005989426170250001,0.7008401,0.005595964184751279,0.70089346,0.005979678848687553,4.4966297,0.010935554602227171,4.47304,0.011140052558924474,0.17340295,0.0010462132070373775,0.17267792,0.0010780632082677266,,,,,,,,
