,shots,val_acc,val_conf,test_acc,test_conf,val_acc_me1,val_conf_me1,test_acc_me1,test_conf_me1,val_acc_me2,val_conf_me2,test_acc_me2,test_conf_me2,val_acc_me3,val_conf_me3,test_acc_me3,test_conf_me3,val_acc_me4,val_conf_me4,test_acc_me4,test_conf_me4,val_acc_me5,val_conf_me5,test_acc_me5,test_conf_me5,val_acc_me6,val_conf_me6,test_acc_me6,test_conf_me6,val_acc_me7,val_conf_me7,test_acc_me7,test_conf_me7,val_acc_me8,val_conf_me8,test_acc_me8,test_conf_me8,val_acc_me9,val_conf_me9,test_acc_me9,test_conf_me9,val_acc_med,val_conf_med,test_acc_med,test_conf_med,val_acc_maj,val_conf_maj,test_acc_maj,test_conf_maj,val_acc_lin,val_conf_lin,test_acc_lin,test_conf_lin,val_nld,val_conf_nld,test_nld,test_conf_nld,val_mse,val_conf_mse,test_mse,test_conf_mse,val_svm,val_conf_svm,test_svm,test_conf_svm,val_mvm,val_conf_mvm,test_mvm,test_conf_mvm
0,5,0.5635067,0.005873578597748841,0.6013067,0.005869187500499584,0.5634266,0.005857093858070317,0.60132,0.005882612925920405,0.5632533,0.005877920284186655,0.6014934,0.00588808736675428,0.5628667,0.005883285744165412,0.6014267,0.005884260568678412,0.5630134,0.005898380516158652,0.60104007,0.0058762601732800235,0.56269336,0.005906619191731632,0.60090667,0.005850228064201213,0.56237334,0.005919055015574437,0.6004801,0.005841769579784883,0.56173337,0.005902098333379513,0.60038674,0.005868824077054913,0.56108004,0.005913284571655408,0.5999333,0.005866075081164213,0.5605467,0.005908015162599645,0.59968007,0.005868897962380437,0.5601067,0.005905041278249534,0.5988267,0.005853317394372337,0.56516004,0.005911133585117634,0.6025467,0.005820187676215727,0.56236,0.00591323977867686,0.5988667,0.005758386757511169,5.114381,0.013396263806447983,5.0094595,0.01271775639134276,0.19898635,0.000986090293341707,0.18832998,0.0010125203441657127,,,,,,,,
