,shots,val_acc,val_conf,test_acc,test_conf,val_acc_me1,val_conf_me1,test_acc_me1,test_conf_me1,val_acc_me2,val_conf_me2,test_acc_me2,test_conf_me2,val_acc_me3,val_conf_me3,test_acc_me3,test_conf_me3,val_acc_me4,val_conf_me4,test_acc_me4,test_conf_me4,val_acc_me5,val_conf_me5,test_acc_me5,test_conf_me5,val_acc_me6,val_conf_me6,test_acc_me6,test_conf_me6,val_acc_me7,val_conf_me7,test_acc_me7,test_conf_me7,val_acc_me8,val_conf_me8,test_acc_me8,test_conf_me8,val_acc_me9,val_conf_me9,test_acc_me9,test_conf_me9,val_acc_med,val_conf_med,test_acc_med,test_conf_med,val_acc_maj,val_conf_maj,test_acc_maj,test_conf_maj,val_acc_lin,val_conf_lin,test_acc_lin,test_conf_lin,val_nld,val_conf_nld,test_nld,test_conf_nld,val_mse,val_conf_mse,test_mse,test_conf_mse,val_svm,val_conf_svm,test_svm,test_conf_svm,val_mvm,val_conf_mvm,test_mvm,test_conf_mvm
0,5,0.24973334,0.00481419648590492,0.2715867,0.006060266034958961,0.24877335,0.004827238169416659,0.27189338,0.006062943916223917,0.24894668,0.004871763313676891,0.27270666,0.00609843888836209,0.24844001,0.004848524069900717,0.27260002,0.006111494887155566,0.24857333,0.004831521209377354,0.2727067,0.006119588562777334,0.249,0.004844226252874895,0.2724667,0.006116906063679539,0.24878669,0.004872743217805897,0.272,0.006140454702256104,0.24838667,0.004899370565538019,0.27204004,0.006168699676832701,0.24846667,0.0049097140493202795,0.27152002,0.006180374943606515,0.24846667,0.004903862793326497,0.27130666,0.006159179090862887,0.24798666,0.004881676877221575,0.27092,0.006148199731498327,0.24918668,0.004772923681315155,0.27548,0.006092062584774183,0.25649336,0.004879059951350129,0.28006667,0.0058928183365006825,8.179326,0.025951773564461433,8.206021,0.02236737846429193,0.2594464,0.0010293465725828566,0.25430924,0.0011820722736041178,,,,,,,,
