,shots,val_acc,val_conf,test_acc,test_conf,val_acc_me1,val_conf_me1,test_acc_me1,test_conf_me1,val_acc_me2,val_conf_me2,test_acc_me2,test_conf_me2,val_acc_me3,val_conf_me3,test_acc_me3,test_conf_me3,val_acc_me4,val_conf_me4,test_acc_me4,test_conf_me4,val_acc_me5,val_conf_me5,test_acc_me5,test_conf_me5,val_acc_me6,val_conf_me6,test_acc_me6,test_conf_me6,val_acc_me7,val_conf_me7,test_acc_me7,test_conf_me7,val_acc_me8,val_conf_me8,test_acc_me8,test_conf_me8,val_acc_me9,val_conf_me9,test_acc_me9,test_conf_me9,val_acc_med,val_conf_med,test_acc_med,test_conf_med,val_acc_maj,val_conf_maj,test_acc_maj,test_conf_maj,val_acc_lin,val_conf_lin,test_acc_lin,test_conf_lin,val_nld,val_conf_nld,test_nld,test_conf_nld,val_mse,val_conf_mse,test_mse,test_conf_mse,val_svm,val_conf_svm,test_svm,test_conf_svm,val_mvm,val_conf_mvm,test_mvm,test_conf_mvm
0,5,0.53842664,0.005772750988348729,0.58853334,0.005823467722883224,0.5384267,0.0057605409765317805,0.58878666,0.005812147567454851,0.53830665,0.005773094093328823,0.5885067,0.005819273345312959,0.53768,0.00575422701368733,0.5886134,0.005799134514506865,0.5374,0.005774994793326549,0.58846676,0.005806561375066188,0.53696007,0.005778310397306918,0.58858675,0.005808120817216933,0.5367734,0.005783124949827689,0.58828,0.005813008793279839,0.5363734,0.005789184470082698,0.5885467,0.0058297285806500065,0.5359867,0.005821178201360189,0.5879734,0.005853792569371685,0.53570664,0.00583108853242198,0.58770674,0.00586426535247353,0.53516,0.005844082190472055,0.58718663,0.005873791018059515,0.5403467,0.005776849776779058,0.59096,0.005733076415705418,0.54065335,0.005727546560877483,0.5871334,0.005559056155763464,5.366921,0.01463915721007325,5.2632504,0.013882948292439856,0.20160136,0.0009858863005759444,0.18953376,0.0010170385472638988,,,,,,,,
