,shots,val_acc,val_conf,test_acc,test_conf,val_acc_me1,val_conf_me1,test_acc_me1,test_conf_me1,val_acc_me2,val_conf_me2,test_acc_me2,test_conf_me2,val_acc_me3,val_conf_me3,test_acc_me3,test_conf_me3,val_acc_me4,val_conf_me4,test_acc_me4,test_conf_me4,val_acc_me5,val_conf_me5,test_acc_me5,test_conf_me5,val_acc_me6,val_conf_me6,test_acc_me6,test_conf_me6,val_acc_me7,val_conf_me7,test_acc_me7,test_conf_me7,val_acc_me8,val_conf_me8,test_acc_me8,test_conf_me8,val_acc_me9,val_conf_me9,test_acc_me9,test_conf_me9,val_acc_med,val_conf_med,test_acc_med,test_conf_med,val_acc_maj,val_conf_maj,test_acc_maj,test_conf_maj,val_acc_lin,val_conf_lin,test_acc_lin,test_conf_lin,val_nld,val_conf_nld,test_nld,test_conf_nld,val_mse,val_conf_mse,test_mse,test_conf_mse,val_svm,val_conf_svm,test_svm,test_conf_svm,val_mvm,val_conf_mvm,test_mvm,test_conf_mvm
0,5,0.39568004,0.0060063426772992146,0.43289337,0.006072778053043737,0.3959334,0.006006397167726718,0.43273336,0.0060734005369108,0.39609334,0.005997579877698667,0.43272004,0.006101246068946575,0.39624006,0.006002212487605518,0.43273336,0.006076888847839468,0.3963067,0.006013125350177173,0.43270668,0.006089913907152911,0.39616004,0.006010326943475086,0.4329467,0.006117654152599905,0.3957867,0.00598668410110853,0.43322667,0.006123840201474773,0.39572003,0.005978331826847649,0.4337867,0.006148289317455424,0.39584005,0.005992648494006991,0.4336667,0.0061473177254255384,0.39581338,0.005982529898684086,0.4337067,0.006158086511612537,0.39560005,0.005978854565525327,0.43385336,0.006144598745448315,0.3960267,0.005998266549442244,0.43368003,0.006017389457023237,0.38532004,0.005714234734144508,0.4148667,0.00581767649871634,23.747477,0.027443972680416095,23.541132,0.024843892663195533,0.23276752,0.0012439986819161586,0.22465014,0.0012900652587789496,,,,,,,,
