,shots,val_acc,val_conf,test_acc,test_conf,val_acc_me1,val_conf_me1,test_acc_me1,test_conf_me1,val_acc_me2,val_conf_me2,test_acc_me2,test_conf_me2,val_acc_me3,val_conf_me3,test_acc_me3,test_conf_me3,val_acc_me4,val_conf_me4,test_acc_me4,test_conf_me4,val_acc_me5,val_conf_me5,test_acc_me5,test_conf_me5,val_acc_me6,val_conf_me6,test_acc_me6,test_conf_me6,val_acc_me7,val_conf_me7,test_acc_me7,test_conf_me7,val_acc_me8,val_conf_me8,test_acc_me8,test_conf_me8,val_acc_me9,val_conf_me9,test_acc_me9,test_conf_me9,val_acc_med,val_conf_med,test_acc_med,test_conf_med,val_acc_maj,val_conf_maj,test_acc_maj,test_conf_maj,val_acc_lin,val_conf_lin,test_acc_lin,test_conf_lin,val_nld,val_conf_nld,test_nld,test_conf_nld,val_mse,val_conf_mse,test_mse,test_conf_mse,val_svm,val_conf_svm,test_svm,test_conf_svm,val_mvm,val_conf_mvm,test_mvm,test_conf_mvm
0,5,0.38258672,0.007610054606065009,0.4090667,0.008028869879214806,0.38250673,0.007614916722264109,0.40917337,0.008044990733665436,0.3826534,0.007620558790430165,0.40905336,0.008059733626796017,0.38284004,0.007651990993234159,0.40901336,0.008061728530583623,0.38305333,0.0076780748220408035,0.4089734,0.008080829734350314,0.38277337,0.007699731534502097,0.40901336,0.008094901194585724,0.38301337,0.007717033630593617,0.4086667,0.008120048065108798,0.38305336,0.007732813688980433,0.40841332,0.008141123854198573,0.3830934,0.007773400283609955,0.4081467,0.008177520689090723,0.3830934,0.007792022156327627,0.40792003,0.008182847821056993,0.38274667,0.007790766105794655,0.40766668,0.008194085779060667,0.38617337,0.007629131335317618,0.41296002,0.007964224837263056,0.3781467,0.007338799410673835,0.40313336,0.007690805725402261,4.428308,0.011022164827874548,4.467689,0.012276274023905742,0.23153314,0.0011561025052686524,0.22789657,0.001201080658930681,,,,,,,,
