,shots,val_acc,val_conf,test_acc,test_conf,val_acc_me1,val_conf_me1,test_acc_me1,test_conf_me1,val_acc_me2,val_conf_me2,test_acc_me2,test_conf_me2,val_acc_me3,val_conf_me3,test_acc_me3,test_conf_me3,val_acc_me4,val_conf_me4,test_acc_me4,test_conf_me4,val_acc_me5,val_conf_me5,test_acc_me5,test_conf_me5,val_acc_me6,val_conf_me6,test_acc_me6,test_conf_me6,val_acc_me7,val_conf_me7,test_acc_me7,test_conf_me7,val_acc_me8,val_conf_me8,test_acc_me8,test_conf_me8,val_acc_me9,val_conf_me9,test_acc_me9,test_conf_me9,val_acc_med,val_conf_med,test_acc_med,test_conf_med,val_acc_maj,val_conf_maj,test_acc_maj,test_conf_maj,val_acc_lin,val_conf_lin,test_acc_lin,test_conf_lin,val_nld,val_conf_nld,test_nld,test_conf_nld,val_mse,val_conf_mse,test_mse,test_conf_mse,val_svm,val_conf_svm,test_svm,test_conf_svm,val_mvm,val_conf_mvm,test_mvm,test_conf_mvm
0,5,0.31685337,0.00504977384297739,0.38949338,0.005780974425073304,0.31944004,0.00507084409066777,0.3911067,0.005802518462413253,0.3220667,0.005056313156064585,0.3923867,0.005846931855118698,0.32440004,0.005077099868818491,0.3941867,0.005822969920502852,0.32660004,0.005088590422278605,0.39572003,0.005914065908972199,0.32832,0.005151121882138732,0.39648005,0.005917436926946684,0.33040002,0.005204130447112543,0.39689338,0.005937528194074615,0.33200002,0.0052608577528738265,0.39853337,0.005957481388000563,0.3327867,0.005313694534465951,0.39849335,0.005974687433168924,0.33384,0.005357463739489976,0.39878672,0.006012809028627497,0.33441335,0.005373255342458971,0.39796007,0.006067410284148478,0.3220934,0.0050276631975477715,0.39264008,0.00580235268221424,0.32749337,0.004941522605500903,0.39581338,0.00585712064150079,10.641665,0.014812240049948855,10.7066345,0.015813875700322555,0.24204062,0.0008038739573347498,0.22784401,0.0011433142253341744,,,,,,,,
