,shots,val_acc,val_conf,test_acc,test_conf,val_acc_me1,val_conf_me1,test_acc_me1,test_conf_me1,val_acc_me2,val_conf_me2,test_acc_me2,test_conf_me2,val_acc_me3,val_conf_me3,test_acc_me3,test_conf_me3,val_acc_me4,val_conf_me4,test_acc_me4,test_conf_me4,val_acc_me5,val_conf_me5,test_acc_me5,test_conf_me5,val_acc_me6,val_conf_me6,test_acc_me6,test_conf_me6,val_acc_me7,val_conf_me7,test_acc_me7,test_conf_me7,val_acc_me8,val_conf_me8,test_acc_me8,test_conf_me8,val_acc_me9,val_conf_me9,test_acc_me9,test_conf_me9,val_acc_med,val_conf_med,test_acc_med,test_conf_med,val_acc_maj,val_conf_maj,test_acc_maj,test_conf_maj,val_acc_lin,val_conf_lin,test_acc_lin,test_conf_lin,val_nld,val_conf_nld,test_nld,test_conf_nld,val_mse,val_conf_mse,test_mse,test_conf_mse,val_svm,val_conf_svm,test_svm,test_conf_svm,val_mvm,val_conf_mvm,test_mvm,test_conf_mvm
0,5,0.37844002,0.007427944364767569,0.3852267,0.007336733854043764,0.3782267,0.007447429310443399,0.38510668,0.007361521918955005,0.37845337,0.007443675474126332,0.38505337,0.0073716857690397375,0.37841335,0.007448417526671525,0.38477337,0.007402569835085415,0.3786267,0.007476702676393832,0.38462672,0.007408651059154725,0.3789867,0.00751586282245853,0.3844,0.007435615046901045,0.37888002,0.007514348635069723,0.38426673,0.00744611138095036,0.3786667,0.007532660651203726,0.38456005,0.007482079219171489,0.37849334,0.007534168373626526,0.38460004,0.0075165337935704235,0.37852004,0.007571388568114401,0.3843067,0.007547151872444424,0.37821335,0.007570773472779901,0.3838267,0.007561357711615535,0.3812267,0.007444914900461064,0.3883867,0.007249845634859808,0.37470672,0.007090822248854711,0.3803867,0.0068952505630403005,4.6546583,0.0130062638102304,4.6469727,0.013723620129466596,0.23235695,0.0011715297612264197,0.23144042,0.0011168115590887429,,,,,,,,
