,shots,val_acc,val_conf,test_acc,test_conf,val_acc_me1,val_conf_me1,test_acc_me1,test_conf_me1,val_acc_me2,val_conf_me2,test_acc_me2,test_conf_me2,val_acc_me3,val_conf_me3,test_acc_me3,test_conf_me3,val_acc_me4,val_conf_me4,test_acc_me4,test_conf_me4,val_acc_me5,val_conf_me5,test_acc_me5,test_conf_me5,val_acc_me6,val_conf_me6,test_acc_me6,test_conf_me6,val_acc_me7,val_conf_me7,test_acc_me7,test_conf_me7,val_acc_me8,val_conf_me8,test_acc_me8,test_conf_me8,val_acc_me9,val_conf_me9,test_acc_me9,test_conf_me9,val_acc_med,val_conf_med,test_acc_med,test_conf_med,val_acc_maj,val_conf_maj,test_acc_maj,test_conf_maj,val_acc_lin,val_conf_lin,test_acc_lin,test_conf_lin,val_nld,val_conf_nld,test_nld,test_conf_nld,val_mse,val_conf_mse,test_mse,test_conf_mse,val_svm,val_conf_svm,test_svm,test_conf_svm,val_mvm,val_conf_mvm,test_mvm,test_conf_mvm
0,5,0.6692401,0.0067601138409758565,0.74738675,0.005937204022209097,0.6698134,0.006762770480209679,0.7480535,0.005948598062962884,0.67029345,0.006775278804028173,0.7486934,0.005948466916510187,0.6708001,0.00679451715743018,0.7492401,0.0059517326478958354,0.6712001,0.006796855627981269,0.7494801,0.005964051640567791,0.6714534,0.00681542347205466,0.7496134,0.005993874990409709,0.6714,0.0068129580111004895,0.74965346,0.005996820244196233,0.6714268,0.006838025916681922,0.7500134,0.00600685340961149,0.6719334,0.00683479712795898,0.7499601,0.00602628247950987,0.6717334,0.00683432795614225,0.7500269,0.006015297578745971,0.6718001,0.006828182544196482,0.75025344,0.0060260926865801645,0.67056006,0.006673245478473033,0.7479201,0.005920490238021658,0.65636003,0.006559944179000854,0.73354673,0.006034770056273064,4.404158,0.008726553306979135,4.4997063,0.010525726555353998,0.17998643,0.0012560223641778778,0.16636643,0.0011535645443388476,,,,,,,,
