,shots,val_acc,val_conf,test_acc,test_conf,val_acc_me1,val_conf_me1,test_acc_me1,test_conf_me1,val_acc_me2,val_conf_me2,test_acc_me2,test_conf_me2,val_acc_me3,val_conf_me3,test_acc_me3,test_conf_me3,val_acc_me4,val_conf_me4,test_acc_me4,test_conf_me4,val_acc_me5,val_conf_me5,test_acc_me5,test_conf_me5,val_acc_me6,val_conf_me6,test_acc_me6,test_conf_me6,val_acc_me7,val_conf_me7,test_acc_me7,test_conf_me7,val_acc_me8,val_conf_me8,test_acc_me8,test_conf_me8,val_acc_me9,val_conf_me9,test_acc_me9,test_conf_me9,val_acc_med,val_conf_med,test_acc_med,test_conf_med,val_acc_maj,val_conf_maj,test_acc_maj,test_conf_maj,val_acc_lin,val_conf_lin,test_acc_lin,test_conf_lin,val_nld,val_conf_nld,test_nld,test_conf_nld,val_mse,val_conf_mse,test_mse,test_conf_mse,val_svm,val_conf_svm,test_svm,test_conf_svm,val_mvm,val_conf_mvm,test_mvm,test_conf_mvm
0,5,0.65917337,0.006829953483091233,0.7324668,0.006355385728693097,0.6593867,0.006827337019003177,0.73308015,0.0063419187427766754,0.6598667,0.006835843067097613,0.7336268,0.006333121309429757,0.6601601,0.00683684098077475,0.73385346,0.006349397784847111,0.6605867,0.006843547921194126,0.73432004,0.006334362582897657,0.66076,0.006847476773375938,0.7345068,0.006338340384107521,0.66108006,0.006842816918255279,0.7346401,0.006340072533206453,0.66120005,0.006841641218013783,0.73481345,0.006339225622663314,0.6608934,0.006838823416413731,0.7348268,0.006329014670683586,0.66089344,0.006820907148554212,0.73518676,0.006324704847292417,0.6606667,0.006827518038050484,0.73485345,0.0063458175790449545,0.6606535,0.006829124582096169,0.73330677,0.006284385625184408,0.6477467,0.006680550428245446,0.72217345,0.0063589160619005325,4.230971,0.008062379645014772,4.3238497,0.009574453913518077,0.18461204,0.001200845264901551,0.17125705,0.001157510251610483,,,,,,,,
