,shots,val_acc,val_conf,test_acc,test_conf,val_acc_me1,val_conf_me1,test_acc_me1,test_conf_me1,val_acc_me2,val_conf_me2,test_acc_me2,test_conf_me2,val_acc_me3,val_conf_me3,test_acc_me3,test_conf_me3,val_acc_me4,val_conf_me4,test_acc_me4,test_conf_me4,val_acc_me5,val_conf_me5,test_acc_me5,test_conf_me5,val_acc_me6,val_conf_me6,test_acc_me6,test_conf_me6,val_acc_me7,val_conf_me7,test_acc_me7,test_conf_me7,val_acc_me8,val_conf_me8,test_acc_me8,test_conf_me8,val_acc_me9,val_conf_me9,test_acc_me9,test_conf_me9,val_acc_med,val_conf_med,test_acc_med,test_conf_med,val_acc_maj,val_conf_maj,test_acc_maj,test_conf_maj,val_acc_lin,val_conf_lin,test_acc_lin,test_conf_lin,val_nld,val_conf_nld,test_nld,test_conf_nld,val_mse,val_conf_mse,test_mse,test_conf_mse,val_svm,val_conf_svm,test_svm,test_conf_svm,val_mvm,val_conf_mvm,test_mvm,test_conf_mvm
0,5,0.29138666,0.005772313217795311,0.30464002,0.006265041523410342,0.29190668,0.005804723477595197,0.30458668,0.006296321337730559,0.29202667,0.0057982926835797866,0.30453336,0.006327012840146695,0.29213336,0.005823204044627939,0.30492005,0.006355765776335953,0.2923467,0.005865233712020468,0.30525336,0.00637600389054821,0.29241332,0.005909572757617165,0.30561337,0.006401576987042579,0.29209337,0.005935089054767584,0.3055867,0.006432028823934288,0.29165334,0.005935190647090083,0.30518672,0.006459721505703009,0.29178667,0.005922532243704259,0.30522668,0.006477562964670447,0.29116002,0.005922410332917238,0.30473334,0.006501877239932119,0.29109335,0.005909892773433123,0.30397332,0.0064955249490750155,0.29290667,0.005740385521527391,0.30693334,0.00621578448583715,0.28777337,0.005534118934851451,0.30278668,0.005915357978601321,7.742049,0.015462044863242319,7.7788277,0.017313452266023432,0.25472695,0.0012207381961089059,0.25179642,0.0013192224862334512,,,,,,,,
