,shots,val_acc,val_conf,test_acc,test_conf,val_acc_me1,val_conf_me1,test_acc_me1,test_conf_me1,val_acc_me2,val_conf_me2,test_acc_me2,test_conf_me2,val_acc_me3,val_conf_me3,test_acc_me3,test_conf_me3,val_acc_me4,val_conf_me4,test_acc_me4,test_conf_me4,val_acc_me5,val_conf_me5,test_acc_me5,test_conf_me5,val_acc_me6,val_conf_me6,test_acc_me6,test_conf_me6,val_acc_me7,val_conf_me7,test_acc_me7,test_conf_me7,val_acc_me8,val_conf_me8,test_acc_me8,test_conf_me8,val_acc_me9,val_conf_me9,test_acc_me9,test_conf_me9,val_acc_med,val_conf_med,test_acc_med,test_conf_med,val_acc_maj,val_conf_maj,test_acc_maj,test_conf_maj,val_acc_lin,val_conf_lin,test_acc_lin,test_conf_lin,val_nld,val_conf_nld,test_nld,test_conf_nld,val_mse,val_conf_mse,test_mse,test_conf_mse,val_svm,val_conf_svm,test_svm,test_conf_svm,val_mvm,val_conf_mvm,test_mvm,test_conf_mvm
0,5,0.5604934,0.005657536520730089,0.59568006,0.006093685753018052,0.56048006,0.005645020808379142,0.59546673,0.006076912398786938,0.56001335,0.005661484306026532,0.59517336,0.0060677122904163605,0.5597467,0.0056528826687921585,0.5952534,0.0060632214479776625,0.55882674,0.0056621635892375455,0.59472007,0.006046394526885601,0.55837333,0.00568041695889443,0.59476,0.00605121831507216,0.5579734,0.00567161167523178,0.5941067,0.006050658633731665,0.55729336,0.005685028788553592,0.5936667,0.00605329818698408,0.55662674,0.005684620110347094,0.59352005,0.006030239962255268,0.55633336,0.0057172589528725615,0.5929867,0.0060433486043431905,0.55592006,0.00569875483489235,0.59216005,0.006036723861348459,0.5630667,0.0056289156545602514,0.5978534,0.00608077429239251,0.56405336,0.005519057411254802,0.5971734,0.00592890623837572,4.951034,0.012063206293020379,4.855486,0.010598277327130923,0.19771414,0.0009503398396015772,0.18862842,0.0010585287363347184,,,,,,,,
