,shots,val_acc,val_conf,test_acc,test_conf,val_acc_me1,val_conf_me1,test_acc_me1,test_conf_me1,val_acc_me2,val_conf_me2,test_acc_me2,test_conf_me2,val_acc_me3,val_conf_me3,test_acc_me3,test_conf_me3,val_acc_me4,val_conf_me4,test_acc_me4,test_conf_me4,val_acc_me5,val_conf_me5,test_acc_me5,test_conf_me5,val_acc_me6,val_conf_me6,test_acc_me6,test_conf_me6,val_acc_me7,val_conf_me7,test_acc_me7,test_conf_me7,val_acc_me8,val_conf_me8,test_acc_me8,test_conf_me8,val_acc_me9,val_conf_me9,test_acc_me9,test_conf_me9,val_acc_med,val_conf_med,test_acc_med,test_conf_med,val_acc_maj,val_conf_maj,test_acc_maj,test_conf_maj,val_acc_lin,val_conf_lin,test_acc_lin,test_conf_lin,val_nld,val_conf_nld,test_nld,test_conf_nld,val_mse,val_conf_mse,test_mse,test_conf_mse,val_svm,val_conf_svm,test_svm,test_conf_svm,val_mvm,val_conf_mvm,test_mvm,test_conf_mvm
0,5,0.67736006,0.006408196188637971,0.75852007,0.0059784874478144845,0.67789346,0.006417909800020549,0.7591201,0.005995213700150548,0.6783334,0.006425485816580756,0.7595601,0.006031040232686746,0.67856014,0.00642872799701899,0.7597334,0.006045740179971948,0.67890674,0.006449797782926092,0.7602001,0.006052248091795831,0.6791601,0.006474221962609383,0.76045346,0.006048523347825685,0.67968005,0.006493642258625476,0.76093346,0.006028613561528395,0.6803867,0.006484093503875243,0.76104015,0.006007873027102928,0.6804,0.006473486341837753,0.7613334,0.006017882641570771,0.6805868,0.006482507278294136,0.76149344,0.006015010811326493,0.6809867,0.0064857997931102584,0.7614401,0.006010172707858197,0.6788268,0.006408594245828958,0.7591468,0.0060380639564391325,0.6659868,0.0065544669674671985,0.74613345,0.006150043170368713,4.4362535,0.009625129087557305,4.5224833,0.011083505348643996,0.17788953,0.0012611778282082264,0.16299304,0.0012008598110750113,,,,,,,,
