,shots,val_acc,val_conf,test_acc,test_conf,val_acc_me1,val_conf_me1,test_acc_me1,test_conf_me1,val_acc_me2,val_conf_me2,test_acc_me2,test_conf_me2,val_acc_me3,val_conf_me3,test_acc_me3,test_conf_me3,val_acc_me4,val_conf_me4,test_acc_me4,test_conf_me4,val_acc_me5,val_conf_me5,test_acc_me5,test_conf_me5,val_acc_me6,val_conf_me6,test_acc_me6,test_conf_me6,val_acc_me7,val_conf_me7,test_acc_me7,test_conf_me7,val_acc_me8,val_conf_me8,test_acc_me8,test_conf_me8,val_acc_me9,val_conf_me9,test_acc_me9,test_conf_me9,val_acc_med,val_conf_med,test_acc_med,test_conf_med,val_acc_maj,val_conf_maj,test_acc_maj,test_conf_maj,val_acc_lin,val_conf_lin,test_acc_lin,test_conf_lin,val_nld,val_conf_nld,test_nld,test_conf_nld,val_mse,val_conf_mse,test_mse,test_conf_mse,val_svm,val_conf_svm,test_svm,test_conf_svm,val_mvm,val_conf_mvm,test_mvm,test_conf_mvm
0,5,0.58192,0.007759012040041591,0.64720005,0.007771738787353488,0.5828267,0.007761116848250871,0.64765346,0.007768840635462015,0.5833867,0.007769234998386665,0.64766675,0.007770066208298232,0.5836667,0.00777824439026098,0.64754677,0.007765898152375272,0.5836934,0.007796805307585086,0.6480267,0.00777961588661491,0.5837867,0.007822717814793378,0.6475734,0.0077783755367136775,0.5839867,0.007817090523692394,0.64781344,0.007804488457867187,0.5841067,0.007819912943125229,0.6478401,0.007808413615782772,0.5840934,0.00784742783832959,0.6477334,0.007843326279199592,0.58414674,0.007842004655440271,0.6475068,0.007868145283590922,0.5840666,0.007864101909154653,0.6476934,0.007857105892399407,0.5801334,0.0076728349671152385,0.6469468,0.007742620118803223,0.5558,0.007328876149680252,0.61778677,0.007634542511841591,22.70589,0.02539135891218436,22.855204,0.026792034428346767,0.19228454,0.0016028718295260647,0.17895292,0.001663270196950728,,,,,,,,
