,shots,val_acc,val_conf,test_acc,test_conf,val_acc_me1,val_conf_me1,test_acc_me1,test_conf_me1,val_acc_me2,val_conf_me2,test_acc_me2,test_conf_me2,val_acc_me3,val_conf_me3,test_acc_me3,test_conf_me3,val_acc_me4,val_conf_me4,test_acc_me4,test_conf_me4,val_acc_me5,val_conf_me5,test_acc_me5,test_conf_me5,val_acc_me6,val_conf_me6,test_acc_me6,test_conf_me6,val_acc_me7,val_conf_me7,test_acc_me7,test_conf_me7,val_acc_me8,val_conf_me8,test_acc_me8,test_conf_me8,val_acc_me9,val_conf_me9,test_acc_me9,test_conf_me9,val_acc_med,val_conf_med,test_acc_med,test_conf_med,val_acc_maj,val_conf_maj,test_acc_maj,test_conf_maj,val_acc_lin,val_conf_lin,test_acc_lin,test_conf_lin,val_nld,val_conf_nld,test_nld,test_conf_nld,val_mse,val_conf_mse,test_mse,test_conf_mse,val_svm,val_conf_svm,test_svm,test_conf_svm,val_mvm,val_conf_mvm,test_mvm,test_conf_mvm
0,5,0.53978676,0.007501091298764306,0.59465337,0.0072706466628954525,0.5401467,0.007511206661604208,0.5948934,0.0072807994301813395,0.5405333,0.00752877474486735,0.59536004,0.007324169654447932,0.54097337,0.007561766389821978,0.59549344,0.00733726536660384,0.54112,0.007575146560480972,0.5957334,0.00734182224405211,0.54135996,0.007580768771965896,0.5956267,0.007358972413443077,0.5414133,0.007581542720750178,0.5956667,0.007356880073382532,0.5416667,0.00758116452024038,0.5956267,0.007346327863555824,0.54194665,0.007582891589723251,0.59581333,0.007384982818707586,0.5422933,0.007601428032533275,0.5956667,0.0073906258104401434,0.5422267,0.007605909639306296,0.5956267,0.0074049050731535004,0.5393334,0.007437839456980955,0.5952,0.007215917031621499,0.5264267,0.007450336698000548,0.5802534,0.007045425257753979,4.28075,0.008981907456762528,4.3477736,0.010384197367287129,0.20697989,0.0011781364946731043,0.1983006,0.0011508693462007336,,,,,,,,
