,shots,val_acc,val_conf,test_acc,test_conf,val_acc_me1,val_conf_me1,test_acc_me1,test_conf_me1,val_acc_me2,val_conf_me2,test_acc_me2,test_conf_me2,val_acc_me3,val_conf_me3,test_acc_me3,test_conf_me3,val_acc_me4,val_conf_me4,test_acc_me4,test_conf_me4,val_acc_me5,val_conf_me5,test_acc_me5,test_conf_me5,val_acc_me6,val_conf_me6,test_acc_me6,test_conf_me6,val_acc_me7,val_conf_me7,test_acc_me7,test_conf_me7,val_acc_me8,val_conf_me8,test_acc_me8,test_conf_me8,val_acc_me9,val_conf_me9,test_acc_me9,test_conf_me9,val_acc_med,val_conf_med,test_acc_med,test_conf_med,val_acc_maj,val_conf_maj,test_acc_maj,test_conf_maj,val_acc_lin,val_conf_lin,test_acc_lin,test_conf_lin,val_nld,val_conf_nld,test_nld,test_conf_nld,val_mse,val_conf_mse,test_mse,test_conf_mse,val_svm,val_conf_svm,test_svm,test_conf_svm,val_mvm,val_conf_mvm,test_mvm,test_conf_mvm
0,5,0.5771867,0.007176830770882381,0.5764134,0.007308039564331681,0.5778534,0.007197689060045254,0.57709336,0.007329748458304031,0.5782533,0.007197345031498603,0.57752,0.007348606764063237,0.5789067,0.007214158099092094,0.5779601,0.007371232297854635,0.57964003,0.007255355171223332,0.5785467,0.007433454824697705,0.5800934,0.007262826824761204,0.57890666,0.0074431578150647715,0.5805734,0.007292144060123684,0.5790934,0.007464256693318738,0.5807467,0.0072993922105522024,0.57946676,0.007480404792983064,0.58113337,0.00732836310845153,0.57988,0.007489607210270144,0.58121336,0.007368223317974931,0.5796267,0.007518453888466059,0.5812267,0.007391558150890987,0.5797334,0.007528193821495832,0.57758665,0.007152488788623623,0.5763067,0.007237619922411231,0.55872005,0.006925601731176068,0.56024,0.007007190987174061,4.5443497,0.011360002707877292,4.5192595,0.01201518544929936,0.19995932,0.0011429415662238263,0.19985303,0.0011412218852735745,,,,,,,,
