,shots,val_acc,val_conf,test_acc,test_conf,val_acc_me1,val_conf_me1,test_acc_me1,test_conf_me1,val_acc_me2,val_conf_me2,test_acc_me2,test_conf_me2,val_acc_me3,val_conf_me3,test_acc_me3,test_conf_me3,val_acc_me4,val_conf_me4,test_acc_me4,test_conf_me4,val_acc_me5,val_conf_me5,test_acc_me5,test_conf_me5,val_acc_me6,val_conf_me6,test_acc_me6,test_conf_me6,val_acc_me7,val_conf_me7,test_acc_me7,test_conf_me7,val_acc_me8,val_conf_me8,test_acc_me8,test_conf_me8,val_acc_me9,val_conf_me9,test_acc_me9,test_conf_me9,val_acc_med,val_conf_med,test_acc_med,test_conf_med,val_acc_maj,val_conf_maj,test_acc_maj,test_conf_maj,val_acc_lin,val_conf_lin,test_acc_lin,test_conf_lin,val_nld,val_conf_nld,test_nld,test_conf_nld,val_mse,val_conf_mse,test_mse,test_conf_mse,val_svm,val_conf_svm,test_svm,test_conf_svm,val_mvm,val_conf_mvm,test_mvm,test_conf_mvm
0,5,0.3239467,0.005662292426773852,0.3981067,0.006623019619569681,0.3252267,0.005695514039804062,0.39825335,0.00663508509321864,0.32593334,0.005749785120276796,0.39848003,0.006677150779707319,0.32684,0.00576799831478797,0.39869338,0.006710413029666518,0.3268667,0.005736025363758224,0.39892003,0.006750231216911151,0.32672003,0.005758280547355776,0.39826673,0.00678460959706817,0.32625335,0.005769136610583481,0.3989067,0.00680574495620162,0.3264,0.00577662996793582,0.39864004,0.006786851093129598,0.32596,0.005796452938975627,0.39792004,0.006769204968491371,0.32548004,0.0058404465706757835,0.3983067,0.006806227057950309,0.32541335,0.005837699883701475,0.39792004,0.006816804665857656,0.32758668,0.0056112875394701,0.39941338,0.006530417294027369,0.33176005,0.005657684291381082,0.40084,0.0064153524441928345,8.340721,0.020405087659314702,8.404744,0.018960758845732784,0.2431907,0.0010969201286770425,0.2280986,0.0012939314238799016,,,,,,,,
