,shots,val_acc,val_conf,test_acc,test_conf,val_acc_me1,val_conf_me1,test_acc_me1,test_conf_me1,val_acc_me2,val_conf_me2,test_acc_me2,test_conf_me2,val_acc_me3,val_conf_me3,test_acc_me3,test_conf_me3,val_acc_me4,val_conf_me4,test_acc_me4,test_conf_me4,val_acc_me5,val_conf_me5,test_acc_me5,test_conf_me5,val_acc_me6,val_conf_me6,test_acc_me6,test_conf_me6,val_acc_me7,val_conf_me7,test_acc_me7,test_conf_me7,val_acc_me8,val_conf_me8,test_acc_me8,test_conf_me8,val_acc_me9,val_conf_me9,test_acc_me9,test_conf_me9,val_acc_med,val_conf_med,test_acc_med,test_conf_med,val_acc_maj,val_conf_maj,test_acc_maj,test_conf_maj,val_acc_lin,val_conf_lin,test_acc_lin,test_conf_lin,val_nld,val_conf_nld,test_nld,test_conf_nld,val_mse,val_conf_mse,test_mse,test_conf_mse,val_svm,val_conf_svm,test_svm,test_conf_svm,val_mvm,val_conf_mvm,test_mvm,test_conf_mvm
0,5,0.7636668,0.004809670547936684,0.76572007,0.00496559121205542,0.7636002,0.004804958511305024,0.76553345,0.004969294252211265,0.7639468,0.004799782844255973,0.7657068,0.004968058981926093,0.7638135,0.004812713237996147,0.7656801,0.004980682289782323,0.76377344,0.00481659729719941,0.7656935,0.00500915907956756,0.7634534,0.004807150134771732,0.7658002,0.005000765706594357,0.7632268,0.004819330130675148,0.7655735,0.005026502274371292,0.7630268,0.0048116668370742355,0.76528007,0.005027039790114096,0.7624801,0.004815922170037901,0.7652935,0.005016163408421925,0.7620535,0.004800630216582391,0.7651868,0.005003219161183181,0.7618535,0.0047985928287326285,0.7648268,0.005021853963832812,0.76277345,0.004796958577689914,0.7647868,0.004974061702837096,0.74828017,0.0049098946065844196,0.7558002,0.005014962771883069,26.89208,0.039944564399576166,26.90703,0.047011725334730414,0.13453849,0.0014096045577454974,0.13305683,0.0014047366692553631,,,,,,,,
