,shots,val_acc,val_conf,test_acc,test_conf,val_acc_me1,val_conf_me1,test_acc_me1,test_conf_me1,val_acc_me2,val_conf_me2,test_acc_me2,test_conf_me2,val_acc_me3,val_conf_me3,test_acc_me3,test_conf_me3,val_acc_me4,val_conf_me4,test_acc_me4,test_conf_me4,val_acc_me5,val_conf_me5,test_acc_me5,test_conf_me5,val_acc_me6,val_conf_me6,test_acc_me6,test_conf_me6,val_acc_me7,val_conf_me7,test_acc_me7,test_conf_me7,val_acc_me8,val_conf_me8,test_acc_me8,test_conf_me8,val_acc_me9,val_conf_me9,test_acc_me9,test_conf_me9,val_acc_med,val_conf_med,test_acc_med,test_conf_med,val_acc_maj,val_conf_maj,test_acc_maj,test_conf_maj,val_acc_lin,val_conf_lin,test_acc_lin,test_conf_lin,val_nld,val_conf_nld,test_nld,test_conf_nld,val_mse,val_conf_mse,test_mse,test_conf_mse,val_svm,val_conf_svm,test_svm,test_conf_svm,val_mvm,val_conf_mvm,test_mvm,test_conf_mvm
0,5,0.25090668,0.0039615076484916245,0.2592,0.0042065220087594835,0.25114667,0.003989384581790711,0.26020002,0.004249962424085152,0.2514267,0.004011040832468726,0.26090667,0.004282139483326508,0.25142667,0.003985222529050481,0.26116,0.00430133766158286,0.25137335,0.003930715939102769,0.26158667,0.004357502977087313,0.25109336,0.003976913662418258,0.26172,0.004360758549240729,0.25061333,0.003984007115446497,0.26177335,0.004377106139283882,0.25070667,0.003976949219731185,0.26109332,0.0043742130670085255,0.25016,0.004024550764230583,0.26165336,0.004382749592799773,0.24956003,0.004041125089866204,0.26185334,0.0044088800617181345,0.24896002,0.004027696893745658,0.2616667,0.004379296839183977,0.25061333,0.003940182496428357,0.26112002,0.0042630650629903455,0.25077334,0.0037776241593829307,0.26378667,0.0043606006193575575,9.730488,0.015851734541092455,9.673496,0.01526158658671406,0.25817144,0.0007499496183854815,0.2543469,0.0008179730668442797,,,,,,,,
