,shots,val_acc,val_conf,test_acc,test_conf,val_acc_me1,val_conf_me1,test_acc_me1,test_conf_me1,val_acc_me2,val_conf_me2,test_acc_me2,test_conf_me2,val_acc_me3,val_conf_me3,test_acc_me3,test_conf_me3,val_acc_me4,val_conf_me4,test_acc_me4,test_conf_me4,val_acc_me5,val_conf_me5,test_acc_me5,test_conf_me5,val_acc_me6,val_conf_me6,test_acc_me6,test_conf_me6,val_acc_me7,val_conf_me7,test_acc_me7,test_conf_me7,val_acc_me8,val_conf_me8,test_acc_me8,test_conf_me8,val_acc_me9,val_conf_me9,test_acc_me9,test_conf_me9,val_acc_med,val_conf_med,test_acc_med,test_conf_med,val_acc_maj,val_conf_maj,test_acc_maj,test_conf_maj,val_acc_lin,val_conf_lin,test_acc_lin,test_conf_lin,val_nld,val_conf_nld,test_nld,test_conf_nld,val_mse,val_conf_mse,test_mse,test_conf_mse,val_svm,val_conf_svm,test_svm,test_conf_svm,val_mvm,val_conf_mvm,test_mvm,test_conf_mvm
0,5,0.5327866,0.0052988786795764575,0.5764667,0.005759929575463563,0.53297335,0.005318127653994087,0.5762667,0.005748395152591401,0.53326666,0.00530195184733262,0.57608,0.0057424441514082325,0.5331334,0.0052851507861044755,0.5765467,0.005732874154626977,0.5332134,0.005313410999529533,0.5767334,0.005736989567255546,0.53272,0.005295043569401359,0.57658666,0.005756527618009044,0.5321067,0.0052948921044841946,0.57636005,0.005751478479579908,0.53180003,0.005293616197269979,0.5759466,0.005771182310532419,0.5313334,0.005284938827577079,0.57592005,0.005778331177554663,0.53049326,0.0052694025907642494,0.57571995,0.005778839139167324,0.5300801,0.005269067336099886,0.5750666,0.005805403222589489,0.5339867,0.005307984122373877,0.5771334,0.005683945444968863,0.53616005,0.005297055559170594,0.57294667,0.005655755422603104,5.4794364,0.014562622172120676,5.384368,0.014985392157315758,0.20239124,0.0009153003589503217,0.19174683,0.0010494182139212105,,,,,,,,
