,shots,val_acc,val_conf,test_acc,test_conf,val_acc_me1,val_conf_me1,test_acc_me1,test_conf_me1,val_acc_me2,val_conf_me2,test_acc_me2,test_conf_me2,val_acc_me3,val_conf_me3,test_acc_me3,test_conf_me3,val_acc_me4,val_conf_me4,test_acc_me4,test_conf_me4,val_acc_me5,val_conf_me5,test_acc_me5,test_conf_me5,val_acc_me6,val_conf_me6,test_acc_me6,test_conf_me6,val_acc_me7,val_conf_me7,test_acc_me7,test_conf_me7,val_acc_me8,val_conf_me8,test_acc_me8,test_conf_me8,val_acc_me9,val_conf_me9,test_acc_me9,test_conf_me9,val_acc_med,val_conf_med,test_acc_med,test_conf_med,val_acc_maj,val_conf_maj,test_acc_maj,test_conf_maj,val_acc_lin,val_conf_lin,test_acc_lin,test_conf_lin,val_nld,val_conf_nld,test_nld,test_conf_nld,val_mse,val_conf_mse,test_mse,test_conf_mse,val_svm,val_conf_svm,test_svm,test_conf_svm,val_mvm,val_conf_mvm,test_mvm,test_conf_mvm
0,5,0.49574667,0.005720777279714762,0.5377733,0.006247844252124324,0.49604005,0.005739480888073745,0.5381334,0.006250047420173099,0.49600002,0.005747943990322746,0.53849334,0.006222030104755638,0.49594668,0.00573851576100981,0.53904,0.006209249328799515,0.49596003,0.005732711606911023,0.53908,0.0062389272169068866,0.4963067,0.005723705909302934,0.53893334,0.006249675684629419,0.4962267,0.005724102581144086,0.53896004,0.006238855178714586,0.49633333,0.005752840278484883,0.5390133,0.006248523073552059,0.49637336,0.005770852597267506,0.5392,0.006251250827411736,0.49610668,0.005792414644155475,0.53941333,0.006265978019910579,0.49605334,0.005806420992947814,0.5395334,0.006276481280709234,0.49764,0.00567617686477917,0.5382134,0.006205131607254444,0.48508,0.005447260731580972,0.5201867,0.0061672150435740924,24.424692,0.028193895803983793,24.164305,0.026524898339850722,0.21028458,0.0011940789853301659,0.20011324,0.0013869146051858627,,,,,,,,
