,shots,val_acc,val_conf,test_acc,test_conf,val_acc_me1,val_conf_me1,test_acc_me1,test_conf_me1,val_acc_me2,val_conf_me2,test_acc_me2,test_conf_me2,val_acc_me3,val_conf_me3,test_acc_me3,test_conf_me3,val_acc_me4,val_conf_me4,test_acc_me4,test_conf_me4,val_acc_me5,val_conf_me5,test_acc_me5,test_conf_me5,val_acc_me6,val_conf_me6,test_acc_me6,test_conf_me6,val_acc_me7,val_conf_me7,test_acc_me7,test_conf_me7,val_acc_me8,val_conf_me8,test_acc_me8,test_conf_me8,val_acc_me9,val_conf_me9,test_acc_me9,test_conf_me9,val_acc_med,val_conf_med,test_acc_med,test_conf_med,val_acc_maj,val_conf_maj,test_acc_maj,test_conf_maj,val_acc_lin,val_conf_lin,test_acc_lin,test_conf_lin,val_nld,val_conf_nld,test_nld,test_conf_nld,val_mse,val_conf_mse,test_mse,test_conf_mse,val_svm,val_conf_svm,test_svm,test_conf_svm,val_mvm,val_conf_mvm,test_mvm,test_conf_mvm
0,5,0.7978135,0.004389021995148679,0.79885346,0.004586551642088099,0.79786676,0.0043884997182542795,0.79854673,0.0045731562325807,0.7977334,0.0044113930863506345,0.7984001,0.004587072995415942,0.7975735,0.004410910984602001,0.7982401,0.004568030438126369,0.79742676,0.004400582739668035,0.7979734,0.004585530177463437,0.7974801,0.004407996670295566,0.7977068,0.004574598381777206,0.79705346,0.0044004594435311795,0.79754674,0.004587858488782293,0.79666674,0.00438874123091193,0.7970134,0.004597509759421525,0.7964934,0.004385338811674133,0.7966935,0.004606323816966684,0.79654676,0.004385034034706581,0.79621345,0.004596730269237903,0.7960001,0.004394384222644598,0.79576015,0.00459743910657906,0.7979868,0.004400462214230849,0.79853344,0.004549234934893787,0.78920007,0.004383785372706228,0.7889868,0.004551625125172709,4.722637,0.012435787823758204,4.716926,0.013721209620723762,0.14771597,0.0009788457217337343,0.14744684,0.000985646057822337,,,,,,,,
