,shots,val_acc,val_conf,test_acc,test_conf,val_acc_me1,val_conf_me1,test_acc_me1,test_conf_me1,val_acc_me2,val_conf_me2,test_acc_me2,test_conf_me2,val_acc_me3,val_conf_me3,test_acc_me3,test_conf_me3,val_acc_me4,val_conf_me4,test_acc_me4,test_conf_me4,val_acc_me5,val_conf_me5,test_acc_me5,test_conf_me5,val_acc_me6,val_conf_me6,test_acc_me6,test_conf_me6,val_acc_me7,val_conf_me7,test_acc_me7,test_conf_me7,val_acc_me8,val_conf_me8,test_acc_me8,test_conf_me8,val_acc_me9,val_conf_me9,test_acc_me9,test_conf_me9,val_acc_med,val_conf_med,test_acc_med,test_conf_med,val_acc_maj,val_conf_maj,test_acc_maj,test_conf_maj,val_acc_lin,val_conf_lin,test_acc_lin,test_conf_lin,val_nld,val_conf_nld,test_nld,test_conf_nld,val_mse,val_conf_mse,test_mse,test_conf_mse,val_svm,val_conf_svm,test_svm,test_conf_svm,val_mvm,val_conf_mvm,test_mvm,test_conf_mvm
0,5,0.79661345,0.0045318894311736635,0.7948268,0.004716240706749142,0.79680014,0.004528638938636309,0.79485345,0.004706485996654242,0.7968134,0.004534482806097584,0.7947335,0.0047080814579010255,0.79665345,0.004552696924175259,0.79462683,0.004733828646693583,0.79625344,0.004557202543678973,0.7941601,0.004743318754966697,0.79621345,0.004559400170328409,0.79385346,0.0047478077502721705,0.7961334,0.004552539456075366,0.7937334,0.004756627349216558,0.7955201,0.004572407681877055,0.7933334,0.004766455021070426,0.79530674,0.004583532041192884,0.7928801,0.004744521238638666,0.7949735,0.004601452003318629,0.79280007,0.00474448937559202,0.7947468,0.004612127971065472,0.7923201,0.004771917455538954,0.7969601,0.004504240618816824,0.7955067,0.004677523410854034,0.7883201,0.004511262957219375,0.78397346,0.004919272039736189,4.7238297,0.01244259912720036,4.708295,0.013898915834839265,0.14800604,0.0010014732181041763,0.14847411,0.0010297408200617142,,,,,,,,
