,shots,val_acc,val_conf,test_acc,test_conf,val_acc_me1,val_conf_me1,test_acc_me1,test_conf_me1,val_acc_me2,val_conf_me2,test_acc_me2,test_conf_me2,val_acc_me3,val_conf_me3,test_acc_me3,test_conf_me3,val_acc_me4,val_conf_me4,test_acc_me4,test_conf_me4,val_acc_me5,val_conf_me5,test_acc_me5,test_conf_me5,val_acc_me6,val_conf_me6,test_acc_me6,test_conf_me6,val_acc_me7,val_conf_me7,test_acc_me7,test_conf_me7,val_acc_me8,val_conf_me8,test_acc_me8,test_conf_me8,val_acc_me9,val_conf_me9,test_acc_me9,test_conf_me9,val_acc_med,val_conf_med,test_acc_med,test_conf_med,val_acc_maj,val_conf_maj,test_acc_maj,test_conf_maj,val_acc_lin,val_conf_lin,test_acc_lin,test_conf_lin,val_nld,val_conf_nld,test_nld,test_conf_nld,val_mse,val_conf_mse,test_mse,test_conf_mse,val_svm,val_conf_svm,test_svm,test_conf_svm,val_mvm,val_conf_mvm,test_mvm,test_conf_mvm
0,5,0.38821337,0.005875947545996629,0.4084267,0.006104085112577706,0.3884134,0.005874860046362396,0.4088134,0.006108535318087305,0.38838673,0.005871281687693297,0.40928003,0.006115330920897222,0.38857338,0.005869429936723791,0.40953338,0.006114335316136532,0.3884267,0.005868033504072445,0.4094667,0.006122833513915238,0.38852006,0.005856319909286034,0.40938672,0.006141478014013824,0.3883067,0.005856914686156012,0.40958673,0.006152468456177229,0.38824004,0.005864275049922485,0.40936002,0.006174935598302234,0.3880801,0.0058659471671945185,0.40956005,0.006175473575828316,0.38810673,0.005886397239934227,0.40954673,0.006171954325419615,0.38816002,0.005883906842682696,0.40964004,0.0061731129396795925,0.3895467,0.005775668073354834,0.40768003,0.006006979938231349,0.37776005,0.005344254890429445,0.38996002,0.005706644402302508,24.445648,0.03284812640420043,24.089998,0.02745628751703677,0.23704928,0.0012899817914503453,0.23254721,0.0013542594847995582,,,,,,,,
