,shots,val_acc,val_conf,test_acc,test_conf,val_acc_me1,val_conf_me1,test_acc_me1,test_conf_me1,val_acc_me2,val_conf_me2,test_acc_me2,test_conf_me2,val_acc_me3,val_conf_me3,test_acc_me3,test_conf_me3,val_acc_me4,val_conf_me4,test_acc_me4,test_conf_me4,val_acc_me5,val_conf_me5,test_acc_me5,test_conf_me5,val_acc_me6,val_conf_me6,test_acc_me6,test_conf_me6,val_acc_me7,val_conf_me7,test_acc_me7,test_conf_me7,val_acc_me8,val_conf_me8,test_acc_me8,test_conf_me8,val_acc_me9,val_conf_me9,test_acc_me9,test_conf_me9,val_acc_med,val_conf_med,test_acc_med,test_conf_med,val_acc_maj,val_conf_maj,test_acc_maj,test_conf_maj,val_acc_lin,val_conf_lin,test_acc_lin,test_conf_lin,val_nld,val_conf_nld,test_nld,test_conf_nld,val_mse,val_conf_mse,test_mse,test_conf_mse,val_svm,val_conf_svm,test_svm,test_conf_svm,val_mvm,val_conf_mvm,test_mvm,test_conf_mvm
0,5,0.56469333,0.00566879064114878,0.59706664,0.005981398067854582,0.56485337,0.005651846888885759,0.5968,0.00597995730400791,0.56496,0.0056530632260562985,0.59697336,0.005957915002504421,0.5643467,0.005648714151085921,0.59673333,0.005961557549050034,0.56376,0.005656983304355712,0.5961467,0.005973156159798654,0.56325334,0.005673513760579341,0.59557337,0.005978092623106446,0.56256,0.005669094494549776,0.59521335,0.005989308415512484,0.56184,0.005684137085031793,0.5945601,0.005978764979568174,0.56132,0.005683670683914732,0.5946,0.005957082869026298,0.56078666,0.005670564350743312,0.59432006,0.0059611876606393555,0.56008,0.005680107102310816,0.59380007,0.005963953280728296,0.56636006,0.005712479957664662,0.59800005,0.005970982545880021,0.5691067,0.005710268015733488,0.59637344,0.005855871979500327,5.023983,0.012841480139538675,4.925499,0.011488606581820271,0.19702008,0.0009757753246772694,0.18826161,0.0010509568758240717,,,,,,,,
