,shots,val_acc,val_conf,test_acc,test_conf,val_acc_me1,val_conf_me1,test_acc_me1,test_conf_me1,val_acc_me2,val_conf_me2,test_acc_me2,test_conf_me2,val_acc_me3,val_conf_me3,test_acc_me3,test_conf_me3,val_acc_me4,val_conf_me4,test_acc_me4,test_conf_me4,val_acc_me5,val_conf_me5,test_acc_me5,test_conf_me5,val_acc_me6,val_conf_me6,test_acc_me6,test_conf_me6,val_acc_me7,val_conf_me7,test_acc_me7,test_conf_me7,val_acc_me8,val_conf_me8,test_acc_me8,test_conf_me8,val_acc_me9,val_conf_me9,test_acc_me9,test_conf_me9,val_acc_med,val_conf_med,test_acc_med,test_conf_med,val_acc_maj,val_conf_maj,test_acc_maj,test_conf_maj,val_acc_lin,val_conf_lin,test_acc_lin,test_conf_lin,val_nld,val_conf_nld,test_nld,test_conf_nld,val_mse,val_conf_mse,test_mse,test_conf_mse,val_svm,val_conf_svm,test_svm,test_conf_svm,val_mvm,val_conf_mvm,test_mvm,test_conf_mvm
0,5,0.7246935,0.005604757462048582,0.7119734,0.00590525369856032,0.72565347,0.005606350152595696,0.71306676,0.005897724783895053,0.72662675,0.005590094919209365,0.71366674,0.005889940503073676,0.72754675,0.005581384762903263,0.7144934,0.005884079549630994,0.7281468,0.005580651912831303,0.7146134,0.005873751304697139,0.72849345,0.00556492218882243,0.7151334,0.00588613263811244,0.72905344,0.0055693880949636565,0.7156668,0.005880299391666677,0.7294801,0.005593975745929569,0.7160534,0.005892900072142049,0.73004013,0.00558520093996373,0.7165468,0.0058832363333540805,0.7304535,0.005591523214907301,0.7169468,0.005898012013097809,0.7308268,0.005613931248771964,0.71716005,0.005900392044144498,0.7232935,0.005559192381832334,0.71354675,0.005806855069234951,0.7041601,0.005647318642001187,0.69653344,0.005814187264221116,4.763708,0.01212593308720944,4.7198257,0.012833496830121582,0.16880424,0.0010928126818101347,0.17070347,0.0010611319241534134,,,,,,,,
