,shots,val_acc,val_conf,test_acc,test_conf,val_acc_me1,val_conf_me1,test_acc_me1,test_conf_me1,val_acc_me2,val_conf_me2,test_acc_me2,test_conf_me2,val_acc_me3,val_conf_me3,test_acc_me3,test_conf_me3,val_acc_me4,val_conf_me4,test_acc_me4,test_conf_me4,val_acc_me5,val_conf_me5,test_acc_me5,test_conf_me5,val_acc_me6,val_conf_me6,test_acc_me6,test_conf_me6,val_acc_me7,val_conf_me7,test_acc_me7,test_conf_me7,val_acc_me8,val_conf_me8,test_acc_me8,test_conf_me8,val_acc_me9,val_conf_me9,test_acc_me9,test_conf_me9,val_acc_med,val_conf_med,test_acc_med,test_conf_med,val_acc_maj,val_conf_maj,test_acc_maj,test_conf_maj,val_acc_lin,val_conf_lin,test_acc_lin,test_conf_lin,val_nld,val_conf_nld,test_nld,test_conf_nld,val_mse,val_conf_mse,test_mse,test_conf_mse,val_svm,val_conf_svm,test_svm,test_conf_svm,val_mvm,val_conf_mvm,test_mvm,test_conf_mvm
0,5,0.42640004,0.006727872132074653,0.48172003,0.007262375662492604,0.42676008,0.006723976528289322,0.48232,0.007286028202308115,0.4267467,0.006774368167391742,0.48244002,0.007303916763170493,0.4272667,0.006799298461554526,0.48285335,0.007338218025519094,0.42648005,0.006830436508406534,0.4826267,0.0073875184707209995,0.42660004,0.006856965496299161,0.48246667,0.00738865538116662,0.42616004,0.006870290714747318,0.48160005,0.007412802490879444,0.42608002,0.0068995576157317995,0.48104003,0.007431238264933582,0.42568,0.006908986306828124,0.48081335,0.00744260690760673,0.42520005,0.0069181513196691635,0.48069337,0.007454263703049191,0.4241467,0.006891785803059103,0.48020002,0.007464412314285518,0.42605338,0.006679038549773031,0.4815467,0.007167064054422023,0.4241867,0.00643420520855259,0.4750934,0.007092180815276794,6.2759595,0.015966858960970498,6.3684826,0.018115407282921048,0.22100933,0.0013531295011031674,0.20927224,0.0014874210443118208,,,,,,,,
