,shots,val_acc,val_conf,test_acc,test_conf,val_acc_me1,val_conf_me1,test_acc_me1,test_conf_me1,val_acc_me2,val_conf_me2,test_acc_me2,test_conf_me2,val_acc_me3,val_conf_me3,test_acc_me3,test_conf_me3,val_acc_me4,val_conf_me4,test_acc_me4,test_conf_me4,val_acc_me5,val_conf_me5,test_acc_me5,test_conf_me5,val_acc_me6,val_conf_me6,test_acc_me6,test_conf_me6,val_acc_me7,val_conf_me7,test_acc_me7,test_conf_me7,val_acc_me8,val_conf_me8,test_acc_me8,test_conf_me8,val_acc_me9,val_conf_me9,test_acc_me9,test_conf_me9,val_acc_med,val_conf_med,test_acc_med,test_conf_med,val_acc_maj,val_conf_maj,test_acc_maj,test_conf_maj,val_acc_lin,val_conf_lin,test_acc_lin,test_conf_lin,val_nld,val_conf_nld,test_nld,test_conf_nld,val_mse,val_conf_mse,test_mse,test_conf_mse,val_svm,val_conf_svm,test_svm,test_conf_svm,val_mvm,val_conf_mvm,test_mvm,test_conf_mvm
0,5,0.37541336,0.007516837646971419,0.38624004,0.007683122113336882,0.3756267,0.007525415733258267,0.38609338,0.007686599341466704,0.37532002,0.007565929366128876,0.38608003,0.007706713235975549,0.3751734,0.007563858268099355,0.38612002,0.007723957147373228,0.37522668,0.00761380290098268,0.38604003,0.007737110582439699,0.37526673,0.007619553026437242,0.3859734,0.0077521379340733665,0.37526673,0.00761820692816384,0.38594672,0.00778565416483884,0.37497336,0.007635143291894297,0.38565338,0.007800003618611329,0.37480006,0.007640246458967714,0.3856667,0.00782420568053499,0.37460002,0.007637564883436476,0.3857734,0.007841011821379251,0.37428004,0.007632012863010851,0.38581336,0.007857793949492764,0.37684005,0.007437763262739039,0.38824,0.007601862570603746,0.36180001,0.0069024650032890045,0.37261337,0.0071888990152310095,22.95078,0.028779124842820636,22.885164,0.029708905167041166,0.23731814,0.0015164443546138995,0.2342877,0.001555984548321454,,,,,,,,
