,shots,val_acc,val_conf,test_acc,test_conf,val_acc_me1,val_conf_me1,test_acc_me1,test_conf_me1,val_acc_me2,val_conf_me2,test_acc_me2,test_conf_me2,val_acc_me3,val_conf_me3,test_acc_me3,test_conf_me3,val_acc_me4,val_conf_me4,test_acc_me4,test_conf_me4,val_acc_me5,val_conf_me5,test_acc_me5,test_conf_me5,val_acc_me6,val_conf_me6,test_acc_me6,test_conf_me6,val_acc_me7,val_conf_me7,test_acc_me7,test_conf_me7,val_acc_me8,val_conf_me8,test_acc_me8,test_conf_me8,val_acc_me9,val_conf_me9,test_acc_me9,test_conf_me9,val_acc_med,val_conf_med,test_acc_med,test_conf_med,val_acc_maj,val_conf_maj,test_acc_maj,test_conf_maj,val_acc_lin,val_conf_lin,test_acc_lin,test_conf_lin,val_nld,val_conf_nld,test_nld,test_conf_nld,val_mse,val_conf_mse,test_mse,test_conf_mse,val_svm,val_conf_svm,test_svm,test_conf_svm,val_mvm,val_conf_mvm,test_mvm,test_conf_mvm
0,5,0.26752,0.00455283961521008,0.34698668,0.006109617738105422,0.2696667,0.004595765603957247,0.34926674,0.006119207591567921,0.2726,0.004612439674782254,0.35225335,0.006080907285978376,0.276,0.004708736266598013,0.35462672,0.006182757283569595,0.27776,0.004755381919699153,0.35637334,0.006239408395089019,0.28002667,0.004837208994088571,0.35736004,0.006297793964623766,0.28268,0.00494874166358239,0.35869336,0.006353536748423205,0.2858,0.0049925570469348535,0.36034667,0.006426653204723187,0.28865334,0.005083605471725927,0.36070672,0.006529377358071353,0.28976002,0.005149101118487154,0.36180004,0.006642444533418557,0.28952003,0.005316966730817607,0.36049336,0.006766374698742639,0.27338666,0.004632331913314691,0.3516667,0.006050982805597183,0.28076002,0.0047873299344315945,0.3580267,0.006099464970819535,10.7136,0.018993955522464745,10.683663,0.020072622166040333,0.24997412,0.0007525623304844298,0.23550336,0.0010898554216582645,,,,,,,,
