,shots,val_acc,val_conf,test_acc,test_conf,val_acc_me1,val_conf_me1,test_acc_me1,test_conf_me1,val_acc_me2,val_conf_me2,test_acc_me2,test_conf_me2,val_acc_me3,val_conf_me3,test_acc_me3,test_conf_me3,val_acc_me4,val_conf_me4,test_acc_me4,test_conf_me4,val_acc_me5,val_conf_me5,test_acc_me5,test_conf_me5,val_acc_me6,val_conf_me6,test_acc_me6,test_conf_me6,val_acc_me7,val_conf_me7,test_acc_me7,test_conf_me7,val_acc_me8,val_conf_me8,test_acc_me8,test_conf_me8,val_acc_me9,val_conf_me9,test_acc_me9,test_conf_me9,val_acc_med,val_conf_med,test_acc_med,test_conf_med,val_acc_maj,val_conf_maj,test_acc_maj,test_conf_maj,val_acc_lin,val_conf_lin,test_acc_lin,test_conf_lin,val_nld,val_conf_nld,test_nld,test_conf_nld,val_mse,val_conf_mse,test_mse,test_conf_mse,val_svm,val_conf_svm,test_svm,test_conf_svm,val_mvm,val_conf_mvm,test_mvm,test_conf_mvm
0,5,0.29189336,0.005341475878625268,0.3030667,0.0057505068875499665,0.29218668,0.0053489105895004885,0.30366668,0.005813127471583912,0.2918667,0.005362905855494038,0.30389333,0.0058292372432356965,0.29201338,0.005364900297498365,0.30429336,0.005834487719176773,0.29180005,0.005356392864053983,0.30440003,0.005862585846668988,0.29158667,0.005333759479946687,0.30405334,0.005873681113637896,0.29118672,0.005309560650506029,0.30426666,0.005878684997305206,0.29077336,0.005305055954568871,0.3041867,0.005870993534923985,0.29045337,0.005316654565317547,0.30425337,0.005877791446650349,0.29017335,0.005322275853235803,0.30401337,0.005865867740469655,0.28960004,0.0053309236687985595,0.30425337,0.005864401116759066,0.29373333,0.0053081457465233295,0.30645338,0.005714650339100291,0.2876534,0.00518379120236101,0.29968002,0.005482012232631617,5.267562,0.01717399371420303,5.088422,0.013694357846315341,0.24786566,0.0008454257944739973,0.24545322,0.0009369724834287219,,,,,,,,
