,shots,val_acc,val_conf,test_acc,test_conf,val_acc_me1,val_conf_me1,test_acc_me1,test_conf_me1,val_acc_me2,val_conf_me2,test_acc_me2,test_conf_me2,val_acc_me3,val_conf_me3,test_acc_me3,test_conf_me3,val_acc_me4,val_conf_me4,test_acc_me4,test_conf_me4,val_acc_me5,val_conf_me5,test_acc_me5,test_conf_me5,val_acc_me6,val_conf_me6,test_acc_me6,test_conf_me6,val_acc_me7,val_conf_me7,test_acc_me7,test_conf_me7,val_acc_me8,val_conf_me8,test_acc_me8,test_conf_me8,val_acc_me9,val_conf_me9,test_acc_me9,test_conf_me9,val_acc_med,val_conf_med,test_acc_med,test_conf_med,val_acc_maj,val_conf_maj,test_acc_maj,test_conf_maj,val_acc_lin,val_conf_lin,test_acc_lin,test_conf_lin,val_nld,val_conf_nld,test_nld,test_conf_nld,val_mse,val_conf_mse,test_mse,test_conf_mse,val_svm,val_conf_svm,test_svm,test_conf_svm,val_mvm,val_conf_mvm,test_mvm,test_conf_mvm
0,5,0.28077334,0.004895551155994604,0.31185335,0.005997381772669785,0.28046668,0.004884167274473106,0.31249335,0.006022085793023324,0.28044,0.004888233738073566,0.3127867,0.006076458465818613,0.2806,0.0048835512555720495,0.31348005,0.0060928365335584656,0.28050664,0.004889397893732994,0.31346667,0.006080933145842293,0.28045338,0.004885082067159041,0.3132667,0.006093403141648135,0.27985337,0.004864891516625058,0.31301337,0.006093484415506167,0.2796667,0.004882949551952731,0.3130934,0.006118018037827855,0.27933335,0.004876303566926865,0.31302667,0.006111298629259798,0.27905333,0.004897877620180291,0.31306672,0.006144549796420207,0.27873334,0.004893689707576088,0.31296003,0.0061618597428275135,0.28192002,0.004890985042880658,0.31390667,0.005935999229620681,0.27673337,0.004723881372969141,0.30508003,0.005541385556611267,5.7146473,0.02015556398527707,5.489244,0.017358902823986,0.2501407,0.0008080443221741285,0.24495225,0.000977654205414763,,,,,,,,
