,shots,val_acc,val_conf,test_acc,test_conf,val_acc_me1,val_conf_me1,test_acc_me1,test_conf_me1,val_acc_me2,val_conf_me2,test_acc_me2,test_conf_me2,val_acc_me3,val_conf_me3,test_acc_me3,test_conf_me3,val_acc_me4,val_conf_me4,test_acc_me4,test_conf_me4,val_acc_me5,val_conf_me5,test_acc_me5,test_conf_me5,val_acc_me6,val_conf_me6,test_acc_me6,test_conf_me6,val_acc_me7,val_conf_me7,test_acc_me7,test_conf_me7,val_acc_me8,val_conf_me8,test_acc_me8,test_conf_me8,val_acc_me9,val_conf_me9,test_acc_me9,test_conf_me9,val_acc_med,val_conf_med,test_acc_med,test_conf_med,val_acc_maj,val_conf_maj,test_acc_maj,test_conf_maj,val_acc_lin,val_conf_lin,test_acc_lin,test_conf_lin,val_nld,val_conf_nld,test_nld,test_conf_nld,val_mse,val_conf_mse,test_mse,test_conf_mse,val_svm,val_conf_svm,test_svm,test_conf_svm,val_mvm,val_conf_mvm,test_mvm,test_conf_mvm
0,5,0.68392,0.006617532710587071,0.7360401,0.005999439940767348,0.6842268,0.006615618618874164,0.7363868,0.005987393400233021,0.6848401,0.006638143945693065,0.7366268,0.005984163226160244,0.68496007,0.006646602891892561,0.7367201,0.00601569471237029,0.68516004,0.006668556992788788,0.7372534,0.006014676480228687,0.6855334,0.006667713776511874,0.7374934,0.006026093148363443,0.68590677,0.006697378734687343,0.73765343,0.006045594256454123,0.68596005,0.006698013686703086,0.73809344,0.0060624488845433255,0.68590677,0.00671491218420428,0.7382802,0.006081352906847637,0.6858268,0.006700913685727783,0.73833346,0.006093089129014961,0.6856134,0.006716082804829604,0.73832005,0.006096327615186858,0.68378675,0.0065769017847623346,0.7364934,0.00591561934794016,0.6677334,0.006505746522070255,0.7204268,0.0059698082309883604,4.4950604,0.00988882581415318,4.5762734,0.011278239359580944,0.17681305,0.0012519754109211745,0.1674616,0.0011664822390387297,,,,,,,,
