,shots,val_acc,val_conf,test_acc,test_conf,val_acc_me1,val_conf_me1,test_acc_me1,test_conf_me1,val_acc_me2,val_conf_me2,test_acc_me2,test_conf_me2,val_acc_me3,val_conf_me3,test_acc_me3,test_conf_me3,val_acc_me4,val_conf_me4,test_acc_me4,test_conf_me4,val_acc_me5,val_conf_me5,test_acc_me5,test_conf_me5,val_acc_me6,val_conf_me6,test_acc_me6,test_conf_me6,val_acc_me7,val_conf_me7,test_acc_me7,test_conf_me7,val_acc_me8,val_conf_me8,test_acc_me8,test_conf_me8,val_acc_me9,val_conf_me9,test_acc_me9,test_conf_me9,val_acc_med,val_conf_med,test_acc_med,test_conf_med,val_acc_maj,val_conf_maj,test_acc_maj,test_conf_maj,val_acc_lin,val_conf_lin,test_acc_lin,test_conf_lin,val_nld,val_conf_nld,test_nld,test_conf_nld,val_mse,val_conf_mse,test_mse,test_conf_mse,val_svm,val_conf_svm,test_svm,test_conf_svm,val_mvm,val_conf_mvm,test_mvm,test_conf_mvm
0,5,0.5106934,0.006906723568735673,0.5372534,0.006897748348824395,0.5143867,0.006931767461586302,0.54052,0.006879434947340557,0.51758665,0.006987581821794819,0.54381335,0.006881210042284924,0.52204,0.007075148400623288,0.54762673,0.006898504288060603,0.52476,0.007158808754650803,0.54920006,0.006957957500548395,0.52717334,0.007262761713318189,0.55161333,0.007022475552097007,0.5286133,0.007317810436841543,0.5539333,0.007010716702548714,0.52949333,0.007387743359180354,0.5557467,0.0070128256668076094,0.52972,0.007447945122371791,0.5566801,0.007034324449385676,0.5292667,0.007514304765657731,0.5563201,0.007067038562586503,0.5285734,0.007555294497094356,0.5561866,0.007124187938269522,0.51516,0.0067789716849516735,0.5432667,0.006810197932411,0.52109337,0.006715447852813861,0.53866667,0.006688760935038118,10.01583,0.017983047263744112,10.213813,0.017657403233142688,0.20388028,0.001182489263909764,0.19836633,0.0012821289358113108,,,,,,,,
