,shots,val_acc,val_conf,test_acc,test_conf,val_acc_me1,val_conf_me1,test_acc_me1,test_conf_me1,val_acc_me2,val_conf_me2,test_acc_me2,test_conf_me2,val_acc_me3,val_conf_me3,test_acc_me3,test_conf_me3,val_acc_me4,val_conf_me4,test_acc_me4,test_conf_me4,val_acc_me5,val_conf_me5,test_acc_me5,test_conf_me5,val_acc_me6,val_conf_me6,test_acc_me6,test_conf_me6,val_acc_me7,val_conf_me7,test_acc_me7,test_conf_me7,val_acc_me8,val_conf_me8,test_acc_me8,test_conf_me8,val_acc_me9,val_conf_me9,test_acc_me9,test_conf_me9,val_acc_med,val_conf_med,test_acc_med,test_conf_med,val_acc_maj,val_conf_maj,test_acc_maj,test_conf_maj,val_acc_lin,val_conf_lin,test_acc_lin,test_conf_lin,val_nld,val_conf_nld,test_nld,test_conf_nld,val_mse,val_conf_mse,test_mse,test_conf_mse,val_svm,val_conf_svm,test_svm,test_conf_svm,val_mvm,val_conf_mvm,test_mvm,test_conf_mvm
0,5,0.34280005,0.006698764084539899,0.38045338,0.007072986331286724,0.3431067,0.006723405302366814,0.3807467,0.007091037901648445,0.34346667,0.006732178722982873,0.38046667,0.007089490927646436,0.34357336,0.006783454677074474,0.38049337,0.007109512465498458,0.34376,0.006820454139152499,0.38057336,0.007105930874346411,0.34405336,0.006797921423801145,0.38032004,0.007120311729382212,0.34409338,0.006802252027440114,0.3798267,0.007154141510997636,0.34413335,0.00682162845404416,0.3801467,0.007168844228982507,0.34390667,0.006834555615301385,0.3801067,0.00717694760205323,0.34393334,0.006866629235087074,0.37982672,0.0071780858978487405,0.34385338,0.0068842033215329446,0.37962672,0.007193943535827307,0.3440267,0.006604050024039021,0.3823734,0.0070105389159843545,0.33893335,0.0063852626453959616,0.37429336,0.006727628772283889,4.4829297,0.01016451689977238,4.5306554,0.011300815020778288,0.23822485,0.0010896685148739926,0.2323215,0.0011046757789347772,,,,,,,,
