,shots,val_acc,val_conf,test_acc,test_conf,val_acc_me1,val_conf_me1,test_acc_me1,test_conf_me1,val_acc_me2,val_conf_me2,test_acc_me2,test_conf_me2,val_acc_me3,val_conf_me3,test_acc_me3,test_conf_me3,val_acc_me4,val_conf_me4,test_acc_me4,test_conf_me4,val_acc_me5,val_conf_me5,test_acc_me5,test_conf_me5,val_acc_me6,val_conf_me6,test_acc_me6,test_conf_me6,val_acc_me7,val_conf_me7,test_acc_me7,test_conf_me7,val_acc_me8,val_conf_me8,test_acc_me8,test_conf_me8,val_acc_me9,val_conf_me9,test_acc_me9,test_conf_me9,val_acc_med,val_conf_med,test_acc_med,test_conf_med,val_acc_maj,val_conf_maj,test_acc_maj,test_conf_maj,val_acc_lin,val_conf_lin,test_acc_lin,test_conf_lin,val_nld,val_conf_nld,test_nld,test_conf_nld,val_mse,val_conf_mse,test_mse,test_conf_mse,val_svm,val_conf_svm,test_svm,test_conf_svm,val_mvm,val_conf_mvm,test_mvm,test_conf_mvm
0,5,0.34424004,0.0048572974905167765,0.3952534,0.005733371957007349,0.3447067,0.004856911439691192,0.39693335,0.005715449224181934,0.34577337,0.00483795200339282,0.39801335,0.005747277637043746,0.3463467,0.004851562142127286,0.39858672,0.0057421587693386456,0.34628004,0.004872002055634761,0.39940003,0.0057967937350393295,0.34694672,0.004883102864003064,0.39982674,0.0057724406699817266,0.34672004,0.004890895456923561,0.3995334,0.005790351396441795,0.34620005,0.00488234738655019,0.40036005,0.0058046482069198935,0.34620008,0.004895072748512197,0.3998667,0.005806628333642427,0.3454267,0.004902508844737308,0.4006134,0.005800148590598853,0.34580004,0.004894862637117914,0.4007467,0.0057927762204669775,0.3456267,0.004807718128211236,0.39648005,0.005730929585217315,0.34682673,0.0046482334207053055,0.4016667,0.005630754013814521,7.269665,0.020239769243580064,7.1258273,0.01755216282267913,0.23850684,0.0008368052241249924,0.22587319,0.0011017463412257844,,,,,,,,
