,shots,val_acc,val_conf,test_acc,test_conf,val_acc_me1,val_conf_me1,test_acc_me1,test_conf_me1,val_acc_me2,val_conf_me2,test_acc_me2,test_conf_me2,val_acc_me3,val_conf_me3,test_acc_me3,test_conf_me3,val_acc_me4,val_conf_me4,test_acc_me4,test_conf_me4,val_acc_me5,val_conf_me5,test_acc_me5,test_conf_me5,val_acc_me6,val_conf_me6,test_acc_me6,test_conf_me6,val_acc_me7,val_conf_me7,test_acc_me7,test_conf_me7,val_acc_me8,val_conf_me8,test_acc_me8,test_conf_me8,val_acc_me9,val_conf_me9,test_acc_me9,test_conf_me9,val_acc_med,val_conf_med,test_acc_med,test_conf_med,val_acc_maj,val_conf_maj,test_acc_maj,test_conf_maj,val_acc_lin,val_conf_lin,test_acc_lin,test_conf_lin,val_nld,val_conf_nld,test_nld,test_conf_nld,val_mse,val_conf_mse,test_mse,test_conf_mse,val_svm,val_conf_svm,test_svm,test_conf_svm,val_mvm,val_conf_mvm,test_mvm,test_conf_mvm
0,5,0.46953338,0.008015114278745794,0.48942667,0.007680637719268024,0.47325337,0.008054472991622652,0.49240002,0.007646471297638402,0.47593337,0.008089704285505595,0.49484003,0.007608700657475764,0.47890672,0.008183520177518722,0.49673334,0.007564898204055259,0.48138672,0.008287442658489352,0.4989734,0.007588180855460203,0.4829734,0.008321197169429473,0.49978667,0.0076548993043579205,0.48348,0.008343906747778684,0.49997336,0.007667224300212494,0.4840934,0.00833849187698843,0.50034666,0.007736779945608285,0.4851467,0.008351528019100718,0.5006667,0.007830673417213108,0.48544005,0.008380312818336566,0.49944,0.007915363547964405,0.48558667,0.008415068475436771,0.49929333,0.007970658401978192,0.47341335,0.007842992871668397,0.4959867,0.0076341366043347625,0.4877067,0.007757806785669896,0.5108,0.0074911583403216575,8.862405,0.021598963690891537,9.026418,0.02355166972202305,0.21122599,0.0013724208441370789,0.2049748,0.0013659507985425146,,,,,,,,
