,shots,val_acc,val_conf,test_acc,test_conf,val_acc_me1,val_conf_me1,test_acc_me1,test_conf_me1,val_acc_me2,val_conf_me2,test_acc_me2,test_conf_me2,val_acc_me3,val_conf_me3,test_acc_me3,test_conf_me3,val_acc_me4,val_conf_me4,test_acc_me4,test_conf_me4,val_acc_me5,val_conf_me5,test_acc_me5,test_conf_me5,val_acc_me6,val_conf_me6,test_acc_me6,test_conf_me6,val_acc_me7,val_conf_me7,test_acc_me7,test_conf_me7,val_acc_me8,val_conf_me8,test_acc_me8,test_conf_me8,val_acc_me9,val_conf_me9,test_acc_me9,test_conf_me9,val_acc_med,val_conf_med,test_acc_med,test_conf_med,val_acc_maj,val_conf_maj,test_acc_maj,test_conf_maj,val_acc_lin,val_conf_lin,test_acc_lin,test_conf_lin,val_nld,val_conf_nld,test_nld,test_conf_nld,val_mse,val_conf_mse,test_mse,test_conf_mse,val_svm,val_conf_svm,test_svm,test_conf_svm,val_mvm,val_conf_mvm,test_mvm,test_conf_mvm
0,5,0.39397338,0.005843934419821117,0.42270672,0.006418215962337992,0.3943867,0.0058621582353478585,0.42320007,0.00643266423773331,0.39464003,0.005874426431858537,0.4237467,0.0064583643246308164,0.39500007,0.005895566870608104,0.4243067,0.006443562323239838,0.39513338,0.005894836329452535,0.4241867,0.006443017880747803,0.39520004,0.005903563571740211,0.42444006,0.006444169106475273,0.39536005,0.005894553718082618,0.42496005,0.006459770916514396,0.39532006,0.005880905251335555,0.42488006,0.006471846549395643,0.39566672,0.005901304066130708,0.42466667,0.0065055313310597995,0.39572003,0.0059004109772591296,0.4250267,0.00653846248240425,0.39549342,0.005905494749434637,0.4251867,0.006541223022877074,0.39512005,0.005797918177336325,0.42318672,0.006312760822647201,0.38876,0.005559952477118102,0.41476005,0.006190987185260177,5.122485,0.01543798687770348,4.9835143,0.012382000230384271,0.22995175,0.0008689686030365906,0.22435817,0.0010304849838241592,,,,,,,,
