,shots,val_acc,val_conf,test_acc,test_conf,val_acc_me1,val_conf_me1,test_acc_me1,test_conf_me1,val_acc_me2,val_conf_me2,test_acc_me2,test_conf_me2,val_acc_me3,val_conf_me3,test_acc_me3,test_conf_me3,val_acc_me4,val_conf_me4,test_acc_me4,test_conf_me4,val_acc_me5,val_conf_me5,test_acc_me5,test_conf_me5,val_acc_me6,val_conf_me6,test_acc_me6,test_conf_me6,val_acc_me7,val_conf_me7,test_acc_me7,test_conf_me7,val_acc_me8,val_conf_me8,test_acc_me8,test_conf_me8,val_acc_me9,val_conf_me9,test_acc_me9,test_conf_me9,val_acc_med,val_conf_med,test_acc_med,test_conf_med,val_acc_maj,val_conf_maj,test_acc_maj,test_conf_maj,val_acc_lin,val_conf_lin,test_acc_lin,test_conf_lin,val_nld,val_conf_nld,test_nld,test_conf_nld,val_mse,val_conf_mse,test_mse,test_conf_mse,val_svm,val_conf_svm,test_svm,test_conf_svm,val_mvm,val_conf_mvm,test_mvm,test_conf_mvm
0,5,0.47025335,0.005589522769720301,0.5107467,0.005940040295140503,0.47048005,0.00560878698298628,0.51108,0.005953322105960002,0.4708,0.0056059645635533895,0.51136005,0.005934843847843707,0.47085336,0.005608860406528471,0.51129335,0.005933720329113323,0.4708667,0.00562166565699862,0.5115734,0.00594488394000825,0.47092003,0.0056184701166721585,0.51209337,0.005944928732986798,0.47097337,0.005640899854351122,0.51206666,0.005943526758936057,0.47137335,0.005631786561237917,0.5123334,0.0059478615186245865,0.47138673,0.005622936946379997,0.5127467,0.005956801643006271,0.4711467,0.00564540870633784,0.51256,0.005931879199159273,0.47082672,0.0056585649121039805,0.51257336,0.005908214191195138,0.46988,0.005601512972693901,0.51022667,0.005999092679737639,0.4633734,0.0055509472412934024,0.50176,0.005788155155142305,5.0777583,0.013639680858335446,4.930174,0.011454574077343516,0.21720414,0.0008686126258473925,0.20820755,0.0009507773215404192,,,,,,,,
