,shots,val_acc,val_conf,test_acc,test_conf,val_acc_me1,val_conf_me1,test_acc_me1,test_conf_me1,val_acc_me2,val_conf_me2,test_acc_me2,test_conf_me2,val_acc_me3,val_conf_me3,test_acc_me3,test_conf_me3,val_acc_me4,val_conf_me4,test_acc_me4,test_conf_me4,val_acc_me5,val_conf_me5,test_acc_me5,test_conf_me5,val_acc_me6,val_conf_me6,test_acc_me6,test_conf_me6,val_acc_me7,val_conf_me7,test_acc_me7,test_conf_me7,val_acc_me8,val_conf_me8,test_acc_me8,test_conf_me8,val_acc_me9,val_conf_me9,test_acc_me9,test_conf_me9,val_acc_med,val_conf_med,test_acc_med,test_conf_med,val_acc_maj,val_conf_maj,test_acc_maj,test_conf_maj,val_acc_lin,val_conf_lin,test_acc_lin,test_conf_lin,val_nld,val_conf_nld,test_nld,test_conf_nld,val_mse,val_conf_mse,test_mse,test_conf_mse,val_svm,val_conf_svm,test_svm,test_conf_svm,val_mvm,val_conf_mvm,test_mvm,test_conf_mvm
0,5,0.30988005,0.00709672614814294,0.34205338,0.007968989517189162,0.3120267,0.007146903058018184,0.34364003,0.008046980096053646,0.3142267,0.007177689687790922,0.34408003,0.008080080721863336,0.31581336,0.007231957073997375,0.3440267,0.008114207430130527,0.3165867,0.007255034693624096,0.34333336,0.00810336198791839,0.31665334,0.007254447767069905,0.34325334,0.00812185640844959,0.31686667,0.007281244127484043,0.34292,0.00812554143905736,0.31746668,0.007312166521542318,0.34197336,0.008143695987091415,0.31785333,0.007425586037535292,0.3407067,0.008175160052941999,0.31876,0.007453211760727829,0.33988002,0.008173266741476892,0.31820002,0.007509608891440922,0.33912006,0.008198725777500082,0.3165334,0.007108347386272473,0.34620002,0.007948955511188516,0.32733336,0.007164915376800751,0.3524667,0.007926305041099702,9.242129,0.0230609954284553,9.34538,0.020638456306938835,0.24362186,0.0013148570179565,0.2384176,0.0014169462192889504,,,,,,,,
