,shots,val_acc,val_conf,test_acc,test_conf,val_acc_me1,val_conf_me1,test_acc_me1,test_conf_me1,val_acc_me2,val_conf_me2,test_acc_me2,test_conf_me2,val_acc_me3,val_conf_me3,test_acc_me3,test_conf_me3,val_acc_me4,val_conf_me4,test_acc_me4,test_conf_me4,val_acc_me5,val_conf_me5,test_acc_me5,test_conf_me5,val_acc_me6,val_conf_me6,test_acc_me6,test_conf_me6,val_acc_me7,val_conf_me7,test_acc_me7,test_conf_me7,val_acc_me8,val_conf_me8,test_acc_me8,test_conf_me8,val_acc_me9,val_conf_me9,test_acc_me9,test_conf_me9,val_acc_med,val_conf_med,test_acc_med,test_conf_med,val_acc_maj,val_conf_maj,test_acc_maj,test_conf_maj,val_acc_lin,val_conf_lin,test_acc_lin,test_conf_lin,val_nld,val_conf_nld,test_nld,test_conf_nld,val_mse,val_conf_mse,test_mse,test_conf_mse,val_svm,val_conf_svm,test_svm,test_conf_svm,val_mvm,val_conf_mvm,test_mvm,test_conf_mvm
0,5,0.6308267,0.006811838186636332,0.70362675,0.006351040809772224,0.63104004,0.00680097889092568,0.70385337,0.006342017564399449,0.6315734,0.0067906257096944644,0.7040134,0.006342067898777448,0.6318267,0.006795589879999286,0.7043468,0.006346610460943869,0.6318401,0.006777469503928213,0.7046801,0.006385005432106627,0.63209337,0.006792073862073589,0.70453346,0.006390549140433133,0.6321467,0.006777400236435693,0.7046134,0.006412541569342012,0.63209337,0.006790262286249793,0.7048667,0.006412567429205929,0.6321734,0.006791122126724947,0.7048667,0.006423963778876107,0.6321067,0.006799627713036216,0.7045868,0.00644006015881271,0.63216,0.006808003076461233,0.7048135,0.006442714027346863,0.62952,0.006725564601003597,0.7030001,0.006282937011022005,0.6170534,0.006647196283412704,0.69058675,0.006402367560025102,4.20974,0.007750984399429228,4.27355,0.00922802686442914,0.18993358,0.0011378132319614098,0.17755975,0.0011270126981736406,,,,,,,,
