,shots,val_acc,val_conf,test_acc,test_conf,val_acc_me1,val_conf_me1,test_acc_me1,test_conf_me1,val_acc_me2,val_conf_me2,test_acc_me2,test_conf_me2,val_acc_me3,val_conf_me3,test_acc_me3,test_conf_me3,val_acc_me4,val_conf_me4,test_acc_me4,test_conf_me4,val_acc_me5,val_conf_me5,test_acc_me5,test_conf_me5,val_acc_me6,val_conf_me6,test_acc_me6,test_conf_me6,val_acc_me7,val_conf_me7,test_acc_me7,test_conf_me7,val_acc_me8,val_conf_me8,test_acc_me8,test_conf_me8,val_acc_me9,val_conf_me9,test_acc_me9,test_conf_me9,val_acc_med,val_conf_med,test_acc_med,test_conf_med,val_acc_maj,val_conf_maj,test_acc_maj,test_conf_maj,val_acc_lin,val_conf_lin,test_acc_lin,test_conf_lin,val_nld,val_conf_nld,test_nld,test_conf_nld,val_mse,val_conf_mse,test_mse,test_conf_mse,val_svm,val_conf_svm,test_svm,test_conf_svm,val_mvm,val_conf_mvm,test_mvm,test_conf_mvm
0,5,0.3657867,0.007257445664150763,0.38132003,0.007442098484210846,0.36600006,0.007252350809176467,0.3810534,0.0074755306704186175,0.36625335,0.007284588362028055,0.38102672,0.007498371857003805,0.3665067,0.007310855518798509,0.3805467,0.007500935216014248,0.36624005,0.007327626564113232,0.38020003,0.007519388537833238,0.36646667,0.007336148312839408,0.37992004,0.007553050692116481,0.36640003,0.007384158997328583,0.3795867,0.007566482582503309,0.36585334,0.007378077773259273,0.37941337,0.0075915135454220906,0.3657467,0.007366902617782223,0.37916005,0.007605276996206944,0.36537334,0.007378926069152303,0.3790267,0.007631686382228942,0.3649734,0.007393886000426453,0.3787734,0.007645239259836234,0.3685467,0.007149663598491007,0.38328004,0.007335389141120197,0.35900003,0.006979316824574644,0.37436005,0.007015547417484502,4.7187586,0.01284383892855434,4.6923475,0.014774998151645846,0.23465359,0.0011797095594306695,0.23155613,0.0011768773271029764,,,,,,,,
