,shots,val_acc,val_conf,test_acc,test_conf,val_acc_me1,val_conf_me1,test_acc_me1,test_conf_me1,val_acc_me2,val_conf_me2,test_acc_me2,test_conf_me2,val_acc_me3,val_conf_me3,test_acc_me3,test_conf_me3,val_acc_me4,val_conf_me4,test_acc_me4,test_conf_me4,val_acc_me5,val_conf_me5,test_acc_me5,test_conf_me5,val_acc_me6,val_conf_me6,test_acc_me6,test_conf_me6,val_acc_me7,val_conf_me7,test_acc_me7,test_conf_me7,val_acc_me8,val_conf_me8,test_acc_me8,test_conf_me8,val_acc_me9,val_conf_me9,test_acc_me9,test_conf_me9,val_acc_med,val_conf_med,test_acc_med,test_conf_med,val_acc_maj,val_conf_maj,test_acc_maj,test_conf_maj,val_acc_lin,val_conf_lin,test_acc_lin,test_conf_lin,val_nld,val_conf_nld,test_nld,test_conf_nld,val_mse,val_conf_mse,test_mse,test_conf_mse,val_svm,val_conf_svm,test_svm,test_conf_svm,val_mvm,val_conf_mvm,test_mvm,test_conf_mvm
0,5,0.3027734,0.006420981582426932,0.33084002,0.007512942504969422,0.30401337,0.0064917457146773105,0.33152002,0.007519103617546874,0.30389336,0.006576454778543239,0.33224005,0.007519911738294194,0.30450666,0.006630133391062443,0.33238673,0.0075913288321083905,0.30504003,0.006759475194693776,0.33209336,0.007613556308708913,0.30546668,0.00687115378770542,0.33166668,0.007636642702217977,0.30557337,0.0069577303031725934,0.33117336,0.007663824651674422,0.30685335,0.007065296716038616,0.33000004,0.007662029238265589,0.30740002,0.0071345332691849506,0.32981336,0.007665008664015094,0.30669335,0.007216276760799889,0.3283867,0.00767040506347394,0.30629337,0.007292475620521766,0.32665336,0.0077043147335975615,0.30565336,0.006460226234832611,0.33384,0.007409157173634162,0.3186,0.006855320162457601,0.34614667,0.007768090699408481,9.46561,0.024569212882971314,9.614529,0.022170699422161988,0.24468753,0.0011764021521035728,0.23898207,0.0013524871605548883,,,,,,,,
