,shots,val_acc,val_conf,test_acc,test_conf,val_acc_me1,val_conf_me1,test_acc_me1,test_conf_me1,val_acc_me2,val_conf_me2,test_acc_me2,test_conf_me2,val_acc_me3,val_conf_me3,test_acc_me3,test_conf_me3,val_acc_me4,val_conf_me4,test_acc_me4,test_conf_me4,val_acc_me5,val_conf_me5,test_acc_me5,test_conf_me5,val_acc_me6,val_conf_me6,test_acc_me6,test_conf_me6,val_acc_me7,val_conf_me7,test_acc_me7,test_conf_me7,val_acc_me8,val_conf_me8,test_acc_me8,test_conf_me8,val_acc_me9,val_conf_me9,test_acc_me9,test_conf_me9,val_acc_med,val_conf_med,test_acc_med,test_conf_med,val_acc_maj,val_conf_maj,test_acc_maj,test_conf_maj,val_acc_lin,val_conf_lin,test_acc_lin,test_conf_lin,val_nld,val_conf_nld,test_nld,test_conf_nld,val_mse,val_conf_mse,test_mse,test_conf_mse,val_svm,val_conf_svm,test_svm,test_conf_svm,val_mvm,val_conf_mvm,test_mvm,test_conf_mvm
0,5,0.27745336,0.0050350110931655645,0.3020667,0.005893224244007511,0.27756,0.005034399692097291,0.3021867,0.00591077939733875,0.27770665,0.005075303070059767,0.30205333,0.005880352034961067,0.2775467,0.005081073052195517,0.30268002,0.005874147514754902,0.27756,0.005079280871269631,0.30237335,0.005892200008683179,0.27776,0.0050830661088500095,0.30164,0.005881548515450419,0.27778667,0.005067621305127501,0.30114666,0.005882114199973532,0.27809337,0.0050913149436552785,0.30096003,0.005888630885679813,0.27785337,0.005070091845697844,0.3009067,0.005895856870510585,0.27773333,0.0050707669728592975,0.30065337,0.0058905338945938746,0.27746668,0.005071225523660461,0.30073333,0.005892006059703858,0.27981335,0.004990093433113796,0.30297336,0.00579014451753046,0.2754,0.004739267991997864,0.2982134,0.005578223394539783,5.301342,0.01623756555782041,5.138303,0.013945673239495804,0.2506004,0.0008372814958597097,0.24686216,0.001005588977070232,,,,,,,,
