,shots,val_acc,val_conf,test_acc,test_conf,val_acc_me1,val_conf_me1,test_acc_me1,test_conf_me1,val_acc_me2,val_conf_me2,test_acc_me2,test_conf_me2,val_acc_me3,val_conf_me3,test_acc_me3,test_conf_me3,val_acc_me4,val_conf_me4,test_acc_me4,test_conf_me4,val_acc_me5,val_conf_me5,test_acc_me5,test_conf_me5,val_acc_me6,val_conf_me6,test_acc_me6,test_conf_me6,val_acc_me7,val_conf_me7,test_acc_me7,test_conf_me7,val_acc_me8,val_conf_me8,test_acc_me8,test_conf_me8,val_acc_me9,val_conf_me9,test_acc_me9,test_conf_me9,val_acc_med,val_conf_med,test_acc_med,test_conf_med,val_acc_maj,val_conf_maj,test_acc_maj,test_conf_maj,val_acc_lin,val_conf_lin,test_acc_lin,test_conf_lin,val_nld,val_conf_nld,test_nld,test_conf_nld,val_mse,val_conf_mse,test_mse,test_conf_mse,val_svm,val_conf_svm,test_svm,test_conf_svm,val_mvm,val_conf_mvm,test_mvm,test_conf_mvm
0,5,0.62780005,0.005629442549287433,0.61534667,0.005309117338553215,0.62809336,0.005617515610623736,0.61585337,0.005309315443582152,0.6282,0.005652951474501511,0.61645335,0.005307252657651751,0.62830675,0.005662744050825785,0.61678666,0.0053130895983637405,0.62790674,0.005667600163842157,0.61745346,0.00532334719045513,0.6277467,0.005675199269566611,0.6175201,0.005319742971922059,0.6276667,0.005665731326891077,0.6173734,0.005318957940338986,0.62741345,0.005677272214729245,0.61750674,0.005337807472215794,0.62686676,0.005690015586239383,0.6169467,0.005340145942766883,0.6261733,0.005691148802418722,0.6164,0.005362726683579733,0.62514675,0.005699152892083337,0.61535996,0.005387641277110888,0.62644005,0.0056190459604275045,0.61358666,0.005248930814210184,0.62154675,0.00567520481096595,0.61026675,0.005207380477866619,8.45243,0.022654120023901214,8.504107,0.024734124929414847,0.17407861,0.0012712602889891067,0.17447622,0.0012349451897382402,,,,,,,,
