,shots,val_acc,val_conf,test_acc,test_conf,val_acc_me1,val_conf_me1,test_acc_me1,test_conf_me1,val_acc_me2,val_conf_me2,test_acc_me2,test_conf_me2,val_acc_me3,val_conf_me3,test_acc_me3,test_conf_me3,val_acc_me4,val_conf_me4,test_acc_me4,test_conf_me4,val_acc_me5,val_conf_me5,test_acc_me5,test_conf_me5,val_acc_me6,val_conf_me6,test_acc_me6,test_conf_me6,val_acc_me7,val_conf_me7,test_acc_me7,test_conf_me7,val_acc_me8,val_conf_me8,test_acc_me8,test_conf_me8,val_acc_me9,val_conf_me9,test_acc_me9,test_conf_me9,val_acc_med,val_conf_med,test_acc_med,test_conf_med,val_acc_maj,val_conf_maj,test_acc_maj,test_conf_maj,val_acc_lin,val_conf_lin,test_acc_lin,test_conf_lin,val_nld,val_conf_nld,test_nld,test_conf_nld,val_mse,val_conf_mse,test_mse,test_conf_mse,val_svm,val_conf_svm,test_svm,test_conf_svm,val_mvm,val_conf_mvm,test_mvm,test_conf_mvm
0,5,0.37437335,0.006336487709571459,0.43673337,0.007261557382513051,0.37448004,0.006348703724571025,0.43736005,0.007271332872855751,0.37372002,0.006345556671489394,0.43877336,0.007316729402173261,0.37412003,0.006376365928642991,0.4391467,0.0073402531044524655,0.37396002,0.006411715439046672,0.43909335,0.007363567618903943,0.37325335,0.006424027043186065,0.43932003,0.007390765730775295,0.3729467,0.006416371138117716,0.43924,0.0073960065092674165,0.37266672,0.006402150521881533,0.43896002,0.007395459296075657,0.37213337,0.006432425495775385,0.4385867,0.007412302841365959,0.37161338,0.006453881332508071,0.43816003,0.007420515657075022,0.37088004,0.006451327209163249,0.4380934,0.007430255590104906,0.37392005,0.006295800446185995,0.43806672,0.007087813268975063,0.3833067,0.0062484122455638835,0.43980002,0.006987021216887823,6.5383596,0.019021154557902875,6.4580274,0.01757242956745575,0.23065713,0.0012571537332241034,0.2191286,0.0014488844211265894,,,,,,,,
