,shots,val_acc,val_conf,test_acc,test_conf,val_acc_me1,val_conf_me1,test_acc_me1,test_conf_me1,val_acc_me2,val_conf_me2,test_acc_me2,test_conf_me2,val_acc_me3,val_conf_me3,test_acc_me3,test_conf_me3,val_acc_me4,val_conf_me4,test_acc_me4,test_conf_me4,val_acc_me5,val_conf_me5,test_acc_me5,test_conf_me5,val_acc_me6,val_conf_me6,test_acc_me6,test_conf_me6,val_acc_me7,val_conf_me7,test_acc_me7,test_conf_me7,val_acc_me8,val_conf_me8,test_acc_me8,test_conf_me8,val_acc_me9,val_conf_me9,test_acc_me9,test_conf_me9,val_acc_med,val_conf_med,test_acc_med,test_conf_med,val_acc_maj,val_conf_maj,test_acc_maj,test_conf_maj,val_acc_lin,val_conf_lin,test_acc_lin,test_conf_lin,val_nld,val_conf_nld,test_nld,test_conf_nld,val_mse,val_conf_mse,test_mse,test_conf_mse,val_svm,val_conf_svm,test_svm,test_conf_svm,val_mvm,val_conf_mvm,test_mvm,test_conf_mvm
0,5,0.5736267,0.007912223421632003,0.6330667,0.007633160856255317,0.5734401,0.007938376979714556,0.63330674,0.0076527667891516105,0.57396,0.007956648820702905,0.6336001,0.007669702691098679,0.57401335,0.007964189741733518,0.6341734,0.007694371615922679,0.5743333,0.007954439649471401,0.63448006,0.007688175407815634,0.5744,0.007950237421585404,0.6347334,0.007715175414658049,0.57433337,0.007966462639058203,0.6348934,0.0077222310014569695,0.5746001,0.007995525431831019,0.63516,0.007730765218331825,0.57476,0.007992513681251645,0.6351201,0.007741670230587694,0.57481337,0.007999230780903255,0.6349467,0.007754080194566582,0.5747867,0.008003350811364718,0.63501334,0.007779551236955173,0.57236004,0.007812939091967674,0.6300534,0.007556105388541345,0.5467733,0.007551600692604188,0.60258675,0.007479215239243109,22.516514,0.023820588293997247,22.62162,0.02295447495473013,0.19486862,0.0015912030277182299,0.18275946,0.001606444531349921,,,,,,,,
