,shots,val_acc,val_conf,test_acc,test_conf,val_acc_me1,val_conf_me1,test_acc_me1,test_conf_me1,val_acc_me2,val_conf_me2,test_acc_me2,test_conf_me2,val_acc_me3,val_conf_me3,test_acc_me3,test_conf_me3,val_acc_me4,val_conf_me4,test_acc_me4,test_conf_me4,val_acc_me5,val_conf_me5,test_acc_me5,test_conf_me5,val_acc_me6,val_conf_me6,test_acc_me6,test_conf_me6,val_acc_me7,val_conf_me7,test_acc_me7,test_conf_me7,val_acc_me8,val_conf_me8,test_acc_me8,test_conf_me8,val_acc_me9,val_conf_me9,test_acc_me9,test_conf_me9,val_acc_med,val_conf_med,test_acc_med,test_conf_med,val_acc_maj,val_conf_maj,test_acc_maj,test_conf_maj,val_acc_lin,val_conf_lin,test_acc_lin,test_conf_lin,val_nld,val_conf_nld,test_nld,test_conf_nld,val_mse,val_conf_mse,test_mse,test_conf_mse,val_svm,val_conf_svm,test_svm,test_conf_svm,val_mvm,val_conf_mvm,test_mvm,test_conf_mvm
0,5,0.29573333,0.005447622769675753,0.31576005,0.006180451137848431,0.29534668,0.005449291192681505,0.31588003,0.006166424008808291,0.29525337,0.005457756603847008,0.3157867,0.0061824012486574875,0.29509336,0.005476843954115129,0.3156267,0.006182969242097047,0.29477334,0.0054739573468057245,0.31545338,0.006181658701136572,0.29481336,0.005510324165784453,0.31514668,0.006163206764667473,0.29464,0.005506087304152141,0.3152667,0.006189630465971263,0.29472002,0.0055089909974430085,0.31516004,0.006190196612277654,0.2946534,0.00553906324847514,0.31480002,0.006199833567635149,0.29446667,0.005548347401403475,0.31508002,0.006201759203930179,0.29444,0.005566696360200185,0.3150267,0.006222724626815002,0.2967867,0.005417315470952033,0.31704003,0.006183317426693313,0.29158667,0.005215430745859617,0.31152,0.005786437783108389,5.2528214,0.01623389715141066,5.1115074,0.013889674627757032,0.24758172,0.0008778452899395606,0.24366935,0.0009872711886451668,,,,,,,,
