,shots,val_acc,val_conf,test_acc,test_conf,val_acc_me1,val_conf_me1,test_acc_me1,test_conf_me1,val_acc_me2,val_conf_me2,test_acc_me2,test_conf_me2,val_acc_me3,val_conf_me3,test_acc_me3,test_conf_me3,val_acc_me4,val_conf_me4,test_acc_me4,test_conf_me4,val_acc_me5,val_conf_me5,test_acc_me5,test_conf_me5,val_acc_me6,val_conf_me6,test_acc_me6,test_conf_me6,val_acc_me7,val_conf_me7,test_acc_me7,test_conf_me7,val_acc_me8,val_conf_me8,test_acc_me8,test_conf_me8,val_acc_me9,val_conf_me9,test_acc_me9,test_conf_me9,val_acc_med,val_conf_med,test_acc_med,test_conf_med,val_acc_maj,val_conf_maj,test_acc_maj,test_conf_maj,val_acc_lin,val_conf_lin,test_acc_lin,test_conf_lin,val_nld,val_conf_nld,test_nld,test_conf_nld,val_mse,val_conf_mse,test_mse,test_conf_mse,val_svm,val_conf_svm,test_svm,test_conf_svm,val_mvm,val_conf_mvm,test_mvm,test_conf_mvm
0,5,0.32048002,0.005493427977199761,0.3971867,0.006825364280813151,0.32152003,0.005484105496258773,0.39834672,0.006856449222587435,0.32169336,0.005515544164028774,0.39838672,0.006889061743465763,0.32161334,0.005495645922313608,0.39809337,0.006954648361533977,0.32104003,0.005504939772690953,0.39824006,0.0069656498864961724,0.3211067,0.0055607984640947405,0.39738673,0.006983048495294075,0.32113338,0.005560285884649296,0.39692006,0.007046201515454653,0.32109335,0.005587360238600514,0.3966267,0.007041609080693567,0.32068002,0.005616837712762612,0.39597335,0.007068633562050064,0.32012004,0.005618694081564957,0.39520004,0.007114979979583103,0.31966668,0.005672182901154343,0.3946134,0.007113365123438353,0.3223467,0.005561100008579289,0.39761338,0.006851578794289215,0.3268534,0.005514858415851753,0.39829338,0.006592074136347215,7.97324,0.020138130742732407,8.039979,0.019863897968726008,0.24281035,0.0010936362722974435,0.22719191,0.001308090969276754,,,,,,,,
