,shots,val_acc,val_conf,test_acc,test_conf,val_acc_me1,val_conf_me1,test_acc_me1,test_conf_me1,val_acc_me2,val_conf_me2,test_acc_me2,test_conf_me2,val_acc_me3,val_conf_me3,test_acc_me3,test_conf_me3,val_acc_me4,val_conf_me4,test_acc_me4,test_conf_me4,val_acc_me5,val_conf_me5,test_acc_me5,test_conf_me5,val_acc_me6,val_conf_me6,test_acc_me6,test_conf_me6,val_acc_me7,val_conf_me7,test_acc_me7,test_conf_me7,val_acc_me8,val_conf_me8,test_acc_me8,test_conf_me8,val_acc_me9,val_conf_me9,test_acc_me9,test_conf_me9,val_acc_med,val_conf_med,test_acc_med,test_conf_med,val_acc_maj,val_conf_maj,test_acc_maj,test_conf_maj,val_acc_lin,val_conf_lin,test_acc_lin,test_conf_lin,val_nld,val_conf_nld,test_nld,test_conf_nld,val_mse,val_conf_mse,test_mse,test_conf_mse,val_svm,val_conf_svm,test_svm,test_conf_svm,val_mvm,val_conf_mvm,test_mvm,test_conf_mvm
0,5,0.26525337,0.0054741092735062225,0.30552003,0.006438729761170936,0.26548004,0.005498675220657834,0.30548003,0.006476546579661957,0.26561335,0.005493680110872923,0.30492005,0.00647394812512192,0.2656,0.0055072791668085985,0.30452,0.00649762283053501,0.266,0.005519671583022745,0.30390668,0.006508821998742864,0.26560003,0.005518439083437243,0.30337337,0.006517210292099895,0.26572004,0.005479550465943672,0.30278668,0.0065541501841343,0.26529336,0.005485313521330193,0.3026667,0.006565388603921252,0.26586667,0.0054970164951010925,0.30221337,0.006528553074909127,0.26544002,0.005471534369913655,0.3018667,0.0065478934824169666,0.26501337,0.005444799888459584,0.30138665,0.006550543656684837,0.26748,0.0054945833589767346,0.30794668,0.006455598704541876,0.26878667,0.00542197024645652,0.30605334,0.0061940968338958236,7.9210386,0.016671800698395245,7.988345,0.015170728878420192,0.25868848,0.0011818337625378872,0.24995224,0.0013578317248401084,,,,,,,,
