,shots,val_acc,val_conf,test_acc,test_conf,val_acc_me1,val_conf_me1,test_acc_me1,test_conf_me1,val_acc_me2,val_conf_me2,test_acc_me2,test_conf_me2,val_acc_me3,val_conf_me3,test_acc_me3,test_conf_me3,val_acc_me4,val_conf_me4,test_acc_me4,test_conf_me4,val_acc_me5,val_conf_me5,test_acc_me5,test_conf_me5,val_acc_me6,val_conf_me6,test_acc_me6,test_conf_me6,val_acc_me7,val_conf_me7,test_acc_me7,test_conf_me7,val_acc_me8,val_conf_me8,test_acc_me8,test_conf_me8,val_acc_me9,val_conf_me9,test_acc_me9,test_conf_me9,val_acc_med,val_conf_med,test_acc_med,test_conf_med,val_acc_maj,val_conf_maj,test_acc_maj,test_conf_maj,val_acc_lin,val_conf_lin,test_acc_lin,test_conf_lin,val_nld,val_conf_nld,test_nld,test_conf_nld,val_mse,val_conf_mse,test_mse,test_conf_mse,val_svm,val_conf_svm,test_svm,test_conf_svm,val_mvm,val_conf_mvm,test_mvm,test_conf_mvm
0,5,0.7271334,0.005799022301168799,0.7249601,0.005639018549251418,0.72776014,0.005801762523177101,0.7255334,0.00564526832421941,0.7283334,0.0058031233985155195,0.7262668,0.005655208209411344,0.72920007,0.005804626503105537,0.7269335,0.005658139147916019,0.7298401,0.005792923529334693,0.7269067,0.005658747778284567,0.73062676,0.00579342133171501,0.7274801,0.005654554324280969,0.7311201,0.0057868483084480005,0.7277734,0.005667767329391005,0.73177344,0.005780398581317958,0.7284002,0.005686430762604333,0.7323068,0.005789247272609321,0.7285601,0.005689359392192506,0.7323734,0.005789822654581389,0.72898674,0.005679491545192983,0.7325868,0.0057756399045745255,0.7287068,0.005675208967015566,0.72608006,0.005699097016305998,0.7237734,0.005608098925892868,0.70862675,0.005644942305220835,0.7084135,0.005484406578960099,4.531746,0.010943030873598047,4.5069027,0.012644519409604982,0.170502,0.001077199904417958,0.17138642,0.0009819538695737262,,,,,,,,
