,shots,val_acc,val_conf,test_acc,test_conf,val_acc_me1,val_conf_me1,test_acc_me1,test_conf_me1,val_acc_me2,val_conf_me2,test_acc_me2,test_conf_me2,val_acc_me3,val_conf_me3,test_acc_me3,test_conf_me3,val_acc_me4,val_conf_me4,test_acc_me4,test_conf_me4,val_acc_me5,val_conf_me5,test_acc_me5,test_conf_me5,val_acc_me6,val_conf_me6,test_acc_me6,test_conf_me6,val_acc_me7,val_conf_me7,test_acc_me7,test_conf_me7,val_acc_me8,val_conf_me8,test_acc_me8,test_conf_me8,val_acc_me9,val_conf_me9,test_acc_me9,test_conf_me9,val_acc_med,val_conf_med,test_acc_med,test_conf_med,val_acc_maj,val_conf_maj,test_acc_maj,test_conf_maj,val_acc_lin,val_conf_lin,test_acc_lin,test_conf_lin,val_nld,val_conf_nld,test_nld,test_conf_nld,val_mse,val_conf_mse,test_mse,test_conf_mse,val_svm,val_conf_svm,test_svm,test_conf_svm,val_mvm,val_conf_mvm,test_mvm,test_conf_mvm
0,5,0.7530267,0.005680318599054934,0.8175868,0.00504956696406611,0.75286674,0.005684126464016281,0.81712013,0.005071862322809317,0.75262684,0.005698565965529201,0.81690675,0.0050762298691110486,0.7523867,0.005720342741644346,0.8163334,0.005075569980798056,0.75229347,0.005728401321736465,0.8162801,0.00507717098344429,0.75182676,0.005744090870599683,0.8159201,0.0050806846924535964,0.7515868,0.005764738586584994,0.81528014,0.005070469584424253,0.75121343,0.0057720795554535576,0.81468004,0.005082328179161877,0.7508135,0.005765772981141559,0.81408006,0.005072503739791068,0.75064015,0.005772699730404174,0.81380016,0.005074990442776373,0.7500268,0.005762108730781645,0.81328017,0.0050991929664833124,0.7544535,0.005575582455937589,0.8181201,0.005012668170743972,0.74245346,0.005528127296739238,0.81182677,0.005051663921959548,4.5046005,0.010132437738587186,4.6124496,0.011066496946721571,0.15791708,0.0012323283793126416,0.1441688,0.0010884999722733935,,,,,,,,
