,shots,val_acc,val_conf,test_acc,test_conf,val_acc_me1,val_conf_me1,test_acc_me1,test_conf_me1,val_acc_me2,val_conf_me2,test_acc_me2,test_conf_me2,val_acc_me3,val_conf_me3,test_acc_me3,test_conf_me3,val_acc_me4,val_conf_me4,test_acc_me4,test_conf_me4,val_acc_me5,val_conf_me5,test_acc_me5,test_conf_me5,val_acc_me6,val_conf_me6,test_acc_me6,test_conf_me6,val_acc_me7,val_conf_me7,test_acc_me7,test_conf_me7,val_acc_me8,val_conf_me8,test_acc_me8,test_conf_me8,val_acc_me9,val_conf_me9,test_acc_me9,test_conf_me9,val_acc_med,val_conf_med,test_acc_med,test_conf_med,val_acc_maj,val_conf_maj,test_acc_maj,test_conf_maj,val_acc_lin,val_conf_lin,test_acc_lin,test_conf_lin,val_nld,val_conf_nld,test_nld,test_conf_nld,val_mse,val_conf_mse,test_mse,test_conf_mse,val_svm,val_conf_svm,test_svm,test_conf_svm,val_mvm,val_conf_mvm,test_mvm,test_conf_mvm
0,5,0.3507867,0.006723293550812026,0.35481337,0.006896465976644228,0.3509867,0.006733936731945722,0.35520005,0.006917879329314758,0.35117334,0.006742495885117938,0.35538667,0.006943125021460661,0.35124004,0.006752099592078953,0.35541332,0.006948606389043821,0.3514667,0.0067787278633776316,0.35545337,0.006962417403506949,0.35216004,0.0067958429372390605,0.35550672,0.006978242254872369,0.3524267,0.006795295724047301,0.3553334,0.007019950982882439,0.3527067,0.006830435584839978,0.3551467,0.007012741622249852,0.3525467,0.0068330732909591685,0.3551867,0.007036154958324159,0.3524134,0.006846502410646271,0.35470673,0.007034829178515278,0.35213336,0.006842740262230085,0.35436004,0.0070496177881910205,0.35496002,0.006677156782890048,0.35734668,0.006826811971408997,0.34489337,0.0063855683459300705,0.34816003,0.006489326432051523,4.6039677,0.010843675429307531,4.586078,0.012374628322035619,0.23753911,0.0010861526123941145,0.23719685,0.001092317765575307,,,,,,,,
