,shots,val_acc,val_conf,test_acc,test_conf,val_acc_me1,val_conf_me1,test_acc_me1,test_conf_me1,val_acc_me2,val_conf_me2,test_acc_me2,test_conf_me2,val_acc_me3,val_conf_me3,test_acc_me3,test_conf_me3,val_acc_me4,val_conf_me4,test_acc_me4,test_conf_me4,val_acc_me5,val_conf_me5,test_acc_me5,test_conf_me5,val_acc_me6,val_conf_me6,test_acc_me6,test_conf_me6,val_acc_me7,val_conf_me7,test_acc_me7,test_conf_me7,val_acc_me8,val_conf_me8,test_acc_me8,test_conf_me8,val_acc_me9,val_conf_me9,test_acc_me9,test_conf_me9,val_acc_med,val_conf_med,test_acc_med,test_conf_med,val_acc_maj,val_conf_maj,test_acc_maj,test_conf_maj,val_acc_lin,val_conf_lin,test_acc_lin,test_conf_lin,val_nld,val_conf_nld,test_nld,test_conf_nld,val_mse,val_conf_mse,test_mse,test_conf_mse,val_svm,val_conf_svm,test_svm,test_conf_svm,val_mvm,val_conf_mvm,test_mvm,test_conf_mvm
0,5,0.63740003,0.006624109889903584,0.7002935,0.006288925878434437,0.6376267,0.006593042957677375,0.70097345,0.006277456567005402,0.63790673,0.006596051475773801,0.7012934,0.006275164274782696,0.6382934,0.006611540610691691,0.7017201,0.006266703481450087,0.6388667,0.006648975996189965,0.70190674,0.0062852311503778235,0.6392667,0.006652891918439763,0.7021201,0.006294858870069531,0.63922673,0.006661346246806477,0.7022268,0.006307952273309048,0.6391334,0.0066483077957777414,0.70221347,0.0063032005233149,0.6393734,0.006667406228844652,0.7026267,0.006325218350304418,0.6396267,0.0066620943357268425,0.7025067,0.006335448697182056,0.6395867,0.0066712630428340525,0.7022534,0.006330525625589445,0.6366,0.006674127946329156,0.69854677,0.006288306627050377,0.62533337,0.006479761053103106,0.68610674,0.006258891955414958,4.1880226,0.007581563039214423,4.239772,0.00856727686373393,0.18963,0.0011123091720680323,0.17916128,0.001086559443467472,,,,,,,,
