,shots,val_acc,val_conf,test_acc,test_conf,val_acc_me1,val_conf_me1,test_acc_me1,test_conf_me1,val_acc_me2,val_conf_me2,test_acc_me2,test_conf_me2,val_acc_me3,val_conf_me3,test_acc_me3,test_conf_me3,val_acc_me4,val_conf_me4,test_acc_me4,test_conf_me4,val_acc_me5,val_conf_me5,test_acc_me5,test_conf_me5,val_acc_me6,val_conf_me6,test_acc_me6,test_conf_me6,val_acc_me7,val_conf_me7,test_acc_me7,test_conf_me7,val_acc_me8,val_conf_me8,test_acc_me8,test_conf_me8,val_acc_me9,val_conf_me9,test_acc_me9,test_conf_me9,val_acc_med,val_conf_med,test_acc_med,test_conf_med,val_acc_maj,val_conf_maj,test_acc_maj,test_conf_maj,val_acc_lin,val_conf_lin,test_acc_lin,test_conf_lin,val_nld,val_conf_nld,test_nld,test_conf_nld,val_mse,val_conf_mse,test_mse,test_conf_mse,val_svm,val_conf_svm,test_svm,test_conf_svm,val_mvm,val_conf_mvm,test_mvm,test_conf_mvm
0,5,0.38370672,0.005495916989101457,0.45945337,0.006880321571246184,0.3844667,0.005496853485601749,0.46001336,0.006918254759124776,0.38413337,0.005495741511453434,0.46057338,0.006962880572141006,0.3841867,0.00549695461614097,0.46144003,0.0069589609556249266,0.3837067,0.005517889099545814,0.46152002,0.006934687779075466,0.38350672,0.005524953460227133,0.46204004,0.006923420266941593,0.38278672,0.005542093932169201,0.46249336,0.006902576754843737,0.38225338,0.005542902976483077,0.46229336,0.006908683838776963,0.3814267,0.005551351763450341,0.4612934,0.006926184501680643,0.38110667,0.005547936876063864,0.46090668,0.006937958590077287,0.37988007,0.005570489448096405,0.46072003,0.0069346914733417475,0.38512003,0.005458337989001805,0.46014673,0.0068571100344670954,0.39169338,0.005564900485008073,0.46081334,0.006824152099692171,8.374367,0.018929346499609423,8.389621,0.01788574583150293,0.22800335,0.001137296842803892,0.21159174,0.0014478484103285505,,,,,,,,
