,shots,val_acc,val_conf,test_acc,test_conf,val_acc_me1,val_conf_me1,test_acc_me1,test_conf_me1,val_acc_me2,val_conf_me2,test_acc_me2,test_conf_me2,val_acc_me3,val_conf_me3,test_acc_me3,test_conf_me3,val_acc_me4,val_conf_me4,test_acc_me4,test_conf_me4,val_acc_me5,val_conf_me5,test_acc_me5,test_conf_me5,val_acc_me6,val_conf_me6,test_acc_me6,test_conf_me6,val_acc_me7,val_conf_me7,test_acc_me7,test_conf_me7,val_acc_me8,val_conf_me8,test_acc_me8,test_conf_me8,val_acc_me9,val_conf_me9,test_acc_me9,test_conf_me9,val_acc_med,val_conf_med,test_acc_med,test_conf_med,val_acc_maj,val_conf_maj,test_acc_maj,test_conf_maj,val_acc_lin,val_conf_lin,test_acc_lin,test_conf_lin,val_nld,val_conf_nld,test_nld,test_conf_nld,val_mse,val_conf_mse,test_mse,test_conf_mse,val_svm,val_conf_svm,test_svm,test_conf_svm,val_mvm,val_conf_mvm,test_mvm,test_conf_mvm
0,5,0.49772003,0.006150285144809642,0.53256005,0.006079287812000733,0.49782667,0.006151767469151803,0.5326267,0.006078137971623154,0.4982,0.0061396618203571895,0.53285336,0.006076929946551735,0.4982,0.006143668713913919,0.53293335,0.006072000409993228,0.49804005,0.006162701111971258,0.5326267,0.006069697034971733,0.49817333,0.006184561932644161,0.53266674,0.006077311841327759,0.4979867,0.006191188060988839,0.53278667,0.006100317422762069,0.4981067,0.006184816375233715,0.5327334,0.006109592340024839,0.49801338,0.006200930764718393,0.5328533,0.00610924184651207,0.49762672,0.006212523834067563,0.53274673,0.006089143190851631,0.49789336,0.006207499631935787,0.5328134,0.006072584565847694,0.49629334,0.0061168464936358635,0.53202665,0.006142145752642714,0.48316005,0.006034378464048085,0.51746666,0.006033985948256548,23.76919,0.026877794972751445,23.444506,0.02421857529389726,0.20978922,0.0012591903129531568,0.20091105,0.0013005831811968016,,,,,,,,
