,shots,val_acc,val_conf,test_acc,test_conf,val_acc_me1,val_conf_me1,test_acc_me1,test_conf_me1,val_acc_me2,val_conf_me2,test_acc_me2,test_conf_me2,val_acc_me3,val_conf_me3,test_acc_me3,test_conf_me3,val_acc_me4,val_conf_me4,test_acc_me4,test_conf_me4,val_acc_me5,val_conf_me5,test_acc_me5,test_conf_me5,val_acc_me6,val_conf_me6,test_acc_me6,test_conf_me6,val_acc_me7,val_conf_me7,test_acc_me7,test_conf_me7,val_acc_me8,val_conf_me8,test_acc_me8,test_conf_me8,val_acc_me9,val_conf_me9,test_acc_me9,test_conf_me9,val_acc_med,val_conf_med,test_acc_med,test_conf_med,val_acc_maj,val_conf_maj,test_acc_maj,test_conf_maj,val_acc_lin,val_conf_lin,test_acc_lin,test_conf_lin,val_nld,val_conf_nld,test_nld,test_conf_nld,val_mse,val_conf_mse,test_mse,test_conf_mse,val_svm,val_conf_svm,test_svm,test_conf_svm,val_mvm,val_conf_mvm,test_mvm,test_conf_mvm
0,5,0.67970675,0.006670929173519635,0.7525735,0.00609355876261497,0.6803867,0.0066665542386853405,0.75342673,0.006089474289466379,0.6812667,0.006648164181176308,0.75416005,0.006102382055825695,0.68165344,0.006659909177226031,0.75450677,0.006106531178634023,0.6820668,0.006668339031078663,0.7547068,0.006099313967685593,0.68228006,0.006681897450085406,0.75542676,0.006094153539484948,0.6826401,0.006681541415173298,0.7557334,0.006087658095809689,0.6831334,0.006692632064309367,0.75597346,0.00607277158807773,0.68332005,0.0066894249794007266,0.75584006,0.006104202405531889,0.68353343,0.006694827382042301,0.7558135,0.0061240341504541496,0.68353343,0.006700135119110606,0.75605345,0.006117610744971191,0.6803201,0.006635475761877063,0.7531735,0.00612338950098934,0.66713345,0.0067675942683961265,0.7390668,0.006157525444922207,4.5182843,0.009585682635856685,4.6005807,0.011869631358126576,0.17666326,0.0013482029661359418,0.16283251,0.0012327817350518688,,,,,,,,
