,shots,val_acc,val_conf,test_acc,test_conf,val_acc_me1,val_conf_me1,test_acc_me1,test_conf_me1,val_acc_me2,val_conf_me2,test_acc_me2,test_conf_me2,val_acc_me3,val_conf_me3,test_acc_me3,test_conf_me3,val_acc_me4,val_conf_me4,test_acc_me4,test_conf_me4,val_acc_me5,val_conf_me5,test_acc_me5,test_conf_me5,val_acc_me6,val_conf_me6,test_acc_me6,test_conf_me6,val_acc_me7,val_conf_me7,test_acc_me7,test_conf_me7,val_acc_me8,val_conf_me8,test_acc_me8,test_conf_me8,val_acc_me9,val_conf_me9,test_acc_me9,test_conf_me9,val_acc_med,val_conf_med,test_acc_med,test_conf_med,val_acc_maj,val_conf_maj,test_acc_maj,test_conf_maj,val_acc_lin,val_conf_lin,test_acc_lin,test_conf_lin,val_nld,val_conf_nld,test_nld,test_conf_nld,val_mse,val_conf_mse,test_mse,test_conf_mse,val_svm,val_conf_svm,test_svm,test_conf_svm,val_mvm,val_conf_mvm,test_mvm,test_conf_mvm
0,5,0.5336934,0.007397786222044678,0.5906267,0.007807123393286708,0.53381336,0.007405656394556814,0.59054667,0.007828002462697436,0.5341734,0.007428713233935791,0.5907334,0.007831566506084742,0.53436,0.007431843201035848,0.5910267,0.007853362677097797,0.5349067,0.00743354487243808,0.5913733,0.007869377321393034,0.5347467,0.007454513989589184,0.59146667,0.00788109645757884,0.5345201,0.007470102407913126,0.5913067,0.007903465239864294,0.5344267,0.007502163097766856,0.59136003,0.007914925777411042,0.5348667,0.007516660322190338,0.5911334,0.007923501092998109,0.5347467,0.007531061033907327,0.5911334,0.007915042146798612,0.53508,0.007555216917502605,0.59128004,0.007915539025612373,0.5322534,0.007315836775084961,0.5890934,0.007726592544576083,0.5120134,0.007033702427301947,0.5678934,0.007675402020391964,22.327797,0.02081451580186311,22.465036,0.022802064305352587,0.20261991,0.001444608538806763,0.19112498,0.0015708767128986556,,,,,,,,
