,shots,val_acc,val_conf,test_acc,test_conf,val_acc_me1,val_conf_me1,test_acc_me1,test_conf_me1,val_acc_me2,val_conf_me2,test_acc_me2,test_conf_me2,val_acc_me3,val_conf_me3,test_acc_me3,test_conf_me3,val_acc_me4,val_conf_me4,test_acc_me4,test_conf_me4,val_acc_me5,val_conf_me5,test_acc_me5,test_conf_me5,val_acc_me6,val_conf_me6,test_acc_me6,test_conf_me6,val_acc_me7,val_conf_me7,test_acc_me7,test_conf_me7,val_acc_me8,val_conf_me8,test_acc_me8,test_conf_me8,val_acc_me9,val_conf_me9,test_acc_me9,test_conf_me9,val_acc_med,val_conf_med,test_acc_med,test_conf_med,val_acc_maj,val_conf_maj,test_acc_maj,test_conf_maj,val_acc_lin,val_conf_lin,test_acc_lin,test_conf_lin,val_nld,val_conf_nld,test_nld,test_conf_nld,val_mse,val_conf_mse,test_mse,test_conf_mse,val_svm,val_conf_svm,test_svm,test_conf_svm,val_mvm,val_conf_mvm,test_mvm,test_conf_mvm
0,5,0.42317337,0.006807155242351537,0.4798667,0.007483397610447862,0.4229467,0.0068629534401450365,0.48089337,0.0075449256152314015,0.42313337,0.006878157654776507,0.4810267,0.007586964980072941,0.42296,0.00689473290397874,0.48166668,0.007620423026144629,0.42333338,0.0069081440141177675,0.4821467,0.0076170002884423105,0.42353338,0.006905584349373606,0.48204002,0.007638353147502608,0.42382672,0.006933437269941944,0.48153332,0.0076428352160587965,0.4236534,0.006951815321085575,0.4814267,0.00765756933530698,0.4229067,0.006971040282772345,0.48146668,0.0076650797786408376,0.42240006,0.006964914727507765,0.48157337,0.007698104210208667,0.42181337,0.006976286602663917,0.48145336,0.007715004093059641,0.42354673,0.006716260591394074,0.4807734,0.0073687303560209805,0.4191067,0.006489434489340029,0.47585338,0.007369827091320946,6.5175753,0.01617916474943737,6.6204634,0.01728618119239389,0.2219896,0.0013489873050441248,0.2101671,0.0015148046776176094,,,,,,,,
