,shots,val_acc,val_conf,test_acc,test_conf,val_acc_me1,val_conf_me1,test_acc_me1,test_conf_me1,val_acc_me2,val_conf_me2,test_acc_me2,test_conf_me2,val_acc_me3,val_conf_me3,test_acc_me3,test_conf_me3,val_acc_me4,val_conf_me4,test_acc_me4,test_conf_me4,val_acc_me5,val_conf_me5,test_acc_me5,test_conf_me5,val_acc_me6,val_conf_me6,test_acc_me6,test_conf_me6,val_acc_me7,val_conf_me7,test_acc_me7,test_conf_me7,val_acc_me8,val_conf_me8,test_acc_me8,test_conf_me8,val_acc_me9,val_conf_me9,test_acc_me9,test_conf_me9,val_acc_med,val_conf_med,test_acc_med,test_conf_med,val_acc_maj,val_conf_maj,test_acc_maj,test_conf_maj,val_acc_lin,val_conf_lin,test_acc_lin,test_conf_lin,val_nld,val_conf_nld,test_nld,test_conf_nld,val_mse,val_conf_mse,test_mse,test_conf_mse,val_svm,val_conf_svm,test_svm,test_conf_svm,val_mvm,val_conf_mvm,test_mvm,test_conf_mvm
0,5,0.48,0.005703529674050745,0.51154673,0.0059675782795091115,0.48017338,0.005715671803724898,0.51177335,0.006001519812679268,0.48002666,0.005717774764801009,0.5119467,0.005986172445229698,0.48041335,0.005698015981637716,0.5118,0.006001659733014364,0.48013335,0.005685155778956674,0.51196,0.006016711559162058,0.48021337,0.00570123599647826,0.5124133,0.006037119609622943,0.48021337,0.005693797591336758,0.51269335,0.0060465367561372,0.48025337,0.005710874798968868,0.5127467,0.006052659540701999,0.48020002,0.005710762585630802,0.5130934,0.006066175937429863,0.4800667,0.005726554188599797,0.5134401,0.0060547975973077595,0.47990668,0.00575132932357908,0.51328003,0.006038407523202505,0.48180005,0.005772081864369949,0.51213336,0.005960348138628668,0.47380006,0.005676062804307991,0.5037467,0.006018622418392017,4.7091613,0.011848664549892085,4.584358,0.009612239792529564,0.21583937,0.0008440315552932509,0.20968793,0.0009280613936710758,,,,,,,,
