,shots,val_acc,val_conf,test_acc,test_conf,val_acc_me1,val_conf_me1,test_acc_me1,test_conf_me1,val_acc_me2,val_conf_me2,test_acc_me2,test_conf_me2,val_acc_me3,val_conf_me3,test_acc_me3,test_conf_me3,val_acc_me4,val_conf_me4,test_acc_me4,test_conf_me4,val_acc_me5,val_conf_me5,test_acc_me5,test_conf_me5,val_acc_me6,val_conf_me6,test_acc_me6,test_conf_me6,val_acc_me7,val_conf_me7,test_acc_me7,test_conf_me7,val_acc_me8,val_conf_me8,test_acc_me8,test_conf_me8,val_acc_me9,val_conf_me9,test_acc_me9,test_conf_me9,val_acc_med,val_conf_med,test_acc_med,test_conf_med,val_acc_maj,val_conf_maj,test_acc_maj,test_conf_maj,val_acc_lin,val_conf_lin,test_acc_lin,test_conf_lin,val_nld,val_conf_nld,test_nld,test_conf_nld,val_mse,val_conf_mse,test_mse,test_conf_mse,val_svm,val_conf_svm,test_svm,test_conf_svm,val_mvm,val_conf_mvm,test_mvm,test_conf_mvm
0,5,0.21544002,0.0035182589599927483,0.21228004,0.003121429881677462,0.21542668,0.0035338960964531596,0.21165335,0.003120703265679814,0.21640003,0.0035087312163820106,0.21202669,0.003151034346242698,0.21629336,0.0035123938505004504,0.21224003,0.0031489597848385342,0.21661335,0.0035074045130065734,0.21233335,0.003162401372674317,0.21617335,0.0035015668796196664,0.21208002,0.0031491645857250616,0.2161467,0.003470273211800906,0.2120267,0.0031870587529161665,0.21624002,0.0034576425154121404,0.21176001,0.003165934014798283,0.21581335,0.003487851685187976,0.21137336,0.0031843757920351212,0.21574669,0.0035207066422905386,0.21090668,0.0031699044274756116,0.21540003,0.0034938804968545345,0.21100003,0.0031700660516250645,0.21536002,0.003519410878395135,0.21324003,0.0031328183810318266,0.21708001,0.0033521936097956617,0.21714668,0.0031941087983156924,9.9257965,0.01901899525926609,9.833895,0.020020898743945637,0.26306975,0.0006786610157701323,0.26300812,0.0006738514274196028,,,,,,,,
