,shots,val_acc,val_conf,test_acc,test_conf,val_acc_me1,val_conf_me1,test_acc_me1,test_conf_me1,val_acc_me2,val_conf_me2,test_acc_me2,test_conf_me2,val_acc_me3,val_conf_me3,test_acc_me3,test_conf_me3,val_acc_me4,val_conf_me4,test_acc_me4,test_conf_me4,val_acc_me5,val_conf_me5,test_acc_me5,test_conf_me5,val_acc_me6,val_conf_me6,test_acc_me6,test_conf_me6,val_acc_me7,val_conf_me7,test_acc_me7,test_conf_me7,val_acc_me8,val_conf_me8,test_acc_me8,test_conf_me8,val_acc_me9,val_conf_me9,test_acc_me9,test_conf_me9,val_acc_med,val_conf_med,test_acc_med,test_conf_med,val_acc_maj,val_conf_maj,test_acc_maj,test_conf_maj,val_acc_lin,val_conf_lin,test_acc_lin,test_conf_lin,val_nld,val_conf_nld,test_nld,test_conf_nld,val_mse,val_conf_mse,test_mse,test_conf_mse,val_svm,val_conf_svm,test_svm,test_conf_svm,val_mvm,val_conf_mvm,test_mvm,test_conf_mvm
0,5,0.55649334,0.007775319454939034,0.62640005,0.007893716071168844,0.5570934,0.0078227676873881,0.6266001,0.007907619442288794,0.55733335,0.007836280389849626,0.62730676,0.007930181249987012,0.5574534,0.00785790754818072,0.6275467,0.007933282586523593,0.5578667,0.007869377321393034,0.6278934,0.007938790737537227,0.55817336,0.00788360394081189,0.6281467,0.007958620635326263,0.55836004,0.007903594539183878,0.62830675,0.008013028865434424,0.5586533,0.007936778285984825,0.62853336,0.008043365256505064,0.5587867,0.007968236810436014,0.6286134,0.008057812608333825,0.5587867,0.007975611489484224,0.62897336,0.008090933552608037,0.5589467,0.007975955056247708,0.6291067,0.008105639503075968,0.55673337,0.007671902626664506,0.6263867,0.0077370112990335915,0.54233336,0.007464714782336679,0.6112001,0.00752178011346194,4.41691,0.010701959680793571,4.486329,0.011552705795930152,0.20250267,0.0012691378175692103,0.19149677,0.001258550743104575,,,,,,,,
