,shots,val_acc,val_conf,test_acc,test_conf,val_acc_me1,val_conf_me1,test_acc_me1,test_conf_me1,val_acc_me2,val_conf_me2,test_acc_me2,test_conf_me2,val_acc_me3,val_conf_me3,test_acc_me3,test_conf_me3,val_acc_me4,val_conf_me4,test_acc_me4,test_conf_me4,val_acc_me5,val_conf_me5,test_acc_me5,test_conf_me5,val_acc_me6,val_conf_me6,test_acc_me6,test_conf_me6,val_acc_me7,val_conf_me7,test_acc_me7,test_conf_me7,val_acc_me8,val_conf_me8,test_acc_me8,test_conf_me8,val_acc_me9,val_conf_me9,test_acc_me9,test_conf_me9,val_acc_med,val_conf_med,test_acc_med,test_conf_med,val_acc_maj,val_conf_maj,test_acc_maj,test_conf_maj,val_acc_lin,val_conf_lin,test_acc_lin,test_conf_lin,val_nld,val_conf_nld,test_nld,test_conf_nld,val_mse,val_conf_mse,test_mse,test_conf_mse,val_svm,val_conf_svm,test_svm,test_conf_svm,val_mvm,val_conf_mvm,test_mvm,test_conf_mvm
0,5,0.61825335,0.005633998041385868,0.6100667,0.0057848704906419135,0.61892,0.0056048382741232805,0.61057335,0.005784349137314071,0.6194401,0.005582644969485795,0.6109467,0.005778839600950603,0.61953336,0.005560224467472508,0.61136013,0.0057831642014068985,0.61924,0.005583288695383937,0.6119867,0.005779657880930156,0.6187467,0.0055779241589716255,0.6122401,0.0057711638392009545,0.61817336,0.005579644301705211,0.6121734,0.005763113109424678,0.61728,0.005582408998227595,0.6120134,0.005746706411121183,0.6163601,0.005611544752759379,0.6117334,0.005776629506152542,0.6154001,0.005645279407018311,0.61170673,0.005791020520420576,0.61460006,0.005654293878508687,0.61100006,0.005778568072379531,0.61701345,0.005485278425800599,0.60977346,0.005772729284534317,0.6178134,0.0056178536359877684,0.6050267,0.005842715773734186,8.615266,0.020804151537832993,8.752296,0.02437912625900651,0.1764899,0.0012412987504993866,0.17465726,0.0013466618798708418,,,,,,,,
