,shots,val_acc,val_conf,test_acc,test_conf,val_acc_me1,val_conf_me1,test_acc_me1,test_conf_me1,val_acc_me2,val_conf_me2,test_acc_me2,test_conf_me2,val_acc_me3,val_conf_me3,test_acc_me3,test_conf_me3,val_acc_me4,val_conf_me4,test_acc_me4,test_conf_me4,val_acc_me5,val_conf_me5,test_acc_me5,test_conf_me5,val_acc_me6,val_conf_me6,test_acc_me6,test_conf_me6,val_acc_me7,val_conf_me7,test_acc_me7,test_conf_me7,val_acc_me8,val_conf_me8,test_acc_me8,test_conf_me8,val_acc_me9,val_conf_me9,test_acc_me9,test_conf_me9,val_acc_med,val_conf_med,test_acc_med,test_conf_med,val_acc_maj,val_conf_maj,test_acc_maj,test_conf_maj,val_acc_lin,val_conf_lin,test_acc_lin,test_conf_lin,val_nld,val_conf_nld,test_nld,test_conf_nld,val_mse,val_conf_mse,test_mse,test_conf_mse,val_svm,val_conf_svm,test_svm,test_conf_svm,val_mvm,val_conf_mvm,test_mvm,test_conf_mvm
0,5,0.27732,0.0043785339731985395,0.33294672,0.005530847662066352,0.27753332,0.004364003962161966,0.33404005,0.005531220782959978,0.27757338,0.004356015111345701,0.3346667,0.005556856220197692,0.27756,0.004343492472245414,0.33568007,0.005564786886320117,0.2773067,0.004316628691471758,0.33600003,0.005600968991985145,0.27733335,0.004312572848886864,0.33612007,0.005640697593272681,0.27657336,0.004316134121574444,0.33649334,0.005641273437028027,0.27681333,0.004297318761660673,0.3367067,0.005658465166914595,0.27638668,0.004297770385712607,0.3369067,0.005680962786736354,0.27662668,0.004310273168131651,0.3370667,0.005677918711327112,0.27661335,0.004281988480192622,0.33658668,0.005700680009404102,0.27908,0.0043536106057849855,0.33421335,0.005507157256021578,0.27956,0.004330125231518378,0.33341336,0.005492261512623886,7.8886924,0.017866247494111143,7.7919297,0.0160540048552269,0.25442687,0.0008637745801020058,0.24179395,0.0010898887855005368,,,,,,,,
