,shots,val_acc,val_conf,test_acc,test_conf,val_acc_me1,val_conf_me1,test_acc_me1,test_conf_me1,val_acc_me2,val_conf_me2,test_acc_me2,test_conf_me2,val_acc_me3,val_conf_me3,test_acc_me3,test_conf_me3,val_acc_me4,val_conf_me4,test_acc_me4,test_conf_me4,val_acc_me5,val_conf_me5,test_acc_me5,test_conf_me5,val_acc_me6,val_conf_me6,test_acc_me6,test_conf_me6,val_acc_me7,val_conf_me7,test_acc_me7,test_conf_me7,val_acc_me8,val_conf_me8,test_acc_me8,test_conf_me8,val_acc_me9,val_conf_me9,test_acc_me9,test_conf_me9,val_acc_med,val_conf_med,test_acc_med,test_conf_med,val_acc_maj,val_conf_maj,test_acc_maj,test_conf_maj,val_acc_lin,val_conf_lin,test_acc_lin,test_conf_lin,val_nld,val_conf_nld,test_nld,test_conf_nld,val_mse,val_conf_mse,test_mse,test_conf_mse,val_svm,val_conf_svm,test_svm,test_conf_svm,val_mvm,val_conf_mvm,test_mvm,test_conf_mvm
0,5,0.45261338,0.006416846774900453,0.50368005,0.006698352173850397,0.4548667,0.00646242432326527,0.5052134,0.006731097688314591,0.4565067,0.006525248553727547,0.50625336,0.0067484889085799304,0.4583067,0.006550162223692146,0.50729334,0.00675359022852029,0.45856002,0.006575601864817371,0.5080267,0.006766170128747806,0.45928004,0.006626592436839385,0.50861335,0.006814046896084558,0.4596267,0.006676240143070944,0.5095467,0.006848404034210498,0.46036005,0.006718805940856443,0.51,0.006926229294659247,0.46076,0.006748525389459414,0.5096934,0.006956363886434724,0.46018672,0.006782629470345636,0.5101334,0.006980346601298315,0.45960003,0.006781183165099625,0.5100934,0.007023039851270285,0.45546672,0.0063660053588792676,0.50758666,0.0066132270432454066,0.45710668,0.006012706512738442,0.5091867,0.006475924095794894,9.307793,0.015245980158843153,9.425619,0.016212921107509715,0.21746536,0.0011583657051444096,0.2034426,0.0013835274247964435,,,,,,,,
