,shots,val_acc,val_conf,test_acc,test_conf,val_acc_me1,val_conf_me1,test_acc_me1,test_conf_me1,val_acc_me2,val_conf_me2,test_acc_me2,test_conf_me2,val_acc_me3,val_conf_me3,test_acc_me3,test_conf_me3,val_acc_me4,val_conf_me4,test_acc_me4,test_conf_me4,val_acc_me5,val_conf_me5,test_acc_me5,test_conf_me5,val_acc_me6,val_conf_me6,test_acc_me6,test_conf_me6,val_acc_me7,val_conf_me7,test_acc_me7,test_conf_me7,val_acc_me8,val_conf_me8,test_acc_me8,test_conf_me8,val_acc_me9,val_conf_me9,test_acc_me9,test_conf_me9,val_acc_med,val_conf_med,test_acc_med,test_conf_med,val_acc_maj,val_conf_maj,test_acc_maj,test_conf_maj,val_acc_lin,val_conf_lin,test_acc_lin,test_conf_lin,val_nld,val_conf_nld,test_nld,test_conf_nld,val_mse,val_conf_mse,test_mse,test_conf_mse,val_svm,val_conf_svm,test_svm,test_conf_svm,val_mvm,val_conf_mvm,test_mvm,test_conf_mvm
0,5,0.3442934,0.004966372549372267,0.42901337,0.005432758427541429,0.34573337,0.0050454940354996425,0.4303467,0.005410364708958615,0.34729338,0.005012713887289133,0.4305734,0.005422816695216437,0.3497467,0.005072151399145242,0.43088007,0.00544640181467243,0.3522667,0.005123908993202253,0.43210673,0.005482393203841085,0.35338673,0.005172533849459371,0.43281338,0.005507085217829222,0.35438672,0.005187168223518224,0.43340003,0.005524157807628494,0.35528004,0.00520420202352162,0.43332005,0.005577853044345882,0.35545337,0.005284500595240382,0.43376005,0.005631822118550789,0.3557734,0.005341231595267948,0.43369335,0.005644450044239857,0.35585335,0.005372481855457967,0.43268,0.0057175120101123356,0.34890667,0.004948961010642405,0.42897338,0.005334863603779161,0.36160004,0.004969901035446644,0.4392667,0.00546243354494913,10.471713,0.016853857834615127,10.539235,0.016553999782601636,0.23682016,0.000861389123101769,0.2191683,0.0011410868136629282,,,,,,,,
