,shots,val_acc,val_conf,test_acc,test_conf,val_acc_me1,val_conf_me1,test_acc_me1,test_conf_me1,val_acc_me2,val_conf_me2,test_acc_me2,test_conf_me2,val_acc_me3,val_conf_me3,test_acc_me3,test_conf_me3,val_acc_me4,val_conf_me4,test_acc_me4,test_conf_me4,val_acc_me5,val_conf_me5,test_acc_me5,test_conf_me5,val_acc_me6,val_conf_me6,test_acc_me6,test_conf_me6,val_acc_me7,val_conf_me7,test_acc_me7,test_conf_me7,val_acc_me8,val_conf_me8,test_acc_me8,test_conf_me8,val_acc_me9,val_conf_me9,test_acc_me9,test_conf_me9,val_acc_med,val_conf_med,test_acc_med,test_conf_med,val_acc_maj,val_conf_maj,test_acc_maj,test_conf_maj,val_acc_lin,val_conf_lin,test_acc_lin,test_conf_lin,val_nld,val_conf_nld,test_nld,test_conf_nld,val_mse,val_conf_mse,test_mse,test_conf_mse,val_svm,val_conf_svm,test_svm,test_conf_svm,val_mvm,val_conf_mvm,test_mvm,test_conf_mvm
0,5,0.46956,0.005332738938888637,0.5304133,0.006151745765337502,0.4694667,0.005322986537710128,0.53070664,0.006165684231987045,0.46862668,0.0053053302538396685,0.53061336,0.006167911874549903,0.46812007,0.005327429354687219,0.53018665,0.006170345934240817,0.46733338,0.005319620599351815,0.5295467,0.006170181539391639,0.46714672,0.005328814242756441,0.52876,0.006170846507320804,0.4663467,0.005298885606325743,0.5282267,0.00616835149223649,0.46533337,0.005296083967140652,0.52753335,0.006201039283790122,0.46413335,0.00529620680149423,0.52768004,0.006179308224220081,0.4633067,0.005298697198745761,0.5266267,0.006181507698002631,0.46269336,0.005283237617958125,0.52584,0.006176760104057988,0.4703067,0.005317626619130711,0.5323334,0.006144870274019443,0.4953067,0.0055614117122960716,0.5470934,0.006137835929251545,6.9334884,0.024610318983794954,6.877286,0.021249142534664145,0.20406307,0.0011644110255633888,0.19081576,0.0013930804510420003,,,,,,,,
