,shots,val_acc,val_conf,test_acc,test_conf,val_acc_me1,val_conf_me1,test_acc_me1,test_conf_me1,val_acc_me2,val_conf_me2,test_acc_me2,test_conf_me2,val_acc_me3,val_conf_me3,test_acc_me3,test_conf_me3,val_acc_me4,val_conf_me4,test_acc_me4,test_conf_me4,val_acc_me5,val_conf_me5,test_acc_me5,test_conf_me5,val_acc_me6,val_conf_me6,test_acc_me6,test_conf_me6,val_acc_me7,val_conf_me7,test_acc_me7,test_conf_me7,val_acc_me8,val_conf_me8,test_acc_me8,test_conf_me8,val_acc_me9,val_conf_me9,test_acc_me9,test_conf_me9,val_acc_med,val_conf_med,test_acc_med,test_conf_med,val_acc_maj,val_conf_maj,test_acc_maj,test_conf_maj,val_acc_lin,val_conf_lin,test_acc_lin,test_conf_lin,val_nld,val_conf_nld,test_nld,test_conf_nld,val_mse,val_conf_mse,test_mse,test_conf_mse,val_svm,val_conf_svm,test_svm,test_conf_svm,val_mvm,val_conf_mvm,test_mvm,test_conf_mvm
0,5,0.58826673,0.0076095711189664295,0.5851334,0.007289125844578304,0.58908004,0.007622076672085254,0.5855867,0.007324241692640232,0.5892934,0.007655722663953535,0.5862,0.00732486417650724,0.59021336,0.007656484144589193,0.58680004,0.007352256699141302,0.5912267,0.007657277950054664,0.5872933,0.00736344755524998,0.5913734,0.007689588464665165,0.58735996,0.007393766398555934,0.5915333,0.0077255701563848644,0.5877867,0.007428984762506863,0.5916267,0.007741298033260624,0.58792007,0.0074324910829836055,0.5916134,0.007759280797912993,0.5877467,0.0074307099848565095,0.5918133,0.007761291402332282,0.58834666,0.007439430300394845,0.5920667,0.007796967855301151,0.58857334,0.0074579884470193925,0.58837336,0.007545337525920903,0.5871601,0.007262906251486179,0.56989336,0.007232809064156687,0.56946665,0.007067912718343505,4.5959888,0.011518084979549315,4.5500817,0.01146173171824838,0.19790652,0.0012040402279989426,0.1981952,0.0011605277744809184,,,,,,,,
