,shots,val_acc,val_conf,test_acc,test_conf,val_acc_me1,val_conf_me1,test_acc_me1,test_conf_me1,val_acc_me2,val_conf_me2,test_acc_me2,test_conf_me2,val_acc_me3,val_conf_me3,test_acc_me3,test_conf_me3,val_acc_me4,val_conf_me4,test_acc_me4,test_conf_me4,val_acc_me5,val_conf_me5,test_acc_me5,test_conf_me5,val_acc_me6,val_conf_me6,test_acc_me6,test_conf_me6,val_acc_me7,val_conf_me7,test_acc_me7,test_conf_me7,val_acc_me8,val_conf_me8,test_acc_me8,test_conf_me8,val_acc_me9,val_conf_me9,test_acc_me9,test_conf_me9,val_acc_med,val_conf_med,test_acc_med,test_conf_med,val_acc_maj,val_conf_maj,test_acc_maj,test_conf_maj,val_acc_lin,val_conf_lin,test_acc_lin,test_conf_lin,val_nld,val_conf_nld,test_nld,test_conf_nld,val_mse,val_conf_mse,test_mse,test_conf_mse,val_svm,val_conf_svm,test_svm,test_conf_svm,val_mvm,val_conf_mvm,test_mvm,test_conf_mvm
0,5,0.6537067,0.005879708309062925,0.65666676,0.005957917311420813,0.6544934,0.005857355689192434,0.65781343,0.0059384716173241925,0.6544801,0.0058550892568336455,0.65882677,0.005931972941165986,0.6554401,0.005851844305695741,0.6594534,0.005954291389073441,0.6559867,0.0058506976978012215,0.6597734,0.00594506449727239,0.6567334,0.0058591377108860865,0.66049343,0.005963715924120261,0.65689343,0.0058714765602392305,0.6606401,0.005992935723209691,0.6573467,0.005867673313110777,0.66100013,0.006008126546125925,0.65796006,0.005884436969892937,0.6613201,0.006042833254198077,0.65769345,0.005872894696704933,0.6613201,0.006039551360397466,0.6578134,0.005882375107529092,0.6612134,0.006057269061444659,0.65442675,0.005842037875873007,0.6573468,0.005998562552527398,0.6364134,0.005854974734579188,0.6366134,0.006043244703104245,4.7503295,0.011154608891608575,4.774202,0.01232313856228373,0.1817576,0.0010613281820492093,0.18015514,0.0011363275596903977,,,,,,,,
