,shots,val_acc,val_conf,test_acc,test_conf,val_acc_me1,val_conf_me1,test_acc_me1,test_conf_me1,val_acc_me2,val_conf_me2,test_acc_me2,test_conf_me2,val_acc_me3,val_conf_me3,test_acc_me3,test_conf_me3,val_acc_me4,val_conf_me4,test_acc_me4,test_conf_me4,val_acc_me5,val_conf_me5,test_acc_me5,test_conf_me5,val_acc_me6,val_conf_me6,test_acc_me6,test_conf_me6,val_acc_me7,val_conf_me7,test_acc_me7,test_conf_me7,val_acc_me8,val_conf_me8,test_acc_me8,test_conf_me8,val_acc_me9,val_conf_me9,test_acc_me9,test_conf_me9,val_acc_med,val_conf_med,test_acc_med,test_conf_med,val_acc_maj,val_conf_maj,test_acc_maj,test_conf_maj,val_acc_lin,val_conf_lin,test_acc_lin,test_conf_lin,val_nld,val_conf_nld,test_nld,test_conf_nld,val_mse,val_conf_mse,test_mse,test_conf_mse,val_svm,val_conf_svm,test_svm,test_conf_svm,val_mvm,val_conf_mvm,test_mvm,test_conf_mvm
0,5,0.39794672,0.006075106364362537,0.4228667,0.006494187162900789,0.39808005,0.0060628838843969635,0.4232267,0.006496589821328336,0.39805338,0.006063302260052417,0.42370674,0.006483701449866985,0.39788008,0.006071247703239968,0.4239867,0.006483906481645152,0.3979734,0.006088853652732429,0.4241867,0.006502057797196259,0.3977334,0.006085496026473236,0.42429337,0.006521736230068131,0.39774674,0.0060854586220271956,0.42458668,0.006519815211605939,0.3974934,0.006100841085006359,0.4246134,0.0065093544348694965,0.39745337,0.006106993423701468,0.42480004,0.0065428803630839805,0.3969867,0.006120657129296936,0.42482668,0.0065851921800631485,0.39669338,0.006117281955272891,0.42469335,0.006598628688282815,0.39965338,0.006047081198629178,0.42476007,0.006490331734261168,0.39296004,0.005873776240994444,0.4168534,0.006200517468679001,4.9754653,0.012473872014771459,4.8723955,0.011744895380971343,0.22946543,0.0009078950867594526,0.22404514,0.0010199351983597171,,,,,,,,
