,shots,val_acc,val_conf,test_acc,test_conf,val_acc_me1,val_conf_me1,test_acc_me1,test_conf_me1,val_acc_me2,val_conf_me2,test_acc_me2,test_conf_me2,val_acc_me3,val_conf_me3,test_acc_me3,test_conf_me3,val_acc_me4,val_conf_me4,test_acc_me4,test_conf_me4,val_acc_me5,val_conf_me5,test_acc_me5,test_conf_me5,val_acc_me6,val_conf_me6,test_acc_me6,test_conf_me6,val_acc_me7,val_conf_me7,test_acc_me7,test_conf_me7,val_acc_me8,val_conf_me8,test_acc_me8,test_conf_me8,val_acc_me9,val_conf_me9,test_acc_me9,test_conf_me9,val_acc_med,val_conf_med,test_acc_med,test_conf_med,val_acc_maj,val_conf_maj,test_acc_maj,test_conf_maj,val_acc_lin,val_conf_lin,test_acc_lin,test_conf_lin,val_nld,val_conf_nld,test_nld,test_conf_nld,val_mse,val_conf_mse,test_mse,test_conf_mse,val_svm,val_conf_svm,test_svm,test_conf_svm,val_mvm,val_conf_mvm,test_mvm,test_conf_mvm
0,5,0.2504667,0.0048544746093006075,0.2846667,0.006680963262501505,0.25004002,0.0048698852410601345,0.28480002,0.006717743839302848,0.2501467,0.004888511269827367,0.28426668,0.006714242136658943,0.24982668,0.0049506220451155936,0.28476,0.006677178948487683,0.24908002,0.004964508330254025,0.28468,0.006675860557211366,0.24885336,0.004952918955171082,0.2852667,0.006659619177323606,0.24776003,0.004967539475731364,0.2845067,0.00664537593370651,0.24713336,0.004976167434612877,0.2836667,0.006676146401064287,0.24702668,0.004958310275013811,0.28358668,0.006688282527555711,0.2467067,0.00494828495991434,0.28341335,0.006652300835836011,0.24610668,0.004968705940307183,0.28352,0.006594287001845001,0.2487867,0.004786542132148797,0.2866667,0.006567366421727394,0.25204003,0.0048250109886370796,0.29005334,0.006527874253481392,9.660024,0.017352236520494557,9.730219,0.019023276913877396,0.25751227,0.0009783154790776738,0.24992472,0.001231054781014873,,,,,,,,
