,shots,val_acc,val_conf,test_acc,test_conf,val_acc_me1,val_conf_me1,test_acc_me1,test_conf_me1,val_acc_me2,val_conf_me2,test_acc_me2,test_conf_me2,val_acc_me3,val_conf_me3,test_acc_me3,test_conf_me3,val_acc_me4,val_conf_me4,test_acc_me4,test_conf_me4,val_acc_me5,val_conf_me5,test_acc_me5,test_conf_me5,val_acc_me6,val_conf_me6,test_acc_me6,test_conf_me6,val_acc_me7,val_conf_me7,test_acc_me7,test_conf_me7,val_acc_me8,val_conf_me8,test_acc_me8,test_conf_me8,val_acc_me9,val_conf_me9,test_acc_me9,test_conf_me9,val_acc_med,val_conf_med,test_acc_med,test_conf_med,val_acc_maj,val_conf_maj,test_acc_maj,test_conf_maj,val_acc_lin,val_conf_lin,test_acc_lin,test_conf_lin,val_nld,val_conf_nld,test_nld,test_conf_nld,val_mse,val_conf_mse,test_mse,test_conf_mse,val_svm,val_conf_svm,test_svm,test_conf_svm,val_mvm,val_conf_mvm,test_mvm,test_conf_mvm
0,5,0.5553067,0.007498463751877349,0.61144006,0.007708653649335706,0.55582666,0.007542048705371007,0.61192006,0.007723578946863485,0.55634665,0.007546121633937419,0.61276007,0.007726692751548692,0.55636,0.007528052054027623,0.61290675,0.0077036479185351725,0.55680007,0.00752877474486735,0.61346674,0.007720087865235148,0.5571867,0.007581259647596927,0.61350673,0.007734902796558085,0.5569601,0.007598981504693736,0.6140001,0.00774297061231588,0.5567867,0.007611606197899801,0.6139201,0.007777263562565362,0.55672,0.007649706089544073,0.6139601,0.007767180986338662,0.5566133,0.007663366562656537,0.6136268,0.007813369473988474,0.55641335,0.007683462447617306,0.6137334,0.007818161860911665,0.55602676,0.007483365285617993,0.61222667,0.00760779694758873,0.53844005,0.007354971984852243,0.5930801,0.007403761235958539,4.7110314,0.010784484971508412,4.8163066,0.01345457225817448,0.20147759,0.0012907533158723894,0.19144368,0.0013212105787176742,,,,,,,,
