,shots,val_acc,val_conf,test_acc,test_conf,val_acc_me1,val_conf_me1,test_acc_me1,test_conf_me1,val_acc_me2,val_conf_me2,test_acc_me2,test_conf_me2,val_acc_me3,val_conf_me3,test_acc_me3,test_conf_me3,val_acc_me4,val_conf_me4,test_acc_me4,test_conf_me4,val_acc_me5,val_conf_me5,test_acc_me5,test_conf_me5,val_acc_me6,val_conf_me6,test_acc_me6,test_conf_me6,val_acc_me7,val_conf_me7,test_acc_me7,test_conf_me7,val_acc_me8,val_conf_me8,test_acc_me8,test_conf_me8,val_acc_me9,val_conf_me9,test_acc_me9,test_conf_me9,val_acc_med,val_conf_med,test_acc_med,test_conf_med,val_acc_maj,val_conf_maj,test_acc_maj,test_conf_maj,val_acc_lin,val_conf_lin,test_acc_lin,test_conf_lin,val_nld,val_conf_nld,test_nld,test_conf_nld,val_mse,val_conf_mse,test_mse,test_conf_mse,val_svm,val_conf_svm,test_svm,test_conf_svm,val_mvm,val_conf_mvm,test_mvm,test_conf_mvm
0,5,0.37352005,0.005540581591913507,0.40240002,0.005957464302019044,0.37360004,0.005536002087084324,0.40257338,0.0059771764450706755,0.3735867,0.005534090304287864,0.40277338,0.005974030315555545,0.37326673,0.00551716132908997,0.40300006,0.005991035023212077,0.37332004,0.005513692413059212,0.40324005,0.0059934067421595905,0.3734267,0.005518523127995001,0.40357336,0.005977658546819364,0.37352002,0.005511138751497724,0.40378672,0.00599690705945366,0.3738267,0.005493734139517148,0.40381336,0.005994219480739749,0.3738134,0.0055131784482639334,0.40365338,0.005984558974434784,0.3738667,0.005530120815177064,0.40360004,0.005970044664029839,0.37369338,0.00552813514705508,0.40364003,0.005968061304824301,0.3746267,0.0054858870561691475,0.40470672,0.005924369217608749,0.36680004,0.005262540029378093,0.39317337,0.0056874374501638125,4.780853,0.012131226047213062,4.6702304,0.010501985353148058,0.23403765,0.0008243999934247348,0.22854875,0.0009054026114831137,,,,,,,,
