,shots,val_acc,val_conf,test_acc,test_conf,val_acc_me1,val_conf_me1,test_acc_me1,test_conf_me1,val_acc_me2,val_conf_me2,test_acc_me2,test_conf_me2,val_acc_me3,val_conf_me3,test_acc_me3,test_conf_me3,val_acc_me4,val_conf_me4,test_acc_me4,test_conf_me4,val_acc_me5,val_conf_me5,test_acc_me5,test_conf_me5,val_acc_me6,val_conf_me6,test_acc_me6,test_conf_me6,val_acc_me7,val_conf_me7,test_acc_me7,test_conf_me7,val_acc_me8,val_conf_me8,test_acc_me8,test_conf_me8,val_acc_me9,val_conf_me9,test_acc_me9,test_conf_me9,val_acc_med,val_conf_med,test_acc_med,test_conf_med,val_acc_maj,val_conf_maj,test_acc_maj,test_conf_maj,val_acc_lin,val_conf_lin,test_acc_lin,test_conf_lin,val_nld,val_conf_nld,test_nld,test_conf_nld,val_mse,val_conf_mse,test_mse,test_conf_mse,val_svm,val_conf_svm,test_svm,test_conf_svm,val_mvm,val_conf_mvm,test_mvm,test_conf_mvm
0,5,0.5471733,0.008195761128815704,0.6030801,0.007386752372252503,0.54762673,0.008210439372286493,0.6035734,0.007392697370253054,0.54789335,0.008213632141913285,0.60381335,0.007416057139466359,0.5477067,0.008242477896542644,0.6048667,0.007432151672269738,0.5476134,0.008244883787453139,0.60529333,0.007456927269032354,0.5478267,0.008257207859741267,0.6058934,0.007469624462213997,0.54790676,0.008255589771113514,0.6062001,0.007488733978079809,0.54780006,0.008296452973930224,0.60645336,0.007509835165250167,0.54742676,0.008311600389217744,0.6063734,0.007515466150617378,0.5476134,0.008330011688757799,0.60660005,0.0075433601698980945,0.5476533,0.008336924584521954,0.6068401,0.007544169675995249,0.5487467,0.008046563567531306,0.6046134,0.007311997047076968,0.535,0.00783302481769621,0.5855734,0.007179106438906735,4.3459063,0.009945801559321232,4.4010487,0.010397435770477692,0.20465064,0.0012923674793422213,0.1970333,0.0011806682215285969,,,,,,,,
