,shots,val_acc,val_conf,test_acc,test_conf,val_acc_me1,val_conf_me1,test_acc_me1,test_conf_me1,val_acc_me2,val_conf_me2,test_acc_me2,test_conf_me2,val_acc_me3,val_conf_me3,test_acc_me3,test_conf_me3,val_acc_me4,val_conf_me4,test_acc_me4,test_conf_me4,val_acc_me5,val_conf_me5,test_acc_me5,test_conf_me5,val_acc_me6,val_conf_me6,test_acc_me6,test_conf_me6,val_acc_me7,val_conf_me7,test_acc_me7,test_conf_me7,val_acc_me8,val_conf_me8,test_acc_me8,test_conf_me8,val_acc_me9,val_conf_me9,test_acc_me9,test_conf_me9,val_acc_med,val_conf_med,test_acc_med,test_conf_med,val_acc_maj,val_conf_maj,test_acc_maj,test_conf_maj,val_acc_lin,val_conf_lin,test_acc_lin,test_conf_lin,val_nld,val_conf_nld,test_nld,test_conf_nld,val_mse,val_conf_mse,test_mse,test_conf_mse,val_svm,val_conf_svm,test_svm,test_conf_svm,val_mvm,val_conf_mvm,test_mvm,test_conf_mvm
0,5,0.22957337,0.004040242160226859,0.26340002,0.005836634549664876,0.23005335,0.0040174208303228875,0.26422668,0.00585794400109646,0.23017333,0.003989275600935677,0.2650667,0.005896449338464171,0.22956002,0.004002113638019028,0.26540002,0.005991240516773522,0.22832002,0.004018879141934328,0.26564002,0.006033485375176506,0.22766669,0.004011621755840217,0.26525337,0.006077720519534258,0.22772002,0.003986783818334255,0.26445338,0.006078152748688226,0.22657335,0.004009028842699575,0.26397336,0.006035531998691945,0.22650668,0.003992703418254112,0.26349336,0.006046065275404022,0.22572,0.004010820100058876,0.26270667,0.006044789368189807,0.22476003,0.004037879215161744,0.26229337,0.006047482026519835,0.22941335,0.003989595154968328,0.26428002,0.005870618105113967,0.22940002,0.0038836149676833853,0.26624003,0.005949160515002994,10.0952425,0.014590841748615802,9.860177,0.015463139289625616,0.25963947,0.0007181890299435278,0.25379854,0.0010768262062952338,,,,,,,,
