,shots,val_acc,val_conf,test_acc,test_conf,val_acc_me1,val_conf_me1,test_acc_me1,test_conf_me1,val_acc_me2,val_conf_me2,test_acc_me2,test_conf_me2,val_acc_me3,val_conf_me3,test_acc_me3,test_conf_me3,val_acc_me4,val_conf_me4,test_acc_me4,test_conf_me4,val_acc_me5,val_conf_me5,test_acc_me5,test_conf_me5,val_acc_me6,val_conf_me6,test_acc_me6,test_conf_me6,val_acc_me7,val_conf_me7,test_acc_me7,test_conf_me7,val_acc_me8,val_conf_me8,test_acc_me8,test_conf_me8,val_acc_me9,val_conf_me9,test_acc_me9,test_conf_me9,val_acc_med,val_conf_med,test_acc_med,test_conf_med,val_acc_maj,val_conf_maj,test_acc_maj,test_conf_maj,val_acc_lin,val_conf_lin,test_acc_lin,test_conf_lin,val_nld,val_conf_nld,test_nld,test_conf_nld,val_mse,val_conf_mse,test_mse,test_conf_mse,val_svm,val_conf_svm,test_svm,test_conf_svm,val_mvm,val_conf_mvm,test_mvm,test_conf_mvm
0,5,0.48002666,0.005773812628119046,0.49672005,0.005802717029225413,0.48265338,0.005809776310290671,0.49972004,0.005806489798657166,0.48581335,0.005822382070382104,0.5027867,0.005825810811267096,0.48980004,0.005818793090697494,0.5065467,0.005853823508851774,0.49425337,0.005856352234115958,0.5109734,0.005872580222288426,0.49860004,0.005911812406545369,0.5159067,0.005917001003526434,0.5054,0.005956452534843448,0.52214664,0.005948706120251335,0.5115467,0.006014020747965199,0.5291067,0.005949248253827033,0.5169734,0.0060838312977337106,0.53617334,0.0059428747209387955,0.52162665,0.00611429837347377,0.54329336,0.005915743567643572,0.52432007,0.006153966942934352,0.5472534,0.005947269050671,0.49001336,0.005789124900039022,0.5066,0.00581539667464237,0.5905601,0.006344402213278921,0.62890667,0.006460837174117606,10.05366,0.034448283063461815,10.09126,0.0332918964460287,0.19205451,0.0012707931951971563,0.18449818,0.0012473837842807978,,,,,,,,
