,shots,val_acc,val_conf,test_acc,test_conf,val_acc_me1,val_conf_me1,test_acc_me1,test_conf_me1,val_acc_me2,val_conf_me2,test_acc_me2,test_conf_me2,val_acc_me3,val_conf_me3,test_acc_me3,test_conf_me3,val_acc_me4,val_conf_me4,test_acc_me4,test_conf_me4,val_acc_me5,val_conf_me5,test_acc_me5,test_conf_me5,val_acc_me6,val_conf_me6,test_acc_me6,test_conf_me6,val_acc_me7,val_conf_me7,test_acc_me7,test_conf_me7,val_acc_me8,val_conf_me8,test_acc_me8,test_conf_me8,val_acc_me9,val_conf_me9,test_acc_me9,test_conf_me9,val_acc_med,val_conf_med,test_acc_med,test_conf_med,val_acc_maj,val_conf_maj,test_acc_maj,test_conf_maj,val_acc_lin,val_conf_lin,test_acc_lin,test_conf_lin,val_nld,val_conf_nld,test_nld,test_conf_nld,val_mse,val_conf_mse,test_mse,test_conf_mse,val_svm,val_conf_svm,test_svm,test_conf_svm,val_mvm,val_conf_mvm,test_mvm,test_conf_mvm
0,5,0.55960006,0.007266926998541479,0.55501336,0.007125527571576917,0.56001335,0.007295557562160382,0.55537343,0.007127564497643513,0.56044006,0.007304590504982111,0.5553334,0.007164151587248702,0.5607067,0.007311806330580595,0.55576,0.007185845242372757,0.5613734,0.007326572774658757,0.5562933,0.0072256828245153,0.56201345,0.007328242583014344,0.5568667,0.0072547197574243105,0.56285334,0.0073567323027315945,0.55732006,0.007253815585753887,0.56296,0.007374112440198033,0.5576133,0.007266167826822323,0.5630668,0.007383672739530334,0.55806667,0.007272704369209793,0.56358665,0.007401960281150255,0.55825335,0.007274859511797072,0.5635333,0.007419124765823071,0.5584534,0.007306865711223298,0.56116,0.007222404624980916,0.5569867,0.006959579283442374,0.54380006,0.006878455966778163,0.53836,0.0068254838826837805,4.4915214,0.010668230106150922,4.440831,0.010485020358854236,0.20360208,0.0011167432151626966,0.20424116,0.0010961853160260937,,,,,,,,
