,shots,val_acc,val_conf,test_acc,test_conf,val_acc_me1,val_conf_me1,test_acc_me1,test_conf_me1,val_acc_me2,val_conf_me2,test_acc_me2,test_conf_me2,val_acc_me3,val_conf_me3,test_acc_me3,test_conf_me3,val_acc_me4,val_conf_me4,test_acc_me4,test_conf_me4,val_acc_me5,val_conf_me5,test_acc_me5,test_conf_me5,val_acc_me6,val_conf_me6,test_acc_me6,test_conf_me6,val_acc_me7,val_conf_me7,test_acc_me7,test_conf_me7,val_acc_me8,val_conf_me8,test_acc_me8,test_conf_me8,val_acc_me9,val_conf_me9,test_acc_me9,test_conf_me9,val_acc_med,val_conf_med,test_acc_med,test_conf_med,val_acc_maj,val_conf_maj,test_acc_maj,test_conf_maj,val_acc_lin,val_conf_lin,test_acc_lin,test_conf_lin,val_nld,val_conf_nld,test_nld,test_conf_nld,val_mse,val_conf_mse,test_mse,test_conf_mse,val_svm,val_conf_svm,test_svm,test_conf_svm,val_mvm,val_conf_mvm,test_mvm,test_conf_mvm
0,5,0.37944004,0.007755266054040366,0.41453335,0.008058203276992248,0.3792134,0.0077627672617085475,0.41408002,0.008067740025377024,0.37912002,0.007788224450598569,0.4142,0.008075359449565944,0.37889338,0.007806262629245053,0.41408002,0.008085430942993799,0.37845337,0.007813240174668945,0.41364002,0.008089133521366365,0.3782667,0.007845570545960634,0.41329333,0.00811682758848492,0.37824002,0.007868430665660509,0.41285336,0.008146238565854114,0.37800002,0.007885567443336239,0.41256,0.008139016275289568,0.37769336,0.00791544389825588,0.41194668,0.008157244708649147,0.37749335,0.00791831803741655,0.41160002,0.008146926622947526,0.37745336,0.007916628834163053,0.4106267,0.008163301458204375,0.3817867,0.007744936885539899,0.41590667,0.007993464031250508,0.3711467,0.007357703894761425,0.4071067,0.007805115559567144,5.031934,0.01335073289819455,5.1491036,0.016155959215840454,0.23288463,0.0013391376984842884,0.22654913,0.001415161426895628,,,,,,,,
