,shots,val_acc,val_conf,test_acc,test_conf,val_acc_me1,val_conf_me1,test_acc_me1,test_conf_me1,val_acc_me2,val_conf_me2,test_acc_me2,test_conf_me2,val_acc_me3,val_conf_me3,test_acc_me3,test_conf_me3,val_acc_me4,val_conf_me4,test_acc_me4,test_conf_me4,val_acc_me5,val_conf_me5,test_acc_me5,test_conf_me5,val_acc_me6,val_conf_me6,test_acc_me6,test_conf_me6,val_acc_me7,val_conf_me7,test_acc_me7,test_conf_me7,val_acc_me8,val_conf_me8,test_acc_me8,test_conf_me8,val_acc_me9,val_conf_me9,test_acc_me9,test_conf_me9,val_acc_med,val_conf_med,test_acc_med,test_conf_med,val_acc_maj,val_conf_maj,test_acc_maj,test_conf_maj,val_acc_lin,val_conf_lin,test_acc_lin,test_conf_lin,val_nld,val_conf_nld,test_nld,test_conf_nld,val_mse,val_conf_mse,test_mse,test_conf_mse,val_svm,val_conf_svm,test_svm,test_conf_svm,val_mvm,val_conf_mvm,test_mvm,test_conf_mvm
0,5,0.4895334,0.006126397557302488,0.5432,0.0062211051528374695,0.49024,0.0061302132725796765,0.54368,0.006219535089671213,0.4901467,0.006155458502942246,0.54388,0.0062046513526389235,0.48984003,0.00616452931199335,0.5434534,0.00621783665075204,0.48993334,0.006186481565756463,0.5435867,0.006193199588974685,0.48900002,0.0062251138935273675,0.54316,0.0062086443926971935,0.48802674,0.006282622536605442,0.5425734,0.006214417607316003,0.48794672,0.006298770636269824,0.5425734,0.006206602848797926,0.48741335,0.006320010820208777,0.5421467,0.00621361041013524,0.48646668,0.006334753713339358,0.54148,0.006215568833043417,0.48580006,0.006323304258591511,0.54056007,0.006218238863992531,0.4888267,0.006070573961428349,0.5430533,0.0061528854464828475,0.4963067,0.005941588654492347,0.55336004,0.006224159387479,8.540145,0.020126977752854103,8.632218,0.019186646604152813,0.20582783,0.001226883261717271,0.19017072,0.001478461871369685,,,,,,,,
