,shots,val_acc,val_conf,test_acc,test_conf,val_acc_me1,val_conf_me1,test_acc_me1,test_conf_me1,val_acc_me2,val_conf_me2,test_acc_me2,test_conf_me2,val_acc_me3,val_conf_me3,test_acc_me3,test_conf_me3,val_acc_me4,val_conf_me4,test_acc_me4,test_conf_me4,val_acc_me5,val_conf_me5,test_acc_me5,test_conf_me5,val_acc_me6,val_conf_me6,test_acc_me6,test_conf_me6,val_acc_me7,val_conf_me7,test_acc_me7,test_conf_me7,val_acc_me8,val_conf_me8,test_acc_me8,test_conf_me8,val_acc_me9,val_conf_me9,test_acc_me9,test_conf_me9,val_acc_med,val_conf_med,test_acc_med,test_conf_med,val_acc_maj,val_conf_maj,test_acc_maj,test_conf_maj,val_acc_lin,val_conf_lin,test_acc_lin,test_conf_lin,val_nld,val_conf_nld,test_nld,test_conf_nld,val_mse,val_conf_mse,test_mse,test_conf_mse,val_svm,val_conf_svm,test_svm,test_conf_svm,val_mvm,val_conf_mvm,test_mvm,test_conf_mvm
0,5,0.5324934,0.00781247361441717,0.5889334,0.007619602899031963,0.5329867,0.007824814310903538,0.58914673,0.0076578302428625955,0.5337467,0.007837503191986062,0.5892667,0.007670922722535556,0.53404003,0.007841172521962148,0.5891734,0.0076938659632265205,0.53422666,0.007855557994830842,0.5892934,0.007714431481787298,0.5345734,0.00786546601697613,0.58933336,0.00773062252729706,0.53482664,0.00788313753969494,0.58976007,0.007740969705345546,0.535,0.007885907315833385,0.59004,0.007769037355141006,0.53496003,0.00788814973546137,0.5898534,0.007791657347533176,0.5353067,0.00793416366902977,0.5899867,0.007812297213202646,0.53538674,0.007945880034515906,0.58992004,0.00784066086608326,0.5319867,0.007643685820868273,0.5882933,0.0076369895014644085,0.52226675,0.007514174080988312,0.57604,0.007483209664651214,4.2944055,0.008561232120544382,4.3804083,0.009786343173462164,0.20713049,0.001219460441761605,0.19848813,0.001205940812550793,,,,,,,,
