,shots,val_acc,val_conf,test_acc,test_conf,val_acc_me1,val_conf_me1,test_acc_me1,test_conf_me1,val_acc_me2,val_conf_me2,test_acc_me2,test_conf_me2,val_acc_me3,val_conf_me3,test_acc_me3,test_conf_me3,val_acc_me4,val_conf_me4,test_acc_me4,test_conf_me4,val_acc_me5,val_conf_me5,test_acc_me5,test_conf_me5,val_acc_me6,val_conf_me6,test_acc_me6,test_conf_me6,val_acc_me7,val_conf_me7,test_acc_me7,test_conf_me7,val_acc_me8,val_conf_me8,test_acc_me8,test_conf_me8,val_acc_me9,val_conf_me9,test_acc_me9,test_conf_me9,val_acc_med,val_conf_med,test_acc_med,test_conf_med,val_acc_maj,val_conf_maj,test_acc_maj,test_conf_maj,val_acc_lin,val_conf_lin,test_acc_lin,test_conf_lin,val_nld,val_conf_nld,test_nld,test_conf_nld,val_mse,val_conf_mse,test_mse,test_conf_mse,val_svm,val_conf_svm,test_svm,test_conf_svm,val_mvm,val_conf_mvm,test_mvm,test_conf_mvm
0,5,0.34093335,0.00496160648409627,0.40414667,0.006105188774626902,0.34100005,0.004976964010778073,0.40540004,0.006131038017525181,0.34201336,0.004985803466403815,0.4060267,0.006131301233997188,0.34216005,0.0050096421048828055,0.40729338,0.006117465745019979,0.3421467,0.0050009231746942495,0.40777338,0.006057686513533556,0.3422,0.0049879678446567155,0.40832004,0.006069834646390382,0.34164006,0.0049994731751819566,0.40805337,0.006110164027730625,0.34137335,0.0050156180423633345,0.40800005,0.006116471987392458,0.34105337,0.005011142900556376,0.40840006,0.0061101589481144525,0.3414267,0.0050508738107603035,0.4077467,0.006119792209205666,0.3406534,0.00507255315060251,0.40665337,0.006110880715387623,0.34534672,0.005031662240788715,0.4075467,0.006054894110014142,0.36569336,0.005319953545099676,0.42622668,0.006096651787052321,8.852554,0.022178819419432116,8.82913,0.020977770969885512,0.23464605,0.0010412911744571707,0.22078766,0.0012645715890094722,,,,,,,,
