,shots,val_acc,val_conf,test_acc,test_conf,val_acc_me1,val_conf_me1,test_acc_me1,test_conf_me1,val_acc_me2,val_conf_me2,test_acc_me2,test_conf_me2,val_acc_me3,val_conf_me3,test_acc_me3,test_conf_me3,val_acc_me4,val_conf_me4,test_acc_me4,test_conf_me4,val_acc_me5,val_conf_me5,test_acc_me5,test_conf_me5,val_acc_me6,val_conf_me6,test_acc_me6,test_conf_me6,val_acc_me7,val_conf_me7,test_acc_me7,test_conf_me7,val_acc_me8,val_conf_me8,test_acc_me8,test_conf_me8,val_acc_me9,val_conf_me9,test_acc_me9,test_conf_me9,val_acc_med,val_conf_med,test_acc_med,test_conf_med,val_acc_maj,val_conf_maj,test_acc_maj,test_conf_maj,val_acc_lin,val_conf_lin,test_acc_lin,test_conf_lin,val_nld,val_conf_nld,test_nld,test_conf_nld,val_mse,val_conf_mse,test_mse,test_conf_mse,val_svm,val_conf_svm,test_svm,test_conf_svm,val_mvm,val_conf_mvm,test_mvm,test_conf_mvm
0,5,0.6664801,0.006744727683730356,0.73108006,0.006394294202867856,0.66706675,0.0067532009452117014,0.7321868,0.006386172820249003,0.6677867,0.006763409588274927,0.7328535,0.006387462580961789,0.6686534,0.006766837405593362,0.7333068,0.006387638520393035,0.66889346,0.006773013295235941,0.73392016,0.006418602936730133,0.66942674,0.006754367409787521,0.7343468,0.006409872461959565,0.66982675,0.006737782924919666,0.7345068,0.006404966476348473,0.6700267,0.0067289333100616355,0.7348001,0.006397365061707627,0.6703201,0.006725093582053754,0.73498684,0.006412986266644771,0.67037344,0.006718879826181912,0.7351068,0.006411210248133736,0.6702801,0.0067241090600919096,0.7349335,0.006417513589962787,0.6663601,0.006757621596591101,0.7315734,0.006363652111263107,0.64896005,0.00671916890251778,0.71689343,0.00635118627150677,4.8981414,0.010939729123116138,5.0257645,0.014105404077492167,0.17514344,0.0013725987461473133,0.16094296,0.0013497196933328348,,,,,,,,
