,shots,val_acc,val_conf,test_acc,test_conf,val_acc_me1,val_conf_me1,test_acc_me1,test_conf_me1,val_acc_me2,val_conf_me2,test_acc_me2,test_conf_me2,val_acc_me3,val_conf_me3,test_acc_me3,test_conf_me3,val_acc_me4,val_conf_me4,test_acc_me4,test_conf_me4,val_acc_me5,val_conf_me5,test_acc_me5,test_conf_me5,val_acc_me6,val_conf_me6,test_acc_me6,test_conf_me6,val_acc_me7,val_conf_me7,test_acc_me7,test_conf_me7,val_acc_me8,val_conf_me8,test_acc_me8,test_conf_me8,val_acc_me9,val_conf_me9,test_acc_me9,test_conf_me9,val_acc_med,val_conf_med,test_acc_med,test_conf_med,val_acc_maj,val_conf_maj,test_acc_maj,test_conf_maj,val_acc_lin,val_conf_lin,test_acc_lin,test_conf_lin,val_nld,val_conf_nld,test_nld,test_conf_nld,val_mse,val_conf_mse,test_mse,test_conf_mse,val_svm,val_conf_svm,test_svm,test_conf_svm,val_mvm,val_conf_mvm,test_mvm,test_conf_mvm
0,5,0.3360267,0.004442438776545765,0.39205334,0.005296134763301874,0.33645338,0.004404580397559199,0.39192003,0.0053027124044017215,0.33601338,0.004386956900301886,0.39133337,0.0053301478728811635,0.33534667,0.00440744714818736,0.39045337,0.005338724112034843,0.33448005,0.0043718154881970395,0.39032006,0.005416748401079086,0.33404005,0.004372565424250574,0.39000008,0.005381713365091911,0.33297336,0.004382098016585789,0.38921338,0.005377965531957574,0.33280003,0.004433905945020744,0.3880534,0.005401725205494978,0.33152002,0.004420712334808563,0.38816002,0.005425860770625679,0.3311067,0.004409378787665064,0.38716003,0.005411490074822167,0.32992002,0.004424650422656051,0.38682672,0.005397717388371581,0.33621338,0.0044409111974417215,0.3918134,0.005256503136504054,0.32944003,0.004243117872247126,0.3814534,0.0051059008304692455,9.512151,0.010619885090564551,9.481067,0.010510714904352625,0.2443609,0.0008238903001248077,0.23256321,0.0010349889870863715,,,,,,,,
