,shots,val_acc,val_conf,test_acc,test_conf,val_acc_me1,val_conf_me1,test_acc_me1,test_conf_me1,val_acc_me2,val_conf_me2,test_acc_me2,test_conf_me2,val_acc_me3,val_conf_me3,test_acc_me3,test_conf_me3,val_acc_me4,val_conf_me4,test_acc_me4,test_conf_me4,val_acc_me5,val_conf_me5,test_acc_me5,test_conf_me5,val_acc_me6,val_conf_me6,test_acc_me6,test_conf_me6,val_acc_me7,val_conf_me7,test_acc_me7,test_conf_me7,val_acc_me8,val_conf_me8,test_acc_me8,test_conf_me8,val_acc_me9,val_conf_me9,test_acc_me9,test_conf_me9,val_acc_med,val_conf_med,test_acc_med,test_conf_med,val_acc_maj,val_conf_maj,test_acc_maj,test_conf_maj,val_acc_lin,val_conf_lin,test_acc_lin,test_conf_lin,val_nld,val_conf_nld,test_nld,test_conf_nld,val_mse,val_conf_mse,test_mse,test_conf_mse,val_svm,val_conf_svm,test_svm,test_conf_svm,val_mvm,val_conf_mvm,test_mvm,test_conf_mvm
0,5,0.45946667,0.00556536226829224,0.47641334,0.005699851570192316,0.4606667,0.005556825280717659,0.47772002,0.005706271281408937,0.46145338,0.005591936510946693,0.47814673,0.005748162413816205,0.46241337,0.0055976261427910234,0.4785867,0.005778828518151757,0.46265337,0.005605995041250145,0.4795467,0.005796786346506766,0.4635867,0.005603631172618417,0.48021337,0.005825777101087337,0.46424004,0.0056376396643648685,0.48098668,0.005864067709227927,0.46457335,0.005636152722189813,0.48008,0.005895890580690344,0.4640667,0.005614072092673672,0.4805334,0.005930482766507927,0.46372002,0.005607931298560687,0.48010668,0.0059402462504852815,0.46317336,0.005625651308524382,0.47936004,0.005978545632508214,0.4600267,0.0055058143902311785,0.4756134,0.005685207960467786,0.45549336,0.005352689362114915,0.47429332,0.005794425248574819,8.079468,0.015897288538509358,8.180255,0.01837103203770951,0.21542127,0.001085876581435996,0.21137445,0.0012472192739858279,,,,,,,,
