,shots,val_acc,val_conf,test_acc,test_conf,val_acc_me1,val_conf_me1,test_acc_me1,test_conf_me1,val_acc_me2,val_conf_me2,test_acc_me2,test_conf_me2,val_acc_me3,val_conf_me3,test_acc_me3,test_conf_me3,val_acc_me4,val_conf_me4,test_acc_me4,test_conf_me4,val_acc_me5,val_conf_me5,test_acc_me5,test_conf_me5,val_acc_me6,val_conf_me6,test_acc_me6,test_conf_me6,val_acc_me7,val_conf_me7,test_acc_me7,test_conf_me7,val_acc_me8,val_conf_me8,test_acc_me8,test_conf_me8,val_acc_me9,val_conf_me9,test_acc_me9,test_conf_me9,val_acc_med,val_conf_med,test_acc_med,test_conf_med,val_acc_maj,val_conf_maj,test_acc_maj,test_conf_maj,val_acc_lin,val_conf_lin,test_acc_lin,test_conf_lin,val_nld,val_conf_nld,test_nld,test_conf_nld,val_mse,val_conf_mse,test_mse,test_conf_mse,val_svm,val_conf_svm,test_svm,test_conf_svm,val_mvm,val_conf_mvm,test_mvm,test_conf_mvm
0,5,0.5972134,0.007306433943852553,0.6268667,0.006764714587836007,0.59788007,0.0073587539899496734,0.6289334,0.006785818545706146,0.59961337,0.007380943600320933,0.6305334,0.006796227140931532,0.6002134,0.0074062585599593556,0.63125336,0.006819712053414806,0.60108006,0.007449821347855434,0.6324667,0.006835437159590896,0.6016534,0.007479501544879197,0.63345337,0.006809191244851465,0.60204005,0.007505093112704975,0.6343334,0.006861718631643199,0.60248005,0.00751673466929903,0.63513345,0.006856805719282821,0.6024934,0.007522762788290671,0.63544005,0.006882740853871971,0.60256004,0.0075143574089521215,0.63544005,0.006880654978777323,0.6017334,0.007509350754585031,0.6350934,0.006936736249724129,0.59760004,0.0073454523224489865,0.6275734,0.006611218285959342,0.5827334,0.007140949747918568,0.6099734,0.006769145398447751,8.855621,0.01309217489598602,8.946148,0.015936654639919112,0.18485822,0.001653662911169279,0.17853412,0.0015547028688162323,,,,,,,,
