,shots,val_acc,val_conf,test_acc,test_conf,val_acc_me1,val_conf_me1,test_acc_me1,test_conf_me1,val_acc_me2,val_conf_me2,test_acc_me2,test_conf_me2,val_acc_me3,val_conf_me3,test_acc_me3,test_conf_me3,val_acc_me4,val_conf_me4,test_acc_me4,test_conf_me4,val_acc_me5,val_conf_me5,test_acc_me5,test_conf_me5,val_acc_me6,val_conf_me6,test_acc_me6,test_conf_me6,val_acc_me7,val_conf_me7,test_acc_me7,test_conf_me7,val_acc_me8,val_conf_me8,test_acc_me8,test_conf_me8,val_acc_me9,val_conf_me9,test_acc_me9,test_conf_me9,val_acc_med,val_conf_med,test_acc_med,test_conf_med,val_acc_maj,val_conf_maj,test_acc_maj,test_conf_maj,val_acc_lin,val_conf_lin,test_acc_lin,test_conf_lin,val_nld,val_conf_nld,test_nld,test_conf_nld,val_mse,val_conf_mse,test_mse,test_conf_mse,val_svm,val_conf_svm,test_svm,test_conf_svm,val_mvm,val_conf_mvm,test_mvm,test_conf_mvm
0,5,0.55784005,0.0057145311990129954,0.6037334,0.0060339684004917515,0.5576001,0.0057286202070131464,0.60386676,0.006027297479168525,0.5569867,0.0057173517713127175,0.60393333,0.006029002383053705,0.55670667,0.005717654701147157,0.6036534,0.006017707625706081,0.5568267,0.005700493910740567,0.6033867,0.006008189348652659,0.55623996,0.00570451696671237,0.6033467,0.005989986313373663,0.55557334,0.00569175743278727,0.60314673,0.005995479225539002,0.55468005,0.005680217468515769,0.60257334,0.0060023990480523315,0.55377334,0.005701306649320781,0.6017201,0.0060092629947883225,0.5532267,0.005698489309504007,0.6014,0.006004005592098016,0.5525734,0.005683162260518904,0.60124004,0.0060200599497556295,0.5593467,0.005762351628789131,0.60498667,0.0060036726463500445,0.5575067,0.0057244678517218706,0.59917337,0.005901117043900617,24.943716,0.03258390878606221,24.702942,0.029630616276175914,0.19229269,0.0013210012754441003,0.17948233,0.0013769889198299856,,,,,,,,
