,shots,val_acc,val_conf,test_acc,test_conf,val_acc_me1,val_conf_me1,test_acc_me1,test_conf_me1,val_acc_me2,val_conf_me2,test_acc_me2,test_conf_me2,val_acc_me3,val_conf_me3,test_acc_me3,test_conf_me3,val_acc_me4,val_conf_me4,test_acc_me4,test_conf_me4,val_acc_me5,val_conf_me5,test_acc_me5,test_conf_me5,val_acc_me6,val_conf_me6,test_acc_me6,test_conf_me6,val_acc_me7,val_conf_me7,test_acc_me7,test_conf_me7,val_acc_me8,val_conf_me8,test_acc_me8,test_conf_me8,val_acc_me9,val_conf_me9,test_acc_me9,test_conf_me9,val_acc_med,val_conf_med,test_acc_med,test_conf_med,val_acc_maj,val_conf_maj,test_acc_maj,test_conf_maj,val_acc_lin,val_conf_lin,test_acc_lin,test_conf_lin,val_nld,val_conf_nld,test_nld,test_conf_nld,val_mse,val_conf_mse,test_mse,test_conf_mse,val_svm,val_conf_svm,test_svm,test_conf_svm,val_mvm,val_conf_mvm,test_mvm,test_conf_mvm
0,5,0.29816002,0.004405643884462629,0.35400006,0.005419938861789431,0.29852003,0.0044191792143051245,0.35428002,0.005410310218531056,0.29822668,0.004423556919839089,0.35425335,0.005442955064239308,0.2983067,0.004451713693808423,0.35446668,0.005457851269420277,0.2981467,0.004432231057049041,0.3543067,0.005472354958809655,0.29837334,0.004446585590437646,0.35433337,0.005464585916836684,0.2978,0.004455007132191158,0.35353336,0.005475171375059873,0.2976267,0.00445589237074695,0.3534934,0.005478671230570609,0.29716003,0.004479022171884728,0.35340002,0.005483916626895569,0.29662672,0.004479126534906952,0.35272002,0.005523780992468641,0.29510668,0.004483803476009129,0.3521067,0.005570098317654759,0.2995467,0.0043564838213791535,0.3553334,0.005334507107083775,0.29710668,0.004225049215903887,0.3455867,0.005148454621889342,9.402431,0.010979326116167698,9.347114,0.009881776230537653,0.2499845,0.000879587251933267,0.24052106,0.0010293573090442154,,,,,,,,
