,shots,val_acc,val_conf,test_acc,test_conf,val_acc_me1,val_conf_me1,test_acc_me1,test_conf_me1,val_acc_me2,val_conf_me2,test_acc_me2,test_conf_me2,val_acc_me3,val_conf_me3,test_acc_me3,test_conf_me3,val_acc_me4,val_conf_me4,test_acc_me4,test_conf_me4,val_acc_me5,val_conf_me5,test_acc_me5,test_conf_me5,val_acc_me6,val_conf_me6,test_acc_me6,test_conf_me6,val_acc_me7,val_conf_me7,test_acc_me7,test_conf_me7,val_acc_me8,val_conf_me8,test_acc_me8,test_conf_me8,val_acc_me9,val_conf_me9,test_acc_me9,test_conf_me9,val_acc_med,val_conf_med,test_acc_med,test_conf_med,val_acc_maj,val_conf_maj,test_acc_maj,test_conf_maj,val_acc_lin,val_conf_lin,test_acc_lin,test_conf_lin,val_nld,val_conf_nld,test_nld,test_conf_nld,val_mse,val_conf_mse,test_mse,test_conf_mse,val_svm,val_conf_svm,test_svm,test_conf_svm,val_mvm,val_conf_mvm,test_mvm,test_conf_mvm
0,5,0.5622667,0.006179909927839344,0.5717867,0.006114154297089169,0.56357336,0.006162799933594143,0.57349336,0.006131087428336568,0.5646267,0.0061655951078132265,0.5753067,0.006137675228668704,0.5656133,0.006152118886231128,0.57621336,0.006161311606069142,0.56659997,0.0061619013033230585,0.57780004,0.0061748012193665325,0.5669734,0.006153213774397925,0.57928,0.006178249816932713,0.5667467,0.006144569653101395,0.5804667,0.006203739330652658,0.56768006,0.0061323342432039185,0.5818267,0.0062186230676849474,0.5676267,0.0061287988303802,0.5817067,0.006218754214137645,0.5671467,0.0061642711751375145,0.58205336,0.0062388750353957745,0.5671201,0.006163724423729033,0.5825067,0.006279197028203454,0.56233335,0.006219345758524675,0.5729067,0.006014073853042867,0.5527467,0.00624149196126722,0.5677334,0.005913698329477968,7.656081,0.018824335133654557,7.8244185,0.02403328936895388,0.19225717,0.0013266940243256142,0.18713322,0.0012823931912956665,,,,,,,,
