,shots,val_acc,val_conf,test_acc,test_conf,val_acc_me1,val_conf_me1,test_acc_me1,test_conf_me1,val_acc_me2,val_conf_me2,test_acc_me2,test_conf_me2,val_acc_me3,val_conf_me3,test_acc_me3,test_conf_me3,val_acc_me4,val_conf_me4,test_acc_me4,test_conf_me4,val_acc_me5,val_conf_me5,test_acc_me5,test_conf_me5,val_acc_me6,val_conf_me6,test_acc_me6,test_conf_me6,val_acc_me7,val_conf_me7,test_acc_me7,test_conf_me7,val_acc_me8,val_conf_me8,test_acc_me8,test_conf_me8,val_acc_me9,val_conf_me9,test_acc_me9,test_conf_me9,val_acc_med,val_conf_med,test_acc_med,test_conf_med,val_acc_maj,val_conf_maj,test_acc_maj,test_conf_maj,val_acc_lin,val_conf_lin,test_acc_lin,test_conf_lin,val_nld,val_conf_nld,test_nld,test_conf_nld,val_mse,val_conf_mse,test_mse,test_conf_mse,val_svm,val_conf_svm,test_svm,test_conf_svm,val_mvm,val_conf_mvm,test_mvm,test_conf_mvm
0,5,0.7516268,0.005948393031184662,0.8076935,0.005137530676518898,0.75141346,0.005950900514417823,0.80753344,0.005126721715186133,0.7513867,0.005942705708256835,0.8074535,0.0051205005707817275,0.7512935,0.005944425389207031,0.80712014,0.005099652902634366,0.7509601,0.005950616055914737,0.80704015,0.005107714715209433,0.75097346,0.005942589800652431,0.80650675,0.005122858898014004,0.7507201,0.005939305136152151,0.8060401,0.005128589166787378,0.7501068,0.005939526792128502,0.8056935,0.005154972231162236,0.7497068,0.005933917972358871,0.8052801,0.005152485989960209,0.7493868,0.00594050207842467,0.80486685,0.005175955201811799,0.74873346,0.005946632251522144,0.8045068,0.005189671550701713,0.7529201,0.005854414591455526,0.8082134,0.005071808294165092,0.74065346,0.005703505661319941,0.8036668,0.005057287057010917,4.637035,0.011270076878250102,4.7809105,0.012353414921527417,0.1554653,0.001317620906358119,0.14261581,0.0011454200725558306,,,,,,,,
