,shots,val_acc,val_conf,test_acc,test_conf,val_acc_me1,val_conf_me1,test_acc_me1,test_conf_me1,val_acc_me2,val_conf_me2,test_acc_me2,test_conf_me2,val_acc_me3,val_conf_me3,test_acc_me3,test_conf_me3,val_acc_me4,val_conf_me4,test_acc_me4,test_conf_me4,val_acc_me5,val_conf_me5,test_acc_me5,test_conf_me5,val_acc_me6,val_conf_me6,test_acc_me6,test_conf_me6,val_acc_me7,val_conf_me7,test_acc_me7,test_conf_me7,val_acc_me8,val_conf_me8,test_acc_me8,test_conf_me8,val_acc_me9,val_conf_me9,test_acc_me9,test_conf_me9,val_acc_med,val_conf_med,test_acc_med,test_conf_med,val_acc_maj,val_conf_maj,test_acc_maj,test_conf_maj,val_acc_lin,val_conf_lin,test_acc_lin,test_conf_lin,val_nld,val_conf_nld,test_nld,test_conf_nld,val_mse,val_conf_mse,test_mse,test_conf_mse,val_svm,val_conf_svm,test_svm,test_conf_svm,val_mvm,val_conf_mvm,test_mvm,test_conf_mvm
0,5,0.5494534,0.007234410066802921,0.53274673,0.007214195041754801,0.55026674,0.0072713471881376,0.53294665,0.007236528266727493,0.5504,0.007301580139752573,0.53356004,0.007271422920596238,0.55101335,0.007310942795839215,0.53383994,0.007294319059392151,0.5513601,0.007319370802558733,0.5343067,0.0073291513725175506,0.55192006,0.007350902288768779,0.5347467,0.007343644902674695,0.55241334,0.0073815494599897,0.53509337,0.007354612255673909,0.55281335,0.007405738591981459,0.53557336,0.00736757682137712,0.55268,0.0074231238090640694,0.53618664,0.007399538689608076,0.5525867,0.007453877190440328,0.5363067,0.007405775072860887,0.5525333,0.007466409526989626,0.5367467,0.007425005114163774,0.5500934,0.007136495386359409,0.53536004,0.007191647087555153,0.53514665,0.006957741385971383,0.5183201,0.006881702303265902,4.373352,0.009916527269804298,4.3491855,0.010600178027128315,0.20594025,0.001089735242558565,0.20865922,0.0010513764059377484,,,,,,,,
