,shots,val_acc,val_conf,test_acc,test_conf,val_acc_me1,val_conf_me1,test_acc_me1,test_conf_me1,val_acc_me2,val_conf_me2,test_acc_me2,test_conf_me2,val_acc_me3,val_conf_me3,test_acc_me3,test_conf_me3,val_acc_me4,val_conf_me4,test_acc_me4,test_conf_me4,val_acc_me5,val_conf_me5,test_acc_me5,test_conf_me5,val_acc_me6,val_conf_me6,test_acc_me6,test_conf_me6,val_acc_me7,val_conf_me7,test_acc_me7,test_conf_me7,val_acc_me8,val_conf_me8,test_acc_me8,test_conf_me8,val_acc_me9,val_conf_me9,test_acc_me9,test_conf_me9,val_acc_med,val_conf_med,test_acc_med,test_conf_med,val_acc_maj,val_conf_maj,test_acc_maj,test_conf_maj,val_acc_lin,val_conf_lin,test_acc_lin,test_conf_lin,val_nld,val_conf_nld,test_nld,test_conf_nld,val_mse,val_conf_mse,test_mse,test_conf_mse,val_svm,val_conf_svm,test_svm,test_conf_svm,val_mvm,val_conf_mvm,test_mvm,test_conf_mvm
0,5,0.46057338,0.00798800575283154,0.50508004,0.007432016369767425,0.46368006,0.008077434703645026,0.5060533,0.007474164715464027,0.46593335,0.00810321329370084,0.50702673,0.007491814072585257,0.46728003,0.008152662894903573,0.5074133,0.007569636100550947,0.46837336,0.008193219473619562,0.5083467,0.007667675924264428,0.4697867,0.008241206145377988,0.50835997,0.007740646918829919,0.47012,0.008281284316611626,0.50856,0.0077672271646670454,0.47048005,0.008300425233740694,0.5083734,0.007817572625441027,0.4707467,0.008326909428654772,0.5084533,0.007861540859060545,0.47024006,0.008380664697199058,0.50769335,0.007876960726485804,0.46990672,0.008389786764194718,0.5064267,0.007888261487016157,0.4652134,0.007850448824574696,0.50738674,0.007344683915064154,0.48028004,0.007836565771919213,0.5178667,0.007335058504288727,8.478702,0.023999104475992183,8.618666,0.02257761546364634,0.21176398,0.0014620896913667136,0.20358251,0.0014093124798182644,,,,,,,,
