,shots,val_acc,val_conf,test_acc,test_conf,val_acc_me1,val_conf_me1,test_acc_me1,test_conf_me1,val_acc_me2,val_conf_me2,test_acc_me2,test_conf_me2,val_acc_me3,val_conf_me3,test_acc_me3,test_conf_me3,val_acc_me4,val_conf_me4,test_acc_me4,test_conf_me4,val_acc_me5,val_conf_me5,test_acc_me5,test_conf_me5,val_acc_me6,val_conf_me6,test_acc_me6,test_conf_me6,val_acc_me7,val_conf_me7,test_acc_me7,test_conf_me7,val_acc_me8,val_conf_me8,test_acc_me8,test_conf_me8,val_acc_me9,val_conf_me9,test_acc_me9,test_conf_me9,val_acc_med,val_conf_med,test_acc_med,test_conf_med,val_acc_maj,val_conf_maj,test_acc_maj,test_conf_maj,val_acc_lin,val_conf_lin,test_acc_lin,test_conf_lin,val_nld,val_conf_nld,test_nld,test_conf_nld,val_mse,val_conf_mse,test_mse,test_conf_mse,val_svm,val_conf_svm,test_svm,test_conf_svm,val_mvm,val_conf_mvm,test_mvm,test_conf_mvm
0,5,0.3749334,0.005472787649746957,0.40534672,0.0060770144528927705,0.37524006,0.005505724342490748,0.40593338,0.006079981872276874,0.3748667,0.005512376792482621,0.40597337,0.006059050621355033,0.37521338,0.005507994007332484,0.40644002,0.006054785129159079,0.3752267,0.005507418163577138,0.40654668,0.0060954192874668744,0.37501338,0.005516861169955256,0.4066667,0.0061038292846382625,0.37521338,0.0055237338905736455,0.40653336,0.006123280058351055,0.3754134,0.005562246154690587,0.40674672,0.006148240368427316,0.37513337,0.0055756942074923765,0.40670672,0.006161126430972219,0.37509337,0.005583156163581349,0.40660003,0.006182502379196764,0.3754134,0.0055683878723701286,0.40654668,0.006168994756351298,0.37624004,0.0055453097909601845,0.40701336,0.005996335833531097,0.37129337,0.005282228159698921,0.39581338,0.005845905310877975,5.3513994,0.014899864351686887,5.2042847,0.013428296789304461,0.23340602,0.0008904059684378685,0.2276141,0.001031232033732149,,,,,,,,
