,shots,val_acc,val_conf,test_acc,test_conf,val_acc_me1,val_conf_me1,test_acc_me1,test_conf_me1,val_acc_me2,val_conf_me2,test_acc_me2,test_conf_me2,val_acc_me3,val_conf_me3,test_acc_me3,test_conf_me3,val_acc_me4,val_conf_me4,test_acc_me4,test_conf_me4,val_acc_me5,val_conf_me5,test_acc_me5,test_conf_me5,val_acc_me6,val_conf_me6,test_acc_me6,test_conf_me6,val_acc_me7,val_conf_me7,test_acc_me7,test_conf_me7,val_acc_me8,val_conf_me8,test_acc_me8,test_conf_me8,val_acc_me9,val_conf_me9,test_acc_me9,test_conf_me9,val_acc_med,val_conf_med,test_acc_med,test_conf_med,val_acc_maj,val_conf_maj,test_acc_maj,test_conf_maj,val_acc_lin,val_conf_lin,test_acc_lin,test_conf_lin,val_nld,val_conf_nld,test_nld,test_conf_nld,val_mse,val_conf_mse,test_mse,test_conf_mse,val_svm,val_conf_svm,test_svm,test_conf_svm,val_mvm,val_conf_mvm,test_mvm,test_conf_mvm
0,5,0.4865067,0.005869622038569999,0.517,0.006112020396533024,0.48713335,0.005869675605430946,0.51757336,0.0061548471018739725,0.4875334,0.005859242535691589,0.51800007,0.006179932555220313,0.48790666,0.005871572149379056,0.51834667,0.006164267019087899,0.48822668,0.005890807270298115,0.5186934,0.006147930511843591,0.48846668,0.0059157888224054545,0.51888,0.006160846128518749,0.48876005,0.005912528170635922,0.5188667,0.006175742795482941,0.48857337,0.005905019112651899,0.5189867,0.006171449134506735,0.48852003,0.005882932018169806,0.51904005,0.006180226249389076,0.48809335,0.0058878029082512495,0.519,0.006181805548220898,0.48788,0.0058752013042093765,0.51901335,0.0061929174393879904,0.48798668,0.005855066167669454,0.51637334,0.006124179150405307,0.48037335,0.005870399681620564,0.5087067,0.006048565370104564,4.8185763,0.01257103583559438,4.693264,0.01011741131052002,0.21511297,0.0008782524673503767,0.20874347,0.0009461496758038646,,,,,,,,
