,shots,val_acc,val_conf,test_acc,test_conf,val_acc_me1,val_conf_me1,test_acc_me1,test_conf_me1,val_acc_me2,val_conf_me2,test_acc_me2,test_conf_me2,val_acc_me3,val_conf_me3,test_acc_me3,test_conf_me3,val_acc_me4,val_conf_me4,test_acc_me4,test_conf_me4,val_acc_me5,val_conf_me5,test_acc_me5,test_conf_me5,val_acc_me6,val_conf_me6,test_acc_me6,test_conf_me6,val_acc_me7,val_conf_me7,test_acc_me7,test_conf_me7,val_acc_me8,val_conf_me8,test_acc_me8,test_conf_me8,val_acc_me9,val_conf_me9,test_acc_me9,test_conf_me9,val_acc_med,val_conf_med,test_acc_med,test_conf_med,val_acc_maj,val_conf_maj,test_acc_maj,test_conf_maj,val_acc_lin,val_conf_lin,test_acc_lin,test_conf_lin,val_nld,val_conf_nld,test_nld,test_conf_nld,val_mse,val_conf_mse,test_mse,test_conf_mse,val_svm,val_conf_svm,test_svm,test_conf_svm,val_mvm,val_conf_mvm,test_mvm,test_conf_mvm
0,5,0.82701343,0.00416363804229114,0.8117335,0.0043912404020458595,0.82690674,0.0041615323105153035,0.8116001,0.004388865912398732,0.82722676,0.004171094456980828,0.8116001,0.004393847168685072,0.8271201,0.004158176993172558,0.8117201,0.004382261026085077,0.8270935,0.004163773806576732,0.8118135,0.004380750994745886,0.82718676,0.004149671868644567,0.81173354,0.004403521528488552,0.8272668,0.004144520214326319,0.81174684,0.004398492246740604,0.8269868,0.004154935274517602,0.8113734,0.00439837957161926,0.8268001,0.004172869551925196,0.8110801,0.004397217263093056,0.8266801,0.004160654922275464,0.81054676,0.0043993063706706526,0.8266534,0.004173450937079881,0.81022674,0.004398482087508371,0.8277068,0.004133532081079361,0.8113468,0.004427919848308037,0.8188268,0.004173389981686371,0.80532014,0.004430775054354075,5.112587,0.015128495102815442,5.0677657,0.017099371382613526,0.13477801,0.0010475653084934533,0.13985294,0.0010260100729088673,,,,,,,,
