,shots,val_acc,val_conf,test_acc,test_conf,val_acc_me1,val_conf_me1,test_acc_me1,test_conf_me1,val_acc_me2,val_conf_me2,test_acc_me2,test_conf_me2,val_acc_me3,val_conf_me3,test_acc_me3,test_conf_me3,val_acc_me4,val_conf_me4,test_acc_me4,test_conf_me4,val_acc_me5,val_conf_me5,test_acc_me5,test_conf_me5,val_acc_me6,val_conf_me6,test_acc_me6,test_conf_me6,val_acc_me7,val_conf_me7,test_acc_me7,test_conf_me7,val_acc_me8,val_conf_me8,test_acc_me8,test_conf_me8,val_acc_me9,val_conf_me9,test_acc_me9,test_conf_me9,val_acc_med,val_conf_med,test_acc_med,test_conf_med,val_acc_maj,val_conf_maj,test_acc_maj,test_conf_maj,val_acc_lin,val_conf_lin,test_acc_lin,test_conf_lin,val_nld,val_conf_nld,test_nld,test_conf_nld,val_mse,val_conf_mse,test_mse,test_conf_mse,val_svm,val_conf_svm,test_svm,test_conf_svm,val_mvm,val_conf_mvm,test_mvm,test_conf_mvm
0,5,0.28101334,0.004825622851488576,0.30548003,0.005827028995570749,0.28144,0.004850076585302121,0.3051867,0.005830055061431971,0.28116003,0.004855647538842434,0.30565336,0.0058341307606981085,0.28090668,0.004865628984529857,0.30536005,0.005842688066737156,0.28081337,0.0048689930757551125,0.30523998,0.00585222527690521,0.28072003,0.004863500163589829,0.30521336,0.005867598504218752,0.28057337,0.004855205150456177,0.3052,0.005855515482804996,0.28060004,0.004834168151162277,0.3053067,0.005843927954855166,0.28060004,0.004851248591277335,0.30501336,0.0058549738110126315,0.28053334,0.004856278334808617,0.3046667,0.005881004072958329,0.28042668,0.004848147716524143,0.30453336,0.00589858231545376,0.28245336,0.004781356767650791,0.30644,0.0057392975601098795,0.27709332,0.004747806826705558,0.30017334,0.0055094033699157885,5.3585076,0.014485895955887784,5.2296033,0.013135528034269761,0.2514131,0.0008618884840007057,0.24688056,0.0010054019548401405,,,,,,,,
