,shots,val_acc,val_conf,test_acc,test_conf,val_acc_me1,val_conf_me1,test_acc_me1,test_conf_me1,val_acc_me2,val_conf_me2,test_acc_me2,test_conf_me2,val_acc_me3,val_conf_me3,test_acc_me3,test_conf_me3,val_acc_me4,val_conf_me4,test_acc_me4,test_conf_me4,val_acc_me5,val_conf_me5,test_acc_me5,test_conf_me5,val_acc_me6,val_conf_me6,test_acc_me6,test_conf_me6,val_acc_me7,val_conf_me7,test_acc_me7,test_conf_me7,val_acc_me8,val_conf_me8,test_acc_me8,test_conf_me8,val_acc_me9,val_conf_me9,test_acc_me9,test_conf_me9,val_acc_med,val_conf_med,test_acc_med,test_conf_med,val_acc_maj,val_conf_maj,test_acc_maj,test_conf_maj,val_acc_lin,val_conf_lin,test_acc_lin,test_conf_lin,val_nld,val_conf_nld,test_nld,test_conf_nld,val_mse,val_conf_mse,test_mse,test_conf_mse,val_svm,val_conf_svm,test_svm,test_conf_svm,val_mvm,val_conf_mvm,test_mvm,test_conf_mvm
0,5,0.45272005,0.007495718912036209,0.47616002,0.007302491238172282,0.45472002,0.007508808621009444,0.47724003,0.007328986977668428,0.45612004,0.007483462260107598,0.47853336,0.00736544846222037,0.4582,0.007538728021774521,0.47957337,0.007398742575226158,0.4592934,0.007584446875824324,0.4806267,0.0074182963266112845,0.46022668,0.007648643987990422,0.48133337,0.0074482406636736664,0.46077338,0.007692976568621168,0.48149335,0.007531183406477626,0.46088004,0.007748536948023355,0.48180005,0.007522161084671408,0.46057338,0.00781278485635073,0.48237336,0.00756708197720618,0.4601067,0.007845519749799412,0.48152003,0.007611699939906513,0.45952,0.007860352228887146,0.48021334,0.007665161976065427,0.45956007,0.007508887124167751,0.48144004,0.007086480100633619,0.4790667,0.0075611526798373685,0.50932,0.007368116184253037,8.514162,0.020893822463088796,8.606273,0.02024099019858383,0.21182607,0.0014461182238085513,0.20475075,0.0014153460247634808,,,,,,,,
