,shots,val_acc,val_conf,test_acc,test_conf,val_acc_me1,val_conf_me1,test_acc_me1,test_conf_me1,val_acc_me2,val_conf_me2,test_acc_me2,test_conf_me2,val_acc_me3,val_conf_me3,test_acc_me3,test_conf_me3,val_acc_me4,val_conf_me4,test_acc_me4,test_conf_me4,val_acc_me5,val_conf_me5,test_acc_me5,test_conf_me5,val_acc_me6,val_conf_me6,test_acc_me6,test_conf_me6,val_acc_me7,val_conf_me7,test_acc_me7,test_conf_me7,val_acc_me8,val_conf_me8,test_acc_me8,test_conf_me8,val_acc_me9,val_conf_me9,test_acc_me9,test_conf_me9,val_acc_med,val_conf_med,test_acc_med,test_conf_med,val_acc_maj,val_conf_maj,test_acc_maj,test_conf_maj,val_acc_lin,val_conf_lin,test_acc_lin,test_conf_lin,val_nld,val_conf_nld,test_nld,test_conf_nld,val_mse,val_conf_mse,test_mse,test_conf_mse,val_svm,val_conf_svm,test_svm,test_conf_svm,val_mvm,val_conf_mvm,test_mvm,test_conf_mvm
0,5,0.6935334,0.006334267917324388,0.75732005,0.006037310326119316,0.6939468,0.006323094147197228,0.7576401,0.006040766774001338,0.6943868,0.0063246549746976966,0.7578534,0.006041864894651194,0.6944934,0.006317445152281831,0.75833344,0.00603882543707468,0.6946134,0.006330489606493295,0.75892013,0.006053245543689689,0.69496006,0.006323484815855651,0.7592134,0.0060535323111091666,0.69542676,0.006358373928324945,0.75946677,0.006041939703543164,0.6956268,0.006363213878926355,0.75988007,0.006026902192677319,0.69598675,0.006336783250873279,0.7598801,0.006047058109464931,0.69612014,0.006342062819161276,0.75973344,0.006045740641755226,0.6963601,0.006365311298603071,0.75977343,0.006049420130963545,0.69288015,0.006320983335805219,0.7571334,0.006024511540615118,0.6632001,0.006425326963131028,0.73032016,0.0061159649493464086,24.195383,0.02867973984439942,24.439644,0.032860528056080085,0.16037808,0.001670905437217124,0.1426264,0.0016219076909580188,,,,,,,,
