,shots,val_acc,val_conf,test_acc,test_conf,val_acc_me1,val_conf_me1,test_acc_me1,test_conf_me1,val_acc_me2,val_conf_me2,test_acc_me2,test_conf_me2,val_acc_me3,val_conf_me3,test_acc_me3,test_conf_me3,val_acc_me4,val_conf_me4,test_acc_me4,test_conf_me4,val_acc_me5,val_conf_me5,test_acc_me5,test_conf_me5,val_acc_me6,val_conf_me6,test_acc_me6,test_conf_me6,val_acc_me7,val_conf_me7,test_acc_me7,test_conf_me7,val_acc_me8,val_conf_me8,test_acc_me8,test_conf_me8,val_acc_me9,val_conf_me9,test_acc_me9,test_conf_me9,val_acc_med,val_conf_med,test_acc_med,test_conf_med,val_acc_maj,val_conf_maj,test_acc_maj,test_conf_maj,val_acc_lin,val_conf_lin,test_acc_lin,test_conf_lin,val_nld,val_conf_nld,test_nld,test_conf_nld,val_mse,val_conf_mse,test_mse,test_conf_mse,val_svm,val_conf_svm,test_svm,test_conf_svm,val_mvm,val_conf_mvm,test_mvm,test_conf_mvm
0,5,0.38312003,0.007589585600210613,0.42596003,0.008738460850744478,0.3833067,0.0076099705615073066,0.42560002,0.008753132629249316,0.38336006,0.007625316081823763,0.42508003,0.00876075390057135,0.3837734,0.007649815070399135,0.42468002,0.008791675832846346,0.38365337,0.0076460159793201865,0.4243067,0.00880460761193641,0.3838667,0.0076639207025975264,0.42396003,0.008801195957032881,0.3837734,0.007688411379073834,0.4236534,0.00883016362244926,0.38357335,0.007711417884074756,0.42320004,0.008842366707516869,0.38366672,0.007730108562501781,0.4224667,0.00885431765891137,0.38324004,0.0077337589593631795,0.42197335,0.00887253223877238,0.38310668,0.007757357932317688,0.42185336,0.00887008848163251,0.38346666,0.007528775206650684,0.4272267,0.008557760433813622,0.37482673,0.007322049145606968,0.41869336,0.00822290105599327,4.567989,0.012493355575097453,4.687797,0.014897024384489477,0.23129024,0.0012053286033618105,0.2244938,0.0013636830962797386,,,,,,,,
