,shots,val_acc,val_conf,test_acc,test_conf,val_acc_me1,val_conf_me1,test_acc_me1,test_conf_me1,val_acc_me2,val_conf_me2,test_acc_me2,test_conf_me2,val_acc_me3,val_conf_me3,test_acc_me3,test_conf_me3,val_acc_me4,val_conf_me4,test_acc_me4,test_conf_me4,val_acc_me5,val_conf_me5,test_acc_me5,test_conf_me5,val_acc_me6,val_conf_me6,test_acc_me6,test_conf_me6,val_acc_me7,val_conf_me7,test_acc_me7,test_conf_me7,val_acc_me8,val_conf_me8,test_acc_me8,test_conf_me8,val_acc_me9,val_conf_me9,test_acc_me9,test_conf_me9,val_acc_med,val_conf_med,test_acc_med,test_conf_med,val_acc_maj,val_conf_maj,test_acc_maj,test_conf_maj,val_acc_lin,val_conf_lin,test_acc_lin,test_conf_lin,val_nld,val_conf_nld,test_nld,test_conf_nld,val_mse,val_conf_mse,test_mse,test_conf_mse,val_svm,val_conf_svm,test_svm,test_conf_svm,val_mvm,val_conf_mvm,test_mvm,test_conf_mvm
0,5,0.55024,0.007836200963124762,0.6058134,0.007834444339511748,0.5505067,0.007858018376168951,0.60618675,0.007864698533157743,0.5507867,0.007873161173623577,0.6066,0.007867968882376286,0.5509867,0.007876872064095264,0.60713345,0.007872347511476918,0.5511334,0.007896537567035122,0.6075734,0.007877581363219699,0.55104005,0.0079151123378578,0.60776,0.007896125656345676,0.55134666,0.00791525918494218,0.60792005,0.007916785840479723,0.55108,0.007935168509456192,0.60801345,0.00791897192254698,0.5514134,0.007955724330567904,0.60772,0.007934493382294683,0.5517333,0.007972305121169532,0.60733336,0.0079527264334871,0.55182666,0.008008650236333903,0.6074934,0.007967525664178354,0.54940003,0.007739503543418347,0.60557336,0.007744814974752878,0.53701335,0.007508017586243643,0.58868,0.007548534451597311,4.3367333,0.009478079742111234,4.3943872,0.010687519717497374,0.20484747,0.001258934485013713,0.19612019,0.001250491932120762,,,,,,,,
