,shots,val_acc,val_conf,test_acc,test_conf,val_acc_me1,val_conf_me1,test_acc_me1,test_conf_me1,val_acc_me2,val_conf_me2,test_acc_me2,test_conf_me2,val_acc_me3,val_conf_me3,test_acc_me3,test_conf_me3,val_acc_me4,val_conf_me4,test_acc_me4,test_conf_me4,val_acc_me5,val_conf_me5,test_acc_me5,test_conf_me5,val_acc_me6,val_conf_me6,test_acc_me6,test_conf_me6,val_acc_me7,val_conf_me7,test_acc_me7,test_conf_me7,val_acc_me8,val_conf_me8,test_acc_me8,test_conf_me8,val_acc_me9,val_conf_me9,test_acc_me9,test_conf_me9,val_acc_med,val_conf_med,test_acc_med,test_conf_med,val_acc_maj,val_conf_maj,test_acc_maj,test_conf_maj,val_acc_lin,val_conf_lin,test_acc_lin,test_conf_lin,val_nld,val_conf_nld,test_nld,test_conf_nld,val_mse,val_conf_mse,test_mse,test_conf_mse,val_svm,val_conf_svm,test_svm,test_conf_svm,val_mvm,val_conf_mvm,test_mvm,test_conf_mvm
0,5,0.39869335,0.006034580725126526,0.44001338,0.006644925233221133,0.39912006,0.006048342328778267,0.4404267,0.006632670890208969,0.39920008,0.006071398244590631,0.4411867,0.00665048233326293,0.3992934,0.006096555736129217,0.4415867,0.006637505761194262,0.39925337,0.006110034266627762,0.4420267,0.006630192961106063,0.3996267,0.006131720533219198,0.4420667,0.00663617351641943,0.4000267,0.006141901007502171,0.44225338,0.006667798744636244,0.39996,0.00615196557418074,0.44254673,0.006697264674216219,0.3998534,0.0061678292153420355,0.44312006,0.006726125667693872,0.39992005,0.006159238199123229,0.4431867,0.006720261019984852,0.40000007,0.006153799315602226,0.44361335,0.006718006132208243,0.40093336,0.006122119135174631,0.4407067,0.006561232554363694,0.38996002,0.005717296357318602,0.4212134,0.006238953538554082,24.359337,0.03021916091899257,23.998049,0.027101418145946354,0.23296328,0.0012920495415510713,0.22417057,0.001411927443110722,,,,,,,,
