,shots,val_acc,val_conf,test_acc,test_conf,val_acc_me1,val_conf_me1,test_acc_me1,test_conf_me1,val_acc_me2,val_conf_me2,test_acc_me2,test_conf_me2,val_acc_me3,val_conf_me3,test_acc_me3,test_conf_me3,val_acc_me4,val_conf_me4,test_acc_me4,test_conf_me4,val_acc_me5,val_conf_me5,test_acc_me5,test_conf_me5,val_acc_me6,val_conf_me6,test_acc_me6,test_conf_me6,val_acc_me7,val_conf_me7,test_acc_me7,test_conf_me7,val_acc_me8,val_conf_me8,test_acc_me8,test_conf_me8,val_acc_me9,val_conf_me9,test_acc_me9,test_conf_me9,val_acc_med,val_conf_med,test_acc_med,test_conf_med,val_acc_maj,val_conf_maj,test_acc_maj,test_conf_maj,val_acc_lin,val_conf_lin,test_acc_lin,test_conf_lin,val_nld,val_conf_nld,test_nld,test_conf_nld,val_mse,val_conf_mse,test_mse,test_conf_mse,val_svm,val_conf_svm,test_svm,test_conf_svm,val_mvm,val_conf_mvm,test_mvm,test_conf_mvm
0,5,0.5953334,0.006621866546709154,0.6300934,0.006082003559494953,0.59578675,0.006646218688200145,0.6308667,0.006055804284867294,0.59612,0.00664746134701788,0.63154674,0.006079366776942319,0.5967467,0.006605895310042631,0.6314267,0.00608978784031633,0.5968267,0.006608838254912652,0.6309867,0.006113398357852962,0.59658664,0.006626869968593185,0.63077337,0.006110273008585687,0.5961467,0.0066496806774816175,0.6307068,0.006105350860559633,0.59552,0.006644004899135747,0.63036007,0.006105635319062719,0.5951067,0.006608784688051705,0.62904006,0.0061381328559032555,0.59392005,0.006626539331761716,0.6284801,0.006161542035928003,0.59342676,0.006619825002809776,0.6280267,0.006136310659063948,0.5947067,0.006631248597693706,0.63046676,0.006042695642779372,0.5876134,0.006505764993401608,0.6221734,0.005988242157909385,8.668083,0.015795108827653337,8.735412,0.016579682321735234,0.18291366,0.001481199438124109,0.17291088,0.001502453244669938,,,,,,,,
