,shots,val_acc,val_conf,test_acc,test_conf,val_acc_me1,val_conf_me1,test_acc_me1,test_conf_me1,val_acc_me2,val_conf_me2,test_acc_me2,test_conf_me2,val_acc_me3,val_conf_me3,test_acc_me3,test_conf_me3,val_acc_me4,val_conf_me4,test_acc_me4,test_conf_me4,val_acc_me5,val_conf_me5,test_acc_me5,test_conf_me5,val_acc_me6,val_conf_me6,test_acc_me6,test_conf_me6,val_acc_me7,val_conf_me7,test_acc_me7,test_conf_me7,val_acc_me8,val_conf_me8,test_acc_me8,test_conf_me8,val_acc_me9,val_conf_me9,test_acc_me9,test_conf_me9,val_acc_med,val_conf_med,test_acc_med,test_conf_med,val_acc_maj,val_conf_maj,test_acc_maj,test_conf_maj,val_acc_lin,val_conf_lin,test_acc_lin,test_conf_lin,val_nld,val_conf_nld,test_nld,test_conf_nld,val_mse,val_conf_mse,test_mse,test_conf_mse,val_svm,val_conf_svm,test_svm,test_conf_svm,val_mvm,val_conf_mvm,test_mvm,test_conf_mvm
0,5,0.7272535,0.005949223317529673,0.7212534,0.005704798654515675,0.72790676,0.005947802872147467,0.72236013,0.0057134497025613795,0.7286935,0.005956276133628813,0.7232801,0.005728733343917769,0.72953343,0.005964584076694424,0.7241468,0.005702947365329392,0.73017347,0.0059590260530861805,0.7247468,0.005719404859794164,0.7306401,0.005958473298494971,0.72542673,0.0057234722469612365,0.7311334,0.005976263037734575,0.72629344,0.005731938581693297,0.7317468,0.006009745558320345,0.7263867,0.00573136273793784,0.7320134,0.006009083822874017,0.72676015,0.005716337695220619,0.7322935,0.0060168556355467695,0.72674674,0.005726971640688694,0.73224014,0.006033497381541908,0.72696006,0.005723243664235489,0.72608006,0.0058820832604934425,0.72081345,0.005690527703901549,0.7082268,0.005838996571163491,0.70373344,0.00576039412944751,4.868761,0.011642370256218726,4.836043,0.01218890000870676,0.1661526,0.0011760369969716078,0.16781738,0.001102014983651367,,,,,,,,
