,shots,val_acc,val_conf,test_acc,test_conf,val_acc_me1,val_conf_me1,test_acc_me1,test_conf_me1,val_acc_me2,val_conf_me2,test_acc_me2,test_conf_me2,val_acc_me3,val_conf_me3,test_acc_me3,test_conf_me3,val_acc_me4,val_conf_me4,test_acc_me4,test_conf_me4,val_acc_me5,val_conf_me5,test_acc_me5,test_conf_me5,val_acc_me6,val_conf_me6,test_acc_me6,test_conf_me6,val_acc_me7,val_conf_me7,test_acc_me7,test_conf_me7,val_acc_me8,val_conf_me8,test_acc_me8,test_conf_me8,val_acc_me9,val_conf_me9,test_acc_me9,test_conf_me9,val_acc_med,val_conf_med,test_acc_med,test_conf_med,val_acc_maj,val_conf_maj,test_acc_maj,test_conf_maj,val_acc_lin,val_conf_lin,test_acc_lin,test_conf_lin,val_nld,val_conf_nld,test_nld,test_conf_nld,val_mse,val_conf_mse,test_mse,test_conf_mse,val_svm,val_conf_svm,test_svm,test_conf_svm,val_mvm,val_conf_mvm,test_mvm,test_conf_mvm
0,5,0.54154676,0.007121805136523274,0.5382001,0.006909542293902282,0.54209334,0.007119828242283632,0.53864,0.006918629727151515,0.5429067,0.007124200868201536,0.53969336,0.006924056142523893,0.5431067,0.007142277374860617,0.54004,0.0069297069845724035,0.54384005,0.00717090239708007,0.54077333,0.006942157123697057,0.54412,0.007191058775651071,0.54080003,0.006952870957673163,0.54465336,0.0071895219608812955,0.5411467,0.006975948115516606,0.5454,0.007188750782796793,0.54134667,0.007004074411789185,0.54557335,0.007216526585556604,0.5413734,0.007017510920008796,0.5455067,0.007229689256288752,0.54165334,0.007023997128018378,0.5458134,0.00725152098461479,0.5420267,0.007031889466128205,0.54188,0.007060568978775272,0.53958666,0.006868523008335514,0.5250533,0.006748656997695446,0.52357334,0.006700819020154514,4.3608174,0.010080728169991282,4.348209,0.01041049777245373,0.20730859,0.001048574766752658,0.20781466,0.0010412739730298326,,,,,,,,
