,shots,val_acc,val_conf,test_acc,test_conf,val_acc_me1,val_conf_me1,test_acc_me1,test_conf_me1,val_acc_me2,val_conf_me2,test_acc_me2,test_conf_me2,val_acc_me3,val_conf_me3,test_acc_me3,test_conf_me3,val_acc_me4,val_conf_me4,test_acc_me4,test_conf_me4,val_acc_me5,val_conf_me5,test_acc_me5,test_conf_me5,val_acc_me6,val_conf_me6,test_acc_me6,test_conf_me6,val_acc_me7,val_conf_me7,test_acc_me7,test_conf_me7,val_acc_me8,val_conf_me8,test_acc_me8,test_conf_me8,val_acc_me9,val_conf_me9,test_acc_me9,test_conf_me9,val_acc_med,val_conf_med,test_acc_med,test_conf_med,val_acc_maj,val_conf_maj,test_acc_maj,test_conf_maj,val_acc_lin,val_conf_lin,test_acc_lin,test_conf_lin,val_nld,val_conf_nld,test_nld,test_conf_nld,val_mse,val_conf_mse,test_mse,test_conf_mse,val_svm,val_conf_svm,test_svm,test_conf_svm,val_mvm,val_conf_mvm,test_mvm,test_conf_mvm
0,5,0.3786401,0.007595723623623873,0.41536003,0.00816401814586143,0.37833336,0.007574850095612595,0.41513336,0.008159322733427954,0.3784267,0.007596734929016247,0.41484,0.00815787550461533,0.3786667,0.00760976830042881,0.41472003,0.008186773902539024,0.37866673,0.007606624018046848,0.4149067,0.008201995203152068,0.3788267,0.007600791695167752,0.41456005,0.00821354902092214,0.37833336,0.007596118910115135,0.41412002,0.008228350098746506,0.37802672,0.007612467885508123,0.41417333,0.008254706841474169,0.37773338,0.007627046383789526,0.4141067,0.008256678656097582,0.37744004,0.007638333290821364,0.4143067,0.008256223337779367,0.37756005,0.007634813578629385,0.41388005,0.008272752408653161,0.3815467,0.007533955953315852,0.4189734,0.008127813412815488,0.3760667,0.007166607812537251,0.4074,0.007816057976268997,4.5215154,0.011241507270025153,4.5827756,0.012436044575264482,0.23235075,0.0011896279716998304,0.22673629,0.0012444815917855845,,,,,,,,
