,shots,val_acc,val_conf,test_acc,test_conf,val_acc_me1,val_conf_me1,test_acc_me1,test_conf_me1,val_acc_me2,val_conf_me2,test_acc_me2,test_conf_me2,val_acc_me3,val_conf_me3,test_acc_me3,test_conf_me3,val_acc_me4,val_conf_me4,test_acc_me4,test_conf_me4,val_acc_me5,val_conf_me5,test_acc_me5,test_conf_me5,val_acc_me6,val_conf_me6,test_acc_me6,test_conf_me6,val_acc_me7,val_conf_me7,test_acc_me7,test_conf_me7,val_acc_me8,val_conf_me8,test_acc_me8,test_conf_me8,val_acc_me9,val_conf_me9,test_acc_me9,test_conf_me9,val_acc_med,val_conf_med,test_acc_med,test_conf_med,val_acc_maj,val_conf_maj,test_acc_maj,test_conf_maj,val_acc_lin,val_conf_lin,test_acc_lin,test_conf_lin,val_nld,val_conf_nld,test_nld,test_conf_nld,val_mse,val_conf_mse,test_mse,test_conf_mse,val_svm,val_conf_svm,test_svm,test_conf_svm,val_mvm,val_conf_mvm,test_mvm,test_conf_mvm
0,5,0.7593468,0.005661822793173843,0.81593347,0.005175902558517409,0.7589067,0.005661622379228515,0.8155067,0.005175998609440513,0.7584535,0.00566664704314368,0.81505346,0.0051912919482458575,0.75785345,0.005678248886375248,0.8147334,0.005210981463916631,0.7575867,0.005688422433908991,0.8139468,0.005224078099639096,0.75750685,0.005688770618505257,0.81356007,0.005233283749409123,0.7569868,0.005693868705962557,0.8128668,0.005231132301088182,0.75685346,0.005699592047986646,0.8123601,0.005249909794772578,0.7562935,0.005698176682220613,0.8118801,0.005261710204816472,0.7557601,0.005717230322308975,0.81144005,0.005249269301357495,0.7556134,0.005695059645052458,0.8110801,0.005246703633430605,0.7593068,0.005605806171886885,0.81676006,0.005119861924499758,0.74653345,0.005395439873214003,0.80958676,0.00518665980012234,4.536563,0.010595173219894782,4.671359,0.011100183113735618,0.15649885,0.0012167521982457408,0.14337668,0.001121887480948408,,,,,,,,
