,shots,val_acc,val_conf,test_acc,test_conf,val_acc_me1,val_conf_me1,test_acc_me1,test_conf_me1,val_acc_me2,val_conf_me2,test_acc_me2,test_conf_me2,val_acc_me3,val_conf_me3,test_acc_me3,test_conf_me3,val_acc_me4,val_conf_me4,test_acc_me4,test_conf_me4,val_acc_me5,val_conf_me5,test_acc_me5,test_conf_me5,val_acc_me6,val_conf_me6,test_acc_me6,test_conf_me6,val_acc_me7,val_conf_me7,test_acc_me7,test_conf_me7,val_acc_me8,val_conf_me8,test_acc_me8,test_conf_me8,val_acc_me9,val_conf_me9,test_acc_me9,test_conf_me9,val_acc_med,val_conf_med,test_acc_med,test_conf_med,val_acc_maj,val_conf_maj,test_acc_maj,test_conf_maj,val_acc_lin,val_conf_lin,test_acc_lin,test_conf_lin,val_nld,val_conf_nld,test_nld,test_conf_nld,val_mse,val_conf_mse,test_mse,test_conf_mse,val_svm,val_conf_svm,test_svm,test_conf_svm,val_mvm,val_conf_mvm,test_mvm,test_conf_mvm
0,5,0.57769334,0.007590613068017893,0.5766267,0.007429033249751638,0.57848006,0.007607567441296426,0.5769734,0.007448354262361567,0.57914674,0.007623675365815097,0.57753336,0.007458869529525569,0.5795734,0.0076373409185436225,0.5780267,0.007463831390914,0.5800801,0.007676935140895513,0.57841337,0.007504831281582858,0.58032006,0.00768127313306699,0.5788,0.007529206512238096,0.5806533,0.007685195982066073,0.5793068,0.007532718835897567,0.58093333,0.007694419179600898,0.5793201,0.007563245019897913,0.5815201,0.0077174797132461,0.57942677,0.0075779075627371295,0.58190674,0.0077223741542751245,0.57985336,0.007603651519046628,0.58157337,0.007748467680530724,0.5798534,0.007604551072884158,0.5774534,0.007541979899661655,0.57705337,0.00735826357610192,0.55832,0.007398148721922682,0.5590667,0.007153150985853118,4.6354136,0.011794254472651033,4.6162734,0.011729393316121772,0.1994266,0.0012618157818153342,0.199868,0.0011862280922700918,,,,,,,,
