,shots,val_acc,val_conf,test_acc,test_conf,val_acc_me1,val_conf_me1,test_acc_me1,test_conf_me1,val_acc_me2,val_conf_me2,test_acc_me2,test_conf_me2,val_acc_me3,val_conf_me3,test_acc_me3,test_conf_me3,val_acc_me4,val_conf_me4,test_acc_me4,test_conf_me4,val_acc_me5,val_conf_me5,test_acc_me5,test_conf_me5,val_acc_me6,val_conf_me6,test_acc_me6,test_conf_me6,val_acc_me7,val_conf_me7,test_acc_me7,test_conf_me7,val_acc_me8,val_conf_me8,test_acc_me8,test_conf_me8,val_acc_me9,val_conf_me9,test_acc_me9,test_conf_me9,val_acc_med,val_conf_med,test_acc_med,test_conf_med,val_acc_maj,val_conf_maj,test_acc_maj,test_conf_maj,val_acc_lin,val_conf_lin,test_acc_lin,test_conf_lin,val_nld,val_conf_nld,test_nld,test_conf_nld,val_mse,val_conf_mse,test_mse,test_conf_mse,val_svm,val_conf_svm,test_svm,test_conf_svm,val_mvm,val_conf_mvm,test_mvm,test_conf_mvm
0,5,0.5589734,0.005617243158486107,0.59540004,0.005844768862215632,0.55864,0.005611917411869727,0.59517336,0.005844709292171957,0.55829334,0.005614476153047332,0.59536,0.005817742071942633,0.55812,0.005614933318498605,0.5953067,0.005794264547991923,0.5580001,0.005617269018350024,0.59482664,0.005802479672617378,0.55750674,0.005612675198239048,0.5944134,0.005815423458072844,0.55722666,0.005622088188703689,0.5942001,0.005805678907210177,0.5571334,0.005610649354971353,0.59393334,0.005812163268086534,0.55676,0.005604503481242196,0.59360003,0.005826002913113304,0.55616003,0.005590770969937431,0.5928,0.005820414873591528,0.55564004,0.0056036574942656125,0.5922001,0.005835100043811603,0.55988,0.005494311830405607,0.5962134,0.005880994375509374,0.55964,0.005572474192651833,0.59160006,0.005767243299118374,5.0110536,0.012840574120734694,4.919877,0.012701166365075345,0.1990693,0.0009389784122922629,0.19014865,0.0010360499341817708,,,,,,,,
