,shots,val_acc,val_conf,test_acc,test_conf,val_acc_me1,val_conf_me1,test_acc_me1,test_conf_me1,val_acc_me2,val_conf_me2,test_acc_me2,test_conf_me2,val_acc_me3,val_conf_me3,test_acc_me3,test_conf_me3,val_acc_me4,val_conf_me4,test_acc_me4,test_conf_me4,val_acc_me5,val_conf_me5,test_acc_me5,test_conf_me5,val_acc_me6,val_conf_me6,test_acc_me6,test_conf_me6,val_acc_me7,val_conf_me7,test_acc_me7,test_conf_me7,val_acc_me8,val_conf_me8,test_acc_me8,test_conf_me8,val_acc_me9,val_conf_me9,test_acc_me9,test_conf_me9,val_acc_med,val_conf_med,test_acc_med,test_conf_med,val_acc_maj,val_conf_maj,test_acc_maj,test_conf_maj,val_acc_lin,val_conf_lin,test_acc_lin,test_conf_lin,val_nld,val_conf_nld,test_nld,test_conf_nld,val_mse,val_conf_mse,test_mse,test_conf_mse,val_svm,val_conf_svm,test_svm,test_conf_svm,val_mvm,val_conf_mvm,test_mvm,test_conf_mvm
0,5,0.56748,0.005757229528601027,0.60182667,0.005863001451624772,0.5673467,0.0057533759470945744,0.60204005,0.005868092150549509,0.56693333,0.0057635970583065355,0.6016667,0.005876228772016656,0.5670667,0.005768665591633582,0.6016267,0.005885397017340699,0.5667734,0.005751982285142954,0.6014934,0.005870646273894331,0.56618667,0.005776576401074873,0.6014667,0.005846284434954274,0.5657467,0.005756098621338079,0.60108006,0.005829923453195995,0.56534666,0.005766834159128598,0.60097337,0.0058371438966273725,0.56493336,0.005785940904294629,0.60078675,0.005828813787964071,0.5648267,0.005783805618388649,0.60009336,0.005831711939855544,0.56468004,0.005775930828043507,0.5995333,0.005838671937514639,0.5678933,0.005749104913499226,0.60245335,0.005943479195257728,0.56752,0.005569138731990164,0.5998401,0.005756966312129075,5.258444,0.013921897865326827,5.1350284,0.01388206905706646,0.19826837,0.0009480112396682006,0.18823391,0.0010106083304775582,,,,,,,,
