,shots,val_acc,val_conf,test_acc,test_conf,val_acc_me1,val_conf_me1,test_acc_me1,test_conf_me1,val_acc_me2,val_conf_me2,test_acc_me2,test_conf_me2,val_acc_me3,val_conf_me3,test_acc_me3,test_conf_me3,val_acc_me4,val_conf_me4,test_acc_me4,test_conf_me4,val_acc_me5,val_conf_me5,test_acc_me5,test_conf_me5,val_acc_me6,val_conf_me6,test_acc_me6,test_conf_me6,val_acc_me7,val_conf_me7,test_acc_me7,test_conf_me7,val_acc_me8,val_conf_me8,test_acc_me8,test_conf_me8,val_acc_me9,val_conf_me9,test_acc_me9,test_conf_me9,val_acc_med,val_conf_med,test_acc_med,test_conf_med,val_acc_maj,val_conf_maj,test_acc_maj,test_conf_maj,val_acc_lin,val_conf_lin,test_acc_lin,test_conf_lin,val_nld,val_conf_nld,test_nld,test_conf_nld,val_mse,val_conf_mse,test_mse,test_conf_mse,val_svm,val_conf_svm,test_svm,test_conf_svm,val_mvm,val_conf_mvm,test_mvm,test_conf_mvm
0,5,0.36269337,0.004595677865133263,0.4235067,0.005428970419261325,0.36300007,0.004606908434604373,0.42373335,0.005429647855339226,0.3632134,0.004624868571875829,0.42410672,0.00543188473356776,0.36305335,0.004623364081935977,0.42366672,0.005428437983134693,0.36288002,0.004592415366230562,0.42398673,0.00543713428594228,0.36288005,0.004576011900410071,0.42408,0.005441769666548857,0.36308008,0.004552969838096221,0.42432004,0.005440428647891571,0.36274672,0.0045514625774567,0.42389336,0.0053946054308195435,0.36224005,0.004558982256456234,0.4236534,0.005371377731625493,0.36172003,0.004521383861458617,0.42360005,0.005347153042320918,0.36126673,0.004512273800828415,0.42357337,0.0053499057324779,0.36402673,0.0046020403152226,0.4251334,0.005430037138647759,0.37078676,0.004567277731373165,0.43753335,0.005461106841573693,7.388122,0.01990478980210586,7.2295923,0.01867347053471491,0.23357438,0.0007833246011889339,0.21724303,0.0010902420497129472,,,,,,,,
