,shots,val_acc,val_conf,test_acc,test_conf,val_acc_me1,val_conf_me1,test_acc_me1,test_conf_me1,val_acc_me2,val_conf_me2,test_acc_me2,test_conf_me2,val_acc_me3,val_conf_me3,test_acc_me3,test_conf_me3,val_acc_me4,val_conf_me4,test_acc_me4,test_conf_me4,val_acc_me5,val_conf_me5,test_acc_me5,test_conf_me5,val_acc_me6,val_conf_me6,test_acc_me6,test_conf_me6,val_acc_me7,val_conf_me7,test_acc_me7,test_conf_me7,val_acc_me8,val_conf_me8,test_acc_me8,test_conf_me8,val_acc_me9,val_conf_me9,test_acc_me9,test_conf_me9,val_acc_med,val_conf_med,test_acc_med,test_conf_med,val_acc_maj,val_conf_maj,test_acc_maj,test_conf_maj,val_acc_lin,val_conf_lin,test_acc_lin,test_conf_lin,val_nld,val_conf_nld,test_nld,test_conf_nld,val_mse,val_conf_mse,test_mse,test_conf_mse,val_svm,val_conf_svm,test_svm,test_conf_svm,val_mvm,val_conf_mvm,test_mvm,test_conf_mvm
0,5,0.38525337,0.007824964852254146,0.41837335,0.008510213379741782,0.3852267,0.007844926820062492,0.41793334,0.008533913021452233,0.38512006,0.007865039329221502,0.4176267,0.00854385336842739,0.38492,0.007912669504284542,0.41724002,0.00854700642469175,0.38480002,0.007934521089291713,0.41716003,0.008568074825249017,0.38437337,0.007940551055416523,0.4168667,0.008590869371722487,0.3841867,0.007962945697565893,0.41669336,0.008592529020845785,0.3839734,0.007962507003445918,0.4164267,0.008615318949486472,0.38344005,0.007981982251672737,0.4158267,0.008625464328239796,0.38304004,0.007972666235697812,0.41510668,0.008654868840642982,0.3827467,0.007974876330495873,0.4146267,0.008660328042628507,0.38594672,0.007759885734015259,0.42138672,0.008474959920261205,0.37865338,0.007433256719668768,0.41173336,0.008197806828764587,4.6553826,0.012018637741131322,4.7656455,0.014607706997721515,0.23110792,0.0012444855169435054,0.22523163,0.0013691330625995868,,,,,,,,
