,shots,val_acc,val_conf,test_acc,test_conf,val_acc_me1,val_conf_me1,test_acc_me1,test_conf_me1,val_acc_me2,val_conf_me2,test_acc_me2,test_conf_me2,val_acc_me3,val_conf_me3,test_acc_me3,test_conf_me3,val_acc_me4,val_conf_me4,test_acc_me4,test_conf_me4,val_acc_me5,val_conf_me5,test_acc_me5,test_conf_me5,val_acc_me6,val_conf_me6,test_acc_me6,test_conf_me6,val_acc_me7,val_conf_me7,test_acc_me7,test_conf_me7,val_acc_me8,val_conf_me8,test_acc_me8,test_conf_me8,val_acc_me9,val_conf_me9,test_acc_me9,test_conf_me9,val_acc_med,val_conf_med,test_acc_med,test_conf_med,val_acc_maj,val_conf_maj,test_acc_maj,test_conf_maj,val_acc_lin,val_conf_lin,test_acc_lin,test_conf_lin,val_nld,val_conf_nld,test_nld,test_conf_nld,val_mse,val_conf_mse,test_mse,test_conf_mse,val_svm,val_conf_svm,test_svm,test_conf_svm,val_mvm,val_conf_mvm,test_mvm,test_conf_mvm
0,5,0.27726668,0.004916614938719033,0.3053067,0.005929975728461934,0.27716005,0.004909564893319507,0.3051467,0.005936969436300732,0.27704,0.004916597390954236,0.30522668,0.005933014262471781,0.27716005,0.004929574424806127,0.30505335,0.00594786059505803,0.27673337,0.004966004508094757,0.30522668,0.005965074952325566,0.27688003,0.004970701305878122,0.30465335,0.005940836871305699,0.2768667,0.00495475916155852,0.3047467,0.005945039099191751,0.27676,0.0049449656616676885,0.3041867,0.005941366536732662,0.27633333,0.0049605226787283185,0.30381337,0.005966098264083286,0.27620003,0.0049627549391240144,0.3035467,0.005963751481433077,0.27606672,0.004936111890760209,0.3031867,0.00597335149412781,0.2788667,0.004853277667028033,0.30656004,0.00597444130267849,0.2733067,0.004509395967401408,0.29814667,0.005515903893207164,5.798612,0.019727319097464502,5.6022043,0.016698005976206076,0.25193447,0.0008077807593647179,0.24697302,0.001009518637372725,,,,,,,,
