,shots,val_acc,val_conf,test_acc,test_conf,val_acc_me1,val_conf_me1,test_acc_me1,test_conf_me1,val_acc_me2,val_conf_me2,test_acc_me2,test_conf_me2,val_acc_me3,val_conf_me3,test_acc_me3,test_conf_me3,val_acc_me4,val_conf_me4,test_acc_me4,test_conf_me4,val_acc_me5,val_conf_me5,test_acc_me5,test_conf_me5,val_acc_me6,val_conf_me6,test_acc_me6,test_conf_me6,val_acc_me7,val_conf_me7,test_acc_me7,test_conf_me7,val_acc_me8,val_conf_me8,test_acc_me8,test_conf_me8,val_acc_me9,val_conf_me9,test_acc_me9,test_conf_me9,val_acc_med,val_conf_med,test_acc_med,test_conf_med,val_acc_maj,val_conf_maj,test_acc_maj,test_conf_maj,val_acc_lin,val_conf_lin,test_acc_lin,test_conf_lin,val_nld,val_conf_nld,test_nld,test_conf_nld,val_mse,val_conf_mse,test_mse,test_conf_mse,val_svm,val_conf_svm,test_svm,test_conf_svm,val_mvm,val_conf_mvm,test_mvm,test_conf_mvm
0,5,0.40673336,0.005207832101918497,0.47857335,0.006441752132765877,0.4062534,0.005258196034023888,0.47885337,0.006451139725149879,0.40610668,0.005260872991722232,0.47884002,0.006474243204640517,0.40629336,0.005267689374779949,0.47929335,0.00646255223723502,0.40626672,0.005258849919154263,0.4791067,0.006435326418366583,0.40614673,0.005285649512051405,0.4791067,0.006427035099499212,0.4056534,0.005315682511504327,0.47914666,0.006432744126241452,0.40525338,0.005290192536001104,0.47885334,0.0064218261840536806,0.40424004,0.005295108219061151,0.47804004,0.006416543383282736,0.4039734,0.005291512774410589,0.47676,0.006428175704211114,0.40313336,0.005292195751887885,0.47646672,0.006452738418879722,0.4085334,0.005248915575361779,0.47932002,0.006280816502181041,0.42144004,0.0053290474433149715,0.48350668,0.006275014195215367,8.406182,0.01968704790081688,8.518501,0.020226951986744623,0.22215188,0.001143385339959918,0.20595065,0.001468413005322744,,,,,,,,
