,shots,val_acc,val_conf,test_acc,test_conf,val_acc_me1,val_conf_me1,test_acc_me1,test_conf_me1,val_acc_me2,val_conf_me2,test_acc_me2,test_conf_me2,val_acc_me3,val_conf_me3,test_acc_me3,test_conf_me3,val_acc_me4,val_conf_me4,test_acc_me4,test_conf_me4,val_acc_me5,val_conf_me5,test_acc_me5,test_conf_me5,val_acc_me6,val_conf_me6,test_acc_me6,test_conf_me6,val_acc_me7,val_conf_me7,test_acc_me7,test_conf_me7,val_acc_me8,val_conf_me8,test_acc_me8,test_conf_me8,val_acc_me9,val_conf_me9,test_acc_me9,test_conf_me9,val_acc_med,val_conf_med,test_acc_med,test_conf_med,val_acc_maj,val_conf_maj,test_acc_maj,test_conf_maj,val_acc_lin,val_conf_lin,test_acc_lin,test_conf_lin,val_nld,val_conf_nld,test_nld,test_conf_nld,val_mse,val_conf_mse,test_mse,test_conf_mse,val_svm,val_conf_svm,test_svm,test_conf_svm,val_mvm,val_conf_mvm,test_mvm,test_conf_mvm
0,5,0.56964004,0.006389257994370623,0.58168006,0.006137230993149334,0.57168007,0.006414584498591225,0.5834667,0.0061809771090091115,0.5728934,0.0064162510744638634,0.58504003,0.006164182974530252,0.5740267,0.006443648214930708,0.58617336,0.006177394594290453,0.5753734,0.006447481939755972,0.5870934,0.006193714939119799,0.57582664,0.00646264921172468,0.58792007,0.006200674936778894,0.57650673,0.006473921803474725,0.58877337,0.006207829806983978,0.5766,0.006485928168863286,0.5892934,0.00625145770632296,0.57629335,0.006485387882420812,0.5896134,0.006251018550419762,0.57612,0.006486684569882772,0.5905601,0.006260448165082644,0.5763734,0.006515113334206513,0.59024006,0.006290265973525111,0.5710134,0.006292306132074654,0.5833201,0.006089813238396968,0.55994666,0.006311087320025388,0.57893336,0.005960216992175971,7.27225,0.020114723871624385,7.395748,0.025566744203515235,0.19036576,0.001360108662768561,0.18470551,0.0013152912096894565,,,,,,,,
