,shots,val_acc,val_conf,test_acc,test_conf,val_acc_me1,val_conf_me1,test_acc_me1,test_conf_me1,val_acc_me2,val_conf_me2,test_acc_me2,test_conf_me2,val_acc_me3,val_conf_me3,test_acc_me3,test_conf_me3,val_acc_me4,val_conf_me4,test_acc_me4,test_conf_me4,val_acc_me5,val_conf_me5,test_acc_me5,test_conf_me5,val_acc_me6,val_conf_me6,test_acc_me6,test_conf_me6,val_acc_me7,val_conf_me7,test_acc_me7,test_conf_me7,val_acc_me8,val_conf_me8,test_acc_me8,test_conf_me8,val_acc_me9,val_conf_me9,test_acc_me9,test_conf_me9,val_acc_med,val_conf_med,test_acc_med,test_conf_med,val_acc_maj,val_conf_maj,test_acc_maj,test_conf_maj,val_acc_lin,val_conf_lin,test_acc_lin,test_conf_lin,val_nld,val_conf_nld,test_nld,test_conf_nld,val_mse,val_conf_mse,test_mse,test_conf_mse,val_svm,val_conf_svm,test_svm,test_conf_svm,val_mvm,val_conf_mvm,test_mvm,test_conf_mvm
0,5,0.43840003,0.005531678410194585,0.4787734,0.00589644564419789,0.4379867,0.005513147047000622,0.47884,0.005900264130174748,0.43810672,0.005485901833234219,0.4787734,0.0058914583847288204,0.43814674,0.005501322624225979,0.47888005,0.005904058141637525,0.43810672,0.005489763726839791,0.4791467,0.005896930978429582,0.43797338,0.005467119721716929,0.47941333,0.005895896583873017,0.43796006,0.005464911935835315,0.47969335,0.005901945944895737,0.43806672,0.005466561887509658,0.47937337,0.005924969535878177,0.43784,0.005457661938273739,0.4791467,0.005941279721475234,0.43773338,0.00547100701340314,0.47876003,0.005950273412717866,0.43772003,0.005492622165368832,0.47860003,0.0059520896063745,0.4388267,0.00553147153128325,0.48006672,0.005825262212725502,0.43588004,0.00551298080501833,0.47365338,0.005776381990312218,5.308121,0.015380284285646084,5.133278,0.012209780001684045,0.22103894,0.0008959825211004857,0.2123752,0.001033428505923334,,,,,,,,
