,shots,val_acc,val_conf,test_acc,test_conf,val_acc_me1,val_conf_me1,test_acc_me1,test_conf_me1,val_acc_me2,val_conf_me2,test_acc_me2,test_conf_me2,val_acc_me3,val_conf_me3,test_acc_me3,test_conf_me3,val_acc_me4,val_conf_me4,test_acc_me4,test_conf_me4,val_acc_me5,val_conf_me5,test_acc_me5,test_conf_me5,val_acc_me6,val_conf_me6,test_acc_me6,test_conf_me6,val_acc_me7,val_conf_me7,test_acc_me7,test_conf_me7,val_acc_me8,val_conf_me8,test_acc_me8,test_conf_me8,val_acc_me9,val_conf_me9,test_acc_me9,test_conf_me9,val_acc_med,val_conf_med,test_acc_med,test_conf_med,val_acc_maj,val_conf_maj,test_acc_maj,test_conf_maj,val_acc_lin,val_conf_lin,test_acc_lin,test_conf_lin,val_nld,val_conf_nld,test_nld,test_conf_nld,val_mse,val_conf_mse,test_mse,test_conf_mse,val_svm,val_conf_svm,test_svm,test_conf_svm,val_mvm,val_conf_mvm,test_mvm,test_conf_mvm
0,5,0.39645338,0.008061992670622187,0.39157337,0.007727641254414386,0.39616004,0.008074016583775545,0.39161336,0.007753022710845825,0.3957067,0.008093013424520012,0.39125335,0.00777170646252362,0.39589337,0.008106720075960916,0.39153334,0.007803839190569706,0.39593336,0.008139407867514548,0.3913067,0.007837366504133969,0.39582673,0.00815262779937398,0.3911867,0.00786953802197593,0.39582673,0.008169632507030455,0.39142668,0.007891548460432884,0.3961067,0.008178651134570392,0.3915067,0.007876361331782933,0.39584002,0.008205185202079135,0.39144003,0.007895285210768432,0.39588004,0.008208220041822756,0.39104003,0.00792624685640586,0.39548004,0.00819890956724717,0.39057335,0.007933261344492515,0.4005067,0.008036569653695202,0.39632004,0.0076446260116348475,0.38876,0.007459812952775147,0.3834267,0.007373428077370903,4.902623,0.013880818547932883,4.889914,0.013697621730567988,0.22978395,0.0012851244085299307,0.23060256,0.0012727374182693596,,,,,,,,
