,shots,val_acc,val_conf,test_acc,test_conf,val_acc_me1,val_conf_me1,test_acc_me1,test_conf_me1,val_acc_me2,val_conf_me2,test_acc_me2,test_conf_me2,val_acc_me3,val_conf_me3,test_acc_me3,test_conf_me3,val_acc_me4,val_conf_me4,test_acc_me4,test_conf_me4,val_acc_me5,val_conf_me5,test_acc_me5,test_conf_me5,val_acc_me6,val_conf_me6,test_acc_me6,test_conf_me6,val_acc_me7,val_conf_me7,test_acc_me7,test_conf_me7,val_acc_me8,val_conf_me8,test_acc_me8,test_conf_me8,val_acc_me9,val_conf_me9,test_acc_me9,test_conf_me9,val_acc_med,val_conf_med,test_acc_med,test_conf_med,val_acc_maj,val_conf_maj,test_acc_maj,test_conf_maj,val_acc_lin,val_conf_lin,test_acc_lin,test_conf_lin,val_nld,val_conf_nld,test_nld,test_conf_nld,val_mse,val_conf_mse,test_mse,test_conf_mse,val_svm,val_conf_svm,test_svm,test_conf_svm,val_mvm,val_conf_mvm,test_mvm,test_conf_mvm
0,5,0.7318135,0.006012597993666602,0.7988801,0.005242174001196087,0.73156005,0.006036557619366056,0.79853344,0.005252788551766141,0.7310401,0.00603027551956814,0.7981601,0.005279728064998435,0.7309467,0.0060185046636545,0.7978934,0.005262224631395029,0.7306134,0.006008582326227474,0.79721344,0.0052654899009974,0.73030674,0.006010236895734655,0.79704016,0.005268565377670065,0.72978675,0.006014885206273135,0.79684013,0.005272204691732618,0.7298801,0.006020830666056964,0.79646677,0.005268569071936291,0.7296001,0.006020358261757175,0.79625344,0.005255009729363103,0.7291468,0.0060314650733082065,0.7953601,0.005274801760922876,0.72861344,0.0060343701519489645,0.7946668,0.005275002636651482,0.73157346,0.006053479206031498,0.80064017,0.005232302921713505,0.7196001,0.005918869840477514,0.7954268,0.005144530387540369,4.3992734,0.009174820194426836,4.509135,0.010212353953746423,0.16443694,0.001240895613692311,0.14954358,0.0010666540441114092,,,,,,,,
