,shots,val_acc,val_conf,test_acc,test_conf,val_acc_me1,val_conf_me1,test_acc_me1,test_conf_me1,val_acc_me2,val_conf_me2,test_acc_me2,test_conf_me2,val_acc_me3,val_conf_me3,test_acc_me3,test_conf_me3,val_acc_me4,val_conf_me4,test_acc_me4,test_conf_me4,val_acc_me5,val_conf_me5,test_acc_me5,test_conf_me5,val_acc_me6,val_conf_me6,test_acc_me6,test_conf_me6,val_acc_me7,val_conf_me7,test_acc_me7,test_conf_me7,val_acc_me8,val_conf_me8,test_acc_me8,test_conf_me8,val_acc_me9,val_conf_me9,test_acc_me9,test_conf_me9,val_acc_med,val_conf_med,test_acc_med,test_conf_med,val_acc_maj,val_conf_maj,test_acc_maj,test_conf_maj,val_acc_lin,val_conf_lin,test_acc_lin,test_conf_lin,val_nld,val_conf_nld,test_nld,test_conf_nld,val_mse,val_conf_mse,test_mse,test_conf_mse,val_svm,val_conf_svm,test_svm,test_conf_svm,val_mvm,val_conf_mvm,test_mvm,test_conf_mvm
0,5,0.3799867,0.007238788234120219,0.41525337,0.007888590276714458,0.37992004,0.007257649310579095,0.4152934,0.007904870908181372,0.3800667,0.007274020451569663,0.41537336,0.007930436154359899,0.3798667,0.007279559542063385,0.41533336,0.007962349073562747,0.37996006,0.007295697944278756,0.4152667,0.007973522381906684,0.3801067,0.007327111213968063,0.4150267,0.00798093030935143,0.38004005,0.007330845193603941,0.41484,0.007984756645644076,0.37969336,0.007354189723968896,0.4146534,0.007980344768147074,0.37949336,0.007361022731224798,0.41428003,0.007990649923916737,0.37917337,0.007360818623013243,0.41404003,0.008000919984156807,0.37900004,0.007380027884068385,0.41388005,0.008004811893675856,0.38110667,0.007140429779940616,0.41670668,0.007726420761194341,0.36901337,0.006953393696350896,0.4002,0.00734485569844584,22.591885,0.023613823904938158,22.71077,0.026553109604247283,0.23472077,0.0014982162675918065,0.22788578,0.0015723091646461795,,,,,,,,
