,shots,val_acc,val_conf,test_acc,test_conf,val_acc_me1,val_conf_me1,test_acc_me1,test_conf_me1,val_acc_me2,val_conf_me2,test_acc_me2,test_conf_me2,val_acc_me3,val_conf_me3,test_acc_me3,test_conf_me3,val_acc_me4,val_conf_me4,test_acc_me4,test_conf_me4,val_acc_me5,val_conf_me5,test_acc_me5,test_conf_me5,val_acc_me6,val_conf_me6,test_acc_me6,test_conf_me6,val_acc_me7,val_conf_me7,test_acc_me7,test_conf_me7,val_acc_me8,val_conf_me8,test_acc_me8,test_conf_me8,val_acc_me9,val_conf_me9,test_acc_me9,test_conf_me9,val_acc_med,val_conf_med,test_acc_med,test_conf_med,val_acc_maj,val_conf_maj,test_acc_maj,test_conf_maj,val_acc_lin,val_conf_lin,test_acc_lin,test_conf_lin,val_nld,val_conf_nld,test_nld,test_conf_nld,val_mse,val_conf_mse,test_mse,test_conf_mse,val_svm,val_conf_svm,test_svm,test_conf_svm,val_mvm,val_conf_mvm,test_mvm,test_conf_mvm
0,5,0.44413337,0.0061300862821764834,0.46533337,0.006110544998940037,0.44466668,0.006119237145698064,0.46689337,0.006119751572276677,0.44549334,0.006111789966674164,0.46709338,0.0061223352497516426,0.44620007,0.00614561651580664,0.4679334,0.00615735135262413,0.44696003,0.0061765033525519875,0.4688267,0.006178508415571882,0.44744003,0.006202299952155932,0.4687867,0.006220628130704842,0.44777337,0.006228173207785015,0.46813336,0.006214591237830858,0.44785336,0.006262595919137304,0.4682667,0.006193528840456264,0.44812006,0.0062635804410992035,0.46852005,0.006236650163532642,0.44846672,0.006275228924442544,0.4679467,0.006265144501082676,0.44820005,0.006271033623305777,0.46785337,0.0063272654356031355,0.45142668,0.006163819551085581,0.47160003,0.00598616782739686,0.48814666,0.006298818661731376,0.5147334,0.006138504129663769,8.416125,0.023708679732909133,8.495826,0.023884090884102704,0.20725565,0.0012609649461142458,0.2034058,0.0012367671556859638,,,,,,,,
