,shots,val_acc,val_conf,test_acc,test_conf,val_acc_me1,val_conf_me1,test_acc_me1,test_conf_me1,val_acc_me2,val_conf_me2,test_acc_me2,test_conf_me2,val_acc_me3,val_conf_me3,test_acc_me3,test_conf_me3,val_acc_me4,val_conf_me4,test_acc_me4,test_conf_me4,val_acc_me5,val_conf_me5,test_acc_me5,test_conf_me5,val_acc_me6,val_conf_me6,test_acc_me6,test_conf_me6,val_acc_me7,val_conf_me7,test_acc_me7,test_conf_me7,val_acc_me8,val_conf_me8,test_acc_me8,test_conf_me8,val_acc_me9,val_conf_me9,test_acc_me9,test_conf_me9,val_acc_med,val_conf_med,test_acc_med,test_conf_med,val_acc_maj,val_conf_maj,test_acc_maj,test_conf_maj,val_acc_lin,val_conf_lin,test_acc_lin,test_conf_lin,val_nld,val_conf_nld,test_nld,test_conf_nld,val_mse,val_conf_mse,test_mse,test_conf_mse,val_svm,val_conf_svm,test_svm,test_conf_svm,val_mvm,val_conf_mvm,test_mvm,test_conf_mvm
0,5,0.7345068,0.005559086171676997,0.71540016,0.005655382301709477,0.7351068,0.0055716799254030835,0.7159468,0.005671774222947845,0.73577344,0.005564940198370505,0.7164134,0.005670030067483567,0.7360001,0.0055607919991287336,0.71718675,0.005695402750032552,0.7364135,0.005575992519493922,0.7178401,0.00570123738182815,0.7364268,0.005575290147118772,0.7182001,0.005684126464016281,0.7368668,0.0055593637034307974,0.7183468,0.005699250790139554,0.7374002,0.005555132383197825,0.7188535,0.005704045485979137,0.7377868,0.0055703998621392525,0.7192534,0.005697825726924677,0.7378135,0.005567616694285515,0.71957344,0.005703349116786605,0.7379201,0.005563229291302596,0.71956015,0.005711549464347043,0.7327867,0.005596165060479885,0.71608007,0.0056354983752761045,0.70733345,0.0057780439483519075,0.68818676,0.005726317293775041,22.685108,0.023312235089179012,22.6504,0.02447983195762049,0.15837295,0.001274761760741372,0.16228299,0.0012375544961854834,,,,,,,,
