,shots,val_acc,val_conf,test_acc,test_conf,val_acc_me1,val_conf_me1,test_acc_me1,test_conf_me1,val_acc_me2,val_conf_me2,test_acc_me2,test_conf_me2,val_acc_me3,val_conf_me3,test_acc_me3,test_conf_me3,val_acc_me4,val_conf_me4,test_acc_me4,test_conf_me4,val_acc_me5,val_conf_me5,test_acc_me5,test_conf_me5,val_acc_me6,val_conf_me6,test_acc_me6,test_conf_me6,val_acc_me7,val_conf_me7,test_acc_me7,test_conf_me7,val_acc_me8,val_conf_me8,test_acc_me8,test_conf_me8,val_acc_me9,val_conf_me9,test_acc_me9,test_conf_me9,val_acc_med,val_conf_med,test_acc_med,test_conf_med,val_acc_maj,val_conf_maj,test_acc_maj,test_conf_maj,val_acc_lin,val_conf_lin,test_acc_lin,test_conf_lin,val_nld,val_conf_nld,test_nld,test_conf_nld,val_mse,val_conf_mse,test_mse,test_conf_mse,val_svm,val_conf_svm,test_svm,test_conf_svm,val_mvm,val_conf_mvm,test_mvm,test_conf_mvm
0,5,0.35924006,0.006098100862998057,0.42390668,0.006990512298516216,0.35946673,0.006102619874217008,0.42448005,0.007027718177722242,0.35972002,0.006138258460956558,0.42492005,0.007074870868869432,0.35910672,0.006172573115020397,0.42465338,0.0070874378391649895,0.35949337,0.006197553743561179,0.42485332,0.007107053469510238,0.35908005,0.006227247332300234,0.42560002,0.007099070621876702,0.3588667,0.006248154108707993,0.42545336,0.0071010502868159575,0.35892004,0.006247534395540655,0.4256667,0.007130287171886962,0.35852003,0.006249406926757961,0.42504004,0.007147989634085861,0.35776,0.006235011294657089,0.42440003,0.007160601397359967,0.35737336,0.00622559784240917,0.42389336,0.0071960109395906025,0.35984004,0.006057389586881845,0.4263867,0.006983487651197329,0.36213335,0.005879080283796467,0.42788002,0.006761072964857062,7.199673,0.017919574227767576,7.3546934,0.02141487840248768,0.23635894,0.0012241847156503893,0.22132502,0.0014263351970228155,,,,,,,,
