,shots,val_acc,val_conf,test_acc,test_conf,val_acc_me1,val_conf_me1,test_acc_me1,test_conf_me1,val_acc_me2,val_conf_me2,test_acc_me2,test_conf_me2,val_acc_me3,val_conf_me3,test_acc_me3,test_conf_me3,val_acc_me4,val_conf_me4,test_acc_me4,test_conf_me4,val_acc_me5,val_conf_me5,test_acc_me5,test_conf_me5,val_acc_me6,val_conf_me6,test_acc_me6,test_conf_me6,val_acc_me7,val_conf_me7,test_acc_me7,test_conf_me7,val_acc_me8,val_conf_me8,test_acc_me8,test_conf_me8,val_acc_me9,val_conf_me9,test_acc_me9,test_conf_me9,val_acc_med,val_conf_med,test_acc_med,test_conf_med,val_acc_maj,val_conf_maj,test_acc_maj,test_conf_maj,val_acc_lin,val_conf_lin,test_acc_lin,test_conf_lin,val_nld,val_conf_nld,test_nld,test_conf_nld,val_mse,val_conf_mse,test_mse,test_conf_mse,val_svm,val_conf_svm,test_svm,test_conf_svm,val_mvm,val_conf_mvm,test_mvm,test_conf_mvm
0,5,0.33817333,0.0049339826080368465,0.3952,0.005809247106646986,0.3384267,0.004939026666849922,0.3960934,0.005837933084260005,0.3389067,0.00494326029599923,0.39637336,0.005844187015277558,0.3387867,0.004955169225114853,0.39677337,0.005901539113822352,0.33858672,0.004972043709885188,0.39636004,0.005926220506794977,0.33866668,0.005008976675170307,0.39604005,0.0059074065322310965,0.3389867,0.005042860023646678,0.39585337,0.00592678619131809,0.33825335,0.005005210832487839,0.3955467,0.005926911334588114,0.33785337,0.005018117213497264,0.39582673,0.005938122509161314,0.33721337,0.005006677456198372,0.3953467,0.005941584498442787,0.3365334,0.005011595909958144,0.39442673,0.005952738873672092,0.33904,0.004954278906942944,0.39545336,0.005737511382366667,0.33938673,0.004860603858831469,0.39072004,0.005631252277978116,8.252916,0.014524134382517317,8.167967,0.015674165938394324,0.24044846,0.0009409389709481575,0.22908805,0.0011499792589204916,,,,,,,,
