,shots,val_acc,val_conf,test_acc,test_conf,val_acc_me1,val_conf_me1,test_acc_me1,test_conf_me1,val_acc_me2,val_conf_me2,test_acc_me2,test_conf_me2,val_acc_me3,val_conf_me3,test_acc_me3,test_conf_me3,val_acc_me4,val_conf_me4,test_acc_me4,test_conf_me4,val_acc_me5,val_conf_me5,test_acc_me5,test_conf_me5,val_acc_me6,val_conf_me6,test_acc_me6,test_conf_me6,val_acc_me7,val_conf_me7,test_acc_me7,test_conf_me7,val_acc_me8,val_conf_me8,test_acc_me8,test_conf_me8,val_acc_me9,val_conf_me9,test_acc_me9,test_conf_me9,val_acc_med,val_conf_med,test_acc_med,test_conf_med,val_acc_maj,val_conf_maj,test_acc_maj,test_conf_maj,val_acc_lin,val_conf_lin,test_acc_lin,test_conf_lin,val_nld,val_conf_nld,test_nld,test_conf_nld,val_mse,val_conf_mse,test_mse,test_conf_mse,val_svm,val_conf_svm,test_svm,test_conf_svm,val_mvm,val_conf_mvm,test_mvm,test_conf_mvm
0,5,0.7395334,0.005991628876515498,0.78440017,0.005422183590333862,0.7392534,0.00598089888012443,0.78405344,0.005433045656744184,0.7391601,0.005981194421426306,0.78382677,0.0054254941146980595,0.7390401,0.005985695423097126,0.7834668,0.005438127581786523,0.73870677,0.0059633705102236645,0.7830001,0.00543680641981048,0.73830676,0.005964590079877152,0.7828934,0.005435645034850833,0.7380534,0.0059678451902472895,0.7826935,0.0054415706379533635,0.7376801,0.005970194743597168,0.78229344,0.005433098300038575,0.73738676,0.005986881282570855,0.78189343,0.005422229768662246,0.7368002,0.0059893250397107245,0.7815734,0.005433328729897435,0.7362668,0.005984141060562553,0.78133345,0.005420727125855507,0.7402401,0.005969161272607271,0.7843868,0.0053781719490856306,0.7219601,0.006159206336076584,0.7764668,0.00552538338046471,26.116497,0.03392884336555824,26.434965,0.038377183270693394,0.14012524,0.0018051124740847413,0.12257807,0.0015939433651723511,,,,,,,,
