,shots,val_acc,val_conf,test_acc,test_conf,val_acc_me1,val_conf_me1,test_acc_me1,test_conf_me1,val_acc_me2,val_conf_me2,test_acc_me2,test_conf_me2,val_acc_me3,val_conf_me3,test_acc_me3,test_conf_me3,val_acc_me4,val_conf_me4,test_acc_me4,test_conf_me4,val_acc_me5,val_conf_me5,test_acc_me5,test_conf_me5,val_acc_me6,val_conf_me6,test_acc_me6,test_conf_me6,val_acc_me7,val_conf_me7,test_acc_me7,test_conf_me7,val_acc_me8,val_conf_me8,test_acc_me8,test_conf_me8,val_acc_me9,val_conf_me9,test_acc_me9,test_conf_me9,val_acc_med,val_conf_med,test_acc_med,test_conf_med,val_acc_maj,val_conf_maj,test_acc_maj,test_conf_maj,val_acc_lin,val_conf_lin,test_acc_lin,test_conf_lin,val_nld,val_conf_nld,test_nld,test_conf_nld,val_mse,val_conf_mse,test_mse,test_conf_mse,val_svm,val_conf_svm,test_svm,test_conf_svm,val_mvm,val_conf_mvm,test_mvm,test_conf_mvm
0,5,0.29293334,0.00528672408175368,0.3111867,0.005897056583482885,0.29276,0.005304541989773592,0.31156003,0.005925749949628412,0.29256004,0.005287857759716352,0.3116267,0.005953676755522219,0.2923467,0.005306691590961421,0.31158668,0.005951794526855958,0.29261333,0.005309432274753001,0.31150672,0.0059638650801210336,0.2928667,0.005327728128472042,0.31158668,0.005958797008577155,0.29268003,0.00531454883354171,0.31174672,0.005967567196710266,0.29249334,0.005319847796727617,0.31169337,0.005977012050221497,0.2921467,0.005310848102302312,0.31152,0.005964568837846074,0.2920934,0.005296881005089127,0.31161338,0.005975095187808865,0.29197332,0.005309465061366203,0.31180006,0.00597483289490347,0.29344004,0.005237020037961393,0.31149337,0.0058971073796441065,0.28618667,0.0049626810537985455,0.30380002,0.005517521058268304,5.225339,0.01503210892504292,5.0863895,0.013429755100915486,0.24787655,0.000828326709858801,0.24469827,0.0009359105550438562,,,,,,,,
