,shots,val_acc,val_conf,test_acc,test_conf,val_acc_me1,val_conf_me1,test_acc_me1,test_conf_me1,val_acc_me2,val_conf_me2,test_acc_me2,test_conf_me2,val_acc_me3,val_conf_me3,test_acc_me3,test_conf_me3,val_acc_me4,val_conf_me4,test_acc_me4,test_conf_me4,val_acc_me5,val_conf_me5,test_acc_me5,test_conf_me5,val_acc_me6,val_conf_me6,test_acc_me6,test_conf_me6,val_acc_me7,val_conf_me7,test_acc_me7,test_conf_me7,val_acc_me8,val_conf_me8,test_acc_me8,test_conf_me8,val_acc_me9,val_conf_me9,test_acc_me9,test_conf_me9,val_acc_med,val_conf_med,test_acc_med,test_conf_med,val_acc_maj,val_conf_maj,test_acc_maj,test_conf_maj,val_acc_lin,val_conf_lin,test_acc_lin,test_conf_lin,val_nld,val_conf_nld,test_nld,test_conf_nld,val_mse,val_conf_mse,test_mse,test_conf_mse,val_svm,val_conf_svm,test_svm,test_conf_svm,val_mvm,val_conf_mvm,test_mvm,test_conf_mvm
0,5,0.3948134,0.005711655212719102,0.47764003,0.006371869544805009,0.3951067,0.005745940312652742,0.47858667,0.006410541124155011,0.39480004,0.0057168124084368,0.4792134,0.006447266286962239,0.39505342,0.005714866453677303,0.48004004,0.006458891219358054,0.3945334,0.005693567161477953,0.48070666,0.006468895754209725,0.39444003,0.005691237926592596,0.48108003,0.006489167116818462,0.3939067,0.005717306054767557,0.48146668,0.006520246517193351,0.3932267,0.005740323642567324,0.48105338,0.006527626737641068,0.39281335,0.005759734702917629,0.48017335,0.006545409550131387,0.3919867,0.005777706846554487,0.47996002,0.006530465781272199,0.39146674,0.0057831822109549735,0.47993335,0.006552202382241634,0.39633337,0.0057286072770812435,0.4792,0.00629342918902176,0.40708002,0.005766054668944864,0.48100004,0.006176052652066666,7.6943135,0.02007265541443548,7.7255516,0.01852384536210927,0.22633925,0.0012177629264089884,0.20848636,0.001395892480350991,,,,,,,,
