,shots,val_acc,val_conf,test_acc,test_conf,val_acc_me1,val_conf_me1,test_acc_me1,test_conf_me1,val_acc_me2,val_conf_me2,test_acc_me2,test_conf_me2,val_acc_me3,val_conf_me3,test_acc_me3,test_conf_me3,val_acc_me4,val_conf_me4,test_acc_me4,test_conf_me4,val_acc_me5,val_conf_me5,test_acc_me5,test_conf_me5,val_acc_me6,val_conf_me6,test_acc_me6,test_conf_me6,val_acc_me7,val_conf_me7,test_acc_me7,test_conf_me7,val_acc_me8,val_conf_me8,test_acc_me8,test_conf_me8,val_acc_me9,val_conf_me9,test_acc_me9,test_conf_me9,val_acc_med,val_conf_med,test_acc_med,test_conf_med,val_acc_maj,val_conf_maj,test_acc_maj,test_conf_maj,val_acc_lin,val_conf_lin,test_acc_lin,test_conf_lin,val_nld,val_conf_nld,test_nld,test_conf_nld,val_mse,val_conf_mse,test_mse,test_conf_mse,val_svm,val_conf_svm,test_svm,test_conf_svm,val_mvm,val_conf_mvm,test_mvm,test_conf_mvm
0,5,0.55726665,0.0056571343074895974,0.59768003,0.005881016541107065,0.5569467,0.005660008908433656,0.59724,0.005894857571483669,0.55697334,0.005656438861863622,0.5973867,0.005890997063227932,0.55660003,0.005652480455551667,0.5972134,0.005882968960832513,0.55594665,0.005642651398347964,0.5968933,0.0058650111324775045,0.55526674,0.0056510886407331595,0.5963467,0.005847396870885868,0.5548667,0.005650351172828416,0.596,0.005858322201606203,0.5542134,0.005666954129027624,0.59572,0.005870675828024474,0.55344,0.005652356697631533,0.5950667,0.005876328978989376,0.5526267,0.00565533427624787,0.59488,0.005885131491952356,0.55228,0.00566478928899139,0.59433335,0.005882216715862643,0.55788,0.005599120473498642,0.59996,0.005855928778844333,0.56133336,0.005432442105991808,0.5987467,0.005770091116631848,5.0864153,0.013487210177133058,4.9762545,0.011033567180726678,0.19824666,0.0009310542688587276,0.18789446,0.0010365081386455033,,,,,,,,
