,shots,val_acc,val_conf,test_acc,test_conf,val_acc_me1,val_conf_me1,test_acc_me1,test_conf_me1,val_acc_me2,val_conf_me2,test_acc_me2,test_conf_me2,val_acc_me3,val_conf_me3,test_acc_me3,test_conf_me3,val_acc_me4,val_conf_me4,test_acc_me4,test_conf_me4,val_acc_me5,val_conf_me5,test_acc_me5,test_conf_me5,val_acc_me6,val_conf_me6,test_acc_me6,test_conf_me6,val_acc_me7,val_conf_me7,test_acc_me7,test_conf_me7,val_acc_me8,val_conf_me8,test_acc_me8,test_conf_me8,val_acc_me9,val_conf_me9,test_acc_me9,test_conf_me9,val_acc_med,val_conf_med,test_acc_med,test_conf_med,val_acc_maj,val_conf_maj,test_acc_maj,test_conf_maj,val_acc_lin,val_conf_lin,test_acc_lin,test_conf_lin,val_nld,val_conf_nld,test_nld,test_conf_nld,val_mse,val_conf_mse,test_mse,test_conf_mse,val_svm,val_conf_svm,test_svm,test_conf_svm,val_mvm,val_conf_mvm,test_mvm,test_conf_mvm
0,5,0.24692002,0.005105734588486954,0.24096002,0.004774107693655799,0.24685335,0.0050900561224225815,0.24056002,0.004789363166231825,0.24689335,0.0050901844981756095,0.2398267,0.0048134673300992414,0.24682668,0.005114043455119122,0.23972002,0.00482111076701891,0.24652001,0.005102670194613135,0.23986669,0.00483197006272959,0.24693336,0.005116298804679009,0.23962668,0.004785435237616625,0.24624,0.0050900007084285215,0.23936002,0.004763132028557493,0.24613336,0.005046937108262706,0.23946668,0.004752982031971303,0.24625336,0.005054153857427801,0.23962668,0.004751314532532164,0.24597336,0.0050342491507466836,0.23880002,0.004814679049436915,0.24576001,0.005046054640406639,0.23848002,0.004822843839684426,0.24766669,0.005134356378223459,0.24141335,0.004767082584553606,0.24509336,0.004795485489013429,0.24356002,0.004684115367235592,10.267195,0.013814304207246053,10.218923,0.013511447334586535,0.25834194,0.0009681660019977278,0.2586508,0.0009217108922241479,,,,,,,,
