,shots,val_acc,val_conf,test_acc,test_conf,val_acc_me1,val_conf_me1,test_acc_me1,test_conf_me1,val_acc_me2,val_conf_me2,test_acc_me2,test_conf_me2,val_acc_me3,val_conf_me3,test_acc_me3,test_conf_me3,val_acc_me4,val_conf_me4,test_acc_me4,test_conf_me4,val_acc_me5,val_conf_me5,test_acc_me5,test_conf_me5,val_acc_me6,val_conf_me6,test_acc_me6,test_conf_me6,val_acc_me7,val_conf_me7,test_acc_me7,test_conf_me7,val_acc_me8,val_conf_me8,test_acc_me8,test_conf_me8,val_acc_me9,val_conf_me9,test_acc_me9,test_conf_me9,val_acc_med,val_conf_med,test_acc_med,test_conf_med,val_acc_maj,val_conf_maj,test_acc_maj,test_conf_maj,val_acc_lin,val_conf_lin,test_acc_lin,test_conf_lin,val_nld,val_conf_nld,test_nld,test_conf_nld,val_mse,val_conf_mse,test_mse,test_conf_mse,val_svm,val_conf_svm,test_svm,test_conf_svm,val_mvm,val_conf_mvm,test_mvm,test_conf_mvm
0,5,0.36345336,0.005131928783498552,0.41050673,0.0057707957979235,0.3639867,0.005148929796888746,0.41089338,0.005756946455447776,0.3641467,0.005149638634229958,0.41160002,0.005751100279070109,0.3645467,0.005194869383348399,0.4118534,0.005784262322056644,0.36405337,0.005226282191254483,0.41172004,0.005758421391257484,0.36426672,0.005233864210997363,0.41205338,0.005764142424365126,0.36437336,0.005267637655052115,0.4119467,0.005765826086219228,0.36406672,0.0052656616843791415,0.41170672,0.005770799492189782,0.36416003,0.0052734893728291765,0.4118534,0.005775747500079753,0.36424005,0.005265720330856205,0.41137338,0.005774249936889131,0.36349338,0.0052608161923782815,0.41078672,0.005754037220757513,0.36581337,0.005156512278414904,0.4109734,0.005690190140320794,0.36525336,0.005000286375545393,0.41061333,0.005590363677080767,7.2009106,0.018513104282918746,7.0904303,0.01582722862576791,0.2355984,0.0009057277646380979,0.22375098,0.0011156619496027753,,,,,,,,
