,shots,val_acc,val_conf,test_acc,test_conf,val_acc_me1,val_conf_me1,test_acc_me1,test_conf_me1,val_acc_me2,val_conf_me2,test_acc_me2,test_conf_me2,val_acc_me3,val_conf_me3,test_acc_me3,test_conf_me3,val_acc_me4,val_conf_me4,test_acc_me4,test_conf_me4,val_acc_me5,val_conf_me5,test_acc_me5,test_conf_me5,val_acc_me6,val_conf_me6,test_acc_me6,test_conf_me6,val_acc_me7,val_conf_me7,test_acc_me7,test_conf_me7,val_acc_me8,val_conf_me8,test_acc_me8,test_conf_me8,val_acc_me9,val_conf_me9,test_acc_me9,test_conf_me9,val_acc_med,val_conf_med,test_acc_med,test_conf_med,val_acc_maj,val_conf_maj,test_acc_maj,test_conf_maj,val_acc_lin,val_conf_lin,test_acc_lin,test_conf_lin,val_nld,val_conf_nld,test_nld,test_conf_nld,val_mse,val_conf_mse,test_mse,test_conf_mse,val_svm,val_conf_svm,test_svm,test_conf_svm,val_mvm,val_conf_mvm,test_mvm,test_conf_mvm
0,5,0.5494134,0.007076306091316709,0.5558134,0.007291546512554037,0.5501867,0.007110938452280058,0.5561467,0.007282544047429007,0.55058664,0.007127706726895,0.55682665,0.007282069334212826,0.55093336,0.0071468647300055865,0.55741334,0.007278548236671067,0.5512001,0.007171347556165997,0.5577067,0.00730377176321928,0.55172,0.007187104525388621,0.55793333,0.007314740501568329,0.5517334,0.00719652675151905,0.5584133,0.007351277718578908,0.55216,0.007228593444555398,0.5594801,0.007349819406967439,0.55228,0.007253116445861574,0.5602933,0.007378227391043324,0.55228,0.007281712375734162,0.56057334,0.007406323209619203,0.5523467,0.007322472139095204,0.5609734,0.0074257051776226435,0.55212003,0.0070132389628468905,0.5579733,0.0072363740311105484,0.53552,0.006793671632236875,0.5415467,0.006968689344072576,4.461462,0.010903288880594886,4.426489,0.010110121599596233,0.20531006,0.0010889050716594295,0.20455064,0.0011144778218163398,,,,,,,,
