,shots,val_acc,val_conf,test_acc,test_conf,val_acc_me1,val_conf_me1,test_acc_me1,test_conf_me1,val_acc_me2,val_conf_me2,test_acc_me2,test_conf_me2,val_acc_me3,val_conf_me3,test_acc_me3,test_conf_me3,val_acc_me4,val_conf_me4,test_acc_me4,test_conf_me4,val_acc_me5,val_conf_me5,test_acc_me5,test_conf_me5,val_acc_me6,val_conf_me6,test_acc_me6,test_conf_me6,val_acc_me7,val_conf_me7,test_acc_me7,test_conf_me7,val_acc_me8,val_conf_me8,test_acc_me8,test_conf_me8,val_acc_me9,val_conf_me9,test_acc_me9,test_conf_me9,val_acc_med,val_conf_med,test_acc_med,test_conf_med,val_acc_maj,val_conf_maj,test_acc_maj,test_conf_maj,val_acc_lin,val_conf_lin,test_acc_lin,test_conf_lin,val_nld,val_conf_nld,test_nld,test_conf_nld,val_mse,val_conf_mse,test_mse,test_conf_mse,val_svm,val_conf_svm,test_svm,test_conf_svm,val_mvm,val_conf_mvm,test_mvm,test_conf_mvm
0,5,0.36558673,0.007190817724776755,0.36726668,0.006900444701420705,0.3656534,0.007200924775517481,0.36721337,0.0069149105245808196,0.3657467,0.007210460138552421,0.36712006,0.006952205066177386,0.36577338,0.007221178128578143,0.36697337,0.006959410270760413,0.3655467,0.007246572053158262,0.36709338,0.006963509982757299,0.36537334,0.007252024790177836,0.36716002,0.006974773800624945,0.36537334,0.007273109814933287,0.36713335,0.006988292968052479,0.36534667,0.007281921101778666,0.36720002,0.007029045804664236,0.36528003,0.007316899800205112,0.36726668,0.007058431845736068,0.36529335,0.007317936965461347,0.3667467,0.007074490359443297,0.36469337,0.007329824190762613,0.36661336,0.007101784522237808,0.36984003,0.00710156194269479,0.37017336,0.0068702052848397255,0.35888004,0.006802010976565798,0.36196002,0.006606978653627249,4.5412264,0.012201347838915133,4.53817,0.012506454519735755,0.23493703,0.0011013617911959095,0.23437348,0.0010687217942121352,,,,,,,,
