,shots,val_acc,val_conf,test_acc,test_conf,val_acc_me1,val_conf_me1,test_acc_me1,test_conf_me1,val_acc_me2,val_conf_me2,test_acc_me2,test_conf_me2,val_acc_me3,val_conf_me3,test_acc_me3,test_conf_me3,val_acc_me4,val_conf_me4,test_acc_me4,test_conf_me4,val_acc_me5,val_conf_me5,test_acc_me5,test_conf_me5,val_acc_me6,val_conf_me6,test_acc_me6,test_conf_me6,val_acc_me7,val_conf_me7,test_acc_me7,test_conf_me7,val_acc_me8,val_conf_me8,test_acc_me8,test_conf_me8,val_acc_me9,val_conf_me9,test_acc_me9,test_conf_me9,val_acc_med,val_conf_med,test_acc_med,test_conf_med,val_acc_maj,val_conf_maj,test_acc_maj,test_conf_maj,val_acc_lin,val_conf_lin,test_acc_lin,test_conf_lin,val_nld,val_conf_nld,test_nld,test_conf_nld,val_mse,val_conf_mse,test_mse,test_conf_mse,val_svm,val_conf_svm,test_svm,test_conf_svm,val_mvm,val_conf_mvm,test_mvm,test_conf_mvm
0,5,0.37152,0.005005256087249721,0.44229338,0.005723296769313213,0.3730267,0.005027806812149149,0.44312006,0.005748731330822321,0.37556005,0.005074002688331525,0.44390666,0.005766416707039701,0.37700006,0.005111203949704712,0.44408005,0.005833787655717959,0.37848005,0.005158573217212192,0.4445067,0.005863907008645031,0.37937337,0.0051582278033156514,0.44462672,0.005893839801125289,0.3805467,0.005174802590734551,0.44492003,0.005912960861573169,0.38124004,0.0052136949024944035,0.44541338,0.005946987824650973,0.38232005,0.005195199096613312,0.44500005,0.005973093357271975,0.38210672,0.005218392162061047,0.44364002,0.006057311083723538,0.38213336,0.005250868456870561,0.44168004,0.006152472150443511,0.3752667,0.004976799615928951,0.44268006,0.005751665501809944,0.37465337,0.004699814151764459,0.44524002,0.005674965607224802,10.65508,0.012187647652440958,10.652586,0.013778303582412832,0.23489837,0.000815586513108757,0.21731928,0.0012414232010944937,,,,,,,,
