,shots,val_acc,val_conf,test_acc,test_conf,val_acc_me1,val_conf_me1,test_acc_me1,test_conf_me1,val_acc_me2,val_conf_me2,test_acc_me2,test_conf_me2,val_acc_me3,val_conf_me3,test_acc_me3,test_conf_me3,val_acc_me4,val_conf_me4,test_acc_me4,test_conf_me4,val_acc_me5,val_conf_me5,test_acc_me5,test_conf_me5,val_acc_me6,val_conf_me6,test_acc_me6,test_conf_me6,val_acc_me7,val_conf_me7,test_acc_me7,test_conf_me7,val_acc_me8,val_conf_me8,test_acc_me8,test_conf_me8,val_acc_me9,val_conf_me9,test_acc_me9,test_conf_me9,val_acc_med,val_conf_med,test_acc_med,test_conf_med,val_acc_maj,val_conf_maj,test_acc_maj,test_conf_maj,val_acc_lin,val_conf_lin,test_acc_lin,test_conf_lin,val_nld,val_conf_nld,test_nld,test_conf_nld,val_mse,val_conf_mse,test_mse,test_conf_mse,val_svm,val_conf_svm,test_svm,test_conf_svm,val_mvm,val_conf_mvm,test_mvm,test_conf_mvm
0,5,0.4873067,0.005858304653841406,0.5318267,0.006374045005856699,0.48756003,0.005875655237177757,0.5320134,0.0063550855695583275,0.48805335,0.005884471603639252,0.53212,0.006367310820223571,0.48848,0.005885187367729694,0.5326934,0.006362745168893014,0.48845336,0.0058724273720213715,0.5327733,0.006350406781323037,0.48837334,0.005858650067737947,0.53328,0.006353190872743331,0.4885467,0.005854360562811245,0.53348005,0.006363130757935265,0.4885467,0.0058565785079251476,0.53372,0.006342754570521025,0.48833337,0.0058712821494765755,0.5340134,0.006352459869804483,0.4885467,0.005879063197814949,0.5342001,0.006335778410446968,0.48829335,0.005887952064252078,0.5340934,0.006329353619614175,0.4891867,0.0057598413748563,0.5313067,0.0062350722500505995,0.4844134,0.005726104411680977,0.5242667,0.0061503317849213035,4.9548173,0.013178193115461312,4.8221145,0.010866920676266822,0.21361305,0.0008934827150145208,0.20486319,0.0010297903463189484,,,,,,,,
