,shots,val_acc,val_conf,test_acc,test_conf,val_acc_me1,val_conf_me1,test_acc_me1,test_conf_me1,val_acc_me2,val_conf_me2,test_acc_me2,test_conf_me2,val_acc_me3,val_conf_me3,test_acc_me3,test_conf_me3,val_acc_me4,val_conf_me4,test_acc_me4,test_conf_me4,val_acc_me5,val_conf_me5,test_acc_me5,test_conf_me5,val_acc_me6,val_conf_me6,test_acc_me6,test_conf_me6,val_acc_me7,val_conf_me7,test_acc_me7,test_conf_me7,val_acc_me8,val_conf_me8,test_acc_me8,test_conf_me8,val_acc_me9,val_conf_me9,test_acc_me9,test_conf_me9,val_acc_med,val_conf_med,test_acc_med,test_conf_med,val_acc_maj,val_conf_maj,test_acc_maj,test_conf_maj,val_acc_lin,val_conf_lin,test_acc_lin,test_conf_lin,val_nld,val_conf_nld,test_nld,test_conf_nld,val_mse,val_conf_mse,test_mse,test_conf_mse,val_svm,val_conf_svm,test_svm,test_conf_svm,val_mvm,val_conf_mvm,test_mvm,test_conf_mvm
0,5,0.35045338,0.006647308958534048,0.36317337,0.006875005983862037,0.35089338,0.00666708482767886,0.3632667,0.006878466126010341,0.3509467,0.006692130567662713,0.36328003,0.006867351002360245,0.35112005,0.00673157147796416,0.3633867,0.006896258174166392,0.35104004,0.006756505928176559,0.36348003,0.006908805749563984,0.35072002,0.006770210732484294,0.36345336,0.0068945943689934786,0.35056004,0.006793552953932802,0.36309338,0.006904119111012907,0.35040003,0.006802646852148098,0.36298668,0.0069124136623632815,0.3503067,0.006810424206220189,0.36285335,0.0069371126031007035,0.3502267,0.006816406146883391,0.36272004,0.006963186272675115,0.34988004,0.006829891604131166,0.3626267,0.006959739984025326,0.35358667,0.006590311971334806,0.36509335,0.0067919099290077445,0.34468004,0.00632843882692824,0.35661334,0.0065122521249777465,4.6386104,0.011341368828793996,4.616084,0.011787016481454415,0.23781368,0.0010461005319160332,0.23542698,0.0011022884748014272,,,,,,,,
