,shots,val_acc,val_conf,test_acc,test_conf,val_acc_me1,val_conf_me1,test_acc_me1,test_conf_me1,val_acc_me2,val_conf_me2,test_acc_me2,test_conf_me2,val_acc_me3,val_conf_me3,test_acc_me3,test_conf_me3,val_acc_me4,val_conf_me4,test_acc_me4,test_conf_me4,val_acc_me5,val_conf_me5,test_acc_me5,test_conf_me5,val_acc_me6,val_conf_me6,test_acc_me6,test_conf_me6,val_acc_me7,val_conf_me7,test_acc_me7,test_conf_me7,val_acc_me8,val_conf_me8,test_acc_me8,test_conf_me8,val_acc_me9,val_conf_me9,test_acc_me9,test_conf_me9,val_acc_med,val_conf_med,test_acc_med,test_conf_med,val_acc_maj,val_conf_maj,test_acc_maj,test_conf_maj,val_acc_lin,val_conf_lin,test_acc_lin,test_conf_lin,val_nld,val_conf_nld,test_nld,test_conf_nld,val_mse,val_conf_mse,test_mse,test_conf_mse,val_svm,val_conf_svm,test_svm,test_conf_svm,val_mvm,val_conf_mvm,test_mvm,test_conf_mvm
0,5,0.55794674,0.007671871687184528,0.6131601,0.007733577016749149,0.55848,0.007699299305348073,0.6136134,0.007757659015019014,0.5589334,0.007731046906135242,0.6144001,0.007801553363313007,0.55945337,0.00775593009840303,0.61497337,0.007825188355363721,0.55961335,0.007802629318365173,0.6153067,0.007832793926054071,0.5596534,0.007830927398019494,0.61569333,0.007832950932370686,0.55974674,0.007855911720826447,0.61605334,0.007857727452699859,0.5596267,0.007868979264202047,0.6161201,0.007879400789359337,0.55960006,0.007886849353733183,0.6164668,0.007881156489405794,0.5599201,0.007899878107312852,0.61688,0.00788668311175078,0.56020004,0.007919790202526533,0.6172534,0.007910756797921525,0.5585333,0.007485132992029797,0.61389345,0.007670889935922354,0.5448933,0.00729491660696191,0.59796005,0.007465731629128447,4.5450106,0.011110937122857933,4.645856,0.012552061160447714,0.20107086,0.001307729970194349,0.19202541,0.001324762846631189,,,,,,,,
