,shots,val_acc,val_conf,test_acc,test_conf,val_acc_me1,val_conf_me1,test_acc_me1,test_conf_me1,val_acc_me2,val_conf_me2,test_acc_me2,test_conf_me2,val_acc_me3,val_conf_me3,test_acc_me3,test_conf_me3,val_acc_me4,val_conf_me4,test_acc_me4,test_conf_me4,val_acc_me5,val_conf_me5,test_acc_me5,test_conf_me5,val_acc_me6,val_conf_me6,test_acc_me6,test_conf_me6,val_acc_me7,val_conf_me7,test_acc_me7,test_conf_me7,val_acc_me8,val_conf_me8,test_acc_me8,test_conf_me8,val_acc_me9,val_conf_me9,test_acc_me9,test_conf_me9,val_acc_med,val_conf_med,test_acc_med,test_conf_med,val_acc_maj,val_conf_maj,test_acc_maj,test_conf_maj,val_acc_lin,val_conf_lin,test_acc_lin,test_conf_lin,val_nld,val_conf_nld,test_nld,test_conf_nld,val_mse,val_conf_mse,test_mse,test_conf_mse,val_svm,val_conf_svm,test_svm,test_conf_svm,val_mvm,val_conf_mvm,test_mvm,test_conf_mvm
0,5,0.54209334,0.007263928177894008,0.5476934,0.0071604088337304805,0.54252005,0.007262654117813017,0.5481067,0.007177823604943345,0.5431067,0.007272034321664456,0.5486267,0.007198321241361327,0.54359996,0.007274731136044044,0.5493467,0.007211377240154859,0.5444133,0.0072921574518389765,0.5495333,0.007215366124163514,0.5449067,0.007310982509201702,0.5498667,0.007219705039901658,0.5453334,0.007317497809558149,0.55028003,0.007236405894157194,0.54552,0.007331712422611658,0.55048007,0.007258507765704358,0.54576004,0.007350651540445563,0.55060005,0.007274396343162959,0.5459334,0.007338579601830597,0.5506267,0.00728607807490278,0.5462667,0.007349429661875573,0.5509867,0.007301834120558848,0.54337335,0.007122930040603492,0.5485333,0.007117093099891503,0.5245867,0.006967763468587851,0.53380007,0.0068671662890466,4.403475,0.010201050422516289,4.3579106,0.010170265178093274,0.2066599,0.0011106943159232552,0.20610125,0.001083673875170471,,,,,,,,
