,shots,val_acc,val_conf,test_acc,test_conf,val_acc_me1,val_conf_me1,test_acc_me1,test_conf_me1,val_acc_me2,val_conf_me2,test_acc_me2,test_conf_me2,val_acc_me3,val_conf_me3,test_acc_me3,test_conf_me3,val_acc_me4,val_conf_me4,test_acc_me4,test_conf_me4,val_acc_me5,val_conf_me5,test_acc_me5,test_conf_me5,val_acc_me6,val_conf_me6,test_acc_me6,test_conf_me6,val_acc_me7,val_conf_me7,test_acc_me7,test_conf_me7,val_acc_me8,val_conf_me8,test_acc_me8,test_conf_me8,val_acc_me9,val_conf_me9,test_acc_me9,test_conf_me9,val_acc_med,val_conf_med,test_acc_med,test_conf_med,val_acc_maj,val_conf_maj,test_acc_maj,test_conf_maj,val_acc_lin,val_conf_lin,test_acc_lin,test_conf_lin,val_nld,val_conf_nld,test_nld,test_conf_nld,val_mse,val_conf_mse,test_mse,test_conf_mse,val_svm,val_conf_svm,test_svm,test_conf_svm,val_mvm,val_conf_mvm,test_mvm,test_conf_mvm
0,5,0.8406401,0.004195888063291409,0.82544005,0.004201899096301531,0.8406935,0.004204481388426662,0.82582676,0.004190291249887235,0.8406268,0.00419239190204701,0.8254401,0.004185925088935338,0.8406001,0.004194851359818452,0.82544005,0.004184781713523766,0.8404001,0.004191764338563719,0.8253068,0.00420174116641836,0.8403734,0.004188674546609317,0.8252534,0.004203625704001124,0.8400934,0.004204453681429632,0.8250001,0.004200421851575542,0.83990675,0.004202339637554675,0.82466674,0.00420758641922947,0.83978677,0.0042048434265214985,0.8244135,0.004212209331687422,0.8396001,0.004210314634872425,0.82426685,0.004208569555841479,0.83950686,0.0041934383029689215,0.8239468,0.004224035601595122,0.83894676,0.00415488032230682,0.8260801,0.004164355653514806,0.8305868,0.0041730057779939544,0.81818676,0.004257012469484622,24.970304,0.038246705480180054,24.780006,0.037504438723463096,0.11264266,0.0012312224083470408,0.118053086,0.0011499766036666137,,,,,,,,
