,shots,val_acc,val_conf,test_acc,test_conf,val_acc_me1,val_conf_me1,test_acc_me1,test_conf_me1,val_acc_me2,val_conf_me2,test_acc_me2,test_conf_me2,val_acc_me3,val_conf_me3,test_acc_me3,test_conf_me3,val_acc_me4,val_conf_me4,test_acc_me4,test_conf_me4,val_acc_me5,val_conf_me5,test_acc_me5,test_conf_me5,val_acc_me6,val_conf_me6,test_acc_me6,test_conf_me6,val_acc_me7,val_conf_me7,test_acc_me7,test_conf_me7,val_acc_me8,val_conf_me8,test_acc_me8,test_conf_me8,val_acc_me9,val_conf_me9,test_acc_me9,test_conf_me9,val_acc_med,val_conf_med,test_acc_med,test_conf_med,val_acc_maj,val_conf_maj,test_acc_maj,test_conf_maj,val_acc_lin,val_conf_lin,test_acc_lin,test_conf_lin,val_nld,val_conf_nld,test_nld,test_conf_nld,val_mse,val_conf_mse,test_mse,test_conf_mse,val_svm,val_conf_svm,test_svm,test_conf_svm,val_mvm,val_conf_mvm,test_mvm,test_conf_mvm
0,5,0.3649067,0.007156183516680237,0.40526673,0.007829603003560448,0.36489338,0.007182773921749652,0.40538672,0.007859399108188558,0.36489338,0.007177060738957852,0.40505335,0.007883480182891756,0.36488003,0.007193507612407057,0.40505335,0.00792197351389412,0.36484003,0.007183864192083611,0.40465334,0.007925158894988349,0.36488003,0.007197782802051966,0.40421334,0.007948971211820144,0.3647867,0.007202438962906288,0.40389338,0.007962831175311436,0.36445338,0.007205490426848149,0.40372002,0.00796181802278595,0.36432,0.00721007039346061,0.40305334,0.00797783266708113,0.36448005,0.007218697428775567,0.4030667,0.007991810847093161,0.36421335,0.007230196294334801,0.40246668,0.008017928386079565,0.3657467,0.0071092529432927876,0.40864003,0.0078035020887722295,0.36090672,0.006897343364884179,0.39940003,0.007594075519082699,4.3743606,0.009308267251454616,4.453209,0.011808853289396737,0.23482138,0.0010601917333868394,0.22873549,0.001194116736113665,,,,,,,,
