,shots,val_acc,val_conf,test_acc,test_conf,val_acc_me1,val_conf_me1,test_acc_me1,test_conf_me1,val_acc_me2,val_conf_me2,test_acc_me2,test_conf_me2,val_acc_me3,val_conf_me3,test_acc_me3,test_conf_me3,val_acc_me4,val_conf_me4,test_acc_me4,test_conf_me4,val_acc_me5,val_conf_me5,test_acc_me5,test_conf_me5,val_acc_me6,val_conf_me6,test_acc_me6,test_conf_me6,val_acc_me7,val_conf_me7,test_acc_me7,test_conf_me7,val_acc_me8,val_conf_me8,test_acc_me8,test_conf_me8,val_acc_me9,val_conf_me9,test_acc_me9,test_conf_me9,val_acc_med,val_conf_med,test_acc_med,test_conf_med,val_acc_maj,val_conf_maj,test_acc_maj,test_conf_maj,val_acc_lin,val_conf_lin,test_acc_lin,test_conf_lin,val_nld,val_conf_nld,test_nld,test_conf_nld,val_mse,val_conf_mse,test_mse,test_conf_mse,val_svm,val_conf_svm,test_svm,test_conf_svm,val_mvm,val_conf_mvm,test_mvm,test_conf_mvm
0,5,0.5642,0.005703516282335563,0.59940004,0.0058834136581351615,0.5638667,0.005712146550133523,0.59924006,0.005888568544936468,0.56366664,0.005703372205950852,0.59890676,0.0058987485574361065,0.5633066,0.005709069688111024,0.59870666,0.00592236138388913,0.5634534,0.0056910458247463325,0.5986667,0.005925385602617239,0.56337327,0.005699872350440116,0.5982533,0.005903646692731357,0.5629867,0.0057176445419149236,0.59794664,0.0058962567748346295,0.56259996,0.005729179426570363,0.59749335,0.0058880411884258965,0.56181335,0.005737557560695161,0.59745336,0.00588756832234294,0.5610267,0.005714848905912451,0.59697336,0.005885533705192847,0.5607867,0.0057383924648729545,0.59657335,0.005879344423834976,0.56718665,0.005678332469149727,0.6000667,0.005785697544503865,0.56373334,0.005643258181583399,0.59705335,0.0056613129844281795,5.0892396,0.013585928360490662,4.9864745,0.01302030294563572,0.19838697,0.0009453841545645214,0.18936966,0.0009865838242266722,,,,,,,,
