,shots,val_acc,val_conf,test_acc,test_conf,val_acc_me1,val_conf_me1,test_acc_me1,test_conf_me1,val_acc_me2,val_conf_me2,test_acc_me2,test_conf_me2,val_acc_me3,val_conf_me3,test_acc_me3,test_conf_me3,val_acc_me4,val_conf_me4,test_acc_me4,test_conf_me4,val_acc_me5,val_conf_me5,test_acc_me5,test_conf_me5,val_acc_me6,val_conf_me6,test_acc_me6,test_conf_me6,val_acc_me7,val_conf_me7,test_acc_me7,test_conf_me7,val_acc_me8,val_conf_me8,test_acc_me8,test_conf_me8,val_acc_me9,val_conf_me9,test_acc_me9,test_conf_me9,val_acc_med,val_conf_med,test_acc_med,test_conf_med,val_acc_maj,val_conf_maj,test_acc_maj,test_conf_maj,val_acc_lin,val_conf_lin,test_acc_lin,test_conf_lin,val_nld,val_conf_nld,test_nld,test_conf_nld,val_mse,val_conf_mse,test_mse,test_conf_mse,val_svm,val_conf_svm,test_svm,test_conf_svm,val_mvm,val_conf_mvm,test_mvm,test_conf_mvm
0,5,0.48920006,0.005713223890535468,0.49678668,0.005582136084306577,0.49201337,0.0057465877328171655,0.49889335,0.005587961942219777,0.49452,0.005763447902305763,0.5009867,0.005594283293596902,0.49673337,0.005791543720881531,0.50393337,0.00563206501655833,0.4976667,0.005787847607474972,0.5060667,0.005621738618757588,0.49920002,0.005806539671251887,0.50861335,0.005685684059033802,0.50034666,0.005842157015960359,0.5098533,0.005777001241696222,0.50068,0.005850930898359641,0.51117337,0.0058133265001794054,0.5005867,0.005902501470186561,0.51170665,0.005834182942209165,0.49969336,0.0059373411718445235,0.51132,0.005890742620638378,0.49912003,0.00596595141699896,0.51072,0.005874845269297269,0.49213335,0.0056138850704435805,0.4987867,0.005587876512312184,0.4844134,0.005615439894761376,0.49901336,0.005721033569437428,9.632909,0.017882230737143345,9.72594,0.019766190167192832,0.20819193,0.0010819222157277542,0.20383395,0.0011946303545714854,,,,,,,,
