,shots,val_acc,val_conf,test_acc,test_conf,val_acc_me1,val_conf_me1,test_acc_me1,test_conf_me1,val_acc_me2,val_conf_me2,test_acc_me2,test_conf_me2,val_acc_me3,val_conf_me3,test_acc_me3,test_conf_me3,val_acc_me4,val_conf_me4,test_acc_me4,test_conf_me4,val_acc_me5,val_conf_me5,test_acc_me5,test_conf_me5,val_acc_me6,val_conf_me6,test_acc_me6,test_conf_me6,val_acc_me7,val_conf_me7,test_acc_me7,test_conf_me7,val_acc_me8,val_conf_me8,test_acc_me8,test_conf_me8,val_acc_me9,val_conf_me9,test_acc_me9,test_conf_me9,val_acc_med,val_conf_med,test_acc_med,test_conf_med,val_acc_maj,val_conf_maj,test_acc_maj,test_conf_maj,val_acc_lin,val_conf_lin,test_acc_lin,test_conf_lin,val_nld,val_conf_nld,test_nld,test_conf_nld,val_mse,val_conf_mse,test_mse,test_conf_mse,val_svm,val_conf_svm,test_svm,test_conf_svm,val_mvm,val_conf_mvm,test_mvm,test_conf_mvm
0,5,0.5846134,0.007635519645270872,0.58025336,0.00733725982520439,0.58558667,0.007675442657321008,0.58080006,0.007347722449074001,0.58657336,0.007675197912180409,0.5810001,0.007365748621355084,0.5872267,0.007696246456056377,0.5820534,0.0073964927670656655,0.5878401,0.0077201035658668316,0.5825067,0.007445976078448102,0.58841336,0.007717074267522661,0.5829067,0.007472910973847502,0.5888534,0.007747278126790658,0.5828667,0.007486862370429059,0.5891067,0.007771612258733573,0.5828134,0.007502537142227039,0.5895334,0.007786167667850896,0.58253336,0.007525482691834506,0.5900533,0.007789798208031051,0.58257335,0.0075325128805527886,0.5902534,0.007814643995852855,0.5826667,0.007552237491753044,0.58521336,0.007441130124663964,0.58078676,0.007251267003808515,0.56677336,0.007266496616520568,0.56516004,0.00704142621451298,4.663445,0.012214803280249598,4.6207595,0.013051983126064037,0.19729148,0.0012583417861684876,0.19810176,0.0011771152609401647,,,,,,,,
