,shots,val_acc,val_conf,test_acc,test_conf,val_acc_me1,val_conf_me1,test_acc_me1,test_conf_me1,val_acc_me2,val_conf_me2,test_acc_me2,test_conf_me2,val_acc_me3,val_conf_me3,test_acc_me3,test_conf_me3,val_acc_me4,val_conf_me4,test_acc_me4,test_conf_me4,val_acc_me5,val_conf_me5,test_acc_me5,test_conf_me5,val_acc_me6,val_conf_me6,test_acc_me6,test_conf_me6,val_acc_me7,val_conf_me7,test_acc_me7,test_conf_me7,val_acc_me8,val_conf_me8,test_acc_me8,test_conf_me8,val_acc_me9,val_conf_me9,test_acc_me9,test_conf_me9,val_acc_med,val_conf_med,test_acc_med,test_conf_med,val_acc_maj,val_conf_maj,test_acc_maj,test_conf_maj,val_acc_lin,val_conf_lin,test_acc_lin,test_conf_lin,val_nld,val_conf_nld,test_nld,test_conf_nld,val_mse,val_conf_mse,test_mse,test_conf_mse,val_svm,val_conf_svm,test_svm,test_conf_svm,val_mvm,val_conf_mvm,test_mvm,test_conf_mvm
0,5,0.45392004,0.005889980678219442,0.49628,0.005968042833492948,0.45432007,0.0058773425932981405,0.4966667,0.0059712120521722145,0.45477337,0.00584923338300708,0.49729332,0.005997103317349373,0.45469338,0.00584381158546754,0.49762672,0.006008236912330878,0.4547867,0.005863635941857237,0.49805334,0.006007461116413482,0.4549867,0.0058587091759983445,0.49777338,0.006028897558248203,0.4549067,0.005909563521951489,0.49777338,0.006029464166337872,0.45513335,0.005927737464883509,0.498,0.0060184220044466885,0.4553067,0.005932884963152196,0.49821338,0.006061686942124389,0.45545337,0.005950007425546189,0.49829337,0.00606030944258773,0.4554267,0.00595061790304785,0.49818668,0.006046751947147544,0.4559067,0.0057378110797181026,0.4965467,0.0059183969743944465,0.45064005,0.0056794592203631145,0.48489338,0.00581100650095967,5.374965,0.014835536093068313,5.2120857,0.012937397145495133,0.21870816,0.0009342239493213,0.21032727,0.0010146051802479295,,,,,,,,
