,shots,val_acc,val_conf,test_acc,test_conf,val_acc_me1,val_conf_me1,test_acc_me1,test_conf_me1,val_acc_me2,val_conf_me2,test_acc_me2,test_conf_me2,val_acc_me3,val_conf_me3,test_acc_me3,test_conf_me3,val_acc_me4,val_conf_me4,test_acc_me4,test_conf_me4,val_acc_me5,val_conf_me5,test_acc_me5,test_conf_me5,val_acc_me6,val_conf_me6,test_acc_me6,test_conf_me6,val_acc_me7,val_conf_me7,test_acc_me7,test_conf_me7,val_acc_me8,val_conf_me8,test_acc_me8,test_conf_me8,val_acc_me9,val_conf_me9,test_acc_me9,test_conf_me9,val_acc_med,val_conf_med,test_acc_med,test_conf_med,val_acc_maj,val_conf_maj,test_acc_maj,test_conf_maj,val_acc_lin,val_conf_lin,test_acc_lin,test_conf_lin,val_nld,val_conf_nld,test_nld,test_conf_nld,val_mse,val_conf_mse,test_mse,test_conf_mse,val_svm,val_conf_svm,test_svm,test_conf_svm,val_mvm,val_conf_mvm,test_mvm,test_conf_mvm
0,5,0.5462001,0.007837492109187272,0.61714673,0.007728508945205381,0.54628,0.007849884525401474,0.6174667,0.00775639649951998,0.5465467,0.007883633494942144,0.6176267,0.007762933503690839,0.54674673,0.007889919289006286,0.61838675,0.0077619231218650775,0.5473067,0.007914909153212801,0.6183334,0.007764345636973813,0.54748,0.007912558676296366,0.61880004,0.007781912796670398,0.54760003,0.00789759043292304,0.61918676,0.007800005465744442,0.5479467,0.007925054531966125,0.6189601,0.0078097121503778455,0.54782665,0.007939991374076083,0.6193201,0.007842794304856238,0.54789335,0.007952555573671916,0.61937344,0.007847604239544115,0.5481067,0.007969763465973445,0.6194,0.00785875445872386,0.5457734,0.007786769833253437,0.61692005,0.00756917431726678,0.53201336,0.007537885729064109,0.60421336,0.007568158394041569,4.3504963,0.010116886724708785,4.4398584,0.011073178950844031,0.20509808,0.001253203869902908,0.19325131,0.001233348343141566,,,,,,,,
