,shots,val_acc,val_conf,test_acc,test_conf,val_acc_me1,val_conf_me1,test_acc_me1,test_conf_me1,val_acc_me2,val_conf_me2,test_acc_me2,test_conf_me2,val_acc_me3,val_conf_me3,test_acc_me3,test_conf_me3,val_acc_me4,val_conf_me4,test_acc_me4,test_conf_me4,val_acc_me5,val_conf_me5,test_acc_me5,test_conf_me5,val_acc_me6,val_conf_me6,test_acc_me6,test_conf_me6,val_acc_me7,val_conf_me7,test_acc_me7,test_conf_me7,val_acc_me8,val_conf_me8,test_acc_me8,test_conf_me8,val_acc_me9,val_conf_me9,test_acc_me9,test_conf_me9,val_acc_med,val_conf_med,test_acc_med,test_conf_med,val_acc_maj,val_conf_maj,test_acc_maj,test_conf_maj,val_acc_lin,val_conf_lin,test_acc_lin,test_conf_lin,val_nld,val_conf_nld,test_nld,test_conf_nld,val_mse,val_conf_mse,test_mse,test_conf_mse,val_svm,val_conf_svm,test_svm,test_conf_svm,val_mvm,val_conf_mvm,test_mvm,test_conf_mvm
0,5,0.29109338,0.005289094877134637,0.31361338,0.006054437868129425,0.29148003,0.005290122344941917,0.31384003,0.006060024522301366,0.29134667,0.005294328267094195,0.31406668,0.00610309966704925,0.2912134,0.005279517953604096,0.31426668,0.006128145407033103,0.2914267,0.005277370199549436,0.3142267,0.0061498829315691506,0.2915467,0.0052708567463261025,0.31426668,0.00617869359066886,0.29184002,0.005237510451809202,0.31384003,0.00619115296545919,0.29142666,0.005249185718583016,0.31401336,0.006197380113046325,0.29153335,0.0052768668557696685,0.31365338,0.006226653478996813,0.2907067,0.005275403464542083,0.31352,0.0062239289576201395,0.29097337,0.005245480831294058,0.3135067,0.006227444513762559,0.29429337,0.0053707344675106294,0.31646672,0.006017244918855302,0.28826666,0.004901479991580138,0.31217337,0.005721028028038033,5.435492,0.017049107195696855,5.261073,0.014765078123135211,0.24814197,0.0008570985214397531,0.24414505,0.0010252353160038474,,,,,,,,
