,shots,val_acc,val_conf,test_acc,test_conf,val_acc_me1,val_conf_me1,test_acc_me1,test_conf_me1,val_acc_me2,val_conf_me2,test_acc_me2,test_conf_me2,val_acc_me3,val_conf_me3,test_acc_me3,test_conf_me3,val_acc_me4,val_conf_me4,test_acc_me4,test_conf_me4,val_acc_me5,val_conf_me5,test_acc_me5,test_conf_me5,val_acc_me6,val_conf_me6,test_acc_me6,test_conf_me6,val_acc_me7,val_conf_me7,test_acc_me7,test_conf_me7,val_acc_me8,val_conf_me8,test_acc_me8,test_conf_me8,val_acc_me9,val_conf_me9,test_acc_me9,test_conf_me9,val_acc_med,val_conf_med,test_acc_med,test_conf_med,val_acc_maj,val_conf_maj,test_acc_maj,test_conf_maj,val_acc_lin,val_conf_lin,test_acc_lin,test_conf_lin,val_nld,val_conf_nld,test_nld,test_conf_nld,val_mse,val_conf_mse,test_mse,test_conf_mse,val_svm,val_conf_svm,test_svm,test_conf_svm,val_mvm,val_conf_mvm,test_mvm,test_conf_mvm
0,5,0.5257734,0.00749031928009436,0.5620134,0.006800365180940959,0.5330267,0.007475014858490225,0.5669466,0.006844820595925283,0.53990674,0.007439881924446778,0.5718667,0.006849630068829993,0.5461866,0.007444876572448411,0.57658666,0.006814437102959703,0.5518667,0.007462174050707149,0.5804801,0.006807624414168267,0.55737334,0.007435021655380902,0.58494663,0.006813528775239663,0.5625734,0.007437483422068847,0.5887334,0.00684129488055063,0.56636006,0.007464352744241842,0.5911334,0.006893049703907916,0.5698401,0.007460500086301947,0.5929867,0.006899916883126855,0.5715734,0.007503862922035975,0.59213334,0.006924571030885729,0.5719734,0.0075373597579034834,0.59054667,0.006944012568932845,0.53268,0.007359724196629669,0.56842667,0.00673411636564325,0.5425467,0.007209998817051533,0.57013345,0.006532423742397042,10.510718,0.02308755535582918,10.50966,0.026458824540418036,0.2099201,0.0010062129617329774,0.19991931,0.0010761896380380165,,,,,,,,
