,shots,val_acc,val_conf,test_acc,test_conf,val_acc_me1,val_conf_me1,test_acc_me1,test_conf_me1,val_acc_me2,val_conf_me2,test_acc_me2,test_conf_me2,val_acc_me3,val_conf_me3,test_acc_me3,test_conf_me3,val_acc_me4,val_conf_me4,test_acc_me4,test_conf_me4,val_acc_me5,val_conf_me5,test_acc_me5,test_conf_me5,val_acc_me6,val_conf_me6,test_acc_me6,test_conf_me6,val_acc_me7,val_conf_me7,test_acc_me7,test_conf_me7,val_acc_me8,val_conf_me8,test_acc_me8,test_conf_me8,val_acc_me9,val_conf_me9,test_acc_me9,test_conf_me9,val_acc_med,val_conf_med,test_acc_med,test_conf_med,val_acc_maj,val_conf_maj,test_acc_maj,test_conf_maj,val_acc_lin,val_conf_lin,test_acc_lin,test_conf_lin,val_nld,val_conf_nld,test_nld,test_conf_nld,val_mse,val_conf_mse,test_mse,test_conf_mse,val_svm,val_conf_svm,test_svm,test_conf_svm,val_mvm,val_conf_mvm,test_mvm,test_conf_mvm
0,5,0.73017347,0.0057302452223901845,0.7317201,0.005895218686011838,0.73062676,0.005736741127848721,0.73214674,0.005896419784333973,0.73100007,0.0057512956133993764,0.73276013,0.005875401718154705,0.7314401,0.005739007560207399,0.73309344,0.005897613494123544,0.7315734,0.005750356346199359,0.7332667,0.005914240924836944,0.73177344,0.005761682966593629,0.7335735,0.005904911055363393,0.7318135,0.005754184529625173,0.7338401,0.005909822582373936,0.7319201,0.0057531011860404435,0.73404,0.005910842661648652,0.7323601,0.0057554124113777805,0.7343601,0.005915286402192299,0.73262674,0.0057798592184420405,0.73452014,0.005940657237608171,0.73284006,0.005776039808898625,0.73489344,0.005928921939007403,0.72938675,0.005692515219156591,0.7302268,0.005752028463471337,0.7048134,0.005908961818332226,0.70554674,0.0059107701616730735,22.82389,0.024503562077025975,22.692778,0.0241223396574739,0.15821637,0.001332859062060987,0.15853988,0.0013156998878959547,,,,,,,,
