,shots,val_acc,val_conf,test_acc,test_conf,val_acc_me1,val_conf_me1,test_acc_me1,test_conf_me1,val_acc_me2,val_conf_me2,test_acc_me2,test_conf_me2,val_acc_me3,val_conf_me3,test_acc_me3,test_conf_me3,val_acc_me4,val_conf_me4,test_acc_me4,test_conf_me4,val_acc_me5,val_conf_me5,test_acc_me5,test_conf_me5,val_acc_me6,val_conf_me6,test_acc_me6,test_conf_me6,val_acc_me7,val_conf_me7,test_acc_me7,test_conf_me7,val_acc_me8,val_conf_me8,test_acc_me8,test_conf_me8,val_acc_me9,val_conf_me9,test_acc_me9,test_conf_me9,val_acc_med,val_conf_med,test_acc_med,test_conf_med,val_acc_maj,val_conf_maj,test_acc_maj,test_conf_maj,val_acc_lin,val_conf_lin,test_acc_lin,test_conf_lin,val_nld,val_conf_nld,test_nld,test_conf_nld,val_mse,val_conf_mse,test_mse,test_conf_mse,val_svm,val_conf_svm,test_svm,test_conf_svm,val_mvm,val_conf_mvm,test_mvm,test_conf_mvm
0,5,0.4979467,0.0059244786602470345,0.5240934,0.006357534868097647,0.49793336,0.005924691542341098,0.52414674,0.006340174125529008,0.49828002,0.005925579089813282,0.5243867,0.006346989123236835,0.49840003,0.00592213095403038,0.52432,0.006371190723377218,0.49860004,0.00591736027092149,0.52464,0.006365709817577336,0.4979467,0.005923901892925132,0.52470666,0.006371157013197459,0.49794665,0.005921824329929604,0.5247334,0.006379659367025781,0.4979867,0.005903841103493956,0.52533334,0.006359752351428161,0.49769336,0.005904355068289235,0.52564,0.006365127970639262,0.49745336,0.005900153302186517,0.5255333,0.006350650602897079,0.4972134,0.005890807270298115,0.5252267,0.006362349882401697,0.49926668,0.005853709448380595,0.5253734,0.006367625756423467,0.49570668,0.005815240591892312,0.51770675,0.0063535372102064835,4.87829,0.012271481636982884,4.7347746,0.010296259052914536,0.21184845,0.0009080302160930087,0.2058977,0.0010277497259861823,,,,,,,,
