,shots,val_acc,val_conf,test_acc,test_conf,val_acc_me1,val_conf_me1,test_acc_me1,test_conf_me1,val_acc_me2,val_conf_me2,test_acc_me2,test_conf_me2,val_acc_me3,val_conf_me3,test_acc_me3,test_conf_me3,val_acc_me4,val_conf_me4,test_acc_me4,test_conf_me4,val_acc_me5,val_conf_me5,test_acc_me5,test_conf_me5,val_acc_me6,val_conf_me6,test_acc_me6,test_conf_me6,val_acc_me7,val_conf_me7,test_acc_me7,test_conf_me7,val_acc_me8,val_conf_me8,test_acc_me8,test_conf_me8,val_acc_me9,val_conf_me9,test_acc_me9,test_conf_me9,val_acc_med,val_conf_med,test_acc_med,test_conf_med,val_acc_maj,val_conf_maj,test_acc_maj,test_conf_maj,val_acc_lin,val_conf_lin,test_acc_lin,test_conf_lin,val_nld,val_conf_nld,test_nld,test_conf_nld,val_mse,val_conf_mse,test_mse,test_conf_mse,val_svm,val_conf_svm,test_svm,test_conf_svm,val_mvm,val_conf_mvm,test_mvm,test_conf_mvm
0,5,0.2684,0.004249586532491856,0.32634667,0.0055920163994548355,0.26850668,0.004221491637482588,0.32666668,0.005614622076565101,0.26824,0.004200315641420149,0.32642668,0.0056553638303780684,0.26848,0.004170542625956175,0.32600003,0.005706136440689957,0.26844,0.004163308329026283,0.32668,0.0057055666001172844,0.2677734,0.004170428565484996,0.32660004,0.005745444357405538,0.26720002,0.0041850153758655195,0.32669336,0.005769903632618478,0.26697332,0.004203276134054967,0.32649335,0.005792951236331723,0.26652002,0.004210621720756369,0.32564005,0.00577772254718617,0.26625335,0.004196567346502478,0.3248934,0.005773002198455335,0.2660933,0.004187036139517097,0.32444003,0.005816638871676771,0.26754668,0.0042168488683435035,0.32760003,0.0056326796501094956,0.26705337,0.0041071721058687505,0.32293338,0.005423727331852812,8.810542,0.014597406459785134,8.70062,0.013455181812108918,0.2562608,0.0008000929912497234,0.2453024,0.0011264453974090538,,,,,,,,
