,shots,val_acc,val_conf,test_acc,test_conf,val_acc_me1,val_conf_me1,test_acc_me1,test_conf_me1,val_acc_me2,val_conf_me2,test_acc_me2,test_conf_me2,val_acc_me3,val_conf_me3,test_acc_me3,test_conf_me3,val_acc_me4,val_conf_me4,test_acc_me4,test_conf_me4,val_acc_me5,val_conf_me5,test_acc_me5,test_conf_me5,val_acc_me6,val_conf_me6,test_acc_me6,test_conf_me6,val_acc_me7,val_conf_me7,test_acc_me7,test_conf_me7,val_acc_me8,val_conf_me8,test_acc_me8,test_conf_me8,val_acc_me9,val_conf_me9,test_acc_me9,test_conf_me9,val_acc_med,val_conf_med,test_acc_med,test_conf_med,val_acc_maj,val_conf_maj,test_acc_maj,test_conf_maj,val_acc_lin,val_conf_lin,test_acc_lin,test_conf_lin,val_nld,val_conf_nld,test_nld,test_conf_nld,val_mse,val_conf_mse,test_mse,test_conf_mse,val_svm,val_conf_svm,test_svm,test_conf_svm,val_mvm,val_conf_mvm,test_mvm,test_conf_mvm
0,5,0.45876002,0.004972359107868307,0.46244,0.004919224014274581,0.46068007,0.004965758377604268,0.46461338,0.004902364306569318,0.46096006,0.004946407810864195,0.46568006,0.004931161573953846,0.4613067,0.004972705445331405,0.46680003,0.00493887566371598,0.46165338,0.004996720946808253,0.46773332,0.00496370713625599,0.46173334,0.004982779247675706,0.46878672,0.004982546970683788,0.46113336,0.004994952316829893,0.4696667,0.005053161946933393,0.46052003,0.005044232443567276,0.47005334,0.005101303777875266,0.45906672,0.0050507754509207525,0.47053334,0.005152533553638483,0.45740002,0.005072713389402073,0.46985337,0.005180978018593851,0.4554134,0.005070265937995977,0.46648005,0.005209526846571444,0.4616134,0.004775005862143522,0.46464002,0.00485603174253485,0.4553067,0.00462199858876472,0.46484002,0.005004895896288053,10.97099,0.012248613205184,11.114919,0.015564704828713971,0.21557745,0.0008958712890519138,0.21210901,0.0010997507447632338,,,,,,,,
