,shots,val_acc,val_conf,test_acc,test_conf,val_acc_me1,val_conf_me1,test_acc_me1,test_conf_me1,val_acc_me2,val_conf_me2,test_acc_me2,test_conf_me2,val_acc_me3,val_conf_me3,test_acc_me3,test_conf_me3,val_acc_me4,val_conf_me4,test_acc_me4,test_conf_me4,val_acc_me5,val_conf_me5,test_acc_me5,test_conf_me5,val_acc_me6,val_conf_me6,test_acc_me6,test_conf_me6,val_acc_me7,val_conf_me7,test_acc_me7,test_conf_me7,val_acc_me8,val_conf_me8,test_acc_me8,test_conf_me8,val_acc_me9,val_conf_me9,test_acc_me9,test_conf_me9,val_acc_med,val_conf_med,test_acc_med,test_conf_med,val_acc_maj,val_conf_maj,test_acc_maj,test_conf_maj,val_acc_lin,val_conf_lin,test_acc_lin,test_conf_lin,val_nld,val_conf_nld,test_nld,test_conf_nld,val_mse,val_conf_mse,test_mse,test_conf_mse,val_svm,val_conf_svm,test_svm,test_conf_svm,val_mvm,val_conf_mvm,test_mvm,test_conf_mvm
0,5,0.75176007,0.005514751743913138,0.7418001,0.005768706228562626,0.7524401,0.005505039056097005,0.74268013,0.005768932502371871,0.7529601,0.00551990201288155,0.74329346,0.005754065389537821,0.75342673,0.005528857376111529,0.74397343,0.0057614386832363085,0.75416017,0.0055203319331190714,0.74466676,0.005745059230146565,0.75514674,0.005530807486920586,0.7451201,0.005744526332236655,0.75516015,0.005541040142714726,0.7456134,0.005748821378562696,0.75562686,0.0055648727780109875,0.74617344,0.005739471652408068,0.75584006,0.005559110646191079,0.74638677,0.005743337240279867,0.75616014,0.00557043680480207,0.7467335,0.005747763433058717,0.7567868,0.005586481926794007,0.7469201,0.005750122222074272,0.7521335,0.005567910850237556,0.7409868,0.005737381159480526,0.7228401,0.005725041386560825,0.71546674,0.0058120709114297675,23.677359,0.028599973247022348,23.572851,0.02802372127523256,0.1488249,0.0014307040132285898,0.15139985,0.0013783050021898835,,,,,,,,
