,shots,val_acc,val_conf,test_acc,test_conf,val_acc_me1,val_conf_me1,test_acc_me1,test_conf_me1,val_acc_me2,val_conf_me2,test_acc_me2,test_conf_me2,val_acc_me3,val_conf_me3,test_acc_me3,test_conf_me3,val_acc_me4,val_conf_me4,test_acc_me4,test_conf_me4,val_acc_me5,val_conf_me5,test_acc_me5,test_conf_me5,val_acc_me6,val_conf_me6,test_acc_me6,test_conf_me6,val_acc_me7,val_conf_me7,test_acc_me7,test_conf_me7,val_acc_me8,val_conf_me8,test_acc_me8,test_conf_me8,val_acc_me9,val_conf_me9,test_acc_me9,test_conf_me9,val_acc_med,val_conf_med,test_acc_med,test_conf_med,val_acc_maj,val_conf_maj,test_acc_maj,test_conf_maj,val_acc_lin,val_conf_lin,test_acc_lin,test_conf_lin,val_nld,val_conf_nld,test_nld,test_conf_nld,val_mse,val_conf_mse,test_mse,test_conf_mse,val_svm,val_conf_svm,test_svm,test_conf_svm,val_mvm,val_conf_mvm,test_mvm,test_conf_mvm
0,5,0.2627467,0.00416710372583895,0.32704005,0.005951127250010291,0.26365337,0.0042174385655973645,0.32732004,0.006017064361591218,0.26424,0.0042400668700885435,0.32853335,0.006069709503120357,0.26408002,0.0042143122927635335,0.3283067,0.006140502727717656,0.26376,0.0042435801173145715,0.3284267,0.006134248796700048,0.26360005,0.004255213361809507,0.32833338,0.006104410208009781,0.26261336,0.004229146157201102,0.32904005,0.006135014433385211,0.262,0.004273200282511436,0.3288667,0.0061489524382515315,0.26154667,0.004256613950510413,0.32793334,0.006134716583166944,0.26072004,0.004262434728807496,0.32725337,0.006144241786969651,0.25952002,0.004250519796509145,0.32554668,0.0061318170459255805,0.26350668,0.004161954842220372,0.32900003,0.0058553681739373364,0.26481336,0.004139131203399982,0.32561338,0.005530081563597911,9.691987,0.010996939454193111,9.72847,0.012872199810734841,0.25560614,0.0008007378138831789,0.24421945,0.0010330783587481074,,,,,,,,
