,shots,val_acc,val_conf,test_acc,test_conf,val_acc_me1,val_conf_me1,test_acc_me1,test_conf_me1,val_acc_me2,val_conf_me2,test_acc_me2,test_conf_me2,val_acc_me3,val_conf_me3,test_acc_me3,test_conf_me3,val_acc_me4,val_conf_me4,test_acc_me4,test_conf_me4,val_acc_me5,val_conf_me5,test_acc_me5,test_conf_me5,val_acc_me6,val_conf_me6,test_acc_me6,test_conf_me6,val_acc_me7,val_conf_me7,test_acc_me7,test_conf_me7,val_acc_me8,val_conf_me8,test_acc_me8,test_conf_me8,val_acc_me9,val_conf_me9,test_acc_me9,test_conf_me9,val_acc_med,val_conf_med,test_acc_med,test_conf_med,val_acc_maj,val_conf_maj,test_acc_maj,test_conf_maj,val_acc_lin,val_conf_lin,test_acc_lin,test_conf_lin,val_nld,val_conf_nld,test_nld,test_conf_nld,val_mse,val_conf_mse,test_mse,test_conf_mse,val_svm,val_conf_svm,test_svm,test_conf_svm,val_mvm,val_conf_mvm,test_mvm,test_conf_mvm
0,5,0.38250667,0.007788093304145871,0.4234267,0.008384896479215254,0.38256,0.007810028010144188,0.42376003,0.008415760226796465,0.38292006,0.007823098324219513,0.42413336,0.008430426463901852,0.38268006,0.007832598129941581,0.42417338,0.008465309573188529,0.38281336,0.007836780962929668,0.4237467,0.008473502532216348,0.38277337,0.007847471245958304,0.42336005,0.008482188675791702,0.38294673,0.007859848885107379,0.4232,0.008497000836414914,0.38273337,0.007878996267202454,0.42308003,0.008520470510049893,0.3825467,0.007899252852746064,0.42284003,0.008556738045622458,0.3823467,0.007929376823506029,0.42268002,0.008558613809322824,0.3819467,0.007937634432193641,0.42217338,0.008585323354479535,0.3831867,0.007739411186761469,0.42681336,0.008203362081673216,0.3773067,0.007351667001887441,0.4193867,0.00803126653445968,4.505924,0.011846297448776966,4.6078525,0.013922452005267871,0.2319071,0.0011948783321950873,0.22515576,0.0012793492313321886,,,,,,,,
