,shots,val_acc,val_conf,test_acc,test_conf,val_acc_me1,val_conf_me1,test_acc_me1,test_conf_me1,val_acc_me2,val_conf_me2,test_acc_me2,test_conf_me2,val_acc_me3,val_conf_me3,test_acc_me3,test_conf_me3,val_acc_me4,val_conf_me4,test_acc_me4,test_conf_me4,val_acc_me5,val_conf_me5,test_acc_me5,test_conf_me5,val_acc_me6,val_conf_me6,test_acc_me6,test_conf_me6,val_acc_me7,val_conf_me7,test_acc_me7,test_conf_me7,val_acc_me8,val_conf_me8,test_acc_me8,test_conf_me8,val_acc_me9,val_conf_me9,test_acc_me9,test_conf_me9,val_acc_med,val_conf_med,test_acc_med,test_conf_med,val_acc_maj,val_conf_maj,test_acc_maj,test_conf_maj,val_acc_lin,val_conf_lin,test_acc_lin,test_conf_lin,val_nld,val_conf_nld,test_nld,test_conf_nld,val_mse,val_conf_mse,test_mse,test_conf_mse,val_svm,val_conf_svm,test_svm,test_conf_svm,val_mvm,val_conf_mvm,test_mvm,test_conf_mvm
0,5,0.23237336,0.004301050894163383,0.2200667,0.003916829192181032,0.23261334,0.0043264272709787055,0.21981336,0.0039877304740668085,0.23306668,0.004349790272675014,0.21985334,0.0039952727804472565,0.23338667,0.004375830693852972,0.22036001,0.004006839066366008,0.23366669,0.004379218797808976,0.22053334,0.004022770589670072,0.23346668,0.004379103813771212,0.22068001,0.004027440604022936,0.23321334,0.004392976707194407,0.22089334,0.004032030729867658,0.23354667,0.004399494316467273,0.22077334,0.00401343333166404,0.23350668,0.004384714942457235,0.22102669,0.004049334673092292,0.23525336,0.0044769330643071314,0.22205335,0.004155828363389208,0.23648001,0.0047278831869097815,0.22513336,0.004292535610403186,0.23248,0.004337380770479349,0.22157335,0.004018492629325465,0.23178668,0.004372280042180932,0.22130668,0.004016137072792886,12.6666975,0.01307255095354165,12.667639,0.013228846123903182,0.2542632,0.0006377893276855451,0.25609285,0.0006399386402588525,,,,,,,,
