,shots,val_acc,val_conf,test_acc,test_conf,val_acc_me1,val_conf_me1,test_acc_me1,test_conf_me1,val_acc_me2,val_conf_me2,test_acc_me2,test_conf_me2,val_acc_me3,val_conf_me3,test_acc_me3,test_conf_me3,val_acc_me4,val_conf_me4,test_acc_me4,test_conf_me4,val_acc_me5,val_conf_me5,test_acc_me5,test_conf_me5,val_acc_me6,val_conf_me6,test_acc_me6,test_conf_me6,val_acc_me7,val_conf_me7,test_acc_me7,test_conf_me7,val_acc_me8,val_conf_me8,test_acc_me8,test_conf_me8,val_acc_me9,val_conf_me9,test_acc_me9,test_conf_me9,val_acc_med,val_conf_med,test_acc_med,test_conf_med,val_acc_maj,val_conf_maj,test_acc_maj,test_conf_maj,val_acc_lin,val_conf_lin,test_acc_lin,test_conf_lin,val_nld,val_conf_nld,test_nld,test_conf_nld,val_mse,val_conf_mse,test_mse,test_conf_mse,val_svm,val_conf_svm,test_svm,test_conf_svm,val_mvm,val_conf_mvm,test_mvm,test_conf_mvm
0,5,0.5842667,0.00733455516050896,0.5812934,0.007287382150897304,0.58456004,0.00736494419487399,0.5828134,0.007295018199284464,0.5854534,0.007391890634855569,0.58382666,0.007288368519992261,0.58565336,0.007373533363959739,0.58437335,0.0073050818423965325,0.58609337,0.007400875552215802,0.5849067,0.007301345092060929,0.58629334,0.007419513587348381,0.5848667,0.007297702083732038,0.58689344,0.007440651255398278,0.5852667,0.007339418200274617,0.5874133,0.007443874040938492,0.5856267,0.00737398267909517,0.58769333,0.007492762575450951,0.58573335,0.0073871906045892555,0.58783996,0.00752804189479539,0.58588,0.007417776820416555,0.5877467,0.00755352448176605,0.5857334,0.007435154648966713,0.5853067,0.007165778449758853,0.5819067,0.007096949189469126,0.5681467,0.006799434225840062,0.5690267,0.006712769047982348,4.624195,0.012062914445984951,4.589734,0.012456603167075642,0.19784628,0.0011494654095710322,0.19854152,0.0011029169618511914,,,,,,,,
