,shots,val_acc,val_conf,test_acc,test_conf,val_acc_me1,val_conf_me1,test_acc_me1,test_conf_me1,val_acc_me2,val_conf_me2,test_acc_me2,test_conf_me2,val_acc_me3,val_conf_me3,test_acc_me3,test_conf_me3,val_acc_me4,val_conf_me4,test_acc_me4,test_conf_me4,val_acc_me5,val_conf_me5,test_acc_me5,test_conf_me5,val_acc_me6,val_conf_me6,test_acc_me6,test_conf_me6,val_acc_me7,val_conf_me7,test_acc_me7,test_conf_me7,val_acc_me8,val_conf_me8,test_acc_me8,test_conf_me8,val_acc_me9,val_conf_me9,test_acc_me9,test_conf_me9,val_acc_med,val_conf_med,test_acc_med,test_conf_med,val_acc_maj,val_conf_maj,test_acc_maj,test_conf_maj,val_acc_lin,val_conf_lin,test_acc_lin,test_conf_lin,val_nld,val_conf_nld,test_nld,test_conf_nld,val_mse,val_conf_mse,test_mse,test_conf_mse,val_svm,val_conf_svm,test_svm,test_conf_svm,val_mvm,val_conf_mvm,test_mvm,test_conf_mvm
0,5,0.26252002,0.005198523936259358,0.30594668,0.006568464080593861,0.26201338,0.005213291303904022,0.30648002,0.006610620276606305,0.26257336,0.005203812278429754,0.30628002,0.006645294198065199,0.26241332,0.005238931820757908,0.30644,0.00665231376576797,0.2619867,0.005243273045412444,0.30649334,0.0066574561844205404,0.2615467,0.0052781469190333885,0.30648002,0.006665920210236209,0.26209337,0.0052999130741330225,0.30637336,0.0066721584406221335,0.2621067,0.0053339645117248535,0.30602667,0.006713840385201675,0.26200002,0.005318207080718951,0.3061867,0.0067332094232731565,0.26173332,0.005308789472421471,0.30582666,0.006740735105455364,0.26133335,0.005339022424036444,0.30552003,0.006732493659182659,0.2633867,0.0051165578651014565,0.30853337,0.006602787508540098,0.26548,0.005116931447778361,0.3099067,0.006369738876731812,8.144137,0.014743837939196425,8.232318,0.016486354072869247,0.25870967,0.0011334706219570112,0.24897157,0.0013804502164365129,,,,,,,,
