,shots,val_acc,val_conf,test_acc,test_conf,val_acc_me1,val_conf_me1,test_acc_me1,test_conf_me1,val_acc_me2,val_conf_me2,test_acc_me2,test_conf_me2,val_acc_me3,val_conf_me3,test_acc_me3,test_conf_me3,val_acc_me4,val_conf_me4,test_acc_me4,test_conf_me4,val_acc_me5,val_conf_me5,test_acc_me5,test_conf_me5,val_acc_me6,val_conf_me6,test_acc_me6,test_conf_me6,val_acc_me7,val_conf_me7,test_acc_me7,test_conf_me7,val_acc_me8,val_conf_me8,test_acc_me8,test_conf_me8,val_acc_me9,val_conf_me9,test_acc_me9,test_conf_me9,val_acc_med,val_conf_med,test_acc_med,test_conf_med,val_acc_maj,val_conf_maj,test_acc_maj,test_conf_maj,val_acc_lin,val_conf_lin,test_acc_lin,test_conf_lin,val_nld,val_conf_nld,test_nld,test_conf_nld,val_mse,val_conf_mse,test_mse,test_conf_mse,val_svm,val_conf_svm,test_svm,test_conf_svm,val_mvm,val_conf_mvm,test_mvm,test_conf_mvm
0,5,0.7632401,0.0058161600024111415,0.8163335,0.005459454580982959,0.7633468,0.005809106262745334,0.8161201,0.0054440901275518705,0.76318675,0.005816390432269891,0.8159334,0.005426208955221945,0.7630534,0.005811021278024797,0.81598675,0.005389957120281008,0.76310676,0.0057896979730946985,0.81586677,0.005389988983327654,0.76280016,0.005786934200138871,0.81556004,0.005392348234126487,0.76241344,0.0057873087063823325,0.81518674,0.005396186115001256,0.76170677,0.005790459915513524,0.8146934,0.005407949582382332,0.7613734,0.00579251300399497,0.8144935,0.005399716448208802,0.7611735,0.005786955442170005,0.81393343,0.005403358071187858,0.7607868,0.005810372472510483,0.81338674,0.005395951990876169,0.76450676,0.0057442414119502905,0.8159868,0.005355475762451656,0.75418675,0.005806746088379944,0.80961347,0.005402230396407859,5.189965,0.012353999539165272,5.387082,0.015428520320377892,0.14550519,0.0013877228413790021,0.13027573,0.0013172315076037389,,,,,,,,
