,shots,val_acc,val_conf,test_acc,test_conf,val_acc_me1,val_conf_me1,test_acc_me1,test_conf_me1,val_acc_me2,val_conf_me2,test_acc_me2,test_conf_me2,val_acc_me3,val_conf_me3,test_acc_me3,test_conf_me3,val_acc_me4,val_conf_me4,test_acc_me4,test_conf_me4,val_acc_me5,val_conf_me5,test_acc_me5,test_conf_me5,val_acc_me6,val_conf_me6,test_acc_me6,test_conf_me6,val_acc_me7,val_conf_me7,test_acc_me7,test_conf_me7,val_acc_me8,val_conf_me8,test_acc_me8,test_conf_me8,val_acc_me9,val_conf_me9,test_acc_me9,test_conf_me9,val_acc_med,val_conf_med,test_acc_med,test_conf_med,val_acc_maj,val_conf_maj,test_acc_maj,test_conf_maj,val_acc_lin,val_conf_lin,test_acc_lin,test_conf_lin,val_nld,val_conf_nld,test_nld,test_conf_nld,val_mse,val_conf_mse,test_mse,test_conf_mse,val_svm,val_conf_svm,test_svm,test_conf_svm,val_mvm,val_conf_mvm,test_mvm,test_conf_mvm
0,5,0.5562667,0.007560361645071567,0.61782664,0.007976755788462464,0.55684,0.007562044383359057,0.61777335,0.007991169891894745,0.5572001,0.007593036506693296,0.6182667,0.008021011251284738,0.5573867,0.007588609390347889,0.61841345,0.008020701856484291,0.55756,0.007617468536692429,0.6185467,0.008021566314792339,0.55804,0.007640492127674925,0.6186,0.008058673372375535,0.5579467,0.007658940831660965,0.61876,0.008082406262482467,0.5584133,0.007673411272653974,0.61912006,0.008111798768520306,0.55832,0.007698728079425621,0.61928004,0.008142393758230004,0.55816,0.007706929812335783,0.61912,0.008153156079450996,0.55780005,0.007739273575342764,0.61908007,0.008176582345457262,0.55602676,0.007564772599002012,0.62025344,0.00790116186484291,0.54290676,0.007298624726733816,0.6045601,0.007775899454743884,4.3863745,0.009891258488494259,4.494161,0.012028191113714115,0.20311409,0.0011957502944814347,0.19315034,0.0013067472953656456,,,,,,,,
