,shots,val_acc,val_conf,test_acc,test_conf,val_acc_me1,val_conf_me1,test_acc_me1,test_conf_me1,val_acc_me2,val_conf_me2,test_acc_me2,test_conf_me2,val_acc_me3,val_conf_me3,test_acc_me3,test_conf_me3,val_acc_me4,val_conf_me4,test_acc_me4,test_conf_me4,val_acc_me5,val_conf_me5,test_acc_me5,test_conf_me5,val_acc_me6,val_conf_me6,test_acc_me6,test_conf_me6,val_acc_me7,val_conf_me7,test_acc_me7,test_conf_me7,val_acc_me8,val_conf_me8,test_acc_me8,test_conf_me8,val_acc_me9,val_conf_me9,test_acc_me9,test_conf_me9,val_acc_med,val_conf_med,test_acc_med,test_conf_med,val_acc_maj,val_conf_maj,test_acc_maj,test_conf_maj,val_acc_lin,val_conf_lin,test_acc_lin,test_conf_lin,val_nld,val_conf_nld,test_nld,test_conf_nld,val_mse,val_conf_mse,test_mse,test_conf_mse,val_svm,val_conf_svm,test_svm,test_conf_svm,val_mvm,val_conf_mvm,test_mvm,test_conf_mvm
0,5,0.52894664,0.00719952557216641,0.58161336,0.006853793045136891,0.52933335,0.007244829283043819,0.5823067,0.006887756743904738,0.52992004,0.007274701120130511,0.58325344,0.006920056175716338,0.53070664,0.00730254434324995,0.58338666,0.006966871303282884,0.53108,0.007313406871443551,0.5840934,0.0069423108975306125,0.5303067,0.0073318463397640254,0.58437335,0.006997073777201046,0.5299734,0.00732097688482114,0.5837734,0.006993433077788658,0.52993333,0.0073124500564787365,0.5835867,0.006994690513671409,0.52952003,0.007333931291292117,0.58413345,0.007002322406008954,0.52959996,0.007323736039944073,0.5838667,0.007000272088227288,0.529,0.007340508008825353,0.58314675,0.007005367866768197,0.52864003,0.007223572013123292,0.58220005,0.006789125837587395,0.51971996,0.007000889954261513,0.5810667,0.0067693019429810874,7.6691904,0.01756215211868284,7.6061506,0.016993307150770853,0.19818671,0.0015658323077481495,0.18381183,0.0015668063241403019,,,,,,,,
