,shots,val_acc,val_conf,test_acc,test_conf,val_acc_me1,val_conf_me1,test_acc_me1,test_conf_me1,val_acc_me2,val_conf_me2,test_acc_me2,test_conf_me2,val_acc_me3,val_conf_me3,test_acc_me3,test_conf_me3,val_acc_me4,val_conf_me4,test_acc_me4,test_conf_me4,val_acc_me5,val_conf_me5,test_acc_me5,test_conf_me5,val_acc_me6,val_conf_me6,test_acc_me6,test_conf_me6,val_acc_me7,val_conf_me7,test_acc_me7,test_conf_me7,val_acc_me8,val_conf_me8,test_acc_me8,test_conf_me8,val_acc_me9,val_conf_me9,test_acc_me9,test_conf_me9,val_acc_med,val_conf_med,test_acc_med,test_conf_med,val_acc_maj,val_conf_maj,test_acc_maj,test_conf_maj,val_acc_lin,val_conf_lin,test_acc_lin,test_conf_lin,val_nld,val_conf_nld,test_nld,test_conf_nld,val_mse,val_conf_mse,test_mse,test_conf_mse,val_svm,val_conf_svm,test_svm,test_conf_svm,val_mvm,val_conf_mvm,test_mvm,test_conf_mvm
0,5,0.34540004,0.006869864026992745,0.37845337,0.0071988509067882345,0.34561333,0.006865124745147222,0.37825337,0.007188697215935791,0.3455467,0.00687011108104979,0.3780267,0.007202532704913001,0.34549335,0.006889056202066368,0.37828004,0.007221360532975396,0.34537336,0.006898840004508189,0.37789336,0.0072254145284271765,0.34533337,0.006914103789183335,0.37766668,0.007241968535598331,0.34521335,0.006913268885005541,0.3775467,0.007268763972445913,0.34505337,0.0069273574312224695,0.37694672,0.007280764334651801,0.34489337,0.006950359318390553,0.3768534,0.007283521642641622,0.34469336,0.006954723632209281,0.37660003,0.007260710471969856,0.34488007,0.006960714808538215,0.37634668,0.007278292870514846,0.3475067,0.006780574996514355,0.38110667,0.007041129749644548,0.34130672,0.0066130293999998035,0.3744267,0.006952520925943784,4.3562174,0.009565152674608335,4.401229,0.010613268659668051,0.23774868,0.0010236387002988123,0.232159,0.001075823790231134,,,,,,,,
