,shots,val_acc,val_conf,test_acc,test_conf,val_acc_me1,val_conf_me1,test_acc_me1,test_conf_me1,val_acc_me2,val_conf_me2,test_acc_me2,test_conf_me2,val_acc_me3,val_conf_me3,test_acc_me3,test_conf_me3,val_acc_me4,val_conf_me4,test_acc_me4,test_conf_me4,val_acc_me5,val_conf_me5,test_acc_me5,test_conf_me5,val_acc_me6,val_conf_me6,test_acc_me6,test_conf_me6,val_acc_me7,val_conf_me7,test_acc_me7,test_conf_me7,val_acc_me8,val_conf_me8,test_acc_me8,test_conf_me8,val_acc_me9,val_conf_me9,test_acc_me9,test_conf_me9,val_acc_med,val_conf_med,test_acc_med,test_conf_med,val_acc_maj,val_conf_maj,test_acc_maj,test_conf_maj,val_acc_lin,val_conf_lin,test_acc_lin,test_conf_lin,val_nld,val_conf_nld,test_nld,test_conf_nld,val_mse,val_conf_mse,test_mse,test_conf_mse,val_svm,val_conf_svm,test_svm,test_conf_svm,val_mvm,val_conf_mvm,test_mvm,test_conf_mvm
0,5,0.6690668,0.00653018363168556,0.73765343,0.006132379036182467,0.66977346,0.006528566466624364,0.73820007,0.006128629817698239,0.67026675,0.0065357033272812615,0.7387868,0.006128180502562697,0.6701601,0.006531636401897578,0.73921347,0.006140928953689007,0.6704401,0.006532240876216511,0.73942673,0.006148139699671318,0.67088014,0.006532409888898583,0.73976016,0.006152892373232133,0.67092,0.006550650790406842,0.74004006,0.00616534158879023,0.6710401,0.006566763332758296,0.7403868,0.006172054994175502,0.6711334,0.006564803986283452,0.7404134,0.00617592381453036,0.6713467,0.006589490458872249,0.74050677,0.00617534335294212,0.67118675,0.006610323811737873,0.74018675,0.006189565816311471,0.6703601,0.006533777229203008,0.7375468,0.0061226238643041775,0.65817344,0.006475288220212594,0.7237334,0.006297186719605108,4.2828965,0.008360344385562435,4.3570695,0.00901120391187682,0.18198797,0.0011766482825940339,0.17090054,0.0011316137913713609,,,,,,,,
