,shots,val_acc,val_conf,test_acc,test_conf,val_acc_me1,val_conf_me1,test_acc_me1,test_conf_me1,val_acc_me2,val_conf_me2,test_acc_me2,test_conf_me2,val_acc_me3,val_conf_me3,test_acc_me3,test_conf_me3,val_acc_me4,val_conf_me4,test_acc_me4,test_conf_me4,val_acc_me5,val_conf_me5,test_acc_me5,test_conf_me5,val_acc_me6,val_conf_me6,test_acc_me6,test_conf_me6,val_acc_me7,val_conf_me7,test_acc_me7,test_conf_me7,val_acc_me8,val_conf_me8,test_acc_me8,test_conf_me8,val_acc_me9,val_conf_me9,test_acc_me9,test_conf_me9,val_acc_med,val_conf_med,test_acc_med,test_conf_med,val_acc_maj,val_conf_maj,test_acc_maj,test_conf_maj,val_acc_lin,val_conf_lin,test_acc_lin,test_conf_lin,val_nld,val_conf_nld,test_nld,test_conf_nld,val_mse,val_conf_mse,test_mse,test_conf_mse,val_svm,val_conf_svm,test_svm,test_conf_svm,val_mvm,val_conf_mvm,test_mvm,test_conf_mvm
0,5,0.82464015,0.0041992433806342655,0.81528014,0.004323709214568039,0.8246268,0.0041934350704859735,0.8149468,0.004323525424820951,0.8246801,0.004180308418849976,0.81508017,0.004332645182900108,0.82444006,0.004200725704976538,0.81517345,0.0043388824897194755,0.8244534,0.004182077972394893,0.8151068,0.004350239587810556,0.8244534,0.00418763230173691,0.81513345,0.004339970912920266,0.82409346,0.004205494540952204,0.8152135,0.004359172323659566,0.8238268,0.004209708775203547,0.8151601,0.00436427502894976,0.8236001,0.004200074128762554,0.8151201,0.004375835773469117,0.82326674,0.00419346647174923,0.81486684,0.004393744191012683,0.8228001,0.0041885669511041446,0.8146668,0.004400291354415775,0.82376015,0.004184695360049617,0.81484014,0.004275178100317634,0.8142268,0.004241327538454409,0.80750674,0.004302260304584693,25.45259,0.037524738716633976,25.352482,0.04222196872914097,0.11629581,0.0012139729555499384,0.119834445,0.0011772845045138064,,,,,,,,
