,shots,val_acc,val_conf,test_acc,test_conf,val_acc_me1,val_conf_me1,test_acc_me1,test_conf_me1,val_acc_me2,val_conf_me2,test_acc_me2,test_conf_me2,val_acc_me3,val_conf_me3,test_acc_me3,test_conf_me3,val_acc_me4,val_conf_me4,test_acc_me4,test_conf_me4,val_acc_me5,val_conf_me5,test_acc_me5,test_conf_me5,val_acc_me6,val_conf_me6,test_acc_me6,test_conf_me6,val_acc_me7,val_conf_me7,test_acc_me7,test_conf_me7,val_acc_me8,val_conf_me8,test_acc_me8,test_conf_me8,val_acc_me9,val_conf_me9,test_acc_me9,test_conf_me9,val_acc_med,val_conf_med,test_acc_med,test_conf_med,val_acc_maj,val_conf_maj,test_acc_maj,test_conf_maj,val_acc_lin,val_conf_lin,test_acc_lin,test_conf_lin,val_nld,val_conf_nld,test_nld,test_conf_nld,val_mse,val_conf_mse,test_mse,test_conf_mse,val_svm,val_conf_svm,test_svm,test_conf_svm,val_mvm,val_conf_mvm,test_mvm,test_conf_mvm
0,5,0.7255068,0.005896613733313294,0.7176001,0.005990534450131979,0.7261334,0.005907962519305254,0.7187468,0.005988227380844258,0.7268934,0.005915786051705729,0.71930677,0.006019659583648251,0.7275868,0.005943427475530005,0.72002673,0.006023672942170988,0.7282001,0.005941215071815442,0.7206534,0.00600096659630478,0.7281868,0.005941917905973981,0.7211601,0.005999305561831703,0.72862685,0.005959230161297735,0.7214668,0.006003319382137717,0.7291467,0.0059224666704779105,0.7218135,0.005985162986970494,0.72981346,0.005919978582142771,0.72233343,0.005981214278107494,0.7298268,0.005931141731254419,0.7227068,0.005984608847029449,0.73017347,0.0059192004773089835,0.72306675,0.005979540775485681,0.72397345,0.005953767726829207,0.71768004,0.005955520194392716,0.70652014,0.005950533858490092,0.69976014,0.006070456668474167,4.8997345,0.01204062139615747,4.867543,0.011941725888019228,0.16610071,0.001214173023157794,0.16780286,0.001159438658605183,,,,,,,,
