,shots,val_acc,val_conf,test_acc,test_conf,val_acc_me1,val_conf_me1,test_acc_me1,test_conf_me1,val_acc_me2,val_conf_me2,test_acc_me2,test_conf_me2,val_acc_me3,val_conf_me3,test_acc_me3,test_conf_me3,val_acc_me4,val_conf_me4,test_acc_me4,test_conf_me4,val_acc_me5,val_conf_me5,test_acc_me5,test_conf_me5,val_acc_me6,val_conf_me6,test_acc_me6,test_conf_me6,val_acc_me7,val_conf_me7,test_acc_me7,test_conf_me7,val_acc_me8,val_conf_me8,test_acc_me8,test_conf_me8,val_acc_me9,val_conf_me9,test_acc_me9,test_conf_me9,val_acc_med,val_conf_med,test_acc_med,test_conf_med,val_acc_maj,val_conf_maj,test_acc_maj,test_conf_maj,val_acc_lin,val_conf_lin,test_acc_lin,test_conf_lin,val_nld,val_conf_nld,test_nld,test_conf_nld,val_mse,val_conf_mse,test_mse,test_conf_mse,val_svm,val_conf_svm,test_svm,test_conf_svm,val_mvm,val_conf_mvm,test_mvm,test_conf_mvm
0,5,0.3877467,0.005159198471778981,0.40952003,0.005556499723502306,0.3895067,0.0052061031853025685,0.41076005,0.00553736942738875,0.39061338,0.0052041821668403765,0.41209337,0.005563148479227897,0.39152002,0.005179238019179078,0.41310674,0.005578632072746281,0.39260003,0.005213408135074926,0.41436005,0.005598225999277173,0.39305338,0.005218426795807363,0.41472006,0.005653520853290961,0.39340004,0.005224868672621619,0.41488004,0.005641498325487437,0.39317337,0.005253696417702847,0.4152934,0.005679110112200236,0.3926667,0.005285069050463165,0.41545337,0.005698716968663087,0.39145336,0.0052971243648798905,0.41422668,0.005736784073694101,0.39065337,0.005285592712707454,0.41373336,0.005770680352102486,0.3906267,0.005071151176551714,0.41314673,0.005502945792469904,0.3830667,0.004879919330042004,0.40892005,0.005598859565943082,10.331469,0.012120531146351254,10.34393,0.014106704459219799,0.23162794,0.0008981883444031669,0.226181,0.0010646714930266366,,,,,,,,
