,shots,val_acc,val_conf,test_acc,test_conf,val_acc_me1,val_conf_me1,test_acc_me1,test_conf_me1,val_acc_me2,val_conf_me2,test_acc_me2,test_conf_me2,val_acc_me3,val_conf_me3,test_acc_me3,test_conf_me3,val_acc_me4,val_conf_me4,test_acc_me4,test_conf_me4,val_acc_me5,val_conf_me5,test_acc_me5,test_conf_me5,val_acc_me6,val_conf_me6,test_acc_me6,test_conf_me6,val_acc_me7,val_conf_me7,test_acc_me7,test_conf_me7,val_acc_me8,val_conf_me8,test_acc_me8,test_conf_me8,val_acc_me9,val_conf_me9,test_acc_me9,test_conf_me9,val_acc_med,val_conf_med,test_acc_med,test_conf_med,val_acc_maj,val_conf_maj,test_acc_maj,test_conf_maj,val_acc_lin,val_conf_lin,test_acc_lin,test_conf_lin,val_nld,val_conf_nld,test_nld,test_conf_nld,val_mse,val_conf_mse,test_mse,test_conf_mse,val_svm,val_conf_svm,test_svm,test_conf_svm,val_mvm,val_conf_mvm,test_mvm,test_conf_mvm
0,5,0.79802674,0.005218461891336901,0.8583601,0.004816451835464863,0.7977734,0.0052312200399121656,0.8581468,0.004826646163246351,0.79753345,0.005231981520547713,0.8577867,0.00483243323136362,0.79742676,0.00522603190471449,0.8574801,0.004824493329575463,0.79721344,0.005229795438480456,0.85753345,0.0048200629807471085,0.7971335,0.005228321888020693,0.8574934,0.004824661418690979,0.7966268,0.00524387244011526,0.8573468,0.004817269653661138,0.7963468,0.005247387072691123,0.85709345,0.004807331615602428,0.7959868,0.005250348027109331,0.8569201,0.0048171449721744475,0.7957201,0.005250058950773351,0.8563868,0.0048236625814472855,0.7952134,0.005247855320941297,0.8559334,0.004828932914069606,0.79910684,0.005188799242077935,0.8580534,0.004820552471028305,0.7866801,0.005188699496888494,0.8527334,0.004922312420879149,23.860281,0.03210437455244275,24.245117,0.033459416644461726,0.12654693,0.0014674493790544918,0.10649666,0.0013808034806489095,,,,,,,,
