,shots,val_acc,val_conf,test_acc,test_conf,val_acc_me1,val_conf_me1,test_acc_me1,test_conf_me1,val_acc_me2,val_conf_me2,test_acc_me2,test_conf_me2,val_acc_me3,val_conf_me3,test_acc_me3,test_conf_me3,val_acc_me4,val_conf_me4,test_acc_me4,test_conf_me4,val_acc_me5,val_conf_me5,test_acc_me5,test_conf_me5,val_acc_me6,val_conf_me6,test_acc_me6,test_conf_me6,val_acc_me7,val_conf_me7,test_acc_me7,test_conf_me7,val_acc_me8,val_conf_me8,test_acc_me8,test_conf_me8,val_acc_me9,val_conf_me9,test_acc_me9,test_conf_me9,val_acc_med,val_conf_med,test_acc_med,test_conf_med,val_acc_maj,val_conf_maj,test_acc_maj,test_conf_maj,val_acc_lin,val_conf_lin,test_acc_lin,test_conf_lin,val_nld,val_conf_nld,test_nld,test_conf_nld,val_mse,val_conf_mse,test_mse,test_conf_mse,val_svm,val_conf_svm,test_svm,test_conf_svm,val_mvm,val_conf_mvm,test_mvm,test_conf_mvm
0,5,0.5277067,0.007658210290505396,0.5727201,0.0070244473667204765,0.53440005,0.007568585081796142,0.57872003,0.006948365799952727,0.5416133,0.007532631097073472,0.5840934,0.006926241301024594,0.5484267,0.007506230946717207,0.59010667,0.006909327564675105,0.55478674,0.007532121288327809,0.59528005,0.0068480715502459155,0.5623067,0.0074206126315646825,0.59940004,0.006844392061037596,0.56905335,0.007354490344886888,0.60404,0.0068396070626469685,0.5738534,0.007391648198631362,0.60780007,0.006840785533588134,0.5772134,0.0074162469323961755,0.6109201,0.006808905862781822,0.5789067,0.007429092358012035,0.61233336,0.006808360958506454,0.5797333,0.007445192893998143,0.6113734,0.006791170152186443,0.5336667,0.0074564220781194734,0.57784003,0.006755763842438922,0.55228,0.0071981489961963074,0.58681333,0.006591828005856781,10.391539,0.025978979988432016,10.456431,0.029654183847867444,0.20830117,0.0009847566632170124,0.19802296,0.001054572638939183,,,,,,,,
