,shots,val_acc,val_conf,test_acc,test_conf,val_acc_me1,val_conf_me1,test_acc_me1,test_conf_me1,val_acc_me2,val_conf_me2,test_acc_me2,test_conf_me2,val_acc_me3,val_conf_me3,test_acc_me3,test_conf_me3,val_acc_me4,val_conf_me4,test_acc_me4,test_conf_me4,val_acc_me5,val_conf_me5,test_acc_me5,test_conf_me5,val_acc_me6,val_conf_me6,test_acc_me6,test_conf_me6,val_acc_me7,val_conf_me7,test_acc_me7,test_conf_me7,val_acc_me8,val_conf_me8,test_acc_me8,test_conf_me8,val_acc_me9,val_conf_me9,test_acc_me9,test_conf_me9,val_acc_med,val_conf_med,test_acc_med,test_conf_med,val_acc_maj,val_conf_maj,test_acc_maj,test_conf_maj,val_acc_lin,val_conf_lin,test_acc_lin,test_conf_lin,val_nld,val_conf_nld,test_nld,test_conf_nld,val_mse,val_conf_mse,test_mse,test_conf_mse,val_svm,val_conf_svm,test_svm,test_conf_svm,val_mvm,val_conf_mvm,test_mvm,test_conf_mvm
0,5,0.50549334,0.007269803446618539,0.56728005,0.007436110540364971,0.50574666,0.007294585046563884,0.5677201,0.0074530926206405335,0.50618666,0.007291138757914095,0.5684934,0.007462876423082299,0.5064534,0.0073098215860252225,0.5688267,0.007480192834455668,0.50652003,0.0073047290399673726,0.56886667,0.007490650378709107,0.5065467,0.007315672380235783,0.56932,0.007501668066086209,0.50664,0.007347331780415578,0.5695067,0.007497120424303727,0.5068,0.0073367130737959085,0.5698667,0.007492367288959634,0.5075334,0.0073342374536095045,0.5697867,0.007497057621776992,0.50761336,0.007342304345800743,0.5699467,0.0075033572693398165,0.5077334,0.0073319456231700775,0.57002676,0.007529596719113241,0.50545335,0.0071935394754536475,0.56621337,0.007410645962942386,0.49553335,0.006924861030788265,0.5532534,0.007285007199466786,4.210935,0.007952231401806564,4.2680707,0.009505518904856736,0.21218476,0.0011024648760159794,0.20271508,0.00115439344533394,,,,,,,,
