,shots,val_acc,val_conf,test_acc,test_conf,val_acc_me1,val_conf_me1,test_acc_me1,test_conf_me1,val_acc_me2,val_conf_me2,test_acc_me2,test_conf_me2,val_acc_me3,val_conf_me3,test_acc_me3,test_conf_me3,val_acc_me4,val_conf_me4,test_acc_me4,test_conf_me4,val_acc_me5,val_conf_me5,test_acc_me5,test_conf_me5,val_acc_me6,val_conf_me6,test_acc_me6,test_conf_me6,val_acc_me7,val_conf_me7,test_acc_me7,test_conf_me7,val_acc_me8,val_conf_me8,test_acc_me8,test_conf_me8,val_acc_me9,val_conf_me9,test_acc_me9,test_conf_me9,val_acc_med,val_conf_med,test_acc_med,test_conf_med,val_acc_maj,val_conf_maj,test_acc_maj,test_conf_maj,val_acc_lin,val_conf_lin,test_acc_lin,test_conf_lin,val_nld,val_conf_nld,test_nld,test_conf_nld,val_mse,val_conf_mse,test_mse,test_conf_mse,val_svm,val_conf_svm,test_svm,test_conf_svm,val_mvm,val_conf_mvm,test_mvm,test_conf_mvm
0,5,0.27532,0.004672870944265939,0.31316003,0.005718362614921757,0.2759867,0.004702809278145592,0.31473333,0.005727628758302072,0.27612004,0.004686786321751291,0.31549335,0.005776638741818219,0.2762267,0.004729950590673049,0.3164267,0.005789076412794192,0.27650666,0.0047320059880708865,0.31781337,0.005803401853835877,0.27716,0.00476341463992741,0.31846666,0.0058865967303129985,0.27649334,0.004834794329295622,0.31880006,0.005925610491076594,0.27721334,0.004860142537330581,0.31964,0.00598029348223883,0.27729335,0.004858206280020039,0.31965336,0.005961348361222252,0.27670667,0.00486763866538259,0.31894672,0.0059257758094923285,0.27609336,0.004875297802933942,0.31814668,0.005922943692610483,0.27797332,0.004714604608573314,0.3177867,0.0056672441289301045,0.29377335,0.0050013216936685145,0.33268005,0.0058036073473973215,9.634127,0.02371644508061621,9.573502,0.021673584175347926,0.24888386,0.0008972628152558726,0.2407525,0.0010596931228857576,,,,,,,,
