,shots,val_acc,val_conf,test_acc,test_conf,val_acc_me1,val_conf_me1,test_acc_me1,test_conf_me1,val_acc_me2,val_conf_me2,test_acc_me2,test_conf_me2,val_acc_me3,val_conf_me3,test_acc_me3,test_conf_me3,val_acc_me4,val_conf_me4,test_acc_me4,test_conf_me4,val_acc_me5,val_conf_me5,test_acc_me5,test_conf_me5,val_acc_me6,val_conf_me6,test_acc_me6,test_conf_me6,val_acc_me7,val_conf_me7,test_acc_me7,test_conf_me7,val_acc_me8,val_conf_me8,test_acc_me8,test_conf_me8,val_acc_me9,val_conf_me9,test_acc_me9,test_conf_me9,val_acc_med,val_conf_med,test_acc_med,test_conf_med,val_acc_maj,val_conf_maj,test_acc_maj,test_conf_maj,val_acc_lin,val_conf_lin,test_acc_lin,test_conf_lin,val_nld,val_conf_nld,test_nld,test_conf_nld,val_mse,val_conf_mse,test_mse,test_conf_mse,val_svm,val_conf_svm,test_svm,test_conf_svm,val_mvm,val_conf_mvm,test_mvm,test_conf_mvm
0,5,0.5736134,0.007062913452508979,0.57014674,0.00715127614571931,0.5746934,0.007084417776486496,0.5706667,0.007173044147952057,0.57508004,0.0071157216035374615,0.57133335,0.007187396834207549,0.57571995,0.007148937675168221,0.57165337,0.007241248615458273,0.5766533,0.0071896554162504955,0.57190675,0.007284799858772173,0.5771067,0.007190696737556235,0.57237333,0.007305568561977949,0.5774401,0.007205713006391057,0.57269335,0.0073129981932371635,0.57765335,0.007233734939641412,0.57302666,0.007317146392478824,0.57760006,0.00726055115673685,0.5734267,0.007350073849556993,0.57784003,0.007268839243121272,0.5732134,0.007341789919222186,0.57797337,0.007286270638532266,0.5732933,0.0073634563291323785,0.573,0.007034876742193497,0.56964004,0.0070620282139531865,0.55596,0.006901099048334358,0.55600005,0.006884377875614356,4.5198293,0.010719830693891375,4.479301,0.011364460763703121,0.2008107,0.0011264975789201659,0.20112501,0.0010984770310196457,,,,,,,,
