,shots,val_acc,val_conf,test_acc,test_conf,val_acc_me1,val_conf_me1,test_acc_me1,test_conf_me1,val_acc_me2,val_conf_me2,test_acc_me2,test_conf_me2,val_acc_me3,val_conf_me3,test_acc_me3,test_conf_me3,val_acc_me4,val_conf_me4,test_acc_me4,test_conf_me4,val_acc_me5,val_conf_me5,test_acc_me5,test_conf_me5,val_acc_me6,val_conf_me6,test_acc_me6,test_conf_me6,val_acc_me7,val_conf_me7,test_acc_me7,test_conf_me7,val_acc_me8,val_conf_me8,test_acc_me8,test_conf_me8,val_acc_me9,val_conf_me9,test_acc_me9,test_conf_me9,val_acc_med,val_conf_med,test_acc_med,test_conf_med,val_acc_maj,val_conf_maj,test_acc_maj,test_conf_maj,val_acc_lin,val_conf_lin,test_acc_lin,test_conf_lin,val_nld,val_conf_nld,test_nld,test_conf_nld,val_mse,val_conf_mse,test_mse,test_conf_mse,val_svm,val_conf_svm,test_svm,test_conf_svm,val_mvm,val_conf_mvm,test_mvm,test_conf_mvm
0,5,0.28832,0.005049795546791747,0.31161335,0.0060513771685218876,0.2884267,0.005049115340014121,0.3116667,0.0060365049760717215,0.28782666,0.005035005089982891,0.31205335,0.0060649983900551985,0.28788,0.005025171876729628,0.31205338,0.0060753594216022555,0.28804,0.005067145206561485,0.3119467,0.006086848127929256,0.28756002,0.005085333926558633,0.31206667,0.006088520706984568,0.28761333,0.005088924753376356,0.31188002,0.0060780220640188065,0.28748,0.005084309691234301,0.31154668,0.006111218740751656,0.2875067,0.005084158688100415,0.31130672,0.0061454008630129064,0.28733334,0.005088289801360613,0.3111467,0.006125579739106213,0.28706667,0.005096183063037052,0.3109867,0.006120662670696331,0.29090667,0.005015854937188091,0.31244,0.005930316062742358,0.28485337,0.004921238312960152,0.30756,0.005675083361962263,5.3784094,0.01600550468045725,5.236796,0.013987192174576002,0.24867897,0.0008411997847488639,0.24461955,0.001007889350500335,,,,,,,,
