,shots,val_acc,val_conf,test_acc,test_conf,val_acc_me1,val_conf_me1,test_acc_me1,test_conf_me1,val_acc_me2,val_conf_me2,test_acc_me2,test_conf_me2,val_acc_me3,val_conf_me3,test_acc_me3,test_conf_me3,val_acc_me4,val_conf_me4,test_acc_me4,test_conf_me4,val_acc_me5,val_conf_me5,test_acc_me5,test_conf_me5,val_acc_me6,val_conf_me6,test_acc_me6,test_conf_me6,val_acc_me7,val_conf_me7,test_acc_me7,test_conf_me7,val_acc_me8,val_conf_me8,test_acc_me8,test_conf_me8,val_acc_me9,val_conf_me9,test_acc_me9,test_conf_me9,val_acc_med,val_conf_med,test_acc_med,test_conf_med,val_acc_maj,val_conf_maj,test_acc_maj,test_conf_maj,val_acc_lin,val_conf_lin,test_acc_lin,test_conf_lin,val_nld,val_conf_nld,test_nld,test_conf_nld,val_mse,val_conf_mse,test_mse,test_conf_mse,val_svm,val_conf_svm,test_svm,test_conf_svm,val_mvm,val_conf_mvm,test_mvm,test_conf_mvm
0,5,0.3658667,0.007219232173818646,0.39988005,0.007934715961837646,0.36580005,0.007235848983516424,0.39994672,0.007942340003859405,0.36562672,0.007257364390292731,0.40012002,0.007941605768437554,0.36533335,0.007271483875989693,0.40000004,0.007958076654617563,0.3651067,0.007284930081658314,0.39929336,0.007983727792486961,0.36494672,0.007276058762986037,0.39900002,0.008004984600624099,0.36473334,0.007278295179431293,0.3988667,0.008010721796146703,0.36469337,0.007270454099265966,0.39825338,0.00802419570881241,0.36477336,0.0072788054499602906,0.39765337,0.008047725414274287,0.36477333,0.0072957847595361836,0.39710668,0.008055998723593583,0.36452004,0.007290640955533723,0.39632004,0.008061339709058368,0.3680267,0.0071874019138236656,0.4021867,0.007975199578794778,0.3605067,0.006944024575298247,0.39241338,0.007737836967545708,4.373483,0.009945718438330253,4.422736,0.011207828491543559,0.23460631,0.001089974561745588,0.22962609,0.0011893263117694342,,,,,,,,
