,shots,val_acc,val_conf,test_acc,test_conf,val_acc_me1,val_conf_me1,test_acc_me1,test_conf_me1,val_acc_me2,val_conf_me2,test_acc_me2,test_conf_me2,val_acc_me3,val_conf_me3,test_acc_me3,test_conf_me3,val_acc_me4,val_conf_me4,test_acc_me4,test_conf_me4,val_acc_me5,val_conf_me5,test_acc_me5,test_conf_me5,val_acc_me6,val_conf_me6,test_acc_me6,test_conf_me6,val_acc_me7,val_conf_me7,test_acc_me7,test_conf_me7,val_acc_me8,val_conf_me8,test_acc_me8,test_conf_me8,val_acc_me9,val_conf_me9,test_acc_me9,test_conf_me9,val_acc_med,val_conf_med,test_acc_med,test_conf_med,val_acc_maj,val_conf_maj,test_acc_maj,test_conf_maj,val_acc_lin,val_conf_lin,test_acc_lin,test_conf_lin,val_nld,val_conf_nld,test_nld,test_conf_nld,val_mse,val_conf_mse,test_mse,test_conf_mse,val_svm,val_conf_svm,test_svm,test_conf_svm,val_mvm,val_conf_mvm,test_mvm,test_conf_mvm
0,5,0.39768004,0.005857255944003048,0.42457336,0.006455787573905136,0.39801338,0.005868395542167226,0.42432004,0.006461855868042488,0.39801335,0.005867696864058247,0.42433336,0.006478409875213587,0.39844006,0.005871453471075039,0.42465338,0.006506093321316686,0.3980267,0.005874642084652271,0.42492005,0.006508175502144997,0.39796007,0.005890649802198222,0.4248267,0.006533394410860427,0.39804003,0.005890986442212365,0.42512006,0.0065537447384107494,0.3980534,0.0058990625700693355,0.42509338,0.006553928989941171,0.39797336,0.005921859887242531,0.42540002,0.0065799481690880235,0.39769337,0.005931789613202176,0.42546675,0.006595924947153942,0.39757335,0.00593477365678452,0.42549336,0.006587853898913143,0.40062672,0.005832171876006598,0.42352006,0.006402300139665584,0.3941867,0.005597666779720012,0.41552,0.006226745835653635,5.0016923,0.013216683675763896,4.8455486,0.01107849869427735,0.22921179,0.0008781375987584328,0.22419076,0.0009990126058744553,,,,,,,,
