,shots,val_acc,val_conf,test_acc,test_conf,val_acc_me1,val_conf_me1,test_acc_me1,test_conf_me1,val_acc_me2,val_conf_me2,test_acc_me2,test_conf_me2,val_acc_me3,val_conf_me3,test_acc_me3,test_conf_me3,val_acc_me4,val_conf_me4,test_acc_me4,test_conf_me4,val_acc_me5,val_conf_me5,test_acc_me5,test_conf_me5,val_acc_me6,val_conf_me6,test_acc_me6,test_conf_me6,val_acc_me7,val_conf_me7,test_acc_me7,test_conf_me7,val_acc_me8,val_conf_me8,test_acc_me8,test_conf_me8,val_acc_me9,val_conf_me9,test_acc_me9,test_conf_me9,val_acc_med,val_conf_med,test_acc_med,test_conf_med,val_acc_maj,val_conf_maj,test_acc_maj,test_conf_maj,val_acc_lin,val_conf_lin,test_acc_lin,test_conf_lin,val_nld,val_conf_nld,test_nld,test_conf_nld,val_mse,val_conf_mse,test_mse,test_conf_mse,val_svm,val_conf_svm,test_svm,test_conf_svm,val_mvm,val_conf_mvm,test_mvm,test_conf_mvm
0,5,0.3325867,0.004605905903094454,0.39072004,0.0051061326456778855,0.3330667,0.004643947148261551,0.3912134,0.0051406329366219805,0.33336005,0.004658673417193948,0.39132005,0.00512881636416318,0.33348003,0.004661965470226848,0.39104003,0.005177978274379824,0.33314666,0.004676819653128883,0.3908667,0.005144425562734922,0.33250672,0.004675675815934033,0.39065337,0.005113758996616091,0.33221337,0.004646695220585695,0.39044008,0.00509724424102409,0.33161333,0.004628225736351799,0.3898667,0.005091976679101495,0.3311867,0.004622071088740298,0.3888267,0.005096495690320446,0.33024004,0.004610750009745479,0.3875334,0.00510902340903685,0.32941335,0.004608480344903743,0.38661337,0.005153600273024916,0.33349335,0.004724523713517392,0.39065337,0.0050310097410081744,0.3330667,0.00448199559445156,0.37724006,0.004856049752082925,9.42035,0.012265414728194202,9.437966,0.012847794564166293,0.24357507,0.0008777675371790805,0.23349233,0.0009791680464661112,,,,,,,,
