,shots,val_acc,val_conf,test_acc,test_conf,val_acc_me1,val_conf_me1,test_acc_me1,test_conf_me1,val_acc_me2,val_conf_me2,test_acc_me2,test_conf_me2,val_acc_me3,val_conf_me3,test_acc_me3,test_conf_me3,val_acc_me4,val_conf_me4,test_acc_me4,test_conf_me4,val_acc_me5,val_conf_me5,test_acc_me5,test_conf_me5,val_acc_me6,val_conf_me6,test_acc_me6,test_conf_me6,val_acc_me7,val_conf_me7,test_acc_me7,test_conf_me7,val_acc_me8,val_conf_me8,test_acc_me8,test_conf_me8,val_acc_me9,val_conf_me9,test_acc_me9,test_conf_me9,val_acc_med,val_conf_med,test_acc_med,test_conf_med,val_acc_maj,val_conf_maj,test_acc_maj,test_conf_maj,val_acc_lin,val_conf_lin,test_acc_lin,test_conf_lin,val_nld,val_conf_nld,test_nld,test_conf_nld,val_mse,val_conf_mse,test_mse,test_conf_mse,val_svm,val_conf_svm,test_svm,test_conf_svm,val_mvm,val_conf_mvm,test_mvm,test_conf_mvm
0,5,0.34604004,0.0066957472543444085,0.37004003,0.0070591102053805255,0.34593335,0.006743723305087268,0.3697067,0.0070754591807735134,0.34582672,0.006751881630368828,0.3698267,0.007074193894574865,0.34536004,0.006765403106712753,0.3695334,0.007099945239416927,0.34536004,0.006784977176562401,0.36956003,0.007119807000252609,0.3451867,0.006789221888510555,0.36929333,0.007115402049504838,0.3449867,0.006808197487223888,0.36906672,0.007159575314902522,0.34485337,0.006810977422594622,0.36885336,0.007183953778040764,0.3449867,0.0068105068654280565,0.36890668,0.007202517004281317,0.34444,0.006808347566791273,0.36900002,0.007230632679538385,0.34418666,0.006808161468127738,0.36868006,0.0072397889184970254,0.3470667,0.006599613210244659,0.37205335,0.006848476534186132,0.34188,0.006395987562170913,0.36513337,0.006644605217405175,4.4719353,0.009311725084685918,4.533659,0.011433667300935646,0.23791906,0.0010508650963963473,0.23378772,0.0010858574174296975,,,,,,,,
