,shots,val_acc,val_conf,test_acc,test_conf,val_acc_me1,val_conf_me1,test_acc_me1,test_conf_me1,val_acc_me2,val_conf_me2,test_acc_me2,test_conf_me2,val_acc_me3,val_conf_me3,test_acc_me3,test_conf_me3,val_acc_me4,val_conf_me4,test_acc_me4,test_conf_me4,val_acc_me5,val_conf_me5,test_acc_me5,test_conf_me5,val_acc_me6,val_conf_me6,test_acc_me6,test_conf_me6,val_acc_me7,val_conf_me7,test_acc_me7,test_conf_me7,val_acc_me8,val_conf_me8,test_acc_me8,test_conf_me8,val_acc_me9,val_conf_me9,test_acc_me9,test_conf_me9,val_acc_med,val_conf_med,test_acc_med,test_conf_med,val_acc_maj,val_conf_maj,test_acc_maj,test_conf_maj,val_acc_lin,val_conf_lin,test_acc_lin,test_conf_lin,val_nld,val_conf_nld,test_nld,test_conf_nld,val_mse,val_conf_mse,test_mse,test_conf_mse,val_svm,val_conf_svm,test_svm,test_conf_svm,val_mvm,val_conf_mvm,test_mvm,test_conf_mvm
0,5,0.4942267,0.005883851428688525,0.52580005,0.006371875086204404,0.49410668,0.00589349392544547,0.52616006,0.006385420575279133,0.49400002,0.0058875092140825425,0.52632,0.006398082211147904,0.4943067,0.005905489208035242,0.5264401,0.0064014139775432355,0.4947467,0.005881309773492438,0.52669334,0.006393093566329,0.49445337,0.005871315397873111,0.52658665,0.006397902577450432,0.49425337,0.005859036118563532,0.5264267,0.006379161102862074,0.49416003,0.005848170357886873,0.52677333,0.00639309079562933,0.49396002,0.00584949290521275,0.52673334,0.006368237157491685,0.49385336,0.005852220659072371,0.5268,0.006377350912388113,0.49358666,0.005840127478426382,0.52717334,0.006368697555426017,0.49420005,0.005886422176231587,0.52749336,0.006421802633106211,0.4880267,0.005765375847517129,0.52089334,0.006404126030771229,4.869163,0.011728935227104387,4.722756,0.010320670764449424,0.21282478,0.0008936192874208215,0.20560217,0.0010188848722798571,,,,,,,,
