,shots,val_acc,val_conf,test_acc,test_conf,val_acc_me1,val_conf_me1,test_acc_me1,test_conf_me1,val_acc_me2,val_conf_me2,test_acc_me2,test_conf_me2,val_acc_me3,val_conf_me3,test_acc_me3,test_conf_me3,val_acc_me4,val_conf_me4,test_acc_me4,test_conf_me4,val_acc_me5,val_conf_me5,test_acc_me5,test_conf_me5,val_acc_me6,val_conf_me6,test_acc_me6,test_conf_me6,val_acc_me7,val_conf_me7,test_acc_me7,test_conf_me7,val_acc_me8,val_conf_me8,test_acc_me8,test_conf_me8,val_acc_me9,val_conf_me9,test_acc_me9,test_conf_me9,val_acc_med,val_conf_med,test_acc_med,test_conf_med,val_acc_maj,val_conf_maj,test_acc_maj,test_conf_maj,val_acc_lin,val_conf_lin,test_acc_lin,test_conf_lin,val_nld,val_conf_nld,test_nld,test_conf_nld,val_mse,val_conf_mse,test_mse,test_conf_mse,val_svm,val_conf_svm,test_svm,test_conf_svm,val_mvm,val_conf_mvm,test_mvm,test_conf_mvm
0,5,0.4991867,0.008438466110879395,0.52048004,0.008108303992625632,0.50141335,0.008510761978283377,0.5224401,0.008164044005725346,0.50250673,0.008582983036795278,0.5231867,0.008184632151667093,0.5027067,0.008667082084942823,0.52364004,0.008238187006265996,0.5032667,0.008701056404726293,0.52404004,0.008289504982636475,0.50304,0.008753227756605808,0.52390677,0.008330635096191474,0.5030134,0.008788725037660483,0.52381337,0.008365970753096641,0.50294673,0.008810951590694449,0.5236534,0.008395039087268907,0.50268,0.008818569167750145,0.52346665,0.008429960986351404,0.50252,0.00884653568700644,0.5223467,0.008474791831145745,0.5020533,0.008853410716541221,0.52190673,0.008526963183025371,0.5030134,0.008321594303053903,0.5238001,0.008114164022501758,0.49985337,0.008069308241410056,0.5236,0.007866454233204201,7.9864306,0.02045343267490196,8.111001,0.02067705584809687,0.20654652,0.0016489102376085474,0.20066477,0.0015707589581611947,,,,,,,,
