,shots,val_acc,val_conf,test_acc,test_conf,val_acc_me1,val_conf_me1,test_acc_me1,test_conf_me1,val_acc_me2,val_conf_me2,test_acc_me2,test_conf_me2,val_acc_me3,val_conf_me3,test_acc_me3,test_conf_me3,val_acc_me4,val_conf_me4,test_acc_me4,test_conf_me4,val_acc_me5,val_conf_me5,test_acc_me5,test_conf_me5,val_acc_me6,val_conf_me6,test_acc_me6,test_conf_me6,val_acc_me7,val_conf_me7,test_acc_me7,test_conf_me7,val_acc_me8,val_conf_me8,test_acc_me8,test_conf_me8,val_acc_me9,val_conf_me9,test_acc_me9,test_conf_me9,val_acc_med,val_conf_med,test_acc_med,test_conf_med,val_acc_maj,val_conf_maj,test_acc_maj,test_conf_maj,val_acc_lin,val_conf_lin,test_acc_lin,test_conf_lin,val_nld,val_conf_nld,test_nld,test_conf_nld,val_mse,val_conf_mse,test_mse,test_conf_mse,val_svm,val_conf_svm,test_svm,test_conf_svm,val_mvm,val_conf_mvm,test_mvm,test_conf_mvm
0,5,0.35226673,0.006741068512986559,0.38684002,0.007208638865279671,0.3521867,0.006750644512950488,0.38676003,0.007226167235180381,0.35216004,0.006753866836707478,0.38657337,0.0072271134291296835,0.35233337,0.006771360572861929,0.38662672,0.007224371821771491,0.35234672,0.006789918719486365,0.38680005,0.007246523104130154,0.35256007,0.0067973709781263825,0.38697338,0.007251170952885355,0.35232005,0.006810612152016837,0.38664004,0.007242281162881725,0.35237336,0.006824980077120679,0.38664,0.007253411063596893,0.35237336,0.006827884232194881,0.38629335,0.007252431621251165,0.35212004,0.006822420874159796,0.3863067,0.0072637836397260735,0.35233337,0.006832966619020497,0.38620004,0.007283872597937557,0.35368004,0.0066831027044571,0.38881338,0.007121735407247309,0.34905338,0.006425463650983176,0.3787734,0.006898936517214571,4.363046,0.009632571186965144,4.4198103,0.010515560858135764,0.23677506,0.0010204929171211685,0.2311893,0.001091500986391436,,,,,,,,
