,shots,val_acc,val_conf,test_acc,test_conf,val_acc_me1,val_conf_me1,test_acc_me1,test_conf_me1,val_acc_me2,val_conf_me2,test_acc_me2,test_conf_me2,val_acc_me3,val_conf_me3,test_acc_me3,test_conf_me3,val_acc_me4,val_conf_me4,test_acc_me4,test_conf_me4,val_acc_me5,val_conf_me5,test_acc_me5,test_conf_me5,val_acc_me6,val_conf_me6,test_acc_me6,test_conf_me6,val_acc_me7,val_conf_me7,test_acc_me7,test_conf_me7,val_acc_me8,val_conf_me8,test_acc_me8,test_conf_me8,val_acc_me9,val_conf_me9,test_acc_me9,test_conf_me9,val_acc_med,val_conf_med,test_acc_med,test_conf_med,val_acc_maj,val_conf_maj,test_acc_maj,test_conf_maj,val_acc_lin,val_conf_lin,test_acc_lin,test_conf_lin,val_nld,val_conf_nld,test_nld,test_conf_nld,val_mse,val_conf_mse,test_mse,test_conf_mse,val_svm,val_conf_svm,test_svm,test_conf_svm,val_mvm,val_conf_mvm,test_mvm,test_conf_mvm
0,5,0.50726664,0.005966257117533069,0.5426667,0.006257895888870935,0.5074134,0.005974494869539493,0.5426533,0.006280053636195548,0.50757337,0.0059575654325583205,0.5430933,0.006266093003948425,0.5080267,0.005936542748546159,0.5437867,0.006260153547347325,0.50769335,0.005931558721560037,0.54381335,0.006242047024774822,0.50777334,0.005918581225924924,0.5438667,0.006244658409246817,0.50804,0.005909465623895271,0.54420006,0.006239449955584564,0.50806665,0.005938981887853245,0.54393333,0.006231676757562088,0.5082267,0.0059458462963725145,0.5441867,0.006245944937476544,0.5084,0.005948937473676752,0.5440267,0.006246458440488545,0.5084533,0.005965516417145267,0.54384005,0.006253582832996818,0.50844,0.005959282804592125,0.5420934,0.006187220419011208,0.49396002,0.0058079753554823865,0.52436,0.006091949447869616,23.919758,0.0290695181846381,23.655434,0.02455328135966539,0.20759848,0.0012011389590703136,0.1990679,0.0012904573127872354,,,,,,,,
