,shots,val_acc,val_conf,test_acc,test_conf,val_acc_me1,val_conf_me1,test_acc_me1,test_conf_me1,val_acc_me2,val_conf_me2,test_acc_me2,test_conf_me2,val_acc_me3,val_conf_me3,test_acc_me3,test_conf_me3,val_acc_me4,val_conf_me4,test_acc_me4,test_conf_me4,val_acc_me5,val_conf_me5,test_acc_me5,test_conf_me5,val_acc_me6,val_conf_me6,test_acc_me6,test_conf_me6,val_acc_me7,val_conf_me7,test_acc_me7,test_conf_me7,val_acc_me8,val_conf_me8,test_acc_me8,test_conf_me8,val_acc_me9,val_conf_me9,test_acc_me9,test_conf_me9,val_acc_med,val_conf_med,test_acc_med,test_conf_med,val_acc_maj,val_conf_maj,test_acc_maj,test_conf_maj,val_acc_lin,val_conf_lin,test_acc_lin,test_conf_lin,val_nld,val_conf_nld,test_nld,test_conf_nld,val_mse,val_conf_mse,test_mse,test_conf_mse,val_svm,val_conf_svm,test_svm,test_conf_svm,val_mvm,val_conf_mvm,test_mvm,test_conf_mvm
0,5,0.25832,0.005332623954850901,0.2543467,0.005050580578374819,0.25852,0.005332467410317565,0.25470668,0.005048290133285338,0.25844,0.005345440288119896,0.25417337,0.005039117270128457,0.25882667,0.00533750177168163,0.25430667,0.005049730897131954,0.25884002,0.005336232329433421,0.25429335,0.005065082420631084,0.25888002,0.005338442424231538,0.2537067,0.0050783189766887005,0.25898668,0.005350036878930597,0.25390667,0.005087191218927589,0.25846666,0.005360666668349057,0.25365335,0.005123363165360328,0.25826666,0.005372661027372216,0.25334668,0.005134930374845692,0.25789338,0.005355069393161549,0.25265336,0.005152699333837496,0.25716004,0.0053918102566004045,0.2526,0.0051618167830002615,0.25889337,0.005284525993321021,0.2563067,0.005000047633587468,0.25768003,0.005150796324923379,0.2546267,0.004929710650874941,8.707428,0.012455122689866371,8.782172,0.013022284919491867,0.26021305,0.0011231196341964234,0.2606302,0.0010772239171487619,,,,,,,,
