,shots,val_acc,val_conf,test_acc,test_conf,val_acc_me1,val_conf_me1,test_acc_me1,test_conf_me1,val_acc_me2,val_conf_me2,test_acc_me2,test_conf_me2,val_acc_me3,val_conf_me3,test_acc_me3,test_conf_me3,val_acc_me4,val_conf_me4,test_acc_me4,test_conf_me4,val_acc_me5,val_conf_me5,test_acc_me5,test_conf_me5,val_acc_me6,val_conf_me6,test_acc_me6,test_conf_me6,val_acc_me7,val_conf_me7,test_acc_me7,test_conf_me7,val_acc_me8,val_conf_me8,test_acc_me8,test_conf_me8,val_acc_me9,val_conf_me9,test_acc_me9,test_conf_me9,val_acc_med,val_conf_med,test_acc_med,test_conf_med,val_acc_maj,val_conf_maj,test_acc_maj,test_conf_maj,val_acc_lin,val_conf_lin,test_acc_lin,test_conf_lin,val_nld,val_conf_nld,test_nld,test_conf_nld,val_mse,val_conf_mse,test_mse,test_conf_mse,val_svm,val_conf_svm,test_svm,test_conf_svm,val_mvm,val_conf_mvm,test_mvm,test_conf_mvm
0,5,0.4111467,0.006328346932054696,0.4338,0.0065558426198708,0.41204002,0.006337980193145909,0.4351467,0.006580235860074057,0.41394672,0.006394371320676329,0.43606672,0.006622303855479239,0.41432005,0.006439362866053566,0.43692005,0.006710476293976475,0.4147067,0.006478515623585701,0.43753338,0.006788219818783858,0.41466668,0.006520566994792587,0.43806672,0.006846639098498419,0.41468003,0.0064767432993410035,0.43865338,0.006887197524347577,0.41472003,0.006490786129012827,0.43822667,0.006967255968758523,0.41460004,0.006518363364960478,0.43760005,0.007003967739850514,0.41398668,0.006524057152854368,0.43782672,0.007003519810064862,0.41424006,0.006519065737335739,0.43750668,0.007039814590851234,0.41280004,0.006283645848363217,0.43630672,0.006526448728483125,0.40932006,0.006144927996929894,0.43446672,0.006391638487200535,8.184222,0.020623876885091263,8.430158,0.02479361185208262,0.22532867,0.0012464775345856216,0.21996382,0.0012847243887600113,,,,,,,,
