,shots,val_acc,val_conf,test_acc,test_conf,val_acc_me1,val_conf_me1,test_acc_me1,test_conf_me1,val_acc_me2,val_conf_me2,test_acc_me2,test_conf_me2,val_acc_me3,val_conf_me3,test_acc_me3,test_conf_me3,val_acc_me4,val_conf_me4,test_acc_me4,test_conf_me4,val_acc_me5,val_conf_me5,test_acc_me5,test_conf_me5,val_acc_me6,val_conf_me6,test_acc_me6,test_conf_me6,val_acc_me7,val_conf_me7,test_acc_me7,test_conf_me7,val_acc_me8,val_conf_me8,test_acc_me8,test_conf_me8,val_acc_me9,val_conf_me9,test_acc_me9,test_conf_me9,val_acc_med,val_conf_med,test_acc_med,test_conf_med,val_acc_maj,val_conf_maj,test_acc_maj,test_conf_maj,val_acc_lin,val_conf_lin,test_acc_lin,test_conf_lin,val_nld,val_conf_nld,test_nld,test_conf_nld,val_mse,val_conf_mse,test_mse,test_conf_mse,val_svm,val_conf_svm,test_svm,test_conf_svm,val_mvm,val_conf_mvm,test_mvm,test_conf_mvm
0,5,0.25438666,0.005002199543691743,0.26205334,0.005181796760356683,0.25472,0.004969046736370886,0.26173335,0.0051843564251008445,0.25468,0.00497190840738293,0.26146668,0.005220151556373731,0.25445333,0.004985785918638963,0.26069337,0.0052656178149671495,0.25493336,0.005003623683340119,0.25996003,0.005220812368253391,0.25517336,0.005074935028782257,0.26052,0.005294178649310144,0.25553334,0.005113503630459926,0.26041332,0.005292535624385031,0.25562668,0.005116620205844802,0.2607467,0.005309546797007514,0.25522667,0.005116314043527415,0.26053336,0.0053046218782817345,0.25460002,0.005108300256413845,0.26012,0.005327223861125718,0.25413334,0.005142606136595229,0.25984004,0.005313343117386682,0.25481334,0.004958269638084822,0.26337335,0.005192451947855725,0.2579867,0.004859993381329808,0.26712,0.005199086850082801,9.078393,0.01537112065815549,8.934249,0.01397667459849572,0.25747564,0.000997954544924573,0.25684652,0.0011234114812320173,,,,,,,,
