,shots,val_acc,val_conf,test_acc,test_conf,val_acc_me1,val_conf_me1,test_acc_me1,test_conf_me1,val_acc_me2,val_conf_me2,test_acc_me2,test_conf_me2,val_acc_me3,val_conf_me3,test_acc_me3,test_conf_me3,val_acc_me4,val_conf_me4,test_acc_me4,test_conf_me4,val_acc_me5,val_conf_me5,test_acc_me5,test_conf_me5,val_acc_me6,val_conf_me6,test_acc_me6,test_conf_me6,val_acc_me7,val_conf_me7,test_acc_me7,test_conf_me7,val_acc_me8,val_conf_me8,test_acc_me8,test_conf_me8,val_acc_me9,val_conf_me9,test_acc_me9,test_conf_me9,val_acc_med,val_conf_med,test_acc_med,test_conf_med,val_acc_maj,val_conf_maj,test_acc_maj,test_conf_maj,val_acc_lin,val_conf_lin,test_acc_lin,test_conf_lin,val_nld,val_conf_nld,test_nld,test_conf_nld,val_mse,val_conf_mse,test_mse,test_conf_mse,val_svm,val_conf_svm,test_svm,test_conf_svm,val_mvm,val_conf_mvm,test_mvm,test_conf_mvm
0,5,0.56676,0.005656588941431062,0.6072534,0.005699336681830425,0.56672,0.0056678190491188385,0.6075067,0.005695735695780413,0.56656003,0.005692487973942839,0.60781336,0.0056859191067254455,0.5662534,0.00569363458183747,0.6079467,0.005696500408899019,0.5658934,0.005687243962967714,0.6080934,0.005707516249143008,0.5654934,0.005670006054752763,0.60781336,0.005704883622639989,0.5651734,0.005663443190717987,0.6078667,0.005708555261532466,0.5646667,0.005661514321940064,0.6073068,0.005696195170148188,0.5640934,0.005664366757286432,0.6069734,0.005721686992784525,0.56384003,0.005663177665329644,0.6066934,0.005733057020807508,0.563,0.005664223142684999,0.6062001,0.005729048280117555,0.5682134,0.005683390381461262,0.6085734,0.005748035423413067,0.5674934,0.005715631628579132,0.60733336,0.005606549642974468,5.1055546,0.013429635037262244,5.0040917,0.012308230350737581,0.19818689,0.0009588843311545137,0.18719918,0.00096220495702809,,,,,,,,
