,shots,val_acc,val_conf,test_acc,test_conf,val_acc_me1,val_conf_me1,test_acc_me1,test_conf_me1,val_acc_me2,val_conf_me2,test_acc_me2,test_conf_me2,val_acc_me3,val_conf_me3,test_acc_me3,test_conf_me3,val_acc_me4,val_conf_me4,test_acc_me4,test_conf_me4,val_acc_me5,val_conf_me5,test_acc_me5,test_conf_me5,val_acc_me6,val_conf_me6,test_acc_me6,test_conf_me6,val_acc_me7,val_conf_me7,test_acc_me7,test_conf_me7,val_acc_me8,val_conf_me8,test_acc_me8,test_conf_me8,val_acc_me9,val_conf_me9,test_acc_me9,test_conf_me9,val_acc_med,val_conf_med,test_acc_med,test_conf_med,val_acc_maj,val_conf_maj,test_acc_maj,test_conf_maj,val_acc_lin,val_conf_lin,test_acc_lin,test_conf_lin,val_nld,val_conf_nld,test_nld,test_conf_nld,val_mse,val_conf_mse,test_mse,test_conf_mse,val_svm,val_conf_svm,test_svm,test_conf_svm,val_mvm,val_conf_mvm,test_mvm,test_conf_mvm
0,5,0.7974001,0.004530644001656148,0.7968268,0.004681608807569071,0.79717344,0.0045312535555912525,0.7968934,0.00468287547911761,0.7972535,0.004543495892238125,0.79696006,0.004701182415635441,0.7972002,0.004529355626293308,0.79694676,0.004680090002347481,0.7967201,0.004529475228163937,0.79677343,0.004681614348968521,0.7962268,0.004534108299854123,0.79656017,0.004667868445948464,0.79605347,0.0045241065357021215,0.7964535,0.004685687277534933,0.7958535,0.004510327384285584,0.7959468,0.004702895631619741,0.7956668,0.0045060129430615214,0.7955602,0.004715128270817548,0.7953601,0.004520971488985892,0.7950668,0.004716359846836493,0.79498684,0.0045354433153286244,0.7945868,0.004714189465400809,0.79745346,0.004529855275806849,0.7963468,0.004680700941632421,0.7888668,0.0047422825132769075,0.79132015,0.004621488780019001,4.840673,0.01345812521876244,4.8185334,0.014801512824257124,0.14580616,0.0010795060501391507,0.14579938,0.0009875576097271854,,,,,,,,
