,shots,val_acc,val_conf,test_acc,test_conf,val_acc_me1,val_conf_me1,test_acc_me1,test_conf_me1,val_acc_me2,val_conf_me2,test_acc_me2,test_conf_me2,val_acc_me3,val_conf_me3,test_acc_me3,test_conf_me3,val_acc_me4,val_conf_me4,test_acc_me4,test_conf_me4,val_acc_me5,val_conf_me5,test_acc_me5,test_conf_me5,val_acc_me6,val_conf_me6,test_acc_me6,test_conf_me6,val_acc_me7,val_conf_me7,test_acc_me7,test_conf_me7,val_acc_me8,val_conf_me8,test_acc_me8,test_conf_me8,val_acc_me9,val_conf_me9,test_acc_me9,test_conf_me9,val_acc_med,val_conf_med,test_acc_med,test_conf_med,val_acc_maj,val_conf_maj,test_acc_maj,test_conf_maj,val_acc_lin,val_conf_lin,test_acc_lin,test_conf_lin,val_nld,val_conf_nld,test_nld,test_conf_nld,val_mse,val_conf_mse,test_mse,test_conf_mse,val_svm,val_conf_svm,test_svm,test_conf_svm,val_mvm,val_conf_mvm,test_mvm,test_conf_mvm
0,5,0.49008003,0.005522207696819437,0.5403467,0.005828333533348551,0.48953336,0.005547484790228652,0.5401067,0.005828134966536336,0.48912004,0.0055250342723018875,0.5396667,0.005795165487179288,0.48890668,0.005500458627701321,0.53937334,0.005781490698785086,0.48852003,0.0054951679766145345,0.539,0.005799469769171117,0.48822668,0.005458948928286744,0.53881335,0.005855992966720791,0.48757336,0.005460017494806346,0.53818667,0.005874141511572173,0.48672,0.005450782752689398,0.53714675,0.005875695412323467,0.4862,0.00544342793032232,0.5363867,0.005892097492794068,0.48533338,0.005449027514426219,0.53552,0.005877027195315021,0.48461336,0.0054417641251494064,0.53530675,0.00587312882083002,0.49210668,0.005476779304455337,0.5418,0.005816736769733044,0.50000006,0.00537831371655384,0.54381335,0.005694425616603271,6.281755,0.017028177330125516,6.155812,0.015503078925874547,0.20771538,0.0009861963880512525,0.19453165,0.001127072614554775,,,,,,,,
