,shots,val_acc,val_conf,test_acc,test_conf,val_acc_me1,val_conf_me1,test_acc_me1,test_conf_me1,val_acc_me2,val_conf_me2,test_acc_me2,test_conf_me2,val_acc_me3,val_conf_me3,test_acc_me3,test_conf_me3,val_acc_me4,val_conf_me4,test_acc_me4,test_conf_me4,val_acc_me5,val_conf_me5,test_acc_me5,test_conf_me5,val_acc_me6,val_conf_me6,test_acc_me6,test_conf_me6,val_acc_me7,val_conf_me7,test_acc_me7,test_conf_me7,val_acc_me8,val_conf_me8,test_acc_me8,test_conf_me8,val_acc_me9,val_conf_me9,test_acc_me9,test_conf_me9,val_acc_med,val_conf_med,test_acc_med,test_conf_med,val_acc_maj,val_conf_maj,test_acc_maj,test_conf_maj,val_acc_lin,val_conf_lin,test_acc_lin,test_conf_lin,val_nld,val_conf_nld,test_nld,test_conf_nld,val_mse,val_conf_mse,test_mse,test_conf_mse,val_svm,val_conf_svm,test_svm,test_conf_svm,val_mvm,val_conf_mvm,test_mvm,test_conf_mvm
0,5,0.36968002,0.0069580078349263386,0.37384003,0.006952190750895593,0.36949334,0.006948084112149422,0.3740667,0.006956880160146395,0.36950672,0.00696221698956162,0.37424004,0.006956163010706062,0.36980006,0.00697693679352801,0.3743067,0.006958830270955452,0.3699734,0.006966724917981726,0.37446672,0.006983057730959752,0.36994672,0.006970991795527515,0.3742267,0.006995124128175267,0.36980006,0.006970957161781199,0.37409338,0.006990786136003735,0.36976004,0.006975828975429255,0.3739867,0.007019517830161859,0.3696267,0.006987899066911052,0.37444007,0.007056016719159841,0.36924002,0.006990541852646415,0.3744134,0.007054579187796173,0.3691867,0.007026121331125568,0.37420005,0.007066407304837097,0.37072003,0.006834627653493686,0.37790674,0.0068588782026621775,0.36056006,0.006554250391106964,0.3682934,0.006563259782981223,4.517236,0.012001379052668959,4.4761915,0.010923931516964913,0.23464306,0.0010682010181134183,0.233396,0.0010638159240468625,,,,,,,,
