,shots,val_acc,val_conf,test_acc,test_conf,val_acc_me1,val_conf_me1,test_acc_me1,test_conf_me1,val_acc_me2,val_conf_me2,test_acc_me2,test_conf_me2,val_acc_me3,val_conf_me3,test_acc_me3,test_conf_me3,val_acc_me4,val_conf_me4,test_acc_me4,test_conf_me4,val_acc_me5,val_conf_me5,test_acc_me5,test_conf_me5,val_acc_me6,val_conf_me6,test_acc_me6,test_conf_me6,val_acc_me7,val_conf_me7,test_acc_me7,test_conf_me7,val_acc_me8,val_conf_me8,test_acc_me8,test_conf_me8,val_acc_me9,val_conf_me9,test_acc_me9,test_conf_me9,val_acc_med,val_conf_med,test_acc_med,test_conf_med,val_acc_maj,val_conf_maj,test_acc_maj,test_conf_maj,val_acc_lin,val_conf_lin,test_acc_lin,test_conf_lin,val_nld,val_conf_nld,test_nld,test_conf_nld,val_mse,val_conf_mse,test_mse,test_conf_mse,val_svm,val_conf_svm,test_svm,test_conf_svm,val_mvm,val_conf_mvm,test_mvm,test_conf_mvm
0,5,0.5821734,0.007212933449822434,0.5830133,0.007365495564115365,0.58306664,0.007257702415656708,0.58400005,0.0073717615014983195,0.58346665,0.0072608711725528075,0.58480006,0.007390581017461595,0.5840666,0.007289088440132319,0.58533335,0.0074516356943789,0.58512,0.007299658197723824,0.5860134,0.007466967822980175,0.58516,0.007313023591317691,0.58628005,0.007486057943947966,0.58564,0.007358445518715895,0.58682674,0.00747205898368819,0.58626664,0.007373481182448627,0.5870267,0.0074857891860765635,0.5863067,0.007396492305282387,0.5874134,0.007495398896220307,0.5864133,0.007429062803881892,0.58746666,0.007514323698772363,0.5867467,0.00744438292611771,0.58752,0.0075407284669615215,0.5832134,0.007193121099798194,0.58477336,0.007378427804988652,0.56425333,0.0068821553126676704,0.5656533,0.00716514072704344,4.9249716,0.012976539743794646,4.8467665,0.011973382979282299,0.19673727,0.0012267319122458986,0.1967973,0.001222841388076712,,,,,,,,
