,shots,val_acc,val_conf,test_acc,test_conf,val_acc_me1,val_conf_me1,test_acc_me1,test_conf_me1,val_acc_me2,val_conf_me2,test_acc_me2,test_conf_me2,val_acc_me3,val_conf_me3,test_acc_me3,test_conf_me3,val_acc_me4,val_conf_me4,test_acc_me4,test_conf_me4,val_acc_me5,val_conf_me5,test_acc_me5,test_conf_me5,val_acc_me6,val_conf_me6,test_acc_me6,test_conf_me6,val_acc_me7,val_conf_me7,test_acc_me7,test_conf_me7,val_acc_me8,val_conf_me8,test_acc_me8,test_conf_me8,val_acc_me9,val_conf_me9,test_acc_me9,test_conf_me9,val_acc_med,val_conf_med,test_acc_med,test_conf_med,val_acc_maj,val_conf_maj,test_acc_maj,test_conf_maj,val_acc_lin,val_conf_lin,test_acc_lin,test_conf_lin,val_nld,val_conf_nld,test_nld,test_conf_nld,val_mse,val_conf_mse,test_mse,test_conf_mse,val_svm,val_conf_svm,test_svm,test_conf_svm,val_mvm,val_conf_mvm,test_mvm,test_conf_mvm
0,5,0.56672,0.005966314840443521,0.6181734,0.006028620488277681,0.56596005,0.005970507370880562,0.6177067,0.006042958397468046,0.56539994,0.006018845921501592,0.61788005,0.006024507846348781,0.56564003,0.0060089051127431015,0.61758673,0.006005216387869106,0.56501335,0.006002221261487972,0.6174001,0.005977989645434056,0.56456006,0.006018168485423692,0.6168667,0.005989003638544932,0.56416005,0.006025639215395007,0.6162667,0.005985054006115376,0.5639334,0.0060441779671215334,0.61589336,0.006008510749818452,0.56312,0.006052613362373616,0.61564004,0.006006799842750543,0.5626267,0.006070710187497164,0.61476,0.0059995396859566785,0.56153333,0.006102359890228004,0.6140001,0.006008189810435938,0.56664,0.00596218880679944,0.6187067,0.005980768657238289,0.5733201,0.005812458347605132,0.62422675,0.005947467155699937,6.799628,0.018236017688215256,6.8100505,0.017450601901424,0.18386902,0.001376649740007757,0.17016764,0.0014442308000802984,,,,,,,,
