,shots,val_acc,val_conf,test_acc,test_conf,val_acc_me1,val_conf_me1,test_acc_me1,test_conf_me1,val_acc_me2,val_conf_me2,test_acc_me2,test_conf_me2,val_acc_me3,val_conf_me3,test_acc_me3,test_conf_me3,val_acc_me4,val_conf_me4,test_acc_me4,test_conf_me4,val_acc_me5,val_conf_me5,test_acc_me5,test_conf_me5,val_acc_me6,val_conf_me6,test_acc_me6,test_conf_me6,val_acc_me7,val_conf_me7,test_acc_me7,test_conf_me7,val_acc_me8,val_conf_me8,test_acc_me8,test_conf_me8,val_acc_me9,val_conf_me9,test_acc_me9,test_conf_me9,val_acc_med,val_conf_med,test_acc_med,test_conf_med,val_acc_maj,val_conf_maj,test_acc_maj,test_conf_maj,val_acc_lin,val_conf_lin,test_acc_lin,test_conf_lin,val_nld,val_conf_nld,test_nld,test_conf_nld,val_mse,val_conf_mse,test_mse,test_conf_mse,val_svm,val_conf_svm,test_svm,test_conf_svm,val_mvm,val_conf_mvm,test_mvm,test_conf_mvm
0,5,0.6020134,0.006201944379027102,0.6424,0.006219083003836001,0.60223997,0.0062441042693057724,0.64236003,0.006206763549380767,0.60192007,0.006240352741905153,0.6419867,0.006216950026846413,0.60206664,0.0062788876334030075,0.6412934,0.006250221974254511,0.6019067,0.006302446431211806,0.6405333,0.006244905001520529,0.60136,0.00632221306469094,0.64000005,0.0062214127005046915,0.60078675,0.006341103233496792,0.63944006,0.006227576121998535,0.6002801,0.006327345324111278,0.6386134,0.0062458234884728014,0.59968007,0.00634109815388062,0.63804007,0.006247913981400233,0.59934676,0.006350426176220947,0.6373733,0.006242703680604866,0.59818673,0.006363809117579722,0.63690674,0.006253862211883732,0.60122675,0.0061721861406282,0.64165336,0.006145830321467205,0.5973867,0.006067972736188643,0.64316005,0.006016793294803424,7.1815724,0.018773586997856917,7.218948,0.020143952906379603,0.17722014,0.0014709532751689958,0.1643926,0.001510283934711365,,,,,,,,
