,shots,val_acc,val_conf,test_acc,test_conf,val_acc_me1,val_conf_me1,test_acc_me1,test_conf_me1,val_acc_me2,val_conf_me2,test_acc_me2,test_conf_me2,val_acc_me3,val_conf_me3,test_acc_me3,test_conf_me3,val_acc_me4,val_conf_me4,test_acc_me4,test_conf_me4,val_acc_me5,val_conf_me5,test_acc_me5,test_conf_me5,val_acc_me6,val_conf_me6,test_acc_me6,test_conf_me6,val_acc_me7,val_conf_me7,test_acc_me7,test_conf_me7,val_acc_me8,val_conf_me8,test_acc_me8,test_conf_me8,val_acc_me9,val_conf_me9,test_acc_me9,test_conf_me9,val_acc_med,val_conf_med,test_acc_med,test_conf_med,val_acc_maj,val_conf_maj,test_acc_maj,test_conf_maj,val_acc_lin,val_conf_lin,test_acc_lin,test_conf_lin,val_nld,val_conf_nld,test_nld,test_conf_nld,val_mse,val_conf_mse,test_mse,test_conf_mse,val_svm,val_conf_svm,test_svm,test_conf_svm,val_mvm,val_conf_mvm,test_mvm,test_conf_mvm
0,5,0.5562667,0.007561988969364997,0.61514676,0.007981728270866517,0.55653334,0.007591168131525494,0.61560005,0.007978283367566563,0.5570801,0.007616549587956989,0.61602676,0.007996774093831482,0.55736005,0.007626495014548262,0.6162933,0.008019631442831576,0.55770665,0.007633645266920452,0.6162001,0.008057138404738984,0.5577467,0.007653143142528185,0.61644006,0.008056540857169225,0.5581867,0.007667736879657938,0.6163201,0.008057267704058457,0.558,0.007693281807372054,0.6162134,0.008051476018108406,0.55810666,0.007716188105400312,0.61594677,0.00806929623504471,0.55802673,0.0077329254405352765,0.61594665,0.008086052503294305,0.5578667,0.007743275389283433,0.61570674,0.008089380113640132,0.5548533,0.007516352774523005,0.61702675,0.007893052026806124,0.54277337,0.007390781431406923,0.5996401,0.007839519337804801,4.3883314,0.010811287796888891,4.4788504,0.011527061123027593,0.20305993,0.001231256003080966,0.19318256,0.0013201603680836338,,,,,,,,
