,shots,val_acc,val_conf,test_acc,test_conf,val_acc_me1,val_conf_me1,test_acc_me1,test_conf_me1,val_acc_me2,val_conf_me2,test_acc_me2,test_conf_me2,val_acc_me3,val_conf_me3,test_acc_me3,test_conf_me3,val_acc_me4,val_conf_me4,test_acc_me4,test_conf_me4,val_acc_me5,val_conf_me5,test_acc_me5,test_conf_me5,val_acc_me6,val_conf_me6,test_acc_me6,test_conf_me6,val_acc_me7,val_conf_me7,test_acc_me7,test_conf_me7,val_acc_me8,val_conf_me8,test_acc_me8,test_conf_me8,val_acc_me9,val_conf_me9,test_acc_me9,test_conf_me9,val_acc_med,val_conf_med,test_acc_med,test_conf_med,val_acc_maj,val_conf_maj,test_acc_maj,test_conf_maj,val_acc_lin,val_conf_lin,test_acc_lin,test_conf_lin,val_nld,val_conf_nld,test_nld,test_conf_nld,val_mse,val_conf_mse,test_mse,test_conf_mse,val_svm,val_conf_svm,test_svm,test_conf_svm,val_mvm,val_conf_mvm,test_mvm,test_conf_mvm
0,5,0.46709338,0.0060539534574642895,0.48082668,0.0056762664507363225,0.46905336,0.0060212301085977304,0.48313338,0.0056804571340401955,0.47017333,0.006044961613354827,0.48481336,0.005694454247166858,0.47161335,0.006045725864690155,0.48657337,0.005717532790360136,0.47266668,0.0060127397611348665,0.4872667,0.005716577822528435,0.47424006,0.006033842795438449,0.48853335,0.00572460961919008,0.4747467,0.005998127552673704,0.48900002,0.005753969338614717,0.47457337,0.006054087374616712,0.48945338,0.005772410192284971,0.4747467,0.006067364105820039,0.49044,0.005791303593573771,0.4747467,0.006079407413871363,0.4901067,0.005856888826292095,0.47458667,0.0060472977749894685,0.48981336,0.0058634724705746155,0.4688667,0.00602411394520741,0.483,0.005647664517681006,0.4576,0.005714402361476689,0.4801467,0.005676670972893261,9.249986,0.015511658859294286,9.283231,0.019683577137653785,0.2144516,0.001112554609883576,0.21034348,0.0011938260435362669,,,,,,,,
