,shots,val_acc,val_conf,test_acc,test_conf,val_acc_me1,val_conf_me1,test_acc_me1,test_conf_me1,val_acc_me2,val_conf_me2,test_acc_me2,test_conf_me2,val_acc_me3,val_conf_me3,test_acc_me3,test_conf_me3,val_acc_me4,val_conf_me4,test_acc_me4,test_conf_me4,val_acc_me5,val_conf_me5,test_acc_me5,test_conf_me5,val_acc_me6,val_conf_me6,test_acc_me6,test_conf_me6,val_acc_me7,val_conf_me7,test_acc_me7,test_conf_me7,val_acc_me8,val_conf_me8,test_acc_me8,test_conf_me8,val_acc_me9,val_conf_me9,test_acc_me9,test_conf_me9,val_acc_med,val_conf_med,test_acc_med,test_conf_med,val_acc_maj,val_conf_maj,test_acc_maj,test_conf_maj,val_acc_lin,val_conf_lin,test_acc_lin,test_conf_lin,val_nld,val_conf_nld,test_nld,test_conf_nld,val_mse,val_conf_mse,test_mse,test_conf_mse,val_svm,val_conf_svm,test_svm,test_conf_svm,val_mvm,val_conf_mvm,test_mvm,test_conf_mvm
0,5,0.27252,0.004757717619550517,0.30633333,0.005633000127708732,0.27302667,0.004780164904994333,0.30648005,0.0056276226613645175,0.27298668,0.004790440044850519,0.30712005,0.005644060760931324,0.27270666,0.0048027299451755545,0.30716002,0.005679124427482085,0.27277336,0.004769911930735782,0.30726668,0.005707781774531462,0.27237335,0.004757755947563114,0.30697337,0.0057363047426451375,0.27218667,0.004766497505132583,0.30670667,0.0057341902369869024,0.27220002,0.004772243012754307,0.30668,0.005743243960056432,0.27254668,0.004761899990755325,0.30668002,0.005762969033040022,0.27229333,0.004770318761809111,0.30629334,0.005785357672006719,0.27217335,0.004773650528204443,0.3063067,0.00579132483560485,0.27413335,0.004721234431184218,0.3074267,0.005555118067916087,0.2723867,0.004471103973910984,0.30069336,0.005291648076912847,5.427587,0.016322288013401298,5.293806,0.014183686503391968,0.252427,0.0008239539684951058,0.24709472,0.0009762615824754906,,,,,,,,
