,shots,val_acc,val_conf,test_acc,test_conf,val_acc_me1,val_conf_me1,test_acc_me1,test_conf_me1,val_acc_me2,val_conf_me2,test_acc_me2,test_conf_me2,val_acc_me3,val_conf_me3,test_acc_me3,test_conf_me3,val_acc_me4,val_conf_me4,test_acc_me4,test_conf_me4,val_acc_me5,val_conf_me5,test_acc_me5,test_conf_me5,val_acc_me6,val_conf_me6,test_acc_me6,test_conf_me6,val_acc_me7,val_conf_me7,test_acc_me7,test_conf_me7,val_acc_me8,val_conf_me8,test_acc_me8,test_conf_me8,val_acc_me9,val_conf_me9,test_acc_me9,test_conf_me9,val_acc_med,val_conf_med,test_acc_med,test_conf_med,val_acc_maj,val_conf_maj,test_acc_maj,test_conf_maj,val_acc_lin,val_conf_lin,test_acc_lin,test_conf_lin,val_nld,val_conf_nld,test_nld,test_conf_nld,val_mse,val_conf_mse,test_mse,test_conf_mse,val_svm,val_conf_svm,test_svm,test_conf_svm,val_mvm,val_conf_mvm,test_mvm,test_conf_mvm
0,5,0.82773346,0.004307307595880716,0.81562674,0.0044840403708338306,0.82758677,0.004298301898272738,0.81564015,0.004484547408879935,0.82732016,0.004308179904504494,0.8158135,0.004466702255646271,0.82733345,0.00430491832916835,0.81565344,0.004462132910049266,0.82733345,0.004293787966669904,0.81553346,0.004458458500457119,0.82738674,0.0042731674958982335,0.8154668,0.004462491253877765,0.8268801,0.004272900123376777,0.8153335,0.004482445833153603,0.82653344,0.0042692312551839695,0.81528014,0.004493959013994742,0.8264401,0.0042814481937500926,0.81465346,0.004492020447767753,0.8261468,0.004299195910710818,0.8143868,0.004490769476850898,0.82582676,0.004297092487851484,0.8141334,0.004488001086062288,0.82742673,0.0043474444135913615,0.81586677,0.004433405371940702,0.81844014,0.004393941372475063,0.80781347,0.004439469048245215,5.149915,0.01481901348716086,5.1098714,0.016698033683202773,0.13450238,0.0010498877320753996,0.13904776,0.001030263674185239,,,,,,,,
