,shots,val_acc,val_conf,test_acc,test_conf,val_acc_me1,val_conf_me1,test_acc_me1,test_conf_me1,val_acc_me2,val_conf_me2,test_acc_me2,test_conf_me2,val_acc_me3,val_conf_me3,test_acc_me3,test_conf_me3,val_acc_me4,val_conf_me4,test_acc_me4,test_conf_me4,val_acc_me5,val_conf_me5,test_acc_me5,test_conf_me5,val_acc_me6,val_conf_me6,test_acc_me6,test_conf_me6,val_acc_me7,val_conf_me7,test_acc_me7,test_conf_me7,val_acc_me8,val_conf_me8,test_acc_me8,test_conf_me8,val_acc_me9,val_conf_me9,test_acc_me9,test_conf_me9,val_acc_med,val_conf_med,test_acc_med,test_conf_med,val_acc_maj,val_conf_maj,test_acc_maj,test_conf_maj,val_acc_lin,val_conf_lin,test_acc_lin,test_conf_lin,val_nld,val_conf_nld,test_nld,test_conf_nld,val_mse,val_conf_mse,test_mse,test_conf_mse,val_svm,val_conf_svm,test_svm,test_conf_svm,val_mvm,val_conf_mvm,test_mvm,test_conf_mvm
0,5,0.7578801,0.0057613509444123245,0.8229601,0.0052007875979184215,0.75777346,0.005753003287984226,0.8228001,0.005205726831925994,0.75749344,0.005764727965569483,0.8226134,0.005196505481524283,0.7571334,0.0057714907817661976,0.8224801,0.0051918871868992245,0.7569201,0.005785382608304079,0.8221467,0.005177691968743625,0.7564668,0.005799140517689483,0.8218668,0.005181276792378675,0.7560668,0.005792134341702004,0.82153344,0.0051867082873672254,0.7556802,0.005809755068259537,0.8209068,0.005187933860203331,0.75476015,0.0058386012846721735,0.82045346,0.005192903571907714,0.75476015,0.00584784341532163,0.8198268,0.005205328312951729,0.7543868,0.005841013178765397,0.8195468,0.005228195821184056,0.75729346,0.005733761240315882,0.82385343,0.005243056930835488,0.74437344,0.005632516640610152,0.81576014,0.005269483864622226,4.560768,0.01034491253973524,4.673207,0.011806255296639812,0.15545657,0.0012332907356768508,0.14084163,0.0011517215672516845,,,,,,,,
