,shots,val_acc,val_conf,test_acc,test_conf,val_acc_me1,val_conf_me1,test_acc_me1,test_conf_me1,val_acc_me2,val_conf_me2,test_acc_me2,test_conf_me2,val_acc_me3,val_conf_me3,test_acc_me3,test_conf_me3,val_acc_me4,val_conf_me4,test_acc_me4,test_conf_me4,val_acc_me5,val_conf_me5,test_acc_me5,test_conf_me5,val_acc_me6,val_conf_me6,test_acc_me6,test_conf_me6,val_acc_me7,val_conf_me7,test_acc_me7,test_conf_me7,val_acc_me8,val_conf_me8,test_acc_me8,test_conf_me8,val_acc_me9,val_conf_me9,test_acc_me9,test_conf_me9,val_acc_med,val_conf_med,test_acc_med,test_conf_med,val_acc_maj,val_conf_maj,test_acc_maj,test_conf_maj,val_acc_lin,val_conf_lin,test_acc_lin,test_conf_lin,val_nld,val_conf_nld,test_nld,test_conf_nld,val_mse,val_conf_mse,test_mse,test_conf_mse,val_svm,val_conf_svm,test_svm,test_conf_svm,val_mvm,val_conf_mvm,test_mvm,test_conf_mvm
0,5,0.5628934,0.007794114958171505,0.6068,0.007465471183356165,0.56329334,0.007806212756650388,0.6068134,0.0074834876581882925,0.5638934,0.007794064162010228,0.60724014,0.007486605157139725,0.56435996,0.007828428226885453,0.6074134,0.007518801611279047,0.56460005,0.007815664536910849,0.6076934,0.007557579400784387,0.56489336,0.00781865227475953,0.6079734,0.007591078083785119,0.5651733,0.007838960580030974,0.6080934,0.007603322267564994,0.56566674,0.007845974144551016,0.6085333,0.007597379578480945,0.5658667,0.007850940161989062,0.6083734,0.007619446816281905,0.56608,0.007836108606467884,0.60844004,0.007636326842451635,0.5660934,0.007842478445089784,0.60810673,0.007662066642711629,0.56273335,0.007739326680420433,0.60718673,0.007501215980250997,0.5484667,0.007486999058281096,0.5916267,0.0072652581137524486,4.389627,0.010248651967015299,4.4392867,0.011484282443147364,0.2021311,0.0012380295557390675,0.19605692,0.001207776054767934,,,,,,,,
