,shots,val_acc,val_conf,test_acc,test_conf,val_acc_me1,val_conf_me1,test_acc_me1,test_conf_me1,val_acc_me2,val_conf_me2,test_acc_me2,test_conf_me2,val_acc_me3,val_conf_me3,test_acc_me3,test_conf_me3,val_acc_me4,val_conf_me4,test_acc_me4,test_conf_me4,val_acc_me5,val_conf_me5,test_acc_me5,test_conf_me5,val_acc_me6,val_conf_me6,test_acc_me6,test_conf_me6,val_acc_me7,val_conf_me7,test_acc_me7,test_conf_me7,val_acc_me8,val_conf_me8,test_acc_me8,test_conf_me8,val_acc_me9,val_conf_me9,test_acc_me9,test_conf_me9,val_acc_med,val_conf_med,test_acc_med,test_conf_med,val_acc_maj,val_conf_maj,test_acc_maj,test_conf_maj,val_acc_lin,val_conf_lin,test_acc_lin,test_conf_lin,val_nld,val_conf_nld,test_nld,test_conf_nld,val_mse,val_conf_mse,test_mse,test_conf_mse,val_svm,val_conf_svm,test_svm,test_conf_svm,val_mvm,val_conf_mvm,test_mvm,test_conf_mvm
0,5,0.38228002,0.007391523055361338,0.41334668,0.008178160720722583,0.38225335,0.007410489418408994,0.41284004,0.008214468893224192,0.3819067,0.007434992563033982,0.41269335,0.008224036119305778,0.38189337,0.00745401387829242,0.41234672,0.008224901501180326,0.38192004,0.007436082371584607,0.41225335,0.008250375314268588,0.38161337,0.0074391199820278975,0.4118267,0.008264854067360605,0.3813067,0.007450094723559619,0.4116667,0.008294047083019673,0.3818267,0.007468828347832079,0.41126668,0.008316501756995998,0.38193336,0.007475129380744683,0.41061336,0.00831113214096757,0.3818267,0.007478249650395841,0.41020003,0.00833361452194098,0.38153338,0.007483711623081091,0.40984002,0.00832760672141386,0.38302666,0.0073096687357582235,0.41900003,0.008092594125297947,0.37564003,0.007233926117921119,0.40893337,0.00773429601332265,4.4918036,0.010854743451062632,4.6210475,0.013659144100197196,0.23168884,0.0011666495200334248,0.22630782,0.0012608249103333025,,,,,,,,
