,shots,val_acc,val_conf,test_acc,test_conf,val_acc_me1,val_conf_me1,test_acc_me1,test_conf_me1,val_acc_me2,val_conf_me2,test_acc_me2,test_conf_me2,val_acc_me3,val_conf_me3,test_acc_me3,test_conf_me3,val_acc_me4,val_conf_me4,test_acc_me4,test_conf_me4,val_acc_me5,val_conf_me5,test_acc_me5,test_conf_me5,val_acc_me6,val_conf_me6,test_acc_me6,test_conf_me6,val_acc_me7,val_conf_me7,test_acc_me7,test_conf_me7,val_acc_me8,val_conf_me8,test_acc_me8,test_conf_me8,val_acc_me9,val_conf_me9,test_acc_me9,test_conf_me9,val_acc_med,val_conf_med,test_acc_med,test_conf_med,val_acc_maj,val_conf_maj,test_acc_maj,test_conf_maj,val_acc_lin,val_conf_lin,test_acc_lin,test_conf_lin,val_nld,val_conf_nld,test_nld,test_conf_nld,val_mse,val_conf_mse,test_mse,test_conf_mse,val_svm,val_conf_svm,test_svm,test_conf_svm,val_mvm,val_conf_mvm,test_mvm,test_conf_mvm
0,5,0.57668006,0.005810869813107633,0.61088,0.00558435402942048,0.5764534,0.005817292756807202,0.61068004,0.005572052584513321,0.5758667,0.005817566594294665,0.61056006,0.005572625657568997,0.57545334,0.005850014720323871,0.6100668,0.005575583379504145,0.57578677,0.0058376398518745765,0.61004007,0.00557073927285312,0.5755467,0.005830509456183575,0.6100001,0.005569359002616792,0.5751867,0.005837261651364778,0.60992,0.0055886560024959175,0.5746934,0.005813669605159499,0.6093067,0.005601505122378114,0.5742933,0.005804208589233362,0.6088934,0.005604147908113477,0.5739467,0.005808745610000332,0.6086,0.005607858336801774,0.5734401,0.005833996381762407,0.6083867,0.005630510192240479,0.5791334,0.005790114963400317,0.6113601,0.005607926680727848,0.57621336,0.0058813430218889184,0.6074,0.005645642830462871,25.089676,0.030790564166299106,24.845665,0.031381450973931635,0.18754797,0.0013195976851518576,0.17752786,0.001287449718257394,,,,,,,,
