,shots,val_acc,val_conf,test_acc,test_conf,val_acc_me1,val_conf_me1,test_acc_me1,test_conf_me1,val_acc_me2,val_conf_me2,test_acc_me2,test_conf_me2,val_acc_me3,val_conf_me3,test_acc_me3,test_conf_me3,val_acc_me4,val_conf_me4,test_acc_me4,test_conf_me4,val_acc_me5,val_conf_me5,test_acc_me5,test_conf_me5,val_acc_me6,val_conf_me6,test_acc_me6,test_conf_me6,val_acc_me7,val_conf_me7,test_acc_me7,test_conf_me7,val_acc_me8,val_conf_me8,test_acc_me8,test_conf_me8,val_acc_me9,val_conf_me9,test_acc_me9,test_conf_me9,val_acc_med,val_conf_med,test_acc_med,test_conf_med,val_acc_maj,val_conf_maj,test_acc_maj,test_conf_maj,val_acc_lin,val_conf_lin,test_acc_lin,test_conf_lin,val_nld,val_conf_nld,test_nld,test_conf_nld,val_mse,val_conf_mse,test_mse,test_conf_mse,val_svm,val_conf_svm,test_svm,test_conf_svm,val_mvm,val_conf_mvm,test_mvm,test_conf_mvm
0,5,0.3440667,0.00569855211203063,0.3490667,0.005981398067854582,0.34501338,0.005728323742144714,0.3493467,0.00602450138138283,0.34508005,0.005753937013784849,0.35006672,0.005989642746610291,0.34570673,0.005771137055770537,0.35044006,0.006015093470534361,0.34632003,0.005764767217148581,0.35070673,0.006048769478316118,0.34646672,0.005818910845434955,0.3509467,0.006110430938468858,0.3463467,0.00582188472978501,0.3512,0.006156709012075823,0.34596002,0.005847939004461511,0.35109338,0.006161446908571455,0.34572005,0.005910597454724775,0.3513067,0.006162618452763391,0.34472004,0.005934647589947939,0.35096002,0.0061723403762451445,0.34436005,0.005920831034085361,0.35040006,0.0061911003221648,0.34701335,0.005659934099541575,0.35192004,0.005931425727974227,0.34148005,0.005530818107936153,0.34990668,0.005880681286442702,8.730853,0.014578866784491495,8.637287,0.01438898703943714,0.24087457,0.0011048937406449022,0.23972411,0.0011445926723563926,,,,,,,,
