,shots,val_acc,val_conf,test_acc,test_conf,val_acc_me1,val_conf_me1,test_acc_me1,test_conf_me1,val_acc_me2,val_conf_me2,test_acc_me2,test_conf_me2,val_acc_me3,val_conf_me3,test_acc_me3,test_conf_me3,val_acc_me4,val_conf_me4,test_acc_me4,test_conf_me4,val_acc_me5,val_conf_me5,test_acc_me5,test_conf_me5,val_acc_me6,val_conf_me6,test_acc_me6,test_conf_me6,val_acc_me7,val_conf_me7,test_acc_me7,test_conf_me7,val_acc_me8,val_conf_me8,test_acc_me8,test_conf_me8,val_acc_me9,val_conf_me9,test_acc_me9,test_conf_me9,val_acc_med,val_conf_med,test_acc_med,test_conf_med,val_acc_maj,val_conf_maj,test_acc_maj,test_conf_maj,val_acc_lin,val_conf_lin,test_acc_lin,test_conf_lin,val_nld,val_conf_nld,test_nld,test_conf_nld,val_mse,val_conf_mse,test_mse,test_conf_mse,val_svm,val_conf_svm,test_svm,test_conf_svm,val_mvm,val_conf_mvm,test_mvm,test_conf_mvm
0,5,0.26411998,0.005399531734895158,0.3170267,0.007135648937599548,0.26422668,0.0054047826726195125,0.31661338,0.007156991175644278,0.26381335,0.0054031821317565565,0.31633338,0.007145514475682679,0.26325336,0.005419495088053339,0.31556004,0.007205000474783618,0.26316002,0.005417183862716057,0.3157867,0.007214672987453985,0.26292002,0.005457930234361863,0.31574667,0.007234123299383444,0.26240003,0.005441344364144118,0.31489336,0.007263032318322704,0.26217335,0.005447611686876963,0.31452003,0.007282666419999306,0.26168,0.005437858823915176,0.3136667,0.007261481650054469,0.26124004,0.005452122385996794,0.3134667,0.0072897885035911325,0.2608667,0.005444746783381915,0.31333336,0.007304969167275133,0.26676002,0.005436150225763714,0.31873333,0.007157396621367773,0.26908,0.005293775512503041,0.3167467,0.006833771507284814,7.5793743,0.015565765083134231,7.744945,0.01808995378829703,0.2588879,0.0011208332297106272,0.24741788,0.0014546212703117345,,,,,,,,
