,shots,val_acc,val_conf,test_acc,test_conf,val_acc_me1,val_conf_me1,test_acc_me1,test_conf_me1,val_acc_me2,val_conf_me2,test_acc_me2,test_conf_me2,val_acc_me3,val_conf_me3,test_acc_me3,test_conf_me3,val_acc_me4,val_conf_me4,test_acc_me4,test_conf_me4,val_acc_me5,val_conf_me5,test_acc_me5,test_conf_me5,val_acc_me6,val_conf_me6,test_acc_me6,test_conf_me6,val_acc_me7,val_conf_me7,test_acc_me7,test_conf_me7,val_acc_me8,val_conf_me8,test_acc_me8,test_conf_me8,val_acc_me9,val_conf_me9,test_acc_me9,test_conf_me9,val_acc_med,val_conf_med,test_acc_med,test_conf_med,val_acc_maj,val_conf_maj,test_acc_maj,test_conf_maj,val_acc_lin,val_conf_lin,test_acc_lin,test_conf_lin,val_nld,val_conf_nld,test_nld,test_conf_nld,val_mse,val_conf_mse,test_mse,test_conf_mse,val_svm,val_conf_svm,test_svm,test_conf_svm,val_mvm,val_conf_mvm,test_mvm,test_conf_mvm
0,5,0.4168534,0.005335070944473719,0.47133338,0.005960096928522118,0.41712007,0.0053391083157273145,0.4716267,0.005976825489774684,0.41736004,0.005350073359810026,0.47222668,0.00598845180752039,0.4174267,0.005330484512895306,0.4729867,0.005978867495457285,0.4175867,0.005329233541978451,0.47365338,0.005951139256375693,0.4179867,0.005343962119827239,0.47373337,0.005950086390487774,0.41808003,0.005313948515272282,0.47332004,0.005960584109886924,0.4175067,0.005297570447532374,0.47344,0.005958974333358291,0.41749337,0.005311078532161118,0.47364005,0.0059662852863133775,0.41732004,0.0052782152629594625,0.47365338,0.005975327464800839,0.41688007,0.005263146812613528,0.47325337,0.00598119026537669,0.41724005,0.005187260118391768,0.47133338,0.005984134595596602,0.4138534,0.005142545181201719,0.46564,0.005826676193141644,6.244371,0.020510235713121716,6.0341215,0.01726306247405418,0.2250842,0.0008975491786149814,0.21283454,0.0011110465411232617,,,,,,,,
