,shots,val_acc,val_conf,test_acc,test_conf,val_acc_me1,val_conf_me1,test_acc_me1,test_conf_me1,val_acc_me2,val_conf_me2,test_acc_me2,test_conf_me2,val_acc_me3,val_conf_me3,test_acc_me3,test_conf_me3,val_acc_me4,val_conf_me4,test_acc_me4,test_conf_me4,val_acc_me5,val_conf_me5,test_acc_me5,test_conf_me5,val_acc_me6,val_conf_me6,test_acc_me6,test_conf_me6,val_acc_me7,val_conf_me7,test_acc_me7,test_conf_me7,val_acc_me8,val_conf_me8,test_acc_me8,test_conf_me8,val_acc_me9,val_conf_me9,test_acc_me9,test_conf_me9,val_acc_med,val_conf_med,test_acc_med,test_conf_med,val_acc_maj,val_conf_maj,test_acc_maj,test_conf_maj,val_acc_lin,val_conf_lin,test_acc_lin,test_conf_lin,val_nld,val_conf_nld,test_nld,test_conf_nld,val_mse,val_conf_mse,test_mse,test_conf_mse,val_svm,val_conf_svm,test_svm,test_conf_svm,val_mvm,val_conf_mvm,test_mvm,test_conf_mvm
0,5,0.64872,0.006660507648362346,0.70600015,0.006498276715665385,0.64916,0.0066838036914824706,0.70641345,0.006497915601137216,0.6494934,0.0066972923812131935,0.70681345,0.006508860326755461,0.6496134,0.006717477390347892,0.70680004,0.0064969301556088155,0.6497868,0.006702199290390842,0.70668006,0.006510337109698283,0.6498934,0.006700883208030972,0.70686674,0.006526894811135664,0.6497201,0.0067057845758092816,0.7069601,0.006541789169183465,0.6496534,0.006708448141792389,0.7070535,0.006539314010780228,0.64977336,0.006711192981633474,0.7070134,0.006538538676646111,0.6497601,0.006725360492792043,0.70696014,0.006534156353279363,0.64948004,0.006703027267819461,0.7068001,0.006516261789234257,0.6466267,0.006686920728650625,0.70564014,0.006454448864164242,0.6209867,0.006661237727734637,0.6813867,0.006619888728902956,22.846624,0.020760649705330536,22.91045,0.022099438872881905,0.17393348,0.0015869929495163915,0.1601626,0.001567021630596549,,,,,,,,
