,shots,val_acc,val_conf,test_acc,test_conf,val_acc_me1,val_conf_me1,test_acc_me1,test_conf_me1,val_acc_me2,val_conf_me2,test_acc_me2,test_conf_me2,val_acc_me3,val_conf_me3,test_acc_me3,test_conf_me3,val_acc_me4,val_conf_me4,test_acc_me4,test_conf_me4,val_acc_me5,val_conf_me5,test_acc_me5,test_conf_me5,val_acc_me6,val_conf_me6,test_acc_me6,test_conf_me6,val_acc_me7,val_conf_me7,test_acc_me7,test_conf_me7,val_acc_me8,val_conf_me8,test_acc_me8,test_conf_me8,val_acc_me9,val_conf_me9,test_acc_me9,test_conf_me9,val_acc_med,val_conf_med,test_acc_med,test_conf_med,val_acc_maj,val_conf_maj,test_acc_maj,test_conf_maj,val_acc_lin,val_conf_lin,test_acc_lin,test_conf_lin,val_nld,val_conf_nld,test_nld,test_conf_nld,val_mse,val_conf_mse,test_mse,test_conf_mse,val_svm,val_conf_svm,test_svm,test_conf_svm,val_mvm,val_conf_mvm,test_mvm,test_conf_mvm
0,5,0.75430673,0.005660981885813321,0.8110134,0.005292580417363579,0.7541201,0.005682065987002272,0.8108668,0.005305162164724209,0.7541201,0.0056761680908967715,0.81053346,0.005315532893720221,0.7534668,0.005697768465797393,0.8102668,0.005315096046733414,0.7532668,0.005691170044449745,0.80961347,0.005320113322116016,0.7528401,0.005705485326259252,0.8093601,0.0053041582478644544,0.7523601,0.005713868540000222,0.8089468,0.005292776213476125,0.7520001,0.005700652764190295,0.8085201,0.005308762688990942,0.7517068,0.005699880200755958,0.8083201,0.005297415288348928,0.7512935,0.005712547839807458,0.8079201,0.005298353631982389,0.7509201,0.005713543444568092,0.8076534,0.005306434377672198,0.7556134,0.005631202405383395,0.8120668,0.0052372837162166785,0.74398685,0.005412435345204858,0.80702674,0.005293196898047969,4.5775785,0.010485415645344887,4.7083554,0.012177839375484112,0.15651031,0.0012283460757157305,0.14291993,0.0011728727424626106,,,,,,,,
