,shots,val_acc,val_conf,test_acc,test_conf,val_acc_me1,val_conf_me1,test_acc_me1,test_conf_me1,val_acc_me2,val_conf_me2,test_acc_me2,test_conf_me2,val_acc_me3,val_conf_me3,test_acc_me3,test_conf_me3,val_acc_me4,val_conf_me4,test_acc_me4,test_conf_me4,val_acc_me5,val_conf_me5,test_acc_me5,test_conf_me5,val_acc_me6,val_conf_me6,test_acc_me6,test_conf_me6,val_acc_me7,val_conf_me7,test_acc_me7,test_conf_me7,val_acc_me8,val_conf_me8,test_acc_me8,test_conf_me8,val_acc_me9,val_conf_me9,test_acc_me9,test_conf_me9,val_acc_med,val_conf_med,test_acc_med,test_conf_med,val_acc_maj,val_conf_maj,test_acc_maj,test_conf_maj,val_acc_lin,val_conf_lin,test_acc_lin,test_conf_lin,val_nld,val_conf_nld,test_nld,test_conf_nld,val_mse,val_conf_mse,test_mse,test_conf_mse,val_svm,val_conf_svm,test_svm,test_conf_svm,val_mvm,val_conf_mvm,test_mvm,test_conf_mvm
0,5,0.5512934,0.007557602951731912,0.6048534,0.007508822936291293,0.55137336,0.0075671757192128375,0.6057467,0.007519727486763772,0.55184,0.007585359821377091,0.6062401,0.007539689454572174,0.55229336,0.007629233389423451,0.6066934,0.007536107863420072,0.55225337,0.007626613231068946,0.60705334,0.007547853321253073,0.55240005,0.007622294172012101,0.6074667,0.007572684332009749,0.55269337,0.00763253791060492,0.60764,0.007601349991158246,0.5530934,0.0076439933685354955,0.60756004,0.007616122438419026,0.55317336,0.007666683090203463,0.6077467,0.007617195622771522,0.55328006,0.0076696306529063785,0.60821337,0.007628276112675358,0.55358666,0.007671219649187266,0.6082934,0.007641732015792879,0.5503334,0.007459126742814792,0.6057067,0.007451856888572084,0.5372267,0.00724646722835276,0.59017336,0.007355321554798344,4.32892,0.009808259408129238,4.417804,0.010681210834269095,0.20492594,0.0011872538283900502,0.19582713,0.0012189755693132465,,,,,,,,
