,shots,val_acc,val_conf,test_acc,test_conf,val_acc_me1,val_conf_me1,test_acc_me1,test_conf_me1,val_acc_me2,val_conf_me2,test_acc_me2,test_conf_me2,val_acc_me3,val_conf_me3,test_acc_me3,test_conf_me3,val_acc_me4,val_conf_me4,test_acc_me4,test_conf_me4,val_acc_me5,val_conf_me5,test_acc_me5,test_conf_me5,val_acc_me6,val_conf_me6,test_acc_me6,test_conf_me6,val_acc_me7,val_conf_me7,test_acc_me7,test_conf_me7,val_acc_me8,val_conf_me8,test_acc_me8,test_conf_me8,val_acc_me9,val_conf_me9,test_acc_me9,test_conf_me9,val_acc_med,val_conf_med,test_acc_med,test_conf_med,val_acc_maj,val_conf_maj,test_acc_maj,test_conf_maj,val_acc_lin,val_conf_lin,test_acc_lin,test_conf_lin,val_nld,val_conf_nld,test_nld,test_conf_nld,val_mse,val_conf_mse,test_mse,test_conf_mse,val_svm,val_conf_svm,test_svm,test_conf_svm,val_mvm,val_conf_mvm,test_mvm,test_conf_mvm
0,5,0.3749734,0.004929730507556185,0.4333867,0.005570371231575666,0.3755867,0.004889250123082056,0.4338667,0.005538397356979363,0.3753734,0.0049251325313956484,0.43448004,0.005513544180624996,0.37476003,0.004921658535748774,0.43398672,0.005497464424886744,0.3747467,0.004944883926026378,0.4333867,0.0054805506885372,0.3748534,0.004965318759917736,0.43324006,0.005453413993842637,0.37421337,0.004961230592502919,0.43308005,0.005432294335340815,0.3736267,0.004934418069673818,0.4322934,0.0054242514558803245,0.37292004,0.004908339782266569,0.43200007,0.005396713009728549,0.37180004,0.004936929247173205,0.43133336,0.0053850146537904875,0.37056005,0.004943360964755172,0.43098673,0.005365144119072407,0.37534672,0.004955202473511333,0.4331867,0.005418322620294791,0.37692004,0.004819131563862933,0.4292934,0.0053095033893788,8.348969,0.016709321513801,8.195846,0.018597161770571802,0.23263596,0.0009221530497187658,0.22017132,0.0010826782704097815,,,,,,,,
