,shots,val_acc,val_conf,test_acc,test_conf,val_acc_me1,val_conf_me1,test_acc_me1,test_conf_me1,val_acc_me2,val_conf_me2,test_acc_me2,test_conf_me2,val_acc_me3,val_conf_me3,test_acc_me3,test_conf_me3,val_acc_me4,val_conf_me4,test_acc_me4,test_conf_me4,val_acc_me5,val_conf_me5,test_acc_me5,test_conf_me5,val_acc_me6,val_conf_me6,test_acc_me6,test_conf_me6,val_acc_me7,val_conf_me7,test_acc_me7,test_conf_me7,val_acc_me8,val_conf_me8,test_acc_me8,test_conf_me8,val_acc_me9,val_conf_me9,test_acc_me9,test_conf_me9,val_acc_med,val_conf_med,test_acc_med,test_conf_med,val_acc_maj,val_conf_maj,test_acc_maj,test_conf_maj,val_acc_lin,val_conf_lin,test_acc_lin,test_conf_lin,val_nld,val_conf_nld,test_nld,test_conf_nld,val_mse,val_conf_mse,test_mse,test_conf_mse,val_svm,val_conf_svm,test_svm,test_conf_svm,val_mvm,val_conf_mvm,test_mvm,test_conf_mvm
0,5,0.7500001,0.006064137626013544,0.8160001,0.005086039069633563,0.74954677,0.0060746039441493815,0.81561345,0.005106278569195655,0.7493867,0.00606813158963837,0.8151201,0.0051255395499786305,0.7490935,0.006063426017972606,0.81478673,0.005125344215649474,0.7489201,0.006064303406212557,0.81421345,0.005140694815581992,0.7486401,0.0060838668550466934,0.81393343,0.005147959128425361,0.7485868,0.00607482375299262,0.8136934,0.0051546803841265865,0.7483734,0.006069552496803743,0.8132401,0.005155918886894706,0.74797344,0.006073762113222303,0.8128134,0.0051607246655331895,0.7474668,0.006086243191827045,0.8120135,0.005178821952440016,0.74740016,0.0060840848167568184,0.8115068,0.0051828487026780445,0.7512268,0.006012486242111925,0.8173734,0.0050331561097129995,0.73930675,0.005805768954950552,0.8125868,0.005048864591690849,4.475083,0.010105502843187786,4.586659,0.010541625753828221,0.1588401,0.0012792397886938478,0.14462015,0.001065881480676989,,,,,,,,
