,shots,val_acc,val_conf,test_acc,test_conf,val_acc_me1,val_conf_me1,test_acc_me1,test_conf_me1,val_acc_me2,val_conf_me2,test_acc_me2,test_conf_me2,val_acc_me3,val_conf_me3,test_acc_me3,test_conf_me3,val_acc_me4,val_conf_me4,test_acc_me4,test_conf_me4,val_acc_me5,val_conf_me5,test_acc_me5,test_conf_me5,val_acc_me6,val_conf_me6,test_acc_me6,test_conf_me6,val_acc_me7,val_conf_me7,test_acc_me7,test_conf_me7,val_acc_me8,val_conf_me8,test_acc_me8,test_conf_me8,val_acc_me9,val_conf_me9,test_acc_me9,test_conf_me9,val_acc_med,val_conf_med,test_acc_med,test_conf_med,val_acc_maj,val_conf_maj,test_acc_maj,test_conf_maj,val_acc_lin,val_conf_lin,test_acc_lin,test_conf_lin,val_nld,val_conf_nld,test_nld,test_conf_nld,val_mse,val_conf_mse,test_mse,test_conf_mse,val_svm,val_conf_svm,test_svm,test_conf_svm,val_mvm,val_conf_mvm,test_mvm,test_conf_mvm
0,5,0.77308005,0.005660134975270181,0.8393734,0.004938799007690786,0.7730001,0.005650690583542284,0.8388534,0.004943351729089551,0.7728135,0.005628210511485321,0.8388268,0.004923096067112387,0.7725601,0.0056392018772152275,0.8386134,0.0049330091688738475,0.7724668,0.005634723041141987,0.83814675,0.004915134923293207,0.7720402,0.0056114306922882,0.8379468,0.0049041772677430595,0.7716135,0.005640638946795562,0.8376934,0.004905068047698191,0.7712001,0.0056601206599883325,0.8370935,0.004936146524506468,0.7710934,0.005658512268809646,0.8369868,0.0049235592357465,0.7706935,0.005655553161524551,0.8364401,0.004936786094355106,0.7706001,0.005645643754029428,0.8364001,0.004937436285219254,0.7733468,0.005595901844007933,0.83826673,0.0049500194179297186,0.7648268,0.005617601502314606,0.8334934,0.004914451484032689,5.00831,0.013579824509040606,5.1776505,0.014897790944741196,0.1443095,0.0013611133877491077,0.12739472,0.0012164277954886116,,,,,,,,
