,shots,val_acc,val_conf,test_acc,test_conf,val_acc_me1,val_conf_me1,test_acc_me1,test_conf_me1,val_acc_me2,val_conf_me2,test_acc_me2,test_conf_me2,val_acc_me3,val_conf_me3,test_acc_me3,test_conf_me3,val_acc_me4,val_conf_me4,test_acc_me4,test_conf_me4,val_acc_me5,val_conf_me5,test_acc_me5,test_conf_me5,val_acc_me6,val_conf_me6,test_acc_me6,test_conf_me6,val_acc_me7,val_conf_me7,test_acc_me7,test_conf_me7,val_acc_me8,val_conf_me8,test_acc_me8,test_conf_me8,val_acc_me9,val_conf_me9,test_acc_me9,test_conf_me9,val_acc_med,val_conf_med,test_acc_med,test_conf_med,val_acc_maj,val_conf_maj,test_acc_maj,test_conf_maj,val_acc_lin,val_conf_lin,test_acc_lin,test_conf_lin,val_nld,val_conf_nld,test_nld,test_conf_nld,val_mse,val_conf_mse,test_mse,test_conf_mse,val_svm,val_conf_svm,test_svm,test_conf_svm,val_mvm,val_conf_mvm,test_mvm,test_conf_mvm
0,5,0.35248005,0.0065797366723439055,0.38924006,0.007460701885597165,0.3523867,0.006591728722450674,0.38940004,0.00748673445645931,0.35248002,0.006592503594801513,0.3893467,0.007476940956568479,0.35240003,0.006604893702099213,0.38876003,0.007477478010528005,0.35228002,0.006616613300068297,0.3887467,0.007501907731610746,0.35192,0.006605083495029029,0.3887467,0.007498991570171143,0.35197338,0.006614228189405547,0.3886267,0.007502077667859319,0.3518534,0.0066364164144269155,0.38804004,0.007520961833482387,0.35164002,0.006641368578366391,0.38766667,0.007506449831993889,0.35132,0.006645038831909034,0.38750672,0.007518446038150217,0.35116002,0.006641140457424033,0.3871867,0.007542794485374926,0.35537335,0.006548216730715928,0.39028004,0.0074074499608325906,0.34857336,0.0062728742914764934,0.38425338,0.007308254755342081,4.3274045,0.009385618722253852,4.386732,0.011223884696334174,0.2363901,0.001003757198227706,0.23099244,0.0011069426730768162,,,,,,,,
