,shots,val_acc,val_conf,test_acc,test_conf,val_acc_me1,val_conf_me1,test_acc_me1,test_conf_me1,val_acc_me2,val_conf_me2,test_acc_me2,test_conf_me2,val_acc_me3,val_conf_me3,test_acc_me3,test_conf_me3,val_acc_me4,val_conf_me4,test_acc_me4,test_conf_me4,val_acc_me5,val_conf_me5,test_acc_me5,test_conf_me5,val_acc_me6,val_conf_me6,test_acc_me6,test_conf_me6,val_acc_me7,val_conf_me7,test_acc_me7,test_conf_me7,val_acc_me8,val_conf_me8,test_acc_me8,test_conf_me8,val_acc_me9,val_conf_me9,test_acc_me9,test_conf_me9,val_acc_med,val_conf_med,test_acc_med,test_conf_med,val_acc_maj,val_conf_maj,test_acc_maj,test_conf_maj,val_acc_lin,val_conf_lin,test_acc_lin,test_conf_lin,val_nld,val_conf_nld,test_nld,test_conf_nld,val_mse,val_conf_mse,test_mse,test_conf_mse,val_svm,val_conf_svm,test_svm,test_conf_svm,val_mvm,val_conf_mvm,test_mvm,test_conf_mvm
0,5,0.7229334,0.005629189492047715,0.7149734,0.005582317103353995,0.7238001,0.005623732598978637,0.71544015,0.005584286147277795,0.7243334,0.0056238295734682975,0.71600014,0.005564478876869616,0.7248001,0.005628266387262659,0.71630675,0.005582402995044866,0.72521347,0.005619132313901654,0.7170535,0.005586558121035923,0.7254801,0.005623264812511741,0.7175734,0.005587335764086432,0.7256134,0.005624825178228932,0.71824014,0.0056024684023089355,0.72598684,0.005612150150644868,0.7182535,0.005626774365471432,0.7264134,0.005621292074321715,0.7184801,0.005632916544934252,0.72677344,0.005633215780502465,0.7186268,0.00563130122700628,0.7269067,0.005644595967757682,0.71876013,0.0056583053898983104,0.72208005,0.005604852589405129,0.71269345,0.005525996628666041,0.7032934,0.00559883232072933,0.6974534,0.005481519048084138,4.499997,0.009949129169666726,4.4522405,0.010934569156698437,0.17266576,0.0010460423472222202,0.17382808,0.001009692729670858,,,,,,,,
